experiment_id,run_id,repeat_index,timestamp_utc,network,chain_id,rpc_provider,operation,N,concurrency,token_id,tx_hash,submit_time_ms,receipt_time_ms,latency_ms,gas_used,effective_gas_price,transaction_cost_native,status,attempt_number,retry_count,error_type,error_message,block_number
pilot_1790587924129,mint_N1000_c3_r1,1,2026-09-28T09:32:13.096Z,ethereumSepolia,11155111,sepolia.era.zksync.dev,mint,1000,3,603,0xc57dcfbe65a7574dd8a6a90aa0daf37bbc927721cb6e313bbd4ffa3e07e58255,1367.730542,9673.220417,8305.489875000001,205902,1472919209,,success,1,0,,,11799634
pilot_1790587924129,mint_N1000_c3_r1,1,2026-09-28T09:32:13.320Z,ethereumSepolia,11155111,sepolia.era.zksync.dev,mint,1000,3,602,0x1108b2fd3c70513464992211772fded8d3a0fefd553f18bed883f7a2bacb3e8c,1367.476709,9897.824584,8530.347875,205902,1472919209,,success,1,0,,,11799634
pilot_1790587924129,mint_N1000_c3_r1,1,2026-09-28T09:32:13.424Z,ethereumSepolia,11155111,sepolia.era.zksync.dev,mint,1000,3,601,0x92a3deb7b9e8d1ba0d850f0c6d245ff0e232bd0a706e6dd8da93f00e9d6e4199,1366.370417,10000.995209,8634.624792,205902,1472919209,,success,1,0,,,11799634
pilot_1790587924129,mint_N1000_c3_r1,1,2026-09-28T09:32:25.033Z,ethereumSepolia,11155111,sepolia.era.zksync.dev,mint,1000,3,606,0x7a8323b805059a42e67745d32a5ef16e2647e0db90dba34cf435b40304c9e539,10001.061084,21610.48375,11609.422665999999,205890,1644873399,,success,1,0,,,11799635
pilot_1790587924129,mint_N1000_c3_r1,1,2026-09-28T09:32:25.085Z,ethereumSepolia,11155111,sepolia.era.zksync.dev,mint,1000,3,605,0x4fec4a770cf3f9055da6134de1ae82e6437a27b80576af168508c381116ab083,9897.897959,21662.707334,11764.809374999999,205902,1644873399,,success,1,0,,,11799635
pilot_1790587924129,mint_N1000_c3_r1,1,2026-09-28T09:32:25.473Z,ethereumSepolia,11155111,sepolia.era.zksync.dev,mint,1000,3,604,0xf39e658a872960fe8f7c87befff0a9d836718259c7af6f26d17af7a7e4bf4c6f,9673.510792,22050.832334,12377.321542,205902,1644873399,,success,1,0,,,11799635
pilot_1790587924129,mint_N1000_c3_r1,1,2026-09-28T09:32:36.551Z,ethereumSepolia,11155111,sepolia.era.zksync.dev,mint,1000,3,608,0xb7196b6403560d0d54841f2130003c80378f9b25267f9264a0d019463514709c,21662.922417,33128.976584,11466.054166999995,205902,1493208557,,success,1,0,,,11799636
pilot_1790587924129,mint_N1000_c3_r1,1,2026-09-28T09:32:36.679Z,ethereumSepolia,11155111,sepolia.era.zksync.dev,mint,1000,3,609,0x861347a319dc06d8ad28934f6aa78d3e5a447bab210f9b156fa317c06714edfd,22050.923459,33256.251125,11205.327666000001,205890,1493208557,,success,1,0,,,11799636
pilot_1790587924129,mint_N1000_c3_r1,1,2026-09-28T09:32:37.000Z,ethereumSepolia,11155111,sepolia.era.zksync.dev,mint,1000,3,607,0xa6924078482101ee90412cf828096b6012368c0eb075fddc03734a2d8567cc79,21610.577792,33577.360834,11966.783042,205902,1493208557,,success,1,0,,,11799636
pilot_1790587924129,mint_N1000_c3_r1,1,2026-09-28T09:32:48.720Z,ethereumSepolia,11155111,sepolia.era.zksync.dev,mint,1000,3,610,0x5dd3a4b54e8e7968fd5e0f88527b007abacbbfb65a0487f8648fc37328b50207,33129.051292,45297.756584,12168.705292000006,205902,1418212074,,success,1,0,,,11799637
pilot_1790587924129,mint_N1000_c3_r1,1,2026-09-28T09:32:48.967Z,ethereumSepolia,11155111,sepolia.era.zksync.dev,mint,1000,3,611,0x3ba0264c9461f6d2432e48b818589782092fb131dffac52039c77be5eaa9f9db,33256.32975,45544.206334,12287.876584000005,205926,1418212074,,success,1,0,,,11799637
pilot_1790587924129,mint_N1000_c3_r1,1,2026-09-28T09:32:49.006Z,ethereumSepolia,11155111,sepolia.era.zksync.dev,mint,1000,3,612,0x771285f0ce09bea94d4ba1e95b3b19b4b30a7175304109589272912c2fd31239,33577.496834,45583.318834,12005.822,205926,1418212074,,success,1,0,,,11799637
pilot_1790587924129,mint_N1000_c3_r1,1,2026-09-28T09:33:00.696Z,ethereumSepolia,11155111,sepolia.era.zksync.dev,mint,1000,3,613,0xd7399dee22b9e2c1fbbbe3ed53cc477d8ff6e73f39439c86b7bdc332b0db2452,45297.916459,57273.180959,11975.264499999997,205926,1524502589,,success,1,0,,,11799638
pilot_1790587924129,mint_N1000_c3_r1,1,2026-09-28T09:33:00.814Z,ethereumSepolia,11155111,sepolia.era.zksync.dev,mint,1000,3,614,0xb6184458ea8fba01de71b3d0dc2d29723315790abd6463d87753d844d825457c,45544.275834,57391.3085,11847.032666,205926,1524502589,,success,1,0,,,11799638
pilot_1790587924129,mint_N1000_c3_r1,1,2026-09-28T09:33:01.016Z,ethereumSepolia,11155111,sepolia.era.zksync.dev,mint,1000,3,615,0x0257db998e8547fc7238ce309deb43492dbf445a397ca9dc6303887919bd622f,45583.467625,57593.831667,12010.364042000001,205926,1524502589,,success,1,0,,,11799638
pilot_1790587924129,mint_N1000_c3_r1,1,2026-09-28T09:33:13.334Z,ethereumSepolia,11155111,sepolia.era.zksync.dev,mint,1000,3,616,0xecfb391407a795b458ef57ea7c35b947f7bd4123a1f6cda1a97b0be7bd211b01,57273.257292,69911.581209,12638.323916999994,205926,1726370148,,success,1,0,,,11799639
pilot_1790587924129,mint_N1000_c3_r1,1,2026-09-28T09:33:13.612Z,ethereumSepolia,11155111,sepolia.era.zksync.dev,mint,1000,3,617,0xe00e508f3fc4f23337bc07f38ea24e0cfb9275a32a9627040e7ac37f618d62ed,57391.386459,70189.14375,12797.757291000002,205926,1726370148,,success,1,0,,,11799639
pilot_1790587924129,mint_N1000_c3_r1,1,2026-09-28T09:33:13.652Z,ethereumSepolia,11155111,sepolia.era.zksync.dev,mint,1000,3,618,0x1c2827bbb7a9ee1aa49a23ac944ccd8dc78a435b08089af3da38928f52820a52,57593.888042,70229.266959,12635.378917000002,205926,1726370148,,success,1,0,,,11799639
pilot_1790587924129,mint_N1000_c3_r1,1,2026-09-28T09:33:25.416Z,ethereumSepolia,11155111,sepolia.era.zksync.dev,mint,1000,3,619,0x574e8a34e3580c079da553984525c45bcb4f64ff048d640a7ecc3452ef5a5096,69911.824125,81993.51525,12081.691124999998,205926,1640292846,,success,1,0,,,11799640
pilot_1790587924129,mint_N1000_c3_r1,1,2026-09-28T09:33:25.674Z,ethereumSepolia,11155111,sepolia.era.zksync.dev,mint,1000,3,620,0x54f7e00b5839230523023dc68b39ff89bb3c79dbb11abf85239136274280a99b,70189.32125,82251.215834,12061.894584000009,205926,1640292846,,success,1,0,,,11799640
pilot_1790587924129,mint_N1000_c3_r1,1,2026-09-28T09:33:25.710Z,ethereumSepolia,11155111,sepolia.era.zksync.dev,mint,1000,3,621,0xd2e20bb9d22670e6160e566c0c3cc82b9b2cf1e104c12ddabbedef077afd2ae7,70229.324792,82287.6235,12058.298708000002,205926,1640292846,,success,1,0,,,11799640
pilot_1790587924129,mint_N1000_c3_r1,1,2026-09-28T09:33:37.506Z,ethereumSepolia,11155111,sepolia.era.zksync.dev,mint,1000,3,622,0x2780df75e8438701607c97fb80a87c144909fb2a3ed2331a16f09e8d913444fb,81993.614375,94083.149875,12089.535499999998,205926,1512743204,,success,1,0,,,11799641
pilot_1790587924129,mint_N1000_c3_r1,1,2026-09-28T09:33:37.690Z,ethereumSepolia,11155111,sepolia.era.zksync.dev,mint,1000,3,623,0x8605fcdfed946627357e61c86b11a068b3996e8d3004761c030c7f3ac45d3be3,82251.264209,94267.413042,12016.148833,205926,1512743204,,success,1,0,,,11799641
pilot_1790587924129,mint_N1000_c3_r1,1,2026-09-28T09:33:37.799Z,ethereumSepolia,11155111,sepolia.era.zksync.dev,mint,1000,3,624,0xa405dfc5ae265e4060306fbc11f7b94b2ac66732bea7c8f1e4a576c58eef5daa,82287.78575,94376.788584,12089.002833999999,205926,1512743204,,success,1,0,,,11799641
pilot_1790587924129,mint_N1000_c3_r1,1,2026-09-28T09:33:49.505Z,ethereumSepolia,11155111,sepolia.era.zksync.dev,mint,1000,3,625,0x1ee35f451b51c12c0faace7427642ed01109798c7d6bcc77d11de785023e63a1,94083.1985,106082.451875,11999.253375,205926,1387920534,,success,1,0,,,11799642
pilot_1790587924129,mint_N1000_c3_r1,1,2026-09-28T09:33:49.796Z,ethereumSepolia,11155111,sepolia.era.zksync.dev,mint,1000,3,626,0x89bd25df322ecf0e36ad7fb242875459aca0d64668826b598c72e811e461591e,94267.457584,106373.380584,12105.922999999995,205914,1387920534,,success,1,0,,,11799642
pilot_1790587924129,mint_N1000_c3_r1,1,2026-09-28T09:33:49.835Z,ethereumSepolia,11155111,sepolia.era.zksync.dev,mint,1000,3,627,0xef07dbe00b1844f6e5fdaa1b7b912d80319c3e2b225c23ee5fb8ad83621c9082,94376.889875,106412.74275,12035.852875000011,205914,1387920534,,success,1,0,,,11799642
pilot_1790587924129,mint_N1000_c3_r1,1,2026-09-28T09:34:01.579Z,ethereumSepolia,11155111,sepolia.era.zksync.dev,mint,1000,3,628,0xc557dc1416068bb545b6b404d0b760f1a71fc02d25e24c847e2d1c0c478f8017,106082.575,118156.258917,12073.683917000002,205926,1485813698,,success,1,0,,,11799643
pilot_1790587924129,mint_N1000_c3_r1,1,2026-09-28T09:34:01.850Z,ethereumSepolia,11155111,sepolia.era.zksync.dev,mint,1000,3,629,0xadf34c400eabd52e08fa5f6b23b1ed576e4968040ca94154cff6a8a3b715add0,106373.427959,118428.07825,12054.650291000013,205926,1485813698,,success,1,0,,,11799643
pilot_1790587924129,mint_N1000_c3_r1,1,2026-09-28T09:34:01.892Z,ethereumSepolia,11155111,sepolia.era.zksync.dev,mint,1000,3,630,0x3972c487320773613e70f23789fdf2ab1a8e44aeb22c4599f49b0c4f7d786f0b,106412.779209,118469.684917,12056.905708000006,205926,1485813698,,success,1,0,,,11799643
pilot_1790587924129,mint_N1000_c3_r1,1,2026-09-28T09:34:13.010Z,ethereumSepolia,11155111,sepolia.era.zksync.dev,mint,1000,3,631,0x4f0275afc014fdaad15585054a173dfcc909c212addff16785947daee01f4364,118156.494417,129587.27425,11430.779833000008,205926,1394700199,,success,1,0,,,11799644
pilot_1790587924129,mint_N1000_c3_r1,1,2026-09-28T09:34:13.140Z,ethereumSepolia,11155111,sepolia.era.zksync.dev,mint,1000,3,632,0x326737bad809271c3a8e00f02381a767947c032d87a12666eddebb8efd74a3c0,118428.199,129717.302875,11289.103875,205926,1394700199,,success,1,0,,,11799644
pilot_1790587924129,mint_N1000_c3_r1,1,2026-09-28T09:34:13.337Z,ethereumSepolia,11155111,sepolia.era.zksync.dev,mint,1000,3,633,0xdc303570c00bc8b503646c5edc0cc229faca754c2358515b3b1853655fb8ef1b,118469.748959,129914.742417,11444.993457999997,205926,1394700199,,success,1,0,,,11799644
pilot_1790587924129,mint_N1000_c3_r1,1,2026-09-28T09:34:25.168Z,ethereumSepolia,11155111,sepolia.era.zksync.dev,mint,1000,3,636,0x546e746fa30255278e2ed1589b951a51b2b4010f57f4e594e9f498a324dd54f7,129914.839834,141745.915917,11831.076083000007,205926,1488086542,,success,1,0,,,11799645
pilot_1790587924129,mint_N1000_c3_r1,1,2026-09-28T09:34:25.567Z,ethereumSepolia,11155111,sepolia.era.zksync.dev,mint,1000,3,634,0x6370771ef55f5e58c6da3ed0c1130d1a41fcd50d4ef61f9ebd99568176405b1b,129587.352209,142144.640167,12557.287958,205926,1488086542,,success,1,0,,,11799645
pilot_1790587924129,mint_N1000_c3_r1,1,2026-09-28T09:34:25.712Z,ethereumSepolia,11155111,sepolia.era.zksync.dev,mint,1000,3,635,0x9bed5f34669810707c294c590c1a6922980f72b049746d10c43538285b3c192d,129717.3655,142289.4835,12572.118000000002,205926,1488086542,,success,1,0,,,11799645
pilot_1790587924129,mint_N1000_c3_r1,1,2026-09-28T09:34:37.559Z,ethereumSepolia,11155111,sepolia.era.zksync.dev,mint,1000,3,637,0xba642c27af39479154f82ff65de8683fdb44db0929b562dc56193770c6009b96,141746.049709,154137.134667,12391.084957999992,205926,1412014237,,success,1,0,,,11799646
pilot_1790587924129,mint_N1000_c3_r1,1,2026-09-28T09:34:37.681Z,ethereumSepolia,11155111,sepolia.era.zksync.dev,mint,1000,3,638,0x2882e164adfaafd35dbd46e409cab6798dcba4d54ffbb81f7d8c461665f908db,142144.695625,154258.889167,12114.193541999994,205926,1412014237,,success,1,0,,,11799646
pilot_1790587924129,mint_N1000_c3_r1,1,2026-09-28T09:34:37.796Z,ethereumSepolia,11155111,sepolia.era.zksync.dev,mint,1000,3,639,0x16946987d9e8b142da2dbc1cbca92753c5d20ee3c0f7c4abe06f475b31275538,142289.528625,154373.573667,12084.045041999983,205926,1412014237,,success,1,0,,,11799646
pilot_1790587924129,mint_N1000_c3_r1,1,2026-09-28T09:34:49.623Z,ethereumSepolia,11155111,sepolia.era.zksync.dev,mint,1000,3,640,0x7cc750005d2cf7e98fccad745e43f94cb2b608bce4a3bdaece08f7ba4bca431f,154137.202542,166200.676709,12063.474166999978,205926,1510548951,,success,1,0,,,11799647
pilot_1790587924129,mint_N1000_c3_r1,1,2026-09-28T09:34:49.745Z,ethereumSepolia,11155111,sepolia.era.zksync.dev,mint,1000,3,641,0x3fafafd67bb9858d9dc9aa471346a7ff7a533d25b97debecec51e2edefaac1d4,154259.001542,166322.505542,12063.503999999986,205926,1510548951,,success,1,0,,,11799647
pilot_1790587924129,mint_N1000_c3_r1,1,2026-09-28T09:34:49.860Z,ethereumSepolia,11155111,sepolia.era.zksync.dev,mint,1000,3,642,0x4371c956789fedbceb67004f453241e588cef78d6e591481cd9d38fd80bf8d79,154373.701334,166437.738417,12064.037082999974,205926,1510548951,,success,1,0,,,11799647
pilot_1790587924129,mint_N1000_c3_r1,1,2026-09-28T09:35:00.523Z,ethereumSepolia,11155111,sepolia.era.zksync.dev,mint,1000,3,644,0xc75dba91e41fd7b201c2ee23ed460d26c79d16b6a479141045f00a6df12ee217,166322.5355,177100.537959,10778.00245900001,205926,1394010270,,success,1,0,,,11799648
pilot_1790587924129,mint_N1000_c3_r1,1,2026-09-28T09:35:00.650Z,ethereumSepolia,11155111,sepolia.era.zksync.dev,mint,1000,3,645,0x30ebd49b80162b8f599f0b1e52a6d732dec5f0dbeffec7af0606d350ea201d97,166437.7715,177228.200084,10790.428584000008,205914,1394010270,,success,1,0,,,11799648
pilot_1790587924129,mint_N1000_c3_r1,1,2026-09-28T09:35:00.849Z,ethereumSepolia,11155111,sepolia.era.zksync.dev,mint,1000,3,643,0x30c965620adf8c1b608dec2f4c7b683e28b524593d55ca87452fb9613c5fc9c1,166200.788584,177426.574834,11225.786250000005,205926,1394010270,,success,1,0,,,11799648
pilot_1790587924129,mint_N1000_c3_r1,1,2026-09-28T09:35:13.307Z,ethereumSepolia,11155111,sepolia.era.zksync.dev,mint,1000,3,646,0x5852dfd758e858866572474cce21eb0251dcbe8caf65cf370c4f5ca754d14543,177100.716417,189884.389834,12783.673417000013,205926,1481574380,,success,1,0,,,11799649
pilot_1790587924129,mint_N1000_c3_r1,1,2026-09-28T09:35:13.430Z,ethereumSepolia,11155111,sepolia.era.zksync.dev,mint,1000,3,647,0xa87058b4fbf74528cb8ee14618d49ced57b7d8072ae15d993ea39233ba029097,177228.242042,190008.064042,12779.822000000015,205926,1481574380,,success,1,0,,,11799649
pilot_1790587924129,mint_N1000_c3_r1,1,2026-09-28T09:35:13.632Z,ethereumSepolia,11155111,sepolia.era.zksync.dev,mint,1000,3,648,0x393db3c88485c4b054ad1059e781906e2c9fefbe2e596d9290490da599b4e44e,177426.635167,190209.415167,12782.779999999999,205926,1481574380,,success,1,0,,,11799649
pilot_1790587924129,mint_N1000_c3_r1,1,2026-09-28T09:35:24.723Z,ethereumSepolia,11155111,sepolia.era.zksync.dev,mint,1000,3,649,0x948a19a36e51a4a2fa16a8e09bfe9487f288d771bf7fdd3ac3c4ce598abbe68f,189884.452042,201300.404042,11415.95200000002,205926,1373076312,,success,1,0,,,11799650
pilot_1790587924129,mint_N1000_c3_r1,1,2026-09-28T09:35:24.844Z,ethereumSepolia,11155111,sepolia.era.zksync.dev,mint,1000,3,650,0xc03326e578d680675a7c5120b0e046f1e7e5634db9a2bcc192132ea513a6e803,190008.108917,201422.090667,11413.981750000006,205914,1373076312,,success,1,0,,,11799650
pilot_1790587924129,mint_N1000_c3_r1,1,2026-09-28T09:35:24.963Z,ethereumSepolia,11155111,sepolia.era.zksync.dev,mint,1000,3,651,0x4e46714a5f0d38dacf241374cce8ee6fe548d43215e0a10563f3508d1bad08c1,190209.4675,201540.332584,11330.86508399999,205914,1373076312,,success,1,0,,,11799650
pilot_1790587924129,mint_N1000_c3_r1,1,2026-09-28T09:35:37.411Z,ethereumSepolia,11155111,sepolia.era.zksync.dev,mint,1000,3,652,0x7d88c435072301f810700ade7b4ea1a2848c7ff04f9137f404afe40e34d4ce98,201300.453917,213989.054459,12688.600542,205926,1546328860,,success,1,0,,,11799651
pilot_1790587924129,mint_N1000_c3_r1,1,2026-09-28T09:35:37.557Z,ethereumSepolia,11155111,sepolia.era.zksync.dev,mint,1000,3,653,0x8c796a062d976e9ce6e4d3f2bec4a2cf81515f00c69eb176fe0aeda1e17ee057,201422.124542,214134.738959,12712.614417000004,205926,1546328860,,success,1,0,,,11799651
pilot_1790587924129,mint_N1000_c3_r1,1,2026-09-28T09:35:37.747Z,ethereumSepolia,11155111,sepolia.era.zksync.dev,mint,1000,3,654,0x670c966feacb6dd526f2d2f95595b49d45dc96617f8422c5287afd69b387d151,201540.376917,214325.263042,12784.88612500002,205926,1546328860,,success,1,0,,,11799651
pilot_1790587924129,mint_N1000_c3_r1,1,2026-09-28T09:35:48.870Z,ethereumSepolia,11155111,sepolia.era.zksync.dev,mint,1000,3,655,0x2923cea11f2b8f49364ec9c6cca84bfc268bc370148c7a0fcf379c347c19d26e,213989.104917,225447.89975,11458.794833000022,205926,1419369609,,success,1,0,,,11799652
pilot_1790587924129,mint_N1000_c3_r1,1,2026-09-28T09:35:48.987Z,ethereumSepolia,11155111,sepolia.era.zksync.dev,mint,1000,3,656,0xc64b8de545fa3ffc9a1d24650db8ece5db83ade75b3a6e5d20f9780b5e11b034,214134.785625,225564.617959,11429.832334000006,205926,1419369609,,success,1,0,,,11799652
pilot_1790587924129,mint_N1000_c3_r1,1,2026-09-28T09:35:49.102Z,ethereumSepolia,11155111,sepolia.era.zksync.dev,mint,1000,3,657,0xe4b588e339d443206cabf9b194f08c640450a9242ec742b32aee387adfc00576,214325.311542,225680.164042,11354.852499999979,205926,1419369609,,success,1,0,,,11799652
pilot_1790587924129,mint_N1000_c3_r1,1,2026-09-28T09:36:01.572Z,ethereumSepolia,11155111,sepolia.era.zksync.dev,mint,1000,3,658,0xd1514ef2a2cd45a7431b18101a3fb434b495e6fdd254f29a27115c223ea5a5cd,225448.101959,238149.394334,12701.29237500002,205926,1490861902,,success,1,0,,,11799653
pilot_1790587924129,mint_N1000_c3_r1,1,2026-09-28T09:36:01.826Z,ethereumSepolia,11155111,sepolia.era.zksync.dev,mint,1000,3,659,0xc019ce960f9becb200bee0a91957e3c7d55d12d44faadeb567629cf7a8ec1384,225564.661917,238404.214084,12839.552167000016,205914,1490861902,,success,1,0,,,11799653
pilot_1790587924129,mint_N1000_c3_r1,1,2026-09-28T09:36:01.861Z,ethereumSepolia,11155111,sepolia.era.zksync.dev,mint,1000,3,660,0x164b7805ca9c9c7b2cdc2cea1135ad342924e07dc7cf14d8c4a1ad51bbcc7dfa,225680.204667,238439.354792,12759.150124999986,205926,1490861902,,success,1,0,,,11799653
pilot_1790587924129,mint_N1000_c3_r1,1,2026-09-28T09:36:13.586Z,ethereumSepolia,11155111,sepolia.era.zksync.dev,mint,1000,3,661,0xcaf216b72040bdd88ba2e2449877d0743ef9d926635c66d4c7bf926951e7c3f5,238149.488292,250163.462334,12013.974042000016,205926,1383028180,,success,1,0,,,11799654
pilot_1790587924129,mint_N1000_c3_r1,1,2026-09-28T09:36:13.692Z,ethereumSepolia,11155111,sepolia.era.zksync.dev,mint,1000,3,662,0x3c7f227875a10d49d03b424c56e09779c19f8598fabc24d093201d56ed6de42a,238404.256667,250269.7355,11865.478833000001,205926,1383028180,,success,1,0,,,11799654
pilot_1790587924129,mint_N1000_c3_r1,1,2026-09-28T09:36:13.963Z,ethereumSepolia,11155111,sepolia.era.zksync.dev,mint,1000,3,663,0xbfe2ec9e01ff9c57bc22f883c8fc66788988ffe1076f7758a14a6e625d422458,238439.396875,250541.280042,12101.883166999993,205926,1383028180,,success,1,0,,,11799654
pilot_1790587924129,mint_N1000_c3_r1,1,2026-09-28T09:36:24.458Z,ethereumSepolia,11155111,sepolia.era.zksync.dev,mint,1000,3,665,0xb3aec55feaef66effcd41b4341f2e46f873367c82de68903cd0e718841f4f399,250269.783209,261036.052709,10766.269500000024,205926,1485340432,,success,1,0,,,11799655
pilot_1790587924129,mint_N1000_c3_r1,1,2026-09-28T09:36:24.577Z,ethereumSepolia,11155111,sepolia.era.zksync.dev,mint,1000,3,666,0xc6fef3eb6d970457c6dfddd9175719f31d9293ecc243a34d8808387cd474d735,250541.335917,261154.765,10613.429083000025,205926,1485340432,,success,1,0,,,11799655
pilot_1790587924129,mint_N1000_c3_r1,1,2026-09-28T09:36:24.859Z,ethereumSepolia,11155111,sepolia.era.zksync.dev,mint,1000,3,664,0x46763ca4d3cf1fae115dcd1177968eab1b2cfac17cb403242e2ea98f981c6372,250163.517459,261436.911834,11273.394375000003,205926,1485340432,,success,1,0,,,11799655
pilot_1790587924129,mint_N1000_c3_r1,1,2026-09-28T09:36:37.252Z,ethereumSepolia,11155111,sepolia.era.zksync.dev,mint,1000,3,669,0x5d49a0a8c844da0ecde7e49b20288bec01a718cbfc68554590edcec223492f32,261436.9735,273830.407834,12393.43433400002,205926,1408924490,,success,1,0,,,11799656
pilot_1790587924129,mint_N1000_c3_r1,1,2026-09-28T09:36:37.639Z,ethereumSepolia,11155111,sepolia.era.zksync.dev,mint,1000,3,667,0x766b2cecdd512cdc570a968d54e5f848afce097ad8e9e9905f33c2c9e523e0be,261036.124667,274216.731292,13180.606624999986,205926,1408924490,,success,1,0,,,11799656
pilot_1790587924129,mint_N1000_c3_r1,1,2026-09-28T09:36:37.796Z,ethereumSepolia,11155111,sepolia.era.zksync.dev,mint,1000,3,668,0xbd261a5a6179a028bb71dc06f9ee84c86297e0f0744c1482b670a365644252ae,261154.799209,274373.636834,13218.837625000015,205914,1408924490,,success,1,0,,,11799656
pilot_1790587924129,mint_N1000_c3_r1,1,2026-09-28T09:36:48.970Z,ethereumSepolia,11155111,sepolia.era.zksync.dev,mint,1000,3,670,0xd881970da2049f5bd85482096beaf98c7e181b41f50af7b97c947693236c4fda,273830.528334,285548.383667,11717.855333000014,205926,1515274017,,success,1,0,,,11799657
pilot_1790587924129,mint_N1000_c3_r1,1,2026-09-28T09:36:49.087Z,ethereumSepolia,11155111,sepolia.era.zksync.dev,mint,1000,3,671,0x0ebde891dc5511b1619fcbbf37ddb0c9751f41f7c08d4c5475d497553d8193b5,274217.064459,285664.965459,11447.901000000013,205926,1515274017,,success,1,0,,,11799657
pilot_1790587924129,mint_N1000_c3_r1,1,2026-09-28T09:36:49.202Z,ethereumSepolia,11155111,sepolia.era.zksync.dev,mint,1000,3,672,0x8ac94be2065dadd9a4d99c56eb8e765c2368b9691116873b0448846c86064c93,274373.687167,285779.709167,11406.021999999997,205926,1515274017,,success,1,0,,,11799657
pilot_1790587924129,mint_N1000_c3_r1,1,2026-09-28T09:37:00.857Z,ethereumSepolia,11155111,sepolia.era.zksync.dev,mint,1000,3,673,0xbdab127b6286b42cfa78b44cc849875aa3234314d43bbf3a2658f78c1b8ca56d,285548.455959,297434.623417,11886.16745800001,205914,1396475040,,success,1,0,,,11799658
pilot_1790587924129,mint_N1000_c3_r1,1,2026-09-28T09:37:01.066Z,ethereumSepolia,11155111,sepolia.era.zksync.dev,mint,1000,3,674,0x6f8e8176eb4a5291318e7eb049dcd0a4e1b0eb524218c634c8b5c6767b91f756,285665.054334,297643.892459,11978.83812500001,205926,1396475040,,success,1,0,,,11799658
pilot_1790587924129,mint_N1000_c3_r1,1,2026-09-28T09:37:01.178Z,ethereumSepolia,11155111,sepolia.era.zksync.dev,mint,1000,3,675,0x584b354aeb81ad9ec1df4cae563e0faab6210ff0e43a3bfc6851243781706399,285779.792625,297755.501959,11975.709334000014,205914,1396475040,,success,1,0,,,11799658
pilot_1790587924129,mint_N1000_c3_r1,1,2026-09-28T09:37:12.355Z,ethereumSepolia,11155111,sepolia.era.zksync.dev,mint,1000,3,677,0x3c2caaadf2b293555dfe8d44dd6feaae4079608caa62a101de8d33c3e435d3ec,297643.935459,308932.556209,11288.620750000002,205914,1505383437,,success,1,0,,,11799659
pilot_1790587924129,mint_N1000_c3_r1,1,2026-09-28T09:37:12.478Z,ethereumSepolia,11155111,sepolia.era.zksync.dev,mint,1000,3,678,0xcec55d6e7c87bdb5d0f06aef088a3c76fdb19a860911341ac4121d872386ed79,297755.605625,309056.020625,11300.414999999979,205914,1505383437,,success,1,0,,,11799659
pilot_1790587924129,mint_N1000_c3_r1,1,2026-09-28T09:37:12.757Z,ethereumSepolia,11155111,sepolia.era.zksync.dev,mint,1000,3,676,0xbf647c37dc69e125e737a32b50fa549e6f8db865e153033d892e98c715b7341e,297434.667875,309334.90575,11900.237874999992,205926,1505383437,,success,1,0,,,11799659
pilot_1790587924129,mint_N1000_c3_r1,1,2026-09-28T09:37:24.459Z,ethereumSepolia,11155111,sepolia.era.zksync.dev,mint,1000,3,679,0xc7a5ca39b432ed1eb6e4f1fa466ce516663bb78275840aa74427aa0aa3d15081,308932.62125,321036.643417,12104.022166999988,205926,1426374616,,success,1,0,,,11799660
pilot_1790587924129,mint_N1000_c3_r1,1,2026-09-28T09:37:24.763Z,ethereumSepolia,11155111,sepolia.era.zksync.dev,mint,1000,3,680,0x78428c0ca142607e5e6c744fe5ea8c086ed660ffcd751498501684e9319bf859,309056.065167,321341.037417,12284.972249999992,205926,1426374616,,success,1,0,,,11799660
pilot_1790587924129,mint_N1000_c3_r1,1,2026-09-28T09:37:24.803Z,ethereumSepolia,11155111,sepolia.era.zksync.dev,mint,1000,3,681,0xb7f7a1355c6dad83a41d0072cdaf9057757da359a9dac727d418a29447382472,309335.003292,321381.156167,12046.152875000029,205926,1426374616,,success,1,0,,,11799660
pilot_1790587924129,mint_N1000_c3_r1,1,2026-09-28T09:37:36.525Z,ethereumSepolia,11155111,sepolia.era.zksync.dev,mint,1000,3,682,0x306b8633581903b88970779084e37a29b67cd32a7f235bf519965772837900cd,321036.725792,333102.811209,12066.085416999995,205926,1515145732,,success,1,0,,,11799661
pilot_1790587924129,mint_N1000_c3_r1,1,2026-09-28T09:37:36.805Z,ethereumSepolia,11155111,sepolia.era.zksync.dev,mint,1000,3,683,0x1b3f39c71b7654f974ca5920fbf3106a406829d597908b1bf3c89c381bc7f202,321341.094667,333383.011709,12041.917041999986,205926,1515145732,,success,1,0,,,11799661
pilot_1790587924129,mint_N1000_c3_r1,1,2026-09-28T09:37:36.841Z,ethereumSepolia,11155111,sepolia.era.zksync.dev,mint,1000,3,684,0xd7c19b9c4e7673757679fd28594f66f462ebf0731e67caae47f14fb9a15d4cc7,321381.206542,333418.702125,12037.49558300001,205926,1515145732,,success,1,0,,,11799661
pilot_1790587924129,mint_N1000_c3_r1,1,2026-09-28T09:37:49.798Z,ethereumSepolia,11155111,sepolia.era.zksync.dev,mint,1000,3,685,0x7b32337fe79d9d6e9f84bae825a1a0f19c11220cc382243919baed6032c1b205,333102.862709,346376.436709,13273.573999999964,205926,1411558368,,success,1,0,,,11799662
pilot_1790587924129,mint_N1000_c3_r1,1,2026-09-28T09:37:49.917Z,ethereumSepolia,11155111,sepolia.era.zksync.dev,mint,1000,3,686,0x7ddffd62bbad030354e96a6167c18bf066a6b5a3a3f52fffcefc44c5cb2158ce,333383.061209,346494.679959,13111.618749999965,205914,1411558368,,success,1,0,,,11799662
pilot_1790587924129,mint_N1000_c3_r1,1,2026-09-28T09:37:50.039Z,ethereumSepolia,11155111,sepolia.era.zksync.dev,mint,1000,3,687,0x500e3e7255375b7dfbe4e89d4a6021ab8d8ad1af81e3492f5fcea854b4676921,333418.828167,346616.828834,13198.000666999957,205926,1411558368,,success,1,0,,,11799662
pilot_1790587924129,mint_N1000_c3_r1,1,2026-09-28T09:38:01.859Z,ethereumSepolia,11155111,sepolia.era.zksync.dev,mint,1000,3,688,0x66670f122822ef8e7b4b6de259af9e1e6918a3cd72dc8e1f82cb8ccda4873e6a,346376.507125,358437.23175,12060.724624999973,205926,1506160724,,success,1,0,,,11799663
pilot_1790587924129,mint_N1000_c3_r1,1,2026-09-28T09:38:01.969Z,ethereumSepolia,11155111,sepolia.era.zksync.dev,mint,1000,3,689,0xd00ffe2eacbe406b4c34b429f76414c4434895dabacb2ebaf82249731c960e49,346494.730834,358546.893792,12052.16295800003,205926,1506160724,,success,1,0,,,11799663
pilot_1790587924129,mint_N1000_c3_r1,1,2026-09-28T09:38:02.093Z,ethereumSepolia,11155111,sepolia.era.zksync.dev,mint,1000,3,690,0xc89343c9a19bab2d2b48f38fc39c714bc9f601956affeac1fc913ab716b94293,346616.868417,358670.959792,12054.091375000018,205914,1506160724,,success,1,0,,,11799663
pilot_1790587924129,mint_N1000_c3_r1,1,2026-09-28T09:38:13.459Z,ethereumSepolia,11155111,sepolia.era.zksync.dev,mint,1000,3,693,0x6164f4fe3758ef5c560df965d96281d9455eeb625e7e3c9b907a6a0a1d22e16e,358671.013042,370037.163542,11366.150499999989,205926,1436732764,,success,1,0,,,11799664
pilot_1790587924129,mint_N1000_c3_r1,1,2026-09-28T09:38:13.918Z,ethereumSepolia,11155111,sepolia.era.zksync.dev,mint,1000,3,691,0xbbdeb60cc8365d427ace0d1f1f955adc397b4679c64f8cf0caf1fd87b7223749,358437.32425,370495.780375,12058.456124999968,205926,1436732764,,success,1,0,,,11799664
pilot_1790587924129,mint_N1000_c3_r1,1,2026-09-28T09:38:14.000Z,ethereumSepolia,11155111,sepolia.era.zksync.dev,mint,1000,3,692,0x80c3f87e7e169a726b848650d2d7da460196642ba59471be2553f6182bbd9e48,358546.938375,370578.171834,12031.233458999952,205926,1436732764,,success,1,0,,,11799664
pilot_1790587924129,mint_N1000_c3_r1,1,2026-09-28T09:38:24.784Z,ethereumSepolia,11155111,sepolia.era.zksync.dev,mint,1000,3,694,0xd0e2fa964253e3f282a70b7b68935a1d672ee7dd1520a10ec2d8c8e9b6ab5947,370037.254459,381362.058584,11324.804124999966,205926,1367828411,,success,1,0,,,11799665
pilot_1790587924129,mint_N1000_c3_r1,1,2026-09-28T09:38:24.965Z,ethereumSepolia,11155111,sepolia.era.zksync.dev,mint,1000,3,696,0x4d1b6e4c0da81eb3543fb29de8ceab46841619f5178d93a9fc1d5903ddf7a0a0,370578.21925,381542.742459,10964.523208999948,205926,1367828411,,success,1,0,,,11799665
pilot_1790587924129,mint_N1000_c3_r1,1,2026-09-28T09:38:25.085Z,ethereumSepolia,11155111,sepolia.era.zksync.dev,mint,1000,3,695,0xd4d93efef8b4b7a264e89946b7eb86cbec0ccb8773ec4d752021e10f2a752e56,370495.850667,381662.87975,11167.02908300003,205926,1367828411,,success,1,0,,,11799665
pilot_1790587924129,mint_N1000_c3_r1,1,2026-09-28T09:38:37.365Z,ethereumSepolia,11155111,sepolia.era.zksync.dev,mint,1000,3,697,0xca274738618ae11acaddbda5840e38b1c17a12837fda2edf3734cbf4aa8f3bf9,381362.126209,393943.439959,12581.313749999972,205926,1525176340,,success,1,0,,,11799666
pilot_1790587924129,mint_N1000_c3_r1,1,2026-09-28T09:38:37.478Z,ethereumSepolia,11155111,sepolia.era.zksync.dev,mint,1000,3,698,0xd7d0b12a09d7028a011e0f8e107659792384ece2160ba187b1d82173154e7b4f,381542.789792,394055.9945,12513.204707999947,205926,1525176340,,success,1,0,,,11799666
pilot_1790587924129,mint_N1000_c3_r1,1,2026-09-28T09:38:37.585Z,ethereumSepolia,11155111,sepolia.era.zksync.dev,mint,1000,3,699,0xa75718c8040967f6d155100f5bef4957b18f1593683b6414840288c08db9caf7,381662.920792,394163.602084,12500.681291999994,205926,1525176340,,success,1,0,,,11799666
pilot_1790587924129,mint_N1000_c3_r1,1,2026-09-28T09:38:49.393Z,ethereumSepolia,11155111,sepolia.era.zksync.dev,mint,1000,3,702,0x987268c21d7ab8576c0969dace5530366b9015e3396fa7c6f7dd1008ee153619,394163.687834,405971.45025,11807.762416000012,205950,1414794727,,success,1,0,,,11799667
pilot_1790587924129,mint_N1000_c3_r1,1,2026-09-28T09:38:49.713Z,ethereumSepolia,11155111,sepolia.era.zksync.dev,mint,1000,3,700,0x8f7657e4d196c556d1601e8cb158b4f9d10e419d6093d6730b02c89800b5fa69,393943.515584,406291.079834,12347.564249999996,205926,1414794727,,success,1,0,,,11799667
pilot_1790587924129,mint_N1000_c3_r1,1,2026-09-28T09:38:49.939Z,ethereumSepolia,11155111,sepolia.era.zksync.dev,mint,1000,3,701,0x7bdf7bbbbe2157fef0190f627fd3c53aae7dc09332848b53ecc2425ff25a9d78,394056.098417,406517.097292,12460.998875000048,205950,1414794727,,success,1,0,,,11799667
pilot_1790587924129,mint_N1000_c3_r1,1,2026-09-28T09:39:01.703Z,ethereumSepolia,11155111,sepolia.era.zksync.dev,mint,1000,3,703,0x4fb82a36b3191e4c8c1a5c4394c15977fb4ebf498a98ed08c615b17fd9b9ada7,405971.651667,418281.547917,12309.89624999999,205950,1491749209,,success,1,0,,,11799668
pilot_1790587924129,mint_N1000_c3_r1,1,2026-09-28T09:39:01.892Z,ethereumSepolia,11155111,sepolia.era.zksync.dev,mint,1000,3,704,0xd47a72a5d11ae586ed5b42e859d6386dd7adbe279125b995cb300f0a9070b39b,406291.132667,418470.597792,12179.465124999988,205950,1491749209,,success,1,0,,,11799668
pilot_1790587924129,mint_N1000_c3_r1,1,2026-09-28T09:39:02.008Z,ethereumSepolia,11155111,sepolia.era.zksync.dev,mint,1000,3,705,0xb4f27c56191479a4891228cdd28a02f32b46d675d80d45491a61fb968e15f82e,406517.155042,418586.529875,12069.374833000009,205950,1491749209,,success,1,0,,,11799668
pilot_1790587924129,mint_N1000_c3_r1,1,2026-09-28T09:39:13.801Z,ethereumSepolia,11155111,sepolia.era.zksync.dev,mint,1000,3,706,0x740e5a51f32da4c6f6fb151fd2cb263cfdc35b8c8d6f1fbcc268c6b9ddcb1127,418281.646209,430378.851375,12097.205166,205950,1433461217,,success,1,0,,,11799669
pilot_1790587924129,mint_N1000_c3_r1,1,2026-09-28T09:39:14.069Z,ethereumSepolia,11155111,sepolia.era.zksync.dev,mint,1000,3,707,0xd58aae19f388900cba8cdbe1b4829e4304ddffc5205a08fc407ae1e5f0593064,418470.655334,430647.027584,12176.372250000015,205950,1433461217,,success,1,0,,,11799669
pilot_1790587924129,mint_N1000_c3_r1,1,2026-09-28T09:39:14.115Z,ethereumSepolia,11155111,sepolia.era.zksync.dev,mint,1000,3,708,0xd91273841f7ba675021ade1fc7eea495cebf333448588a27fb3b9015e307d8bf,418586.5815,430693.412417,12106.830917000014,205938,1433461217,,success,1,0,,,11799669
pilot_1790587924129,mint_N1000_c3_r1,1,2026-09-28T09:39:25.831Z,ethereumSepolia,11155111,sepolia.era.zksync.dev,mint,1000,3,709,0xfb9ab22ad4ae4a82bcae4c55ea7d5140dcd342ba0ee16cffc20afe39240d05f7,430378.939709,442409.711375,12030.771666000015,205950,1376187945,,success,1,0,,,11799670
pilot_1790587924129,mint_N1000_c3_r1,1,2026-09-28T09:39:26.011Z,ethereumSepolia,11155111,sepolia.era.zksync.dev,mint,1000,3,710,0xb274daf8b498d526b2803f78b3291b136ddae1c0a1420a8f9e1c6d3aba5168fa,430647.095125,442589.518375,11942.423249999993,205950,1376187945,,success,1,0,,,11799670
pilot_1790587924129,mint_N1000_c3_r1,1,2026-09-28T09:39:26.126Z,ethereumSepolia,11155111,sepolia.era.zksync.dev,mint,1000,3,711,0x5df0b60f6a46e8405841aa71041bd00fae3f437887892c38ecabdb4b6ea77fdb,430693.728917,442704.207167,12010.478249999986,205938,1376187945,,success,1,0,,,11799670
pilot_1790587924129,mint_N1000_c3_r1,1,2026-09-28T09:39:36.591Z,ethereumSepolia,11155111,sepolia.era.zksync.dev,mint,1000,3,712,0xf7ea18519e0df1dd4c8490b9af78e7b3ab3fe3139e9e421c2658b42e0f4159b8,442409.801375,453169.314667,10759.513292000047,205950,1485367236,,success,1,0,,,11799671
pilot_1790587924129,mint_N1000_c3_r1,1,2026-09-28T09:39:36.709Z,ethereumSepolia,11155111,sepolia.era.zksync.dev,mint,1000,3,713,0xee9bda4ca2ee7c75ab30aad9ff06417e3e5bd72133e6caf4cfe6f90cdf6d01f1,442589.5915,453287.562375,10697.970874999999,205950,1485367236,,success,1,0,,,11799671
pilot_1790587924129,mint_N1000_c3_r1,1,2026-09-28T09:39:36.817Z,ethereumSepolia,11155111,sepolia.era.zksync.dev,mint,1000,3,714,0xae0edc53f150149dcd977ecb8b89bd90d1b23dda3806f21d543ede70f3a55f97,442704.260959,453395.166834,10690.905874999997,205950,1485367236,,success,1,0,,,11799671
pilot_1790587924129,mint_N1000_c3_r1,1,2026-09-28T09:39:49.281Z,ethereumSepolia,11155111,sepolia.era.zksync.dev,mint,1000,3,716,0x4e85bf32c3feca141dfccd715d65c3eac5c9d86d2a31922095209231c76c94e3,453287.601792,465859.708375,12572.106582999986,205950,1529164098,,success,1,0,,,11799672
pilot_1790587924129,mint_N1000_c3_r1,1,2026-09-28T09:39:49.319Z,ethereumSepolia,11155111,sepolia.era.zksync.dev,mint,1000,3,717,0x1677eb6443332de24138a9524b04ddda837c701809df09cbd89461bc032e40e4,453395.214375,465897.39225,12502.177874999994,205950,1529164098,,success,1,0,,,11799672
pilot_1790587924129,mint_N1000_c3_r1,1,2026-09-28T09:39:49.673Z,ethereumSepolia,11155111,sepolia.era.zksync.dev,mint,1000,3,715,0x3e13f1b5acc7d39df8e15728785871b917b924b0bb1678c7b08feaf8af0bf249,453169.415125,466251.028167,13081.613041999983,205950,1529164098,,success,1,0,,,11799672
pilot_1790587924129,mint_N1000_c3_r1,1,2026-09-28T09:40:00.699Z,ethereumSepolia,11155111,sepolia.era.zksync.dev,mint,1000,3,718,0x9cc78272717669d86ec6ff9d000b98a2547e4db244dfd035da0c862ea9697417,465859.801209,477277.069792,11417.268582999997,205950,1416007886,,success,1,0,,,11799673
pilot_1790587924129,mint_N1000_c3_r1,1,2026-09-28T09:40:00.818Z,ethereumSepolia,11155111,sepolia.era.zksync.dev,mint,1000,3,719,0x13b3cd9a17acabcf8d29089dfd2e944b107b4ddcfadedcf3754d2319fafe08a4,465897.433417,477396.5465,11499.113083000004,205938,1416007886,,success,1,0,,,11799673
pilot_1790587924129,mint_N1000_c3_r1,1,2026-09-28T09:40:01.019Z,ethereumSepolia,11155111,sepolia.era.zksync.dev,mint,1000,3,720,0xc209b2c6a9144ac4f02f024fc032fb2754e40d68af14abfef61a92f284723f6d,466251.083167,477597.679875,11346.596707999997,205938,1416007886,,success,1,0,,,11799673
pilot_1790587924129,mint_N1000_c3_r1,1,2026-09-28T09:40:12.852Z,ethereumSepolia,11155111,sepolia.era.zksync.dev,mint,1000,3,721,0xc9eb884e914997919936b6c601be238d17199af3e2d98dbb503cbd74c8c0d0e2,477277.116917,489430.48475,12153.367833000026,205950,1497240209,,success,1,0,,,11799674
pilot_1790587924129,mint_N1000_c3_r1,1,2026-09-28T09:40:12.969Z,ethereumSepolia,11155111,sepolia.era.zksync.dev,mint,1000,3,722,0xb202fa3e44ff245515ca649253d5d4274a9885a481c958ea910f5886419aa1a8,477396.59325,489547.421042,12150.827792000026,205950,1497240209,,success,1,0,,,11799674
pilot_1790587924129,mint_N1000_c3_r1,1,2026-09-28T09:40:13.085Z,ethereumSepolia,11155111,sepolia.era.zksync.dev,mint,1000,3,723,0xaa4333ba3c6cc6be9390b969de7378c3f836976b4be69bdcba35fe78b8e6f2f1,477597.73575,489663.7455,12066.009750000027,205950,1497240209,,success,1,0,,,11799674
pilot_1790587924129,mint_N1000_c3_r1,1,2026-09-28T09:40:24.816Z,ethereumSepolia,11155111,sepolia.era.zksync.dev,mint,1000,3,724,0x6396f40e8c3bb0754b7dfd49f1e005ab432f3ef8c80940df1b273c96543a85bb,489430.546042,501394.410334,11963.864292000013,205950,1571263594,,success,1,0,,,11799675
pilot_1790587924129,mint_N1000_c3_r1,1,2026-09-28T09:40:24.940Z,ethereumSepolia,11155111,sepolia.era.zksync.dev,mint,1000,3,725,0xee9191facfcad73f26f2d26cc00b182fbc3b8068aff7404b80f3e35534125394,489547.500084,501518.274,11970.773915999976,205938,1571263594,,success,1,0,,,11799675
pilot_1790587924129,mint_N1000_c3_r1,1,2026-09-28T09:40:25.057Z,ethereumSepolia,11155111,sepolia.era.zksync.dev,mint,1000,3,726,0x96dde500fe98ebc2e8c023773533b90d07ae3c81cb828e7612de836ade30dca8,489663.799167,501635.245042,11971.445875000034,205950,1571263594,,success,1,0,,,11799675
pilot_1790587924129,mint_N1000_c3_r1,1,2026-09-28T09:40:36.790Z,ethereumSepolia,11155111,sepolia.era.zksync.dev,mint,1000,3,727,0xbb43b1be14d3f139817cbfae1ca844f53178ece3fbf85d8425e953b9ef743145,501394.463667,513368.292834,11973.829167000018,205950,1403901834,,success,1,0,,,11799676
pilot_1790587924129,mint_N1000_c3_r1,1,2026-09-28T09:40:36.911Z,ethereumSepolia,11155111,sepolia.era.zksync.dev,mint,1000,3,728,0xcfcac005ef0d67aa2bbae40a1dd094df1c73a93ced7b4ba78bab59ae4c17bc6d,501518.326375,513489.3645,11971.038125000021,205950,1403901834,,success,1,0,,,11799676
pilot_1790587924129,mint_N1000_c3_r1,1,2026-09-28T09:40:37.027Z,ethereumSepolia,11155111,sepolia.era.zksync.dev,mint,1000,3,729,0x178006b3e666433afb775c2a06b4de611b635365cb7b5cb3cf4175f1083d971a,501635.277375,513605.25925,11969.981874999998,205950,1403901834,,success,1,0,,,11799676
pilot_1790587924129,mint_N1000_c3_r1,1,2026-09-28T09:40:49.469Z,ethereumSepolia,11155111,sepolia.era.zksync.dev,mint,1000,3,730,0xc9fe1371387d1596f5bfefdafbbbbaed06fda485610e78baec5370de6885ef8c,513368.351959,526047.000542,12678.64858300006,205950,1523669873,,success,1,0,,,11799677
pilot_1790587924129,mint_N1000_c3_r1,1,2026-09-28T09:40:49.588Z,ethereumSepolia,11155111,sepolia.era.zksync.dev,mint,1000,3,731,0x27730d529f5088ac8363a56858c76b11e13ea9c504f992678bcfdb9870ad0e54,513489.398875,526166.214209,12676.815333999984,205950,1523669873,,success,1,0,,,11799677
pilot_1790587924129,mint_N1000_c3_r1,1,2026-09-28T09:40:49.722Z,ethereumSepolia,11155111,sepolia.era.zksync.dev,mint,1000,3,732,0x6c39b8506c47ac1aefa83f3dfbffbaff84bce6b0ac5bf27dbfa8a65a60af1008,513605.307042,526300.765959,12695.458916999982,205950,1523669873,,success,1,0,,,11799677
pilot_1790587924129,mint_N1000_c3_r1,1,2026-09-28T09:41:01.559Z,ethereumSepolia,11155111,sepolia.era.zksync.dev,mint,1000,3,733,0xa7e0a1cd8e8e202bcaeb4a8eaeba06b9cbf74481b8d78effbf4ed1d22a4e4b04,526047.090084,538137.899917,12090.809832999948,205950,1413834209,,success,1,0,,,11799678
pilot_1790587924129,mint_N1000_c3_r1,1,2026-09-28T09:41:01.660Z,ethereumSepolia,11155111,sepolia.era.zksync.dev,mint,1000,3,734,0x14dc8352840d81cc4ee3671d6df824f7aecc6b797100a1f3d5e173638dc189e6,526166.25975,538238.146625,12071.886875000084,205950,1413834209,,success,1,0,,,11799678
pilot_1790587924129,mint_N1000_c3_r1,1,2026-09-28T09:41:01.775Z,ethereumSepolia,11155111,sepolia.era.zksync.dev,mint,1000,3,735,0xcc8bde4b933dd04b410b0cee7ddea58aac61668fda2670a9f92fa4f9755d75b8,526300.814667,538353.28525,12052.470582999988,205950,1413834209,,success,1,0,,,11799678
pilot_1790587924129,mint_N1000_c3_r1,1,2026-09-28T09:41:12.970Z,ethereumSepolia,11155111,sepolia.era.zksync.dev,mint,1000,3,736,0xe3572bfc15744c0a472218b3a658cf989199743b902a901a2d6003b2a892a5c3,538137.959209,549548.794292,11410.835083000013,205950,1493333339,,success,1,0,,,11799679
pilot_1790587924129,mint_N1000_c3_r1,1,2026-09-28T09:41:13.086Z,ethereumSepolia,11155111,sepolia.era.zksync.dev,mint,1000,3,737,0xbfa610ab17f38d8cd7fce7b8223ca750ba71762711043a59ae6cd65cef1e095e,538238.204084,549664.871042,11426.666958000045,205950,1493333339,,success,1,0,,,11799679
pilot_1790587924129,mint_N1000_c3_r1,1,2026-09-28T09:41:13.201Z,ethereumSepolia,11155111,sepolia.era.zksync.dev,mint,1000,3,738,0x70dd066f9a8e81520f040d372ad531a1b6de6f5c45467b4d69d418d499f6d0bb,538353.423209,549778.952334,11425.529125000001,205950,1493333339,,success,1,0,,,11799679
pilot_1790587924129,mint_N1000_c3_r1,1,2026-09-28T09:41:24.868Z,ethereumSepolia,11155111,sepolia.era.zksync.dev,mint,1000,3,739,0xfd03c1dba48be4bbb8db37c0bc7b16ba9176df79f31ad5ce11803e49e4b2b60e,549548.854584,561446.055875,11897.201291000005,205950,1386291344,,success,1,0,,,11799680
pilot_1790587924129,mint_N1000_c3_r1,1,2026-09-28T09:41:25.055Z,ethereumSepolia,11155111,sepolia.era.zksync.dev,mint,1000,3,740,0x515020c4cbb9cfd9e00c10b82fce9fb204e42f348170cf36ce96c21797a7f2fb,549664.931709,561633.687709,11968.755999999936,205950,1386291344,,success,1,0,,,11799680
pilot_1790587924129,mint_N1000_c3_r1,1,2026-09-28T09:41:25.167Z,ethereumSepolia,11155111,sepolia.era.zksync.dev,mint,1000,3,741,0x717a73324bc255ebda1bf92198387b0bfcc119fb005222607eb793348de39f1a,549779.001042,561745.497292,11966.496249999967,205950,1386291344,,success,1,0,,,11799680
pilot_1790587924129,mint_N1000_c3_r1,1,2026-09-28T09:41:36.827Z,ethereumSepolia,11155111,sepolia.era.zksync.dev,mint,1000,3,742,0x8890301a2d286fa9048523a6e8567cb47dd9edd4bbd310fe95927a4b55004a99,561446.12275,573405.156917,11959.034166999976,205950,1501777825,,success,1,0,,,11799681
pilot_1790587924129,mint_N1000_c3_r1,1,2026-09-28T09:41:36.952Z,ethereumSepolia,11155111,sepolia.era.zksync.dev,mint,1000,3,743,0x3e20721546924445aa39663fc39d1a143016129d881e7c227762ae8acd9e32f2,561633.750167,573530.689334,11896.939167000004,205950,1501777825,,success,1,0,,,11799681
pilot_1790587924129,mint_N1000_c3_r1,1,2026-09-28T09:41:37.160Z,ethereumSepolia,11155111,sepolia.era.zksync.dev,mint,1000,3,744,0x22d770e6e6d6378874ec6425f2315d6a2cb7079b861fdd8192bcff442e1fdc13,561745.5495,573738.805209,11993.255709000048,205950,1501777825,,success,1,0,,,11799681
pilot_1790587924129,mint_N1000_c3_r1,1,2026-09-28T09:41:49.500Z,ethereumSepolia,11155111,sepolia.era.zksync.dev,mint,1000,3,745,0x97336703e9ce05519f2f369ff8831d782cf6a95baf6d2b1bceab78f52af810cf,573405.357334,586078.801542,12673.444208000088,205950,1379572476,,success,1,0,,,11799682
pilot_1790587924129,mint_N1000_c3_r1,1,2026-09-28T09:41:49.697Z,ethereumSepolia,11155111,sepolia.era.zksync.dev,mint,1000,3,746,0xbb54941c583199ef0ade1b20850e4373ec4916a79448f58451d7b73854cfca50,573530.778167,586275.223334,12744.44516699994,205950,1379572476,,success,1,0,,,11799682
pilot_1790587924129,mint_N1000_c3_r1,1,2026-09-28T09:41:49.813Z,ethereumSepolia,11155111,sepolia.era.zksync.dev,mint,1000,3,747,0x7c3be04b3278ffb81ce1117a9007813fc3809f8f301f7cad9dc9efcbc8408ac3,573738.850792,586391.331084,12652.480291999993,205950,1379572476,,success,1,0,,,11799682
pilot_1790587924129,mint_N1000_c3_r1,1,2026-09-28T09:42:00.384Z,ethereumSepolia,11155111,sepolia.era.zksync.dev,mint,1000,3,750,0xdb017aa93b42d7ffd0a81a0e2bf5486e119774d5cc006fb9d03c19d40bb75977,586391.379875,596962.6705,10571.290625000023,205950,1548069644,,success,1,0,,,11799683
pilot_1790587924129,mint_N1000_c3_r1,1,2026-09-28T09:42:00.758Z,ethereumSepolia,11155111,sepolia.era.zksync.dev,mint,1000,3,748,0xeceba9075f1a083ece794c2e88608684e58c2e37357e8a597d8c24a28153d9d4,586078.853084,597336.045042,11257.191958000069,205950,1548069644,,success,1,0,,,11799683
pilot_1790587924129,mint_N1000_c3_r1,1,2026-09-28T09:42:00.917Z,ethereumSepolia,11155111,sepolia.era.zksync.dev,mint,1000,3,749,0x1cc616f435f417ce40c678caa8303e09b85767e0d24a7e2af20b4288bed7dc87,586275.263625,597495.652834,11220.389208999928,205950,1548069644,,success,1,0,,,11799683
pilot_1790587924129,mint_N1000_c3_r1,1,2026-09-28T09:42:12.577Z,ethereumSepolia,11155111,sepolia.era.zksync.dev,mint,1000,3,751,0x496583171e450d4bee7a592f6772c76d134ee3eb2ba1bb3612b600b47ccdf7e4,596962.716,609155.81,12193.094000000041,205938,1394989649,,success,1,0,,,11799684
pilot_1790587924129,mint_N1000_c3_r1,1,2026-09-28T09:42:12.771Z,ethereumSepolia,11155111,sepolia.era.zksync.dev,mint,1000,3,752,0x7f05a05d3bd7b02eeb6592b1f227e3f94d708a4554c386bf15ee0f0f4a71314c,597336.090792,609349.38875,12013.297958000097,205950,1394989649,,success,1,0,,,11799684
pilot_1790587924129,mint_N1000_c3_r1,1,2026-09-28T09:42:12.885Z,ethereumSepolia,11155111,sepolia.era.zksync.dev,mint,1000,3,753,0xfe174630c5f0148d577194d978aa95ba1635a81d232dc0df72ed41ec3610a8cc,597495.688834,609464.024375,11968.335541000008,205950,1394989649,,success,1,0,,,11799684
pilot_1790587924129,mint_N1000_c3_r1,1,2026-09-28T09:42:24.684Z,ethereumSepolia,11155111,sepolia.era.zksync.dev,mint,1000,3,756,0xe824c4ce52ccf90e18b7f6a92fa5516d8d19a9d4b8c440b8a677a6067c208a97,609464.059334,621262.377084,11798.317750000046,205950,1497674412,,success,1,0,,,11799685
pilot_1790587924129,mint_N1000_c3_r1,1,2026-09-28T09:42:25.064Z,ethereumSepolia,11155111,sepolia.era.zksync.dev,mint,1000,3,755,0x250f6b88d78fdb6f05aa52364200cc18608896d236d4360494043ce2f5fe29fd,609349.463,621642.348834,12292.885833999957,205938,1497674412,,success,1,0,,,11799685
pilot_1790587924129,mint_N1000_c3_r1,1,2026-09-28T09:42:25.110Z,ethereumSepolia,11155111,sepolia.era.zksync.dev,mint,1000,3,754,0x537282dfba706225666d79a9e83f78e76b5733b58a2152811d6da79c0f4387c9,609155.902584,621688.134375,12532.231790999998,205950,1497674412,,success,1,0,,,11799685
pilot_1790587924129,mint_N1000_c3_r1,1,2026-09-28T09:42:37.478Z,ethereumSepolia,11155111,sepolia.era.zksync.dev,mint,1000,3,757,0x4b31604beac9199a7087fca817bf69299c85dc3b5153cee0ba7441fc2bdbfb97,621262.442834,634056.314209,12793.871374999988,205938,1607634461,,success,1,0,,,11799686
pilot_1790587924129,mint_N1000_c3_r1,1,2026-09-28T09:42:37.597Z,ethereumSepolia,11155111,sepolia.era.zksync.dev,mint,1000,3,759,0x47624b77b23d6366144809fb60d456086b9eebb9c5f8d787c28d82d6c6e04f2a,621688.167,634175.667375,12487.500374999945,205950,1607634461,,success,1,0,,,11799686
pilot_1790587924129,mint_N1000_c3_r1,1,2026-09-28T09:42:37.791Z,ethereumSepolia,11155111,sepolia.era.zksync.dev,mint,1000,3,758,0x63dc0413923c4b4bf1ee9f4ddf51e4d4284414e013ba550757bbf00959f5f0da,621642.422167,634369.883209,12727.46104199998,205938,1607634461,,success,1,0,,,11799686
pilot_1790587924129,mint_N1000_c3_r1,1,2026-09-28T09:42:49.539Z,ethereumSepolia,11155111,sepolia.era.zksync.dev,mint,1000,3,760,0xaff1064e1b688c5cc2a0a3550e6ab1d805dca5b86725145aab515d9a5c08c026,634056.466875,646117.545292,12061.078417000012,205950,1501832064,,success,1,0,,,11799687
pilot_1790587924129,mint_N1000_c3_r1,1,2026-09-28T09:42:49.661Z,ethereumSepolia,11155111,sepolia.era.zksync.dev,mint,1000,3,761,0x964c869200ac275b26657308d40842218eb5a08d3b4bd3260d32919b35c3a630,634175.71375,646239.68075,12063.967000000062,205950,1501832064,,success,1,0,,,11799687
pilot_1790587924129,mint_N1000_c3_r1,1,2026-09-28T09:42:49.787Z,ethereumSepolia,11155111,sepolia.era.zksync.dev,mint,1000,3,762,0x299251eb65571d0fff2253d2d45162bcfd683f676d11706d1af2775e6060b647,634369.945917,646365.636125,11995.690208000015,205950,1501832064,,success,1,0,,,11799687
pilot_1790587924129,mint_N1000_c3_r1,1,2026-09-28T09:43:00.980Z,ethereumSepolia,11155111,sepolia.era.zksync.dev,mint,1000,3,763,0xd50f9a5ba2731b0df8aa7a26df82c78e2f399ff195210eae24a186d1a3d8418a,646117.607917,657558.953334,11441.345417000004,205950,1394401646,,success,1,0,,,11799688
pilot_1790587924129,mint_N1000_c3_r1,1,2026-09-28T09:43:01.090Z,ethereumSepolia,11155111,sepolia.era.zksync.dev,mint,1000,3,764,0xa72a7303f7c986dc520874e058842cba944e1559fa25704d6fdef81306f9cf96,646239.727542,657668.53925,11428.811708000023,205950,1394401646,,success,1,0,,,11799688
pilot_1790587924129,mint_N1000_c3_r1,1,2026-09-28T09:43:01.202Z,ethereumSepolia,11155111,sepolia.era.zksync.dev,mint,1000,3,765,0x6335f1c4d1c876b56df21c67d2eecb7eedb4d0ea06701817264b866d9663ebdc,646365.684125,657780.6,11414.915874999948,205950,1394401646,,success,1,0,,,11799688
pilot_1790587924129,mint_N1000_c3_r1,1,2026-09-28T09:43:12.876Z,ethereumSepolia,11155111,sepolia.era.zksync.dev,mint,1000,3,766,0xea1232298339d7ca7b8bfb87aaf3bbadc4517628020c9d7cbd32b60da96c1ccf,657559.017667,669455.019292,11896.001625000034,205950,1562118680,,success,1,0,,,11799689
pilot_1790587924129,mint_N1000_c3_r1,1,2026-09-28T09:43:13.079Z,ethereumSepolia,11155111,sepolia.era.zksync.dev,mint,1000,3,767,0x6d059dcd5ca9ae8edaeb8772242c8571371d218aa984074b72570f8af08c352c,657668.595959,669657.987125,11989.391165999928,205950,1562118680,,success,1,0,,,11799689
pilot_1790587924129,mint_N1000_c3_r1,1,2026-09-28T09:43:13.197Z,ethereumSepolia,11155111,sepolia.era.zksync.dev,mint,1000,3,768,0x5b893744a1f24e0c533c8b536147bf3128847408cb717c024bface710a7e7163,657780.63675,669775.234584,11994.597834000015,205950,1562118680,,success,1,0,,,11799689
pilot_1790587924129,mint_N1000_c3_r1,1,2026-09-28T09:43:25.465Z,ethereumSepolia,11155111,sepolia.era.zksync.dev,mint,1000,3,769,0x55a2e2b4329071ee055eb97443d6b162cf397ccb3d083611f8ac84078e36074c,669455.201542,682043.3305,12588.128957999987,205950,1458955413,,success,1,0,,,11799690
pilot_1790587924129,mint_N1000_c3_r1,1,2026-09-28T09:43:25.752Z,ethereumSepolia,11155111,sepolia.era.zksync.dev,mint,1000,3,770,0x497a9682d7e1c2fb2c60e3948429eda99e8f2fca40010f30fcb65d6068c0a73b,669658.025292,682331.153875,12673.128582999925,205938,1458955413,,success,1,0,,,11799690
pilot_1790587924129,mint_N1000_c3_r1,1,2026-09-28T09:43:25.777Z,ethereumSepolia,11155111,sepolia.era.zksync.dev,mint,1000,3,771,0x8aab59e753d2a5ed0ff1b4eb4f208cb05f708020ad03a25a4347dd6c951dedd6,669775.293417,682355.794834,12580.501416999963,205950,1458955413,,success,1,0,,,11799690
pilot_1790587924129,mint_N1000_c3_r1,1,2026-09-28T09:43:36.812Z,ethereumSepolia,11155111,sepolia.era.zksync.dev,mint,1000,3,772,0x89bef58ea736755a4abd264152d1ce5a06fdcc0df865e95401cdb721f1f52744,682043.483792,693391.17125,11347.68745800003,205950,1377886560,,success,1,0,,,11799691
pilot_1790587924129,mint_N1000_c3_r1,1,2026-09-28T09:43:36.916Z,ethereumSepolia,11155111,sepolia.era.zksync.dev,mint,1000,3,773,0xc384b613cb10d048d9e5aefcd53022c75f43ee45363797e87bceace6596591d6,682331.327042,693495.169917,11163.842874999973,205950,1377886560,,success,1,0,,,11799691
pilot_1790587924129,mint_N1000_c3_r1,1,2026-09-28T09:43:37.035Z,ethereumSepolia,11155111,sepolia.era.zksync.dev,mint,1000,3,774,0x1cfc0018dddf5d520aef0d2c949bf0600e4f5abb244320c8f8d10b2172cf1b3e,682355.961917,693613.287,11257.325083000003,205950,1377886560,,success,1,0,,,11799691
pilot_1790587924129,mint_N1000_c3_r1,1,2026-09-28T09:43:48.779Z,ethereumSepolia,11155111,sepolia.era.zksync.dev,mint,1000,3,775,0x82923ca0d968ba157720e2bb8185ecbeffccd35a38b2809d16e4e307c830eab9,693391.233042,705358.161125,11966.928083000006,205938,1513114722,,success,1,0,,,11799692
pilot_1790587924129,mint_N1000_c3_r1,1,2026-09-28T09:43:48.893Z,ethereumSepolia,11155111,sepolia.era.zksync.dev,mint,1000,3,776,0x56bfea4b6cfd9348e4626b54358498b0d4f675ed847578850aaece1b09f5e801,693495.205625,705471.624542,11976.41891700006,205950,1513114722,,success,1,0,,,11799692
pilot_1790587924129,mint_N1000_c3_r1,1,2026-09-28T09:43:49.002Z,ethereumSepolia,11155111,sepolia.era.zksync.dev,mint,1000,3,777,0xcdb25915e767f799ca9fb9c5dddf21f15ac94f6a2807a6316dc836d4801e1dd0,693613.489667,705580.636292,11967.146624999936,205950,1513114722,,success,1,0,,,11799692
pilot_1790587924129,mint_N1000_c3_r1,1,2026-09-28T09:44:01.352Z,ethereumSepolia,11155111,sepolia.era.zksync.dev,mint,1000,3,778,0x56326b551b93fe1155f26d622002eccffff34b43d7b6f59b65645730300e8af5,705358.22475,717931.130459,12572.905708999955,205950,1406917951,,success,1,0,,,11799693
pilot_1790587924129,mint_N1000_c3_r1,1,2026-09-28T09:44:01.466Z,ethereumSepolia,11155111,sepolia.era.zksync.dev,mint,1000,3,779,0x7b7cb5c8dfd86d3c69e22561740cc7d35532610ebbdbdd20209b83a2335fef40,705471.668834,718044.975792,12573.306957999943,205950,1406917951,,success,1,0,,,11799693
pilot_1790587924129,mint_N1000_c3_r1,1,2026-09-28T09:44:01.584Z,ethereumSepolia,11155111,sepolia.era.zksync.dev,mint,1000,3,780,0x5268085fd74d4282674c976d81184c29c2936ed77109e51b61d5bf85ec7d5b09,705580.682584,718163.076125,12582.393540999969,205950,1406917951,,success,1,0,,,11799693
pilot_1790587924129,mint_N1000_c3_r1,1,2026-09-28T09:44:13.335Z,ethereumSepolia,11155111,sepolia.era.zksync.dev,mint,1000,3,781,0xac2062065127436d3f9267c8007b9f9ec460c37775552c81cc199e47b4de04c1,717931.29075,729913.706084,11982.415333999903,205950,1529848470,,success,1,0,,,11799694
pilot_1790587924129,mint_N1000_c3_r1,1,2026-09-28T09:44:13.450Z,ethereumSepolia,11155111,sepolia.era.zksync.dev,mint,1000,3,782,0x3a3e17eb988b3a7a0913cc1b608eac71c25fce8313b5dadf56f24fa422ce3678,718045.024167,730028.72775,11983.703582999995,205950,1529848470,,success,1,0,,,11799694
pilot_1790587924129,mint_N1000_c3_r1,1,2026-09-28T09:44:13.567Z,ethereumSepolia,11155111,sepolia.era.zksync.dev,mint,1000,3,783,0xa4a664b86401b9c33176cf783241a826ff42617f9973bb78b3be3a3dd66eba96,718163.10975,730145.953542,11982.843792000087,205950,1529848470,,success,1,0,,,11799694
pilot_1790587924129,mint_N1000_c3_r1,1,2026-09-28T09:44:24.687Z,ethereumSepolia,11155111,sepolia.era.zksync.dev,mint,1000,3,784,0xbdec7dc1fa88a2c70e1016045da376540ab62dd237648d0be2da2067833a3fcf,729913.882792,741265.748959,11351.86616700003,205950,1458856028,,success,1,0,,,11799695
pilot_1790587924129,mint_N1000_c3_r1,1,2026-09-28T09:44:24.876Z,ethereumSepolia,11155111,sepolia.era.zksync.dev,mint,1000,3,785,0x38e42515f066ec077ffe1426743aaee9ece1060947da72c5f8ead029e346c52f,730028.778625,741454.614834,11425.836208999972,205950,1458856028,,success,1,0,,,11799695
pilot_1790587924129,mint_N1000_c3_r1,1,2026-09-28T09:44:24.986Z,ethereumSepolia,11155111,sepolia.era.zksync.dev,mint,1000,3,786,0xde8874660a16b232103716e0ab12d06519e8224b10ebb0619dc7b6bb0321b336,730145.977625,741564.654334,11418.676708999905,205950,1458856028,,success,1,0,,,11799695
pilot_1790587924129,mint_N1000_c3_r1,1,2026-09-28T09:44:37.305Z,ethereumSepolia,11155111,sepolia.era.zksync.dev,mint,1000,3,787,0xa0fb978a5d1f368be5ab8dd83a51137af2cb4ba0ab4b1b5f27d2faae2d93c6f7,741265.839375,753883.583625,12617.744249999989,205950,1533260887,,success,1,0,,,11799696
pilot_1790587924129,mint_N1000_c3_r1,1,2026-09-28T09:44:37.494Z,ethereumSepolia,11155111,sepolia.era.zksync.dev,mint,1000,3,788,0xc6e58a3b4ce86a586ca06cda26054f42006d53dcb00f263c837938fb678fc822,741454.659125,754072.787792,12618.128666999983,205950,1533260887,,success,1,0,,,11799696
pilot_1790587924129,mint_N1000_c3_r1,1,2026-09-28T09:44:37.610Z,ethereumSepolia,11155111,sepolia.era.zksync.dev,mint,1000,3,789,0xfda470c6a53b2e341fe3bdc79af4c80ee28cb16a89602451e6ca8e06476280fa,741564.769167,754189.11125,12624.342082999996,205950,1533260887,,success,1,0,,,11799696
pilot_1790587924129,mint_N1000_c3_r1,1,2026-09-28T09:44:49.259Z,ethereumSepolia,11155111,sepolia.era.zksync.dev,mint,1000,3,790,0x78735dba623cab74594305b24a6ba9e198ad0e217905e590b6bd1e23074d57d9,753883.744667,765838.012792,11954.268124999944,205950,1419365806,,success,1,0,,,11799697
pilot_1790587924129,mint_N1000_c3_r1,1,2026-09-28T09:44:49.375Z,ethereumSepolia,11155111,sepolia.era.zksync.dev,mint,1000,3,791,0xbb810f19075d79c780d60988738f562e4da8914a77c417cfb748b27744c7abb9,754072.84075,765953.754584,11880.913834000006,205950,1419365806,,success,1,0,,,11799697
pilot_1790587924129,mint_N1000_c3_r1,1,2026-09-28T09:44:49.637Z,ethereumSepolia,11155111,sepolia.era.zksync.dev,mint,1000,3,792,0xe8f3e4ae61c23ef8d87955a186cf859f04c12c7299092cd223161998ac04eeb9,754189.148667,766215.31525,12026.166582999984,205950,1419365806,,success,1,0,,,11799697
pilot_1790587924129,mint_N1000_c3_r1,1,2026-09-28T09:45:01.292Z,ethereumSepolia,11155111,sepolia.era.zksync.dev,mint,1000,3,793,0x012d462ad8df2d5a32dae3f011febe3197a3fea4b382591e9d879490a851cdfa,765838.152209,777871.104834,12032.952625000034,205950,1501191734,,success,1,0,,,11799698
pilot_1790587924129,mint_N1000_c3_r1,1,2026-09-28T09:45:01.417Z,ethereumSepolia,11155111,sepolia.era.zksync.dev,mint,1000,3,794,0x4618d02b70bcbfbda25f1a370f97e5d47b9479be82e73be3d1563e195367216d,765953.792375,777995.986625,12042.194250000059,205950,1501191734,,success,1,0,,,11799698
pilot_1790587924129,mint_N1000_c3_r1,1,2026-09-28T09:45:01.620Z,ethereumSepolia,11155111,sepolia.era.zksync.dev,mint,1000,3,795,0xb03859f4fe4caace165e94d5592845d2325bfa3056843a89f18f18d734e77d7a,766215.377125,778199.100209,11983.723084000056,205950,1501191734,,success,1,0,,,11799698
pilot_1790587924129,mint_N1000_c3_r1,1,2026-09-28T09:45:12.670Z,ethereumSepolia,11155111,sepolia.era.zksync.dev,mint,1000,3,796,0x4554d955ae8362ab8bbab149c87048162d306373c21bc2f80d87d95bc4dfe6b4,777871.18175,789248.942875,11377.76112499996,205950,1516043361,,success,1,0,,,11799699
pilot_1790587924129,mint_N1000_c3_r1,1,2026-09-28T09:45:12.787Z,ethereumSepolia,11155111,sepolia.era.zksync.dev,mint,1000,3,797,0x1372cd5ec1c89346b60bb438d1e2422a86711784d075f6f08cbbc0ca6d3f79ba,777996.418209,789365.959792,11369.541582999984,205950,1516043361,,success,1,0,,,11799699
pilot_1790587924129,mint_N1000_c3_r1,1,2026-09-28T09:45:12.899Z,ethereumSepolia,11155111,sepolia.era.zksync.dev,mint,1000,3,798,0xc1b878ccb4afcc87552057257813e33bb7d971c76cdb518bd4e6df7810f81759,778200.480292,789477.879292,11277.398999999976,205950,1516043361,,success,1,0,,,11799699
pilot_1790587924129,mint_N1000_c3_r1,1,2026-09-28T09:45:24.549Z,ethereumSepolia,11155111,sepolia.era.zksync.dev,mint,1000,3,799,0x78ad78ca8ccbf7ed0271fbf8a6622c03bd371f66b22b8d1c5cce1980af4081fb,789249.118625,801127.957917,11878.839292000048,205950,1499531404,,success,1,0,,,11799700
pilot_1790587924129,mint_N1000_c3_r1,1,2026-09-28T09:45:24.748Z,ethereumSepolia,11155111,sepolia.era.zksync.dev,mint,1000,3,800,0xb9d07125b9795a633aa997b5e7f915e921cae1b1dd0477eec95a14cc8f1263bc,789365.993834,801327.163667,11961.16983300005,205950,1499531404,,success,1,0,,,11799700
pilot_1790587924129,mint_N1000_c3_r1,1,2026-09-28T09:45:24.869Z,ethereumSepolia,11155111,sepolia.era.zksync.dev,mint,1000,3,801,0x6d302a3ce599838fb92509aba48ad8f98ad8b6b0e203509420270d55e4267d5c,789478.031834,801447.704042,11969.672207999974,205950,1499531404,,success,1,0,,,11799700
pilot_1790587924129,mint_N1000_c3_r1,1,2026-09-28T09:45:36.535Z,ethereumSepolia,11155111,sepolia.era.zksync.dev,mint,1000,3,802,0xc12f0081832a836a3ef90d5fbffd19c34a1cc14d9b9059741e881552ff4dbf44,801128.031167,813113.70525,11985.674083000049,205926,1448577451,,success,1,0,,,11799701
pilot_1790587924129,mint_N1000_c3_r1,1,2026-09-28T09:45:36.821Z,ethereumSepolia,11155111,sepolia.era.zksync.dev,mint,1000,3,803,0x5224c4d5b66f24ece675b4a5e2dd6c075fca4d6065c5413f163b4de83e6f567c,801327.391917,813400.162917,12072.771000000066,205950,1448577451,,success,1,0,,,11799701
pilot_1790587924129,mint_N1000_c3_r1,1,2026-09-28T09:45:36.852Z,ethereumSepolia,11155111,sepolia.era.zksync.dev,mint,1000,3,804,0x3b452755575fbc9d5a9af767155e9b1b7ac84837e9dceafb4baf537d51b5c2dc,801447.771542,813430.728625,11982.957082999987,205950,1448577451,,success,1,0,,,11799701
pilot_1790587924129,mint_N1000_c3_r1,1,2026-09-28T09:45:49.811Z,ethereumSepolia,11155111,sepolia.era.zksync.dev,mint,1000,3,805,0xb81c3bff30711eef13d16306bd0b6558a662aab78d04ba16fda129dd17454a70,813113.78725,826390.087792,13276.300541999983,205950,1367832221,,success,1,0,,,11799702
pilot_1790587924129,mint_N1000_c3_r1,1,2026-09-28T09:45:49.929Z,ethereumSepolia,11155111,sepolia.era.zksync.dev,mint,1000,3,806,0x61a8efb959b8dde327f76b181f718e574e9817692b1c0ff385782e76fb42ee22,813400.228125,826508.004042,13107.77591700002,205950,1367832221,,success,1,0,,,11799702
pilot_1790587924129,mint_N1000_c3_r1,1,2026-09-28T09:45:50.055Z,ethereumSepolia,11155111,sepolia.era.zksync.dev,mint,1000,3,807,0xc00d7d97fb047408ea4b82cba7001f113d2b9940475464f95a62e153b0ba1892,813430.75,826633.968625,13203.21862499998,205950,1367832221,,success,1,0,,,11799702
pilot_1790587924129,mint_N1000_c3_r1,1,2026-09-28T09:46:01.757Z,ethereumSepolia,11155111,sepolia.era.zksync.dev,mint,1000,3,808,0x6d00ade00dc6ddab97832012b6216cb618516d1e826f34eb23980748d5329b0c,826390.157334,838335.528917,11945.371583000058,205950,1563301104,,success,1,0,,,11799703
pilot_1790587924129,mint_N1000_c3_r1,1,2026-09-28T09:46:01.942Z,ethereumSepolia,11155111,sepolia.era.zksync.dev,mint,1000,3,809,0x1cdd6f6b08610885ae233282cd0d941e2ee8fa3781916f4374601eb5a269e9c6,826508.060042,838520.594834,12012.534791999962,205950,1563301104,,success,1,0,,,11799703
pilot_1790587924129,mint_N1000_c3_r1,1,2026-09-28T09:46:02.044Z,ethereumSepolia,11155111,sepolia.era.zksync.dev,mint,1000,3,810,0xf53ba892b87e91b67e16d5ee8141a7bf376623e3e72f4ed23ca2c7107ee5f0c3,826634.054334,838622.439125,11988.384791000048,205950,1563301104,,success,1,0,,,11799703
pilot_1790587924129,mint_N1000_c3_r1,1,2026-09-28T09:46:13.119Z,ethereumSepolia,11155111,sepolia.era.zksync.dev,mint,1000,3,811,0xab8d643324be32aa49fa8b9e80e8d2f9fc0e0426f5b652369a6fc7c142db9376,838335.587334,849697.452834,11361.865499999956,205938,1526301632,,success,1,0,,,11799704
pilot_1790587924129,mint_N1000_c3_r1,1,2026-09-28T09:46:13.235Z,ethereumSepolia,11155111,sepolia.era.zksync.dev,mint,1000,3,812,0x630ac9cca6d076efb8fc968bd1ce7d4395c38fe9e668fff1b1f9b221ab763b66,838520.634209,849814.207375,11293.573165999958,205950,1526301632,,success,1,0,,,11799704
pilot_1790587924129,mint_N1000_c3_r1,1,2026-09-28T09:46:13.430Z,ethereumSepolia,11155111,sepolia.era.zksync.dev,mint,1000,3,813,0x831310ac8f9e0c1548daa6e10e0433d2af104e872373d44f0f455d566f9e81f2,838623.249292,850008.977209,11385.72791700007,205950,1526301632,,success,1,0,,,11799704
pilot_1790587924129,mint_N1000_c3_r1,1,2026-09-28T09:46:25.097Z,ethereumSepolia,11155111,sepolia.era.zksync.dev,mint,1000,3,814,0xb97b5a8a078c49851be7180d16022e9638633da1094a4e1f817046e5b5119b13,849697.522625,861675.873,11978.350375000038,205950,1494840787,,success,1,0,,,11799705
pilot_1790587924129,mint_N1000_c3_r1,1,2026-09-28T09:46:25.211Z,ethereumSepolia,11155111,sepolia.era.zksync.dev,mint,1000,3,815,0xa97ed7e4fe7b94f7a962f537815dd4ceb89e3dce1fe2c46bd9254bf5c74596db,849814.270792,861789.860375,11975.589583000052,205926,1494840787,,success,1,0,,,11799705
pilot_1790587924129,mint_N1000_c3_r1,1,2026-09-28T09:46:25.323Z,ethereumSepolia,11155111,sepolia.era.zksync.dev,mint,1000,3,816,0x21d2fa308921970a9a139b31519b9b1c5ca45a7ec5d9fc290d46337318556a50,850009.085584,861902.218417,11893.13283300004,205950,1494840787,,success,1,0,,,11799705
pilot_1790587924129,mint_N1000_c3_r1,1,2026-09-28T09:46:37.675Z,ethereumSepolia,11155111,sepolia.era.zksync.dev,mint,1000,3,817,0x1a81577c6ff27173ab2b3c44c2f3ba8b495071fcab228a9fbee2e0382c139231,861675.920125,874253.507084,12577.586959000095,205950,1392257638,,success,1,0,,,11799706
pilot_1790587924129,mint_N1000_c3_r1,1,2026-09-28T09:46:37.792Z,ethereumSepolia,11155111,sepolia.era.zksync.dev,mint,1000,3,818,0xdc6005f4cc5f723a4863cdb9370462c7a5a3db046e6035969b3df90e26df6167,861789.960917,874370.676667,12580.71575000009,205950,1392257638,,success,1,0,,,11799706
pilot_1790587924129,mint_N1000_c3_r1,1,2026-09-28T09:46:37.899Z,ethereumSepolia,11155111,sepolia.era.zksync.dev,mint,1000,3,819,0xb0d2b82dc585f603efdffd14056daf479a72adb7d0b196e37bdefb3ff96a26a1,861902.253375,874477.816125,12575.562750000041,205938,1392257638,,success,1,0,,,11799706
pilot_1790587924129,mint_N1000_c3_r1,1,2026-09-28T09:46:48.945Z,ethereumSepolia,11155111,sepolia.era.zksync.dev,mint,1000,3,820,0xd59fd6a82b2fdb3d0392028b169b43a0493b26a15b2b43db4371dda6ebdc91d9,874253.702959,885523.668125,11269.96516599995,205950,1510614762,,success,1,0,,,11799707
pilot_1790587924129,mint_N1000_c3_r1,1,2026-09-28T09:46:49.136Z,ethereumSepolia,11155111,sepolia.era.zksync.dev,mint,1000,3,821,0xf7185aa654a4085b5f07e70f409339b39c65e5ff66f29e5c1feb760b6ebb5138,874370.809209,885715.038792,11344.229583000066,205950,1510614762,,success,1,0,,,11799707
pilot_1790587924129,mint_N1000_c3_r1,1,2026-09-28T09:46:49.256Z,ethereumSepolia,11155111,sepolia.era.zksync.dev,mint,1000,3,822,0x23a0047e75c8a65a125cb0bbaaf9696910d9371155d6ba7f8777cb9d44f3c66d,874477.868875,885834.564167,11356.69529199996,205950,1510614762,,success,1,0,,,11799707
pilot_1790587924129,mint_N1000_c3_r1,1,2026-09-28T09:47:00.927Z,ethereumSepolia,11155111,sepolia.era.zksync.dev,mint,1000,3,823,0x9798742b0df450fbddaee9d49d8e4dc11456d07fd0e1acdaab5943a8e6c174b6,885523.730917,897505.548292,11981.817374999984,205950,1408038652,,success,1,0,,,11799708
pilot_1790587924129,mint_N1000_c3_r1,1,2026-09-28T09:47:01.107Z,ethereumSepolia,11155111,sepolia.era.zksync.dev,mint,1000,3,824,0x7253e0a55a2403d59b47a193838fc1b7c7e886e93853750b413ba3684d253546,885715.130417,897686.314875,11971.184458000003,205950,1408038652,,success,1,0,,,11799708
pilot_1790587924129,mint_N1000_c3_r1,1,2026-09-28T09:47:01.219Z,ethereumSepolia,11155111,sepolia.era.zksync.dev,mint,1000,3,825,0x12ea4a1615252cf5f9f447c539d947eaafad7a813c1cb3ca965bc0cc01c9d026,885834.618292,897798.501584,11963.883291999926,205950,1408038652,,success,1,0,,,11799708
pilot_1790587924129,mint_N1000_c3_r1,1,2026-09-28T09:47:12.899Z,ethereumSepolia,11155111,sepolia.era.zksync.dev,mint,1000,3,826,0x5f46bc9244402109acffb62ce1732a4fd23acf15e88377650644e9373591facf,897505.619792,909477.764917,11972.145124999923,205950,1498070350,,success,1,0,,,11799709
pilot_1790587924129,mint_N1000_c3_r1,1,2026-09-28T09:47:13.018Z,ethereumSepolia,11155111,sepolia.era.zksync.dev,mint,1000,3,827,0x63a50bf9ed3984364790039393fdc02de79ba47313eb7297cb8595935c83289f,897686.364792,909596.828084,11910.463292,205950,1498070350,,success,1,0,,,11799709
pilot_1790587924129,mint_N1000_c3_r1,1,2026-09-28T09:47:13.280Z,ethereumSepolia,11155111,sepolia.era.zksync.dev,mint,1000,3,828,0x843d30e43a917d7af8bf83288419bbe764bc4cdc9a3ce0a28f30df94af113227,897798.541084,909858.87225,12060.331165999989,205950,1498070350,,success,1,0,,,11799709
pilot_1790587924129,mint_N1000_c3_r1,1,2026-09-28T09:47:24.940Z,ethereumSepolia,11155111,sepolia.era.zksync.dev,mint,1000,3,829,0x145724fde42069930ebf2625e05835b51fdd132e3da857f7a742a273cd2246c1,909477.934292,921518.938875,12041.004582999973,205950,1438537809,,success,1,0,,,11799710
pilot_1790587924129,mint_N1000_c3_r1,1,2026-09-28T09:47:25.052Z,ethereumSepolia,11155111,sepolia.era.zksync.dev,mint,1000,3,830,0xbe72e7804526a5132e3bbc2c716f0ef0fbd2f3a3047f06e90aacfa8d17b17f49,909596.880917,921630.7175,12033.836583000026,205950,1438537809,,success,1,0,,,11799710
pilot_1790587924129,mint_N1000_c3_r1,1,2026-09-28T09:47:25.227Z,ethereumSepolia,11155111,sepolia.era.zksync.dev,mint,1000,3,831,0x38d8ebb7be363d7a203ee4e9fcaf0b253f9219e788f44a072d7d8bdd9d78597c,909858.93175,921806.039,11947.107250000001,205950,1438537809,,success,1,0,,,11799710
pilot_1790587924129,mint_N1000_c3_r1,1,2026-09-28T09:47:37.542Z,ethereumSepolia,11155111,sepolia.era.zksync.dev,mint,1000,3,832,0x777195e79d2f5570a9ac6a3b9d71a40b25605f2356fc6e759a8724fe0ea12ddd,921518.973667,934121.074917,12602.101250000065,205950,1407830622,,success,1,0,,,11799711
pilot_1790587924129,mint_N1000_c3_r1,1,2026-09-28T09:47:37.656Z,ethereumSepolia,11155111,sepolia.era.zksync.dev,mint,1000,3,833,0xbbc5b90a062497d5eddf1897e745c2e1ed7305cb1e039704dc36744f2d2d22b4,921630.876584,934234.848917,12603.972333000042,205950,1407830622,,success,1,0,,,11799711
pilot_1790587924129,mint_N1000_c3_r1,1,2026-09-28T09:47:37.922Z,ethereumSepolia,11155111,sepolia.era.zksync.dev,mint,1000,3,834,0xb554765b0c73123cb0ed07d677864138b7e9fae5d9fcf4c14460866b13cf7225,921806.107959,934500.983125,12694.875165999983,205950,1407830622,,success,1,0,,,11799711
pilot_1790587924129,mint_N1000_c3_r1,1,2026-09-28T09:47:50.824Z,ethereumSepolia,11155111,sepolia.era.zksync.dev,mint,1000,3,835,0x34525708c0714debe86661cd8acbdeab621d1b0a30dc3badb900f647c5e85c19,934121.264334,947402.670042,13281.405708000064,205938,1516895749,,success,1,0,,,11799712
pilot_1790587924129,mint_N1000_c3_r1,1,2026-09-28T09:48:01.299Z,ethereumSepolia,11155111,sepolia.era.zksync.dev,mint,1000,3,836,0x785053d515543558f321861ec5a862b7930d5a5c892f84203e08455307624a84,934234.883959,957877.926125,23643.042166,205950,1422455677,,success,1,0,,,11799713
pilot_1790587924129,mint_N1000_c3_r1,1,2026-09-28T09:48:01.565Z,ethereumSepolia,11155111,sepolia.era.zksync.dev,mint,1000,3,837,0xb6e2f1305b10477667260067d88aa71a41d844c4e8b46cbc27a1e486e760f922,934501.0425,958143.86625,23642.82374999998,205950,1422455677,,success,1,0,,,11799713
pilot_1790587924129,mint_N1000_c3_r1,1,2026-09-28T09:48:01.607Z,ethereumSepolia,11155111,sepolia.era.zksync.dev,mint,1000,3,838,0x88293d788f670e0103bbfe1a2d5309e91bd5a4768bbb21624b614324cf75aee4,947402.806584,958186.392209,10783.585624999949,205950,1422455677,,success,1,0,,,11799713
pilot_1790587924129,mint_N1000_c3_r1,1,2026-09-28T09:48:13.292Z,ethereumSepolia,11155111,sepolia.era.zksync.dev,mint,1000,3,840,0xeb86274d094fcffc66ddcda7a7f4c30bf68c0fe1b18a134549464b72f529e18b,958143.921167,969870.996959,11727.075792000047,205950,1521582074,,success,1,0,,,11799714
pilot_1790587924129,mint_N1000_c3_r1,1,2026-09-28T09:48:13.500Z,ethereumSepolia,11155111,sepolia.era.zksync.dev,mint,1000,3,841,0x19d38c18ca3f3b5655c6befef3963e0147279f558757eade3046cb84debcff4d,958186.42825,970079.2455,11892.817249999964,205950,1521582074,,success,1,0,,,11799714
pilot_1790587924129,mint_N1000_c3_r1,1,2026-09-28T09:48:13.770Z,ethereumSepolia,11155111,sepolia.era.zksync.dev,mint,1000,3,839,0x9de365387a5655799966a59d54d03afd08eaa57e731555ba9a1dcc6644edeea0,957877.969834,970348.911125,12470.941290999996,205950,1521582074,,success,1,0,,,11799714
pilot_1790587924129,mint_N1000_c3_r1,1,2026-09-28T09:48:25.528Z,ethereumSepolia,11155111,sepolia.era.zksync.dev,mint,1000,3,842,0x00211955f7f68dbcd1a1d43e8be80154898c7ecd5a21bd409d6abba8a013296b,969871.062792,982107.339125,12236.276333000045,205950,1424387622,,success,1,0,,,11799715
pilot_1790587924129,mint_N1000_c3_r1,1,2026-09-28T09:48:25.702Z,ethereumSepolia,11155111,sepolia.era.zksync.dev,mint,1000,3,843,0xc9529f938f832c668ba782c70d542d3c28083c9903c6941c80aca35f24ba62ee,970079.284875,982281.370417,12202.085542000015,205950,1424387622,,success,1,0,,,11799715
pilot_1790587924129,mint_N1000_c3_r1,1,2026-09-28T09:48:25.827Z,ethereumSepolia,11155111,sepolia.era.zksync.dev,mint,1000,3,844,0x17cef0a7ce340e20bc4d8d38f79a4ab1a408e5d531a1990bd0e29727fb5658fa,970348.946917,982406.016084,12057.069167000009,205950,1424387622,,success,1,0,,,11799715
pilot_1790587924129,mint_N1000_c3_r1,1,2026-09-28T09:48:36.873Z,ethereumSepolia,11155111,sepolia.era.zksync.dev,mint,1000,3,845,0x67920bf8d61162483182a560f86c48d6f949c042e0906bbd41d4df78e6cdb97f,982107.413125,993451.866209,11344.453084000037,205950,1518110297,,success,1,0,,,11799716
pilot_1790587924129,mint_N1000_c3_r1,1,2026-09-28T09:48:37.135Z,ethereumSepolia,11155111,sepolia.era.zksync.dev,mint,1000,3,846,0x962509d75ea4d636d87b91591369f85e474118c2700c57ce4854897e8f2e2284,982281.4035,993714.390334,11432.986833999981,205950,1518110297,,success,1,0,,,11799716
pilot_1790587924129,mint_N1000_c3_r1,1,2026-09-28T09:48:37.174Z,ethereumSepolia,11155111,sepolia.era.zksync.dev,mint,1000,3,847,0xb3c098e1fbae3ef0bff06efca5515edf107f6c6ed6605bb9a695c34b6fe38823,982406.053667,993753.443167,11347.389499999932,205950,1518110297,,success,1,0,,,11799716
pilot_1790587924129,mint_N1000_c3_r1,1,2026-09-28T09:48:48.838Z,ethereumSepolia,11155111,sepolia.era.zksync.dev,mint,1000,3,848,0xbeeac82e2c0b1c6eee78bbcb455171aa0cdf14cc0b9ef7b6795187fc706da2f9,993451.93325,1005417.414334,11965.48108399997,205950,1467507827,,success,1,0,,,11799717
pilot_1790587924129,mint_N1000_c3_r1,1,2026-09-28T09:48:48.940Z,ethereumSepolia,11155111,sepolia.era.zksync.dev,mint,1000,3,849,0x17db14ad5bba508bc9826c418958d2d58ca090e444b291678fad03a547392985,993714.506292,1005519.554209,11805.047917000018,205938,1467507827,,success,1,0,,,11799717
pilot_1790587924129,mint_N1000_c3_r1,1,2026-09-28T09:48:49.117Z,ethereumSepolia,11155111,sepolia.era.zksync.dev,mint,1000,3,850,0xa57f4542dd86223374ffa84ab7c8811d0deb7dab6671f39dae7b7b8c8a0b9e2a,993753.567917,1005696.608209,11943.040291999932,205950,1467507827,,success,1,0,,,11799717
pilot_1790587924129,mint_N1000_c3_r1,1,2026-09-28T09:49:00.830Z,ethereumSepolia,11155111,sepolia.era.zksync.dev,mint,1000,3,851,0x38b8fd3569147331a108aa30313847bcf65bc175b1d67dd1b761f04263d5f517,1005417.457375,1017409.599959,11992.142584000016,205950,1543274879,,success,1,0,,,11799718
pilot_1790587924129,mint_N1000_c3_r1,1,2026-09-28T09:49:00.947Z,ethereumSepolia,11155111,sepolia.era.zksync.dev,mint,1000,3,852,0x62091c0ae1f2652ae02a01154b967136419a68f06a91a3c5fe1bfeabae376afe,1005519.627,1017526.428625,12006.801624999964,205950,1543274879,,success,1,0,,,11799718
pilot_1790587924129,mint_N1000_c3_r1,1,2026-09-28T09:49:01.063Z,ethereumSepolia,11155111,sepolia.era.zksync.dev,mint,1000,3,853,0x90d5860d8ec58e9d1a1d190f47dc01c95fa088ac87142d2892d9da9998c33ca3,1005696.677,1017641.93525,11945.258249999955,205950,1543274879,,success,1,0,,,11799718
pilot_1790587924129,mint_N1000_c3_r1,1,2026-09-28T09:49:12.800Z,ethereumSepolia,11155111,sepolia.era.zksync.dev,mint,1000,3,854,0x0f3315e34f6195e8e1fabff69ceff6bf89871189356a0faa9bbbb979dd19bcfa,1017409.6415,1029379.034084,11969.392584000016,205950,1536056508,,success,1,0,,,11799719
pilot_1790587924129,mint_N1000_c3_r1,1,2026-09-28T09:49:12.915Z,ethereumSepolia,11155111,sepolia.era.zksync.dev,mint,1000,3,855,0x04e89579ce0fd776c998331051452030633aca94ed6c7ad45aba34e5f2730de2,1017526.477917,1029494.148625,11967.670708000078,205950,1536056508,,success,1,0,,,11799719
pilot_1790587924129,mint_N1000_c3_r1,1,2026-09-28T09:49:13.039Z,ethereumSepolia,11155111,sepolia.era.zksync.dev,mint,1000,3,856,0xdbc77dd9cc7e07f3e28a2f51e386690e3e444e65a21b8db3920d5b7864b95047,1017642.007542,1029618.272167,11976.264624999953,205950,1536056508,,success,1,0,,,11799719
pilot_1790587924129,mint_N1000_c3_r1,1,2026-09-28T09:49:25.485Z,ethereumSepolia,11155111,sepolia.era.zksync.dev,mint,1000,3,857,0x0f016c7795bd8b558dd937cf4835e331466b4a04e13034ea21c04dd106cb1863,1029379.128292,1042064.439459,12685.311166999978,205950,1452058099,,success,1,0,,,11799720
pilot_1790587924129,mint_N1000_c3_r1,1,2026-09-28T09:49:25.603Z,ethereumSepolia,11155111,sepolia.era.zksync.dev,mint,1000,3,858,0xcee645b202ec9a5ee6282a8ed47bfe88a8cce7e9474d0501a8a4405448ddbf42,1029494.202334,1042182.291584,12688.08924999996,205950,1452058099,,success,1,0,,,11799720
pilot_1790587924129,mint_N1000_c3_r1,1,2026-09-28T09:49:25.866Z,ethereumSepolia,11155111,sepolia.era.zksync.dev,mint,1000,3,859,0x6200348c7de1b2b8da6dc950d4914951885cd60e1137f7e8bc1aa6d94e2d186e,1029618.37475,1042445.426209,12827.051459000097,205950,1452058099,,success,1,0,,,11799720
pilot_1790587924129,mint_N1000_c3_r1,1,2026-09-28T09:49:36.922Z,ethereumSepolia,11155111,sepolia.era.zksync.dev,mint,1000,3,860,0x8edb17bf3cb97b70a20cc3a19af15ef2eecddfdf5885ac70b4c9a2601cd50903,1042064.597917,1053501.497125,11436.899208000046,205950,1495154805,,success,1,0,,,11799721
pilot_1790587924129,mint_N1000_c3_r1,1,2026-09-28T09:49:37.039Z,ethereumSepolia,11155111,sepolia.era.zksync.dev,mint,1000,3,861,0xb58cda4b07a29709d1fc4ef2473303399f11305342c57daa635faf60ed472200,1042182.424459,1053618.3125,11435.888040999998,205950,1495154805,,success,1,0,,,11799721
pilot_1790587924129,mint_N1000_c3_r1,1,2026-09-28T09:49:37.150Z,ethereumSepolia,11155111,sepolia.era.zksync.dev,mint,1000,3,862,0x6f2070f08b29975dfee98d0a78c340a4f070aa4f560e3a650b48dd467918e580,1042445.491834,1053729.796042,11284.304207999958,205950,1495154805,,success,1,0,,,11799721
pilot_1790587924129,mint_N1000_c3_r1,1,2026-09-28T09:49:48.924Z,ethereumSepolia,11155111,sepolia.era.zksync.dev,mint,1000,3,863,0x5dbf43b03461ff766343c5fe6b87df1b65452a3f822a0241d431a45ae2efd2a5,1053501.601417,1065503.168042,12001.566624999978,205950,1476519240,,success,1,0,,,11799722
pilot_1790587924129,mint_N1000_c3_r1,1,2026-09-28T09:49:49.055Z,ethereumSepolia,11155111,sepolia.era.zksync.dev,mint,1000,3,864,0x88500f6a4ed134d575ea24b62e91fd67e2087f9b47616219a7810ea17a4ec7fd,1053618.34475,1065634.429,12016.084250000073,205950,1476519240,,success,1,0,,,11799722
pilot_1790587924129,mint_N1000_c3_r1,1,2026-09-28T09:49:49.175Z,ethereumSepolia,11155111,sepolia.era.zksync.dev,mint,1000,3,865,0xb79debd48318afada09c2e5d80bba1b69d8fbd2410e22c740bb61287ad9aeabf,1053729.8445,1065754.322375,12024.477875000099,205950,1476519240,,success,1,0,,,11799722
pilot_1790587924129,mint_N1000_c3_r1,1,2026-09-28T09:50:01.022Z,ethereumSepolia,11155111,sepolia.era.zksync.dev,mint,1000,3,866,0xdce38f41b535cfa589649cd748c69752f3bb4adf0109f87fd459667d1d68b45f,1065503.317834,1077601.778125,12098.46029099985,205938,1491298383,,success,1,0,,,11799723
pilot_1790587924129,mint_N1000_c3_r1,1,2026-09-28T09:50:01.145Z,ethereumSepolia,11155111,sepolia.era.zksync.dev,mint,1000,3,867,0xea5d08ed698e4a2616b72caaf81d1e8e7fb433c2b4bddc589625055898405677,1065634.576625,1077724.019292,12089.442666999996,205950,1491298383,,success,1,0,,,11799723
pilot_1790587924129,mint_N1000_c3_r1,1,2026-09-28T09:50:01.253Z,ethereumSepolia,11155111,sepolia.era.zksync.dev,mint,1000,3,868,0x139559eae8f205e0919e39b0d9ff4625cb803b83ad722eef329b99b025d0ca48,1065754.355959,1077832.72575,12078.369790999917,205950,1491298383,,success,1,0,,,11799723
pilot_1790587924129,mint_N1000_c3_r1,1,2026-09-28T09:50:12.902Z,ethereumSepolia,11155111,sepolia.era.zksync.dev,mint,1000,3,869,0x22e24d07de6ac509000d18bacd76491cab7b89050f14c49c0d7847bba0c715eb,1077601.841292,1089481.222042,11879.380750000011,205950,1382594913,,success,1,0,,,11799724
pilot_1790587924129,mint_N1000_c3_r1,1,2026-09-28T09:50:13.091Z,ethereumSepolia,11155111,sepolia.era.zksync.dev,mint,1000,3,870,0x5f5c2ffbc8a26a2b33cef6e7c67720c981096d83d535aa7b1b14689c2f4912bb,1077724.077917,1089669.902625,11945.824708000058,205950,1382594913,,success,1,0,,,11799724
pilot_1790587924129,mint_N1000_c3_r1,1,2026-09-28T09:50:13.205Z,ethereumSepolia,11155111,sepolia.era.zksync.dev,mint,1000,3,871,0xeb58702728cb6f98ab226d272fbadb3b95919871a8db9d0320441de54060eae8,1077832.797959,1089783.951334,11951.153374999994,205950,1382594913,,success,1,0,,,11799724
pilot_1790587924129,mint_N1000_c3_r1,1,2026-09-28T09:50:25.433Z,ethereumSepolia,11155111,sepolia.era.zksync.dev,mint,1000,3,872,0xdb5d3fbdaca75080c76ae506291a1f69400f33ca9a6eed035383bf16c9c5c2cf,1089481.37975,1102012.87225,12531.492499999935,205950,1494065230,,success,1,0,,,11799725
pilot_1790587924129,mint_N1000_c3_r1,1,2026-09-28T09:50:25.628Z,ethereumSepolia,11155111,sepolia.era.zksync.dev,mint,1000,3,873,0xa5339f9ee33b0d584ce4e0ee4f478961588d774c2e3d6612f89ee09e1f121730,1089669.99475,1102207.631834,12537.637084000045,205950,1494065230,,success,1,0,,,11799725
pilot_1790587924129,mint_N1000_c3_r1,1,2026-09-28T09:50:25.742Z,ethereumSepolia,11155111,sepolia.era.zksync.dev,mint,1000,3,874,0x9defa6f9b23170c222e304b40a34baa00060f29716ae0691d70233f0715760e8,1089783.992084,1102321.024,12537.031915999949,205950,1494065230,,success,1,0,,,11799725
pilot_1790587924129,mint_N1000_c3_r1,1,2026-09-28T09:50:37.404Z,ethereumSepolia,11155111,sepolia.era.zksync.dev,mint,1000,3,875,0xd59f9d864c2208268b6e4479045cbd6a6041b9125ccb60e64acaaad6c0c2d0f7,1102012.939959,1113983.241625,11970.301665999927,205950,1417718878,,success,1,0,,,11799726
pilot_1790587924129,mint_N1000_c3_r1,1,2026-09-28T09:50:37.532Z,ethereumSepolia,11155111,sepolia.era.zksync.dev,mint,1000,3,876,0x3621c9dece408f58bff31fd6dcde0afeff0d4d000d57ff7b1dffb2f06243acb3,1102207.690917,1114111.280167,11903.58924999996,205950,1417718878,,success,1,0,,,11799726
pilot_1790587924129,mint_N1000_c3_r1,1,2026-09-28T09:50:37.702Z,ethereumSepolia,11155111,sepolia.era.zksync.dev,mint,1000,3,877,0x02ea390c5a0ed123fba4929f7ac55f479503a9c6def6af32897b2df0a8c1b380,1102321.074584,1114281.335417,11960.260833000066,205950,1417718878,,success,1,0,,,11799726
pilot_1790587924129,mint_N1000_c3_r1,1,2026-09-28T09:50:48.769Z,ethereumSepolia,11155111,sepolia.era.zksync.dev,mint,1000,3,878,0x9c7cc90438cde5f92dc13f82d10c8b8741cbb04ec5e43aa664cc424e8468229c,1113983.344584,1125348.576709,11365.232124999864,205950,1506800636,,success,1,0,,,11799727
pilot_1790587924129,mint_N1000_c3_r1,1,2026-09-28T09:50:48.887Z,ethereumSepolia,11155111,sepolia.era.zksync.dev,mint,1000,3,879,0x9b44f0c932dff261017a885d9b44d018a80e452c2573f8188c555bb897b8b331,1114111.335959,1125466.330167,11354.994207999902,205950,1506800636,,success,1,0,,,11799727
pilot_1790587924129,mint_N1000_c3_r1,1,2026-09-28T09:50:49.001Z,ethereumSepolia,11155111,sepolia.era.zksync.dev,mint,1000,3,880,0xdf8dd91aa34d7122bdc794418126612db55389a7bb0fcd47a445bcb142a8943b,1114281.39525,1125580.495042,11299.099791999906,205950,1506800636,,success,1,0,,,11799727
pilot_1790587924129,mint_N1000_c3_r1,1,2026-09-28T09:51:00.822Z,ethereumSepolia,11155111,sepolia.era.zksync.dev,mint,1000,3,881,0x7a5c063e90a300cbb38ecc6261d914c37ee5c1d5cab65100d8d32f657c5afd6e,1125348.632459,1137401.353,12052.7205409999,205950,1419372972,,success,1,0,,,11799728
pilot_1790587924129,mint_N1000_c3_r1,1,2026-09-28T09:51:00.938Z,ethereumSepolia,11155111,sepolia.era.zksync.dev,mint,1000,3,882,0xe039addc4682aae1e7e93e10990fdafe5554aa75ad6b12482480485d76d75d9f,1125466.363209,1137517.675417,12051.312207999872,205950,1419372972,,success,1,0,,,11799728
pilot_1790587924129,mint_N1000_c3_r1,1,2026-09-28T09:51:01.042Z,ethereumSepolia,11155111,sepolia.era.zksync.dev,mint,1000,3,883,0x92fef78550a707ccafaecebbac2e1b5161124f0ffc2ef6eac4f43af845465cda,1125580.542625,1137621.694542,12041.151917000068,205950,1419372972,,success,1,0,,,11799728
pilot_1790587924129,mint_N1000_c3_r1,1,2026-09-28T09:51:12.859Z,ethereumSepolia,11155111,sepolia.era.zksync.dev,mint,1000,3,884,0xec50dbe8895451dc28abe5329770b1d7858c41e079e2c596240ef595f20f3a4e,1137401.426375,1149438.299375,12036.872999999905,205950,1494888893,,success,1,0,,,11799729
pilot_1790587924129,mint_N1000_c3_r1,1,2026-09-28T09:51:12.972Z,ethereumSepolia,11155111,sepolia.era.zksync.dev,mint,1000,3,885,0xd1aab661035a1e63a914f92d6e040a6ef6e6466d86237f1c4d45770807df04b4,1137517.706459,1149551.95475,12034.248291000025,205950,1494888893,,success,1,0,,,11799729
pilot_1790587924129,mint_N1000_c3_r1,1,2026-09-28T09:51:13.089Z,ethereumSepolia,11155111,sepolia.era.zksync.dev,mint,1000,3,886,0x33bd00d934f906ad05d077cfa1ea8906fc973c8f95cb1f2c925db0c9c6c1a2b1,1137621.737292,1149667.987375,12046.250082999934,205950,1494888893,,success,1,0,,,11799729
pilot_1790587924129,mint_N1000_c3_r1,1,2026-09-28T09:51:25.550Z,ethereumSepolia,11155111,sepolia.era.zksync.dev,mint,1000,3,887,0xb828d2dced167d02c9f239173401d5879e750db2c4fbcf9cb27e4fdf0c462f69,1149438.36825,1162129.700959,12691.33270899998,205950,1530801937,,success,1,0,,,11799730
pilot_1790587924129,mint_N1000_c3_r1,1,2026-09-28T09:51:25.668Z,ethereumSepolia,11155111,sepolia.era.zksync.dev,mint,1000,3,888,0xbb2ea8126cefb2aee6618e017acd743a70b7034418dfa58a0da01b3533bf6322,1149551.983625,1162247.14125,12695.157624999993,205950,1530801937,,success,1,0,,,11799730
pilot_1790587924129,mint_N1000_c3_r1,1,2026-09-28T09:51:25.783Z,ethereumSepolia,11155111,sepolia.era.zksync.dev,mint,1000,3,889,0x090b5d4fa31b4c349275e4807aba5d2a557630e6de2eb147a3d1d87ffe86e2af,1149668.042375,1162362.401167,12694.358791999985,205950,1530801937,,success,1,0,,,11799730
pilot_1790587924129,mint_N1000_c3_r1,1,2026-09-28T09:51:37.595Z,ethereumSepolia,11155111,sepolia.era.zksync.dev,mint,1000,3,892,0x4410fb425c99559f75764219ff9c499fd167aa13da502d06a6d64d8154dd048f,1162362.4475,1174174.250959,11811.803459000075,205950,1465102119,,success,1,0,,,11799731
pilot_1790587924129,mint_N1000_c3_r1,1,2026-09-28T09:51:37.994Z,ethereumSepolia,11155111,sepolia.era.zksync.dev,mint,1000,3,890,0x5c8acdfb506f9c2c48c263615a5d741c613aba751583d785eea1bbeade1f2e0c,1162129.7645,1174573.50275,12443.738249999937,205950,1465102119,,success,1,0,,,11799731
pilot_1790587924129,mint_N1000_c3_r1,1,2026-09-28T09:51:38.127Z,ethereumSepolia,11155111,sepolia.era.zksync.dev,mint,1000,3,891,0x7e2971c820100aa145f327e9f80153e69d95a09d4389c5a17abb465ccb148664,1162247.19325,1174706.68625,12459.493000000017,205938,1465102119,,success,1,0,,,11799731
pilot_1790587924129,mint_N1000_c3_r1,1,2026-09-28T09:51:49.308Z,ethereumSepolia,11155111,sepolia.era.zksync.dev,mint,1000,3,895,0xb3ba83521540aefe11c232560a58b699339d9717c76529ce5d0f1aeaf5d7b863,1174706.727584,1185887.487167,11180.759583000094,205950,1500863105,,success,1,0,,,11799732
pilot_1790587924129,mint_N1000_c3_r1,1,2026-09-28T09:51:49.690Z,ethereumSepolia,11155111,sepolia.era.zksync.dev,mint,1000,3,893,0xba85a0ecc3d2c64926059fcf89fde6eef7e1959f2a82c8652d67902d538dbb95,1174174.337125,1186269.260167,12094.923041999806,205938,1500863105,,success,1,0,,,11799732
pilot_1790587924129,mint_N1000_c3_r1,1,2026-09-28T09:51:49.803Z,ethereumSepolia,11155111,sepolia.era.zksync.dev,mint,1000,3,894,0xd8ea3e9c159671cb11b5c5025bd6b4af6d97a8f9144d603fc728279d05cc845a,1174573.578,1186382.992459,11809.414459000109,205950,1500863105,,success,1,0,,,11799732
pilot_1790587924129,mint_N1000_c3_r1,1,2026-09-28T09:52:13.433Z,ethereumSepolia,11155111,sepolia.era.zksync.dev,mint,1000,3,896,0xd0e2d0bcab5191f83ed2c2e17aedfd2b4d8ed6ad85814406d3ac360c544e0714,1185887.637292,1210012.127834,24124.490541999927,205938,1379941973,,success,1,0,,,11799734
pilot_1790587924129,mint_N1000_c3_r1,1,2026-09-28T09:52:13.599Z,ethereumSepolia,11155111,sepolia.era.zksync.dev,mint,1000,3,897,0x3477884024bc61b27fb716737f5032d5402f612c399e3dcf124f25fbfea99517,1186269.304042,1210178.831834,23909.52779199998,205950,1379941973,,success,1,0,,,11799734
pilot_1790587924129,mint_N1000_c3_r1,1,2026-09-28T09:52:13.714Z,ethereumSepolia,11155111,sepolia.era.zksync.dev,mint,1000,3,898,0x3eef4943e8b25d1d03cb9b806f59f9cd4aa6cd3a9ba063ba489aa195bea02d39,1186383.0375,1210293.645125,23910.607624999946,205938,1379941973,,success,1,0,,,11799734
pilot_1790587924129,mint_N1000_c3_r1,1,2026-09-28T09:52:25.407Z,ethereumSepolia,11155111,sepolia.era.zksync.dev,mint,1000,3,899,0x8cd8b3db4d659c1321568ef582cfb4a6eba8536b397a61516107e637cc2c6190,1210012.217042,1221986.454,11974.236957999878,205950,1525303240,,success,1,0,,,11799735
pilot_1790587924129,mint_N1000_c3_r1,1,2026-09-28T09:52:25.518Z,ethereumSepolia,11155111,sepolia.era.zksync.dev,mint,1000,3,900,0x3d1271dcfdae3664f156c61d4b403623a86dd67ec2ad16e93d0fa2e0ec17d58d,1210178.984792,1222097.359875,11918.375083000166,205950,1525303240,,success,1,0,,,11799735
pilot_1790587924129,mint_N1000_c3_r1,1,2026-09-28T09:52:25.697Z,ethereumSepolia,11155111,sepolia.era.zksync.dev,mint,1000,3,901,0x8f601719a24460b2620049c20661a8639b5e19f5bbf1315f6f592f3d3817b0e6,1210293.694417,1222277.07925,11983.384832999902,205950,1525303240,,success,1,0,,,11799735
pilot_1790587924129,mint_N1000_c3_r1,1,2026-09-28T09:52:36.854Z,ethereumSepolia,11155111,sepolia.era.zksync.dev,mint,1000,3,902,0xfc23465bae3181a7b3111e35afe43a761df88145279a9699821c755af29fccde,1221986.496417,1233434.00625,11447.509833000135,205950,1353933744,,success,1,0,,,11799736
pilot_1790587924129,mint_N1000_c3_r1,1,2026-09-28T09:52:36.993Z,ethereumSepolia,11155111,sepolia.era.zksync.dev,mint,1000,3,903,0xe4553c51239dd85a46640c7dd323796390f6bb37507f957e4af90ca167f21860,1222097.40025,1233572.323625,11474.923375000013,205950,1353933744,,success,1,0,,,11799736
pilot_1790587924129,mint_N1000_c3_r1,1,2026-09-28T09:52:37.204Z,ethereumSepolia,11155111,sepolia.era.zksync.dev,mint,1000,3,904,0x10736ecac17d46f2e7b0655ef290b8d93f3237bf1f8eeee63b6c27f37b8ba697,1222277.154917,1233783.772209,11506.61729199998,205938,1353933744,,success,1,0,,,11799736
pilot_1790587924129,mint_N1000_c3_r1,1,2026-09-28T09:52:49.505Z,ethereumSepolia,11155111,sepolia.era.zksync.dev,mint,1000,3,905,0x435c43c48495e9a9578e06d1135eeb6bdb6d8707f2e93aaa7a3d6efa93daea8f,1233434.145542,1246084.562,12650.416457999963,205950,1517540736,,success,1,0,,,11799737
pilot_1790587924129,mint_N1000_c3_r1,1,2026-09-28T09:52:49.627Z,ethereumSepolia,11155111,sepolia.era.zksync.dev,mint,1000,3,906,0xd1acbcf9136ebc29724d2ff58e8facbb248a519d3cf610192c219d44aef34025,1233572.371209,1246206.544709,12634.173500000034,205950,1517540736,,success,1,0,,,11799737
pilot_1790587924129,mint_N1000_c3_r1,1,2026-09-28T09:52:49.894Z,ethereumSepolia,11155111,sepolia.era.zksync.dev,mint,1000,3,907,0x97eba2c843d061ec4729f421943195c825fbcfb11bdf3c79e02c0814e34951da,1233783.83575,1246473.792125,12689.956374999834,205950,1517540736,,success,1,0,,,11799737
pilot_1790587924129,mint_N1000_c3_r1,1,2026-09-28T09:53:00.951Z,ethereumSepolia,11155111,sepolia.era.zksync.dev,mint,1000,3,908,0x531bca28ec32e8c1a2af2863ffcf8048015eab944f8461070d4616d79fe798ef,1246084.62275,1257530.789042,11446.166291999863,205950,1418559307,,success,1,0,,,11799738
pilot_1790587924129,mint_N1000_c3_r1,1,2026-09-28T09:53:01.067Z,ethereumSepolia,11155111,sepolia.era.zksync.dev,mint,1000,3,909,0x0001ba870941ca5d85751af7bd7be75b36e85162a5c417aa380d5ccaa6bdf2f2,1246206.581084,1257646.259042,11439.677957999986,205950,1418559307,,success,1,0,,,11799738
pilot_1790587924129,mint_N1000_c3_r1,1,2026-09-28T09:53:01.179Z,ethereumSepolia,11155111,sepolia.era.zksync.dev,mint,1000,3,910,0x029d43d729eab782ae0fba5b19567bdebab6301f19c86c3ccb15e2552953d7d2,1246473.942375,1257759.070292,11285.12791699986,205950,1418559307,,success,1,0,,,11799738
pilot_1790587924129,mint_N1000_c3_r1,1,2026-09-28T09:53:13.550Z,ethereumSepolia,11155111,sepolia.era.zksync.dev,mint,1000,3,911,0xe9609d1168639dd44a84ac99a2431bd3e5ca4dc392a2712e782339a32d5ff864,1257530.848042,1270130.018084,12599.170042000012,205950,1506875126,,success,1,0,,,11799739
pilot_1790587924129,mint_N1000_c3_r1,1,2026-09-28T09:53:13.676Z,ethereumSepolia,11155111,sepolia.era.zksync.dev,mint,1000,3,913,0x7a32abd81da0b48f013fba36aa583ee0a209cebaa2b8e47241df866dc172988f,1257759.217292,1270255.696042,12496.47875000001,205950,1506875126,,success,1,0,,,11799739
pilot_1790587924129,mint_N1000_c3_r1,1,2026-09-28T09:53:13.939Z,ethereumSepolia,11155111,sepolia.era.zksync.dev,mint,1000,3,912,0x0220a99ce728c23ab7e47df1db213be4751271832dbab2c395af5503c6171c9f,1257646.304917,1270518.381334,12872.076417000033,205950,1506875126,,success,1,0,,,11799739
pilot_1790587924129,mint_N1000_c3_r1,1,2026-09-28T09:53:25.004Z,ethereumSepolia,11155111,sepolia.era.zksync.dev,mint,1000,3,914,0x1ca7bd139e2f3b68cf4089de7720d7300e801d2505db4923c8263a1250ac9365,1270130.169584,1281583.681542,11453.511958000017,205950,1381826561,,success,1,0,,,11799740
pilot_1790587924129,mint_N1000_c3_r1,1,2026-09-28T09:53:25.104Z,ethereumSepolia,11155111,sepolia.era.zksync.dev,mint,1000,3,915,0x7630da47632c85ac6c5154df225bf8f2fe47f09995e4f343804e8cb25be70007,1270255.817917,1281684.181834,11428.363916999893,205950,1381826561,,success,1,0,,,11799740
pilot_1790587924129,mint_N1000_c3_r1,1,2026-09-28T09:53:25.286Z,ethereumSepolia,11155111,sepolia.era.zksync.dev,mint,1000,3,916,0x8611ea63abb2344a4b70a7229387cae61ecf47bbfcc6a551e854619de92e1d79,1270518.44025,1281865.877542,11347.437292000046,205938,1381826561,,success,1,0,,,11799740
pilot_1790587924129,mint_N1000_c3_r1,1,2026-09-28T09:53:37.653Z,ethereumSepolia,11155111,sepolia.era.zksync.dev,mint,1000,3,917,0xe9dc205e7788cddc249199cdba6232158fc9f1215618f777c3afaee4edc4c279,1281583.748792,1294232.269084,12648.520291999914,205950,1552551073,,success,1,0,,,11799741
pilot_1790587924129,mint_N1000_c3_r1,1,2026-09-28T09:53:37.765Z,ethereumSepolia,11155111,sepolia.era.zksync.dev,mint,1000,3,918,0x519abfa11f05de72f1d5f2ee50ec158bc7aa0b9f029d6e8e31bad569b12faacc,1281684.224,1294344.578,12660.35400000005,205950,1552551073,,success,1,0,,,11799741
pilot_1790587924129,mint_N1000_c3_r1,1,2026-09-28T09:53:37.873Z,ethereumSepolia,11155111,sepolia.era.zksync.dev,mint,1000,3,919,0xdea90ca83ca2d8d0222e560c98aa5c753763c28a4f949bb2ffc26d5eaebd928f,1281866.014875,1294452.925334,12586.910458999919,205950,1552551073,,success,1,0,,,11799741
pilot_1790587924129,mint_N1000_c3_r1,1,2026-09-28T09:53:48.498Z,ethereumSepolia,11155111,sepolia.era.zksync.dev,mint,1000,3,922,0xfde271bb07341c4e02e0af454263b5a134518f4d57a1b962ecf9a5e7f3b995a9,1294452.959667,1305077.931167,10624.971499999985,205950,1431972763,,success,1,0,,,11799742
pilot_1790587924129,mint_N1000_c3_r1,1,2026-09-28T09:53:48.832Z,ethereumSepolia,11155111,sepolia.era.zksync.dev,mint,1000,3,920,0xb3e6767be15fedaa0fa88ced85bd99dd9ffbd6ee22e2facfae591685a5132795,1294232.340584,1305411.46575,11179.125165999867,205950,1431972763,,success,1,0,,,11799742
pilot_1790587924129,mint_N1000_c3_r1,1,2026-09-28T09:53:48.871Z,ethereumSepolia,11155111,sepolia.era.zksync.dev,mint,1000,3,921,0xb6df858d66d169f1f13987aa0370624a1508431d96808a9e32ba91e7e502d601,1294344.604667,1305451.15025,11106.545582999941,205950,1431972763,,success,1,0,,,11799742
pilot_1790587924129,mint_N1000_c3_r1,1,2026-09-28T09:54:01.264Z,ethereumSepolia,11155111,sepolia.era.zksync.dev,mint,1000,3,923,0xe256abc8ec5824e248e974c90d0a3482273e538b8eb6b839f27993fe4ec9d8b0,1305077.971125,1317839.868084,12761.896959000034,205950,1419853970,,success,1,0,,,11799743
pilot_1790587924129,mint_N1000_c3_r1,1,2026-09-28T09:54:01.391Z,ethereumSepolia,11155111,sepolia.era.zksync.dev,mint,1000,3,924,0x9448935dc68917567ad808f9932b9decfed5bf4e5dd39876b2b0ffb225027bb8,1305411.543875,1317967.037625,12555.49375000014,205938,1419853970,,success,1,0,,,11799743
pilot_1790587924129,mint_N1000_c3_r1,1,2026-09-28T09:54:01.519Z,ethereumSepolia,11155111,sepolia.era.zksync.dev,mint,1000,3,925,0x196fd17666bedb3c3854819bf15bc8bc8765606cac6459298bf95e826de16ab8,1305451.19475,1318094.176167,12642.98141700006,205950,1419853970,,success,1,0,,,11799743
pilot_1790587924129,mint_N1000_c3_r1,1,2026-09-28T09:54:13.931Z,ethereumSepolia,11155111,sepolia.era.zksync.dev,mint,1000,3,926,0x08de78e1bd79a7009918feebf33ef696c4f1e711d6b8e32447ed98d547263de4,1317839.922834,1330504.7415,12664.81866599992,205950,1509902104,,success,1,0,,,11799744
pilot_1790587924129,mint_N1000_c3_r1,1,2026-09-28T09:54:14.045Z,ethereumSepolia,11155111,sepolia.era.zksync.dev,mint,1000,3,927,0x72f1c1e9762f55f4ed4d638ddee95babf4d551640c27e7b0b676ba1e037ae9c0,1317967.075334,1330618.226542,12651.151208000025,205950,1509902104,,success,1,0,,,11799744
pilot_1790587924129,mint_N1000_c3_r1,1,2026-09-28T09:54:14.234Z,ethereumSepolia,11155111,sepolia.era.zksync.dev,mint,1000,3,928,0x5f3dab89c8737396e3d274db3daee96b111c3ec676863861085d4c4357ae99b7,1318094.228125,1330807.436542,12713.208417000016,205950,1509902104,,success,1,0,,,11799744
pilot_1790587924129,mint_N1000_c3_r1,1,2026-09-28T09:54:25.297Z,ethereumSepolia,11155111,sepolia.era.zksync.dev,mint,1000,3,929,0x4c0f8cfeb3c12c33e41e2661d823598178586f0e288780373d8689bd6a241c25,1330504.802459,1341869.8785,11365.076041000197,205950,1503563078,,success,1,0,,,11799745
pilot_1790587924129,mint_N1000_c3_r1,1,2026-09-28T09:54:25.413Z,ethereumSepolia,11155111,sepolia.era.zksync.dev,mint,1000,3,930,0xefa3a119f80f51730a6cab6451084fd6b24a92fee469f1d6c6bb6a4fc3cc624e,1330618.2995,1341985.278292,11366.978792000096,205950,1503563078,,success,1,0,,,11799745
pilot_1790587924129,mint_N1000_c3_r1,1,2026-09-28T09:54:25.531Z,ethereumSepolia,11155111,sepolia.era.zksync.dev,mint,1000,3,931,0x7788bfca25754937b9a687101ce6f5500d0e152f2450388c0819f27c2875fb3a,1330807.507875,1342103.7375,11296.229625000153,205950,1503563078,,success,1,0,,,11799745
pilot_1790587924129,mint_N1000_c3_r1,1,2026-09-28T09:54:37.268Z,ethereumSepolia,11155111,sepolia.era.zksync.dev,mint,1000,3,932,0xf2e344d0cd1d582a8a35763ad3f0cf47fb7b6026e25f35da35eff37ca4bf7682,1341870.048125,1353839.768292,11969.72016700008,205938,1404615650,,success,1,0,,,11799746
pilot_1790587924129,mint_N1000_c3_r1,1,2026-09-28T09:54:37.388Z,ethereumSepolia,11155111,sepolia.era.zksync.dev,mint,1000,3,933,0x5993a39d637853ab9a070c92b6700ebc6eb1a38a37593b1a60976c6a9102845b,1341985.340625,1353960.116667,11974.776042000158,205950,1404615650,,success,1,0,,,11799746
pilot_1790587924129,mint_N1000_c3_r1,1,2026-09-28T09:54:37.502Z,ethereumSepolia,11155111,sepolia.era.zksync.dev,mint,1000,3,934,0xafdbd6ba1ec08ffc9bb0548a757869ebca07cf69bb4c905ce0cc5803a84e7010,1342103.857792,1354073.831042,11969.97325000004,205950,1404615650,,success,1,0,,,11799746
pilot_1790587924129,mint_N1000_c3_r1,1,2026-09-28T09:54:49.854Z,ethereumSepolia,11155111,sepolia.era.zksync.dev,mint,1000,3,935,0xa5a88f2315c8ad16b090fa4cbca6f322f48598eb19feee258769646651667c18,1353839.843625,1366425.320709,12585.47708400013,205950,1538954466,,success,1,0,,,11799747
pilot_1790587924129,mint_N1000_c3_r1,1,2026-09-28T09:54:49.969Z,ethereumSepolia,11155111,sepolia.era.zksync.dev,mint,1000,3,936,0xa7c25fdc2de502b5983e61fe8e99e5cd0688f62f61b51db2c1688bde96b16b86,1353960.164084,1366540.260625,12580.096541000064,205950,1538954466,,success,1,0,,,11799747
pilot_1790587924129,mint_N1000_c3_r1,1,2026-09-28T09:54:50.089Z,ethereumSepolia,11155111,sepolia.era.zksync.dev,mint,1000,3,937,0x47b44a05670f5ce69f67beb3a21557f584bb52b0c0024ac36c96fd1546c318fa,1354073.869042,1366660.557584,12586.688542000018,205950,1538954466,,success,1,0,,,11799747
pilot_1790587924129,mint_N1000_c3_r1,1,2026-09-28T09:55:00.864Z,ethereumSepolia,11155111,sepolia.era.zksync.dev,mint,1000,3,939,0x7df9e60679b41459bd2d3f32cd78d105beb225fde4267f93ce6c255b05219517,1366540.302375,1377435.6355,10895.333125000121,205950,1421267830,,success,1,0,,,11799748
pilot_1790587924129,mint_N1000_c3_r1,1,2026-09-28T09:55:00.984Z,ethereumSepolia,11155111,sepolia.era.zksync.dev,mint,1000,3,940,0x532f7b20bc3d5d8287cf10134f8c89dfaad208955deb6f72605d4083efd0c47d,1366660.607084,1377555.645417,10895.038332999917,205938,1421267830,,success,1,0,,,11799748
pilot_1790587924129,mint_N1000_c3_r1,1,2026-09-28T09:55:01.172Z,ethereumSepolia,11155111,sepolia.era.zksync.dev,mint,1000,3,938,0x3a7ffaa1108fe3bce72e8fa58e8e988353e3183feef1db4c8429d8d5890d1b82,1366425.398834,1377743.919375,11318.520540999947,205950,1421267830,,success,1,0,,,11799748
pilot_1790587924129,mint_N1000_c3_r1,1,2026-09-28T09:55:12.969Z,ethereumSepolia,11155111,sepolia.era.zksync.dev,mint,1000,3,941,0x06f4fa2f3c71ac7cc234e20cc6f6f3b80d4d4588fc9c17abc39220ad1312d6f7,1377435.71,1389540.621292,12104.911291999975,205950,1534291387,,success,1,0,,,11799749
pilot_1790587924129,mint_N1000_c3_r1,1,2026-09-28T09:55:13.095Z,ethereumSepolia,11155111,sepolia.era.zksync.dev,mint,1000,3,942,0xbf1bfd78125d81e0661d2fda4709064c7669f1fe660dc669dd72ed63d421cdff,1377555.678709,1389666.889792,12111.211082999827,205950,1534291387,,success,1,0,,,11799749
pilot_1790587924129,mint_N1000_c3_r1,1,2026-09-28T09:55:13.209Z,ethereumSepolia,11155111,sepolia.era.zksync.dev,mint,1000,3,943,0xf89992ee5a825478138cb203a14df6649a4d98361620a364710044376a905884,1377743.991917,1389780.853042,12036.861125000054,205950,1534291387,,success,1,0,,,11799749
pilot_1790587924129,mint_N1000_c3_r1,1,2026-09-28T09:55:25.572Z,ethereumSepolia,11155111,sepolia.era.zksync.dev,mint,1000,3,944,0x374e99d242a70fcd14e688bb4bd243d97a9650ee43f206f799b0c65c3f9580d9,1389540.692042,1402143.658959,12602.966917000012,205950,1430670869,,success,1,0,,,11799750
pilot_1790587924129,mint_N1000_c3_r1,1,2026-09-28T09:55:25.687Z,ethereumSepolia,11155111,sepolia.era.zksync.dev,mint,1000,3,945,0xf797ea9adce77f228159e41a4dbd545f6079ada563b83925229c389519392f2d,1389666.950292,1402258.548959,12591.598666999955,205938,1430670869,,success,1,0,,,11799750
pilot_1790587924129,mint_N1000_c3_r1,1,2026-09-28T09:55:25.803Z,ethereumSepolia,11155111,sepolia.era.zksync.dev,mint,1000,3,946,0x318d1b9866e5c12d26085f33805084612eea4555538bb860e7d635e79b82eda6,1389780.963625,1402374.544709,12593.581083999947,205950,1430670869,,success,1,0,,,11799750
pilot_1790587924129,mint_N1000_c3_r1,1,2026-09-28T09:55:36.851Z,ethereumSepolia,11155111,sepolia.era.zksync.dev,mint,1000,3,947,0xce76212f64ec0088c2b7b8bbde11b83f30c8afec0bb330a5e16a52ba4806ec00,1402143.750209,1413422.163834,11278.413625000045,205938,1367605633,,success,1,0,,,11799751
pilot_1790587924129,mint_N1000_c3_r1,1,2026-09-28T09:55:37.040Z,ethereumSepolia,11155111,sepolia.era.zksync.dev,mint,1000,3,948,0x1b19d311ef705e3221b160696b45319fb0440866ffc59fed79b9d99cf38d30a7,1402258.626542,1413611.625625,11352.999083000002,205938,1367605633,,success,1,0,,,11799751
pilot_1790587924129,mint_N1000_c3_r1,1,2026-09-28T09:55:37.163Z,ethereumSepolia,11155111,sepolia.era.zksync.dev,mint,1000,3,949,0xe152bedb760383e339947739c590e462b57deffaf7c0c92e59603d0f7b37d534,1402374.5935,1413734.56625,11359.972749999957,205950,1367605633,,success,1,0,,,11799751
pilot_1790587924129,mint_N1000_c3_r1,1,2026-09-28T09:55:49.433Z,ethereumSepolia,11155111,sepolia.era.zksync.dev,mint,1000,3,950,0x7ae78148f698de0dfc6500b9735e24f2b1167474b17df227675ff10b873b7d29,1413422.233459,1426004.189292,12581.955832999898,205950,1506485959,,success,1,0,,,11799752
pilot_1790587924129,mint_N1000_c3_r1,1,2026-09-28T09:55:49.624Z,ethereumSepolia,11155111,sepolia.era.zksync.dev,mint,1000,3,951,0x6f73718a9e7e2bd296a52a07109b88185add5dc03c9cb81ffbfe7ea855943477,1413611.7775,1426195.039834,12583.262333999854,205950,1506485959,,success,1,0,,,11799752
pilot_1790587924129,mint_N1000_c3_r1,1,2026-09-28T09:55:49.737Z,ethereumSepolia,11155111,sepolia.era.zksync.dev,mint,1000,3,952,0x814ee1a40ff1d544443d1d2b781453cc10877cdb1ab85f8b3ae67c225985e51c,1413734.657584,1426308.618209,12573.960625000065,205950,1506485959,,success,1,0,,,11799752
pilot_1790587924129,mint_N1000_c3_r1,1,2026-09-28T09:56:00.809Z,ethereumSepolia,11155111,sepolia.era.zksync.dev,mint,1000,3,953,0xf3ffe113ed3898ad835563bc790e9353646f12eb75f8d686a4a827c43933e589,1426004.279709,1437380.824625,11376.544915999984,205950,1355622402,,success,1,0,,,11799753
pilot_1790587924129,mint_N1000_c3_r1,1,2026-09-28T09:56:00.928Z,ethereumSepolia,11155111,sepolia.era.zksync.dev,mint,1000,3,954,0x5967ec83aa13ae1bda1b0d45537414f6878d347c99ad3f5f3b14209a37ba6732,1426195.079125,1437499.062542,11303.983417000156,205950,1355622402,,success,1,0,,,11799753
pilot_1790587924129,mint_N1000_c3_r1,1,2026-09-28T09:56:01.037Z,ethereumSepolia,11155111,sepolia.era.zksync.dev,mint,1000,3,955,0xfadf57f7f4c00769d757f4ca67cd099c98f301ac64537b666200ad01635ecc6c,1426308.720417,1437608.510209,11299.789792000083,205938,1355622402,,success,1,0,,,11799753
pilot_1790587924129,mint_N1000_c3_r1,1,2026-09-28T09:56:12.788Z,ethereumSepolia,11155111,sepolia.era.zksync.dev,mint,1000,3,956,0x9963c6ed3bd440bf2b4dd8e8e02e70d80e1ce4d3e92ad3612ce0f06b0424338f,1437380.881834,1449359.948417,11979.06658299989,205950,1491349678,,success,1,0,,,11799754
pilot_1790587924129,mint_N1000_c3_r1,1,2026-09-28T09:56:12.909Z,ethereumSepolia,11155111,sepolia.era.zksync.dev,mint,1000,3,957,0x6420b25427d80cd07c77fef05eaaacc761b4a074dfeb598ae1d9f52ce38b8a4f,1437499.116417,1449480.62775,11981.511332999915,205950,1491349678,,success,1,0,,,11799754
pilot_1790587924129,mint_N1000_c3_r1,1,2026-09-28T09:56:13.032Z,ethereumSepolia,11155111,sepolia.era.zksync.dev,mint,1000,3,958,0xa38dfcb4844f757120c042d5a616be0a01755704ecf6c8cf8c7e67eb767fa1f3,1437608.635042,1449603.881417,11995.246374999871,205950,1491349678,,success,1,0,,,11799754
pilot_1790587924129,mint_N1000_c3_r1,1,2026-09-28T09:56:24.654Z,ethereumSepolia,11155111,sepolia.era.zksync.dev,mint,1000,3,959,0xa818b9c0cb8907eda5ef592814ea77f968a8b827814f7c610146692aaa055733,1449360.025042,1461225.177375,11865.152332999976,205950,1457734146,,success,1,0,,,11799755
pilot_1790587924129,mint_N1000_c3_r1,1,2026-09-28T09:56:24.835Z,ethereumSepolia,11155111,sepolia.era.zksync.dev,mint,1000,3,960,0xb05ca63d0ff8885e6f4770bcb9f691b1caa6d9c092aede663a421c86c5e33115,1449480.69,1461406.730125,11926.040125000058,205950,1457734146,,success,1,0,,,11799755
pilot_1790587924129,mint_N1000_c3_r1,1,2026-09-28T09:56:24.949Z,ethereumSepolia,11155111,sepolia.era.zksync.dev,mint,1000,3,961,0xd6f27b046750a2debc3438ca76bf9a5d1fb8d6fbffacd49f520121c081811a43,1449604.082209,1461520.036167,11915.953958000056,205950,1457734146,,success,1,0,,,11799755
pilot_1790587924129,mint_N1000_c3_r1,1,2026-09-28T09:56:36.649Z,ethereumSepolia,11155111,sepolia.era.zksync.dev,mint,1000,3,962,0x47fd1f7fac665cc55e8978e2e2637c734ff563e1d0b6598ff45387bbcc73ae2f,1461225.242084,1473220.593667,11995.35158300004,205950,1359624511,,success,1,0,,,11799756
pilot_1790587924129,mint_N1000_c3_r1,1,2026-09-28T09:56:36.917Z,ethereumSepolia,11155111,sepolia.era.zksync.dev,mint,1000,3,963,0x13544389692e10178dab3714fb9c9e8afb245ed116d248eaf20a2c4ab78ec87d,1461406.819209,1473488.650625,12081.831415999914,205950,1359624511,,success,1,0,,,11799756
pilot_1790587924129,mint_N1000_c3_r1,1,2026-09-28T09:56:36.952Z,ethereumSepolia,11155111,sepolia.era.zksync.dev,mint,1000,3,964,0x6bbe46f5df03557ed5a4d2cb6b5a801d85674f6b9a24ee16c89dbce919c11fcb,1461520.109959,1473523.444459,12003.33449999988,205950,1359624511,,success,1,0,,,11799756
pilot_1790587924129,mint_N1000_c3_r1,1,2026-09-28T09:56:49.232Z,ethereumSepolia,11155111,sepolia.era.zksync.dev,mint,1000,3,965,0xb950a7667c8c77cd8cff19136027ee151d61b1bb08d6536f3b9ed1c399c52ca1,1473220.68775,1485803.497209,12582.809458999895,205950,1494906705,,success,1,0,,,11799757
pilot_1790587924129,mint_N1000_c3_r1,1,2026-09-28T09:56:49.430Z,ethereumSepolia,11155111,sepolia.era.zksync.dev,mint,1000,3,966,0x19ae297d0f517628251b692572e4f253ed44f99b749af13ff0eca9635ad10184,1473488.685709,1486001.8585,12513.17279099999,205950,1494906705,,success,1,0,,,11799757
pilot_1790587924129,mint_N1000_c3_r1,1,2026-09-28T09:56:49.545Z,ethereumSepolia,11155111,sepolia.era.zksync.dev,mint,1000,3,967,0xc636a7fd3c893a3757c36c560987c3663a4ff4eaf94227fc1914d7c1aaa87c24,1473523.468375,1486116.073375,12592.604999999981,205950,1494906705,,success,1,0,,,11799757
pilot_1790587924129,mint_N1000_c3_r1,1,2026-09-28T09:57:03.110Z,ethereumSepolia,11155111,sepolia.era.zksync.dev,mint,1000,3,968,0xe84a7022e19013dff57ceef50cf356efd88d5b954bf4cd3a70926b0c7fe2b29e,1485803.552167,1499681.854125,13878.301958000055,205938,1460248101,,success,1,0,,,11799758
pilot_1790587924129,mint_N1000_c3_r1,1,2026-09-28T09:57:03.223Z,ethereumSepolia,11155111,sepolia.era.zksync.dev,mint,1000,3,969,0xb8e0857fd435d8c20fb8c4c35c1bec05b981c9b438a5eda1b6eb622093f0a1cc,1486001.914209,1499794.611667,13792.697457999922,205938,1460248101,,success,1,0,,,11799758
pilot_1790587924129,mint_N1000_c3_r1,1,2026-09-28T09:57:03.330Z,ethereumSepolia,11155111,sepolia.era.zksync.dev,mint,1000,3,970,0x496fd86fc7c3e2db7e65ecaca10afb9c3546e6edd3f3d4ca945b21eabfb6495f,1486116.098125,1499901.939167,13785.841041999869,205950,1460248101,,success,1,0,,,11799758
pilot_1790587924129,mint_N1000_c3_r1,1,2026-09-28T09:57:13.770Z,ethereumSepolia,11155111,sepolia.era.zksync.dev,mint,1000,3,971,0x422abf95e87b63c12f3da9d081b9c7ddc3403715344b708552511b9e591cf488,1499681.902542,1510341.226334,10659.323792000068,205950,1517718258,,success,1,0,,,11799759
pilot_1790587924129,mint_N1000_c3_r1,1,2026-09-28T09:57:13.893Z,ethereumSepolia,11155111,sepolia.era.zksync.dev,mint,1000,3,972,0x3919972e92dbdee974e1ff93e8a94cf537210b2d3911f7570b7b5cccd42a9eca,1499794.650042,1510464.03875,10669.388708000071,205950,1517718258,,success,1,0,,,11799759
pilot_1790587924129,mint_N1000_c3_r1,1,2026-09-28T09:57:14.148Z,ethereumSepolia,11155111,sepolia.era.zksync.dev,mint,1000,3,973,0x9633438986074b9c4d1fbc795dca73dfc8e953d477b4da0f9ec8844f0d7df224,1499901.973917,1510719.207084,10817.233167000115,205950,1517718258,,success,1,0,,,11799759
pilot_1790587924129,mint_N1000_c3_r1,1,2026-09-28T09:57:24.673Z,ethereumSepolia,11155111,sepolia.era.zksync.dev,mint,1000,3,976,0xd6a48c3d890e66267c29a0b4a3e88b29833102ac9db67d1c25356901d964ec62,1510719.299667,1521244.851542,10525.551874999888,205938,1344565866,,success,1,0,,,11799760
pilot_1790587924129,mint_N1000_c3_r1,1,2026-09-28T09:57:25.040Z,ethereumSepolia,11155111,sepolia.era.zksync.dev,mint,1000,3,974,0x9e2bb57d51bbe7d26fbec574874eaaafeea49a7371107066673b086f58284709,1510341.293209,1521611.032375,11269.739165999927,205950,1344565866,,success,1,0,,,11799760
pilot_1790587924129,mint_N1000_c3_r1,1,2026-09-28T09:57:25.154Z,ethereumSepolia,11155111,sepolia.era.zksync.dev,mint,1000,3,975,0xf3381864058b7fd37dd575e35df7a82efac92aa28f75614497f8068f137898bf,1510464.164042,1521725.149625,11260.985583000118,205950,1344565866,,success,1,0,,,11799760
pilot_1790587924129,mint_N1000_c3_r1,1,2026-09-28T09:57:36.354Z,ethereumSepolia,11155111,sepolia.era.zksync.dev,mint,1000,3,978,0x5416c329c8ccff7b86d11cbda6d19325e59f6e049bc91c1933978a8d04524614,1521611.175042,1532925.900959,11314.72591700009,205950,1495925489,,success,1,0,,,11799761
pilot_1790587924129,mint_N1000_c3_r1,1,2026-09-28T09:57:36.473Z,ethereumSepolia,11155111,sepolia.era.zksync.dev,mint,1000,3,979,0x3e9b65f094f7cfd2c3fc58786c4432c8be005129ce62a55a6a8a2ada600029f6,1521725.205292,1533044.918959,11319.713666999945,205950,1495925489,,success,1,0,,,11799761
pilot_1790587924129,mint_N1000_c3_r1,1,2026-09-28T09:57:36.719Z,ethereumSepolia,11155111,sepolia.era.zksync.dev,mint,1000,3,977,0xc27ae890975b16e87adbffb2bf2ccf63b77be391c933329d3400d85f370a4d18,1521245.015417,1533290.031959,12045.016541999998,205950,1495925489,,success,1,0,,,11799761
pilot_1790587924129,mint_N1000_c3_r1,1,2026-09-28T09:57:49.595Z,ethereumSepolia,11155111,sepolia.era.zksync.dev,mint,1000,3,980,0xfe527528a18249b7a9d0bc93602417cd306cc70f15916bf73adb9b85599bfcfe,1532925.980417,1546165.981792,13240.001374999993,205950,1471688374,,success,1,0,,,11799762
pilot_1790587924129,mint_N1000_c3_r1,1,2026-09-28T09:57:49.786Z,ethereumSepolia,11155111,sepolia.era.zksync.dev,mint,1000,3,981,0x4431b2a18db4478335f07a06dedba0805d2c9c6b221486f4eb893d0676090bf1,1533044.945584,1546357.38925,13312.44366599992,205950,1471688374,,success,1,0,,,11799762
pilot_1790587924129,mint_N1000_c3_r1,1,2026-09-28T09:57:49.911Z,ethereumSepolia,11155111,sepolia.era.zksync.dev,mint,1000,3,982,0xb8941162936423024f9ffcdb20c5fa0b9f3940f5594f2a0f53dd256aefd56d60,1533290.089584,1546482.561042,13192.471458000131,205950,1471688374,,success,1,0,,,11799762
pilot_1790587924129,mint_N1000_c3_r1,1,2026-09-28T09:58:01.557Z,ethereumSepolia,11155111,sepolia.era.zksync.dev,mint,1000,3,983,0x0c229237884edbe6372a7615ca059c21527383cfac8ba2410908de7c64ee0573,1546166.037667,1558128.458625,11962.420958000002,205938,1378302332,,success,1,0,,,11799763
pilot_1790587924129,mint_N1000_c3_r1,1,2026-09-28T09:58:01.740Z,ethereumSepolia,11155111,sepolia.era.zksync.dev,mint,1000,3,984,0x04d518e3d98a2e50c1c34c58431a15df1c4fa6339f0c698a6a2fdb21a9fd30dc,1546357.43275,1558311.49225,11954.059499999974,205950,1378302332,,success,1,0,,,11799763
pilot_1790587924129,mint_N1000_c3_r1,1,2026-09-28T09:58:01.853Z,ethereumSepolia,11155111,sepolia.era.zksync.dev,mint,1000,3,985,0x80f28477471c2f0ce792596240e5e7471a47a04c565c0a5e385b05587e978313,1546482.697209,1558424.766,11942.068791000172,205950,1378302332,,success,1,0,,,11799763
pilot_1790587924129,mint_N1000_c3_r1,1,2026-09-28T09:58:12.903Z,ethereumSepolia,11155111,sepolia.era.zksync.dev,mint,1000,3,986,0x716349800a0a9c4c25c440ae0f63f2b50a249d5e33d2e1af9c119d3a717c31b5,1558128.5055,1569474.652042,11346.146542000119,205950,1521638239,,success,1,0,,,11799764
pilot_1790587924129,mint_N1000_c3_r1,1,2026-09-28T09:58:13.015Z,ethereumSepolia,11155111,sepolia.era.zksync.dev,mint,1000,3,987,0xc8bf3498c8f83bdbd262ecbae4c85cb3438cd06a3ecb4389236ddbe283ecbdb8,1558311.563292,1569586.534125,11274.970833000029,205950,1521638239,,success,1,0,,,11799764
pilot_1790587924129,mint_N1000_c3_r1,1,2026-09-28T09:58:13.129Z,ethereumSepolia,11155111,sepolia.era.zksync.dev,mint,1000,3,988,0x9c8e90de242692afb284fe60bbaa173d831bc8295c399593f90f5ba283392902,1558424.9345,1569700.236709,11275.302209000103,205950,1521638239,,success,1,0,,,11799764
pilot_1790587924129,mint_N1000_c3_r1,1,2026-09-28T09:58:25.641Z,ethereumSepolia,11155111,sepolia.era.zksync.dev,mint,1000,3,991,0x7aa14ab0466bc2a4be7ef72479bc2d92232d8279872a9cd538825c3caf8f705d,1569700.320834,1582212.436292,12512.115458000218,205950,1514717012,,success,1,0,,,11799765
pilot_1790587924129,mint_N1000_c3_r1,1,2026-09-28T09:58:26.015Z,ethereumSepolia,11155111,sepolia.era.zksync.dev,mint,1000,3,989,0x4969774a092de2e3928c21bf242a8e4e4d28dea32e90e31729c92d4776cf5a15,1569474.714709,1582586.305917,13111.591207999969,205950,1514717012,,success,1,0,,,11799765
pilot_1790587924129,mint_N1000_c3_r1,1,2026-09-28T09:58:26.132Z,ethereumSepolia,11155111,sepolia.era.zksync.dev,mint,1000,3,990,0xd1a26726e9830b8500cc494133fb8930d2fec0980991415cd715882e41b20335,1569586.600834,1582702.920084,13116.319250000175,205950,1514717012,,success,1,0,,,11799765
pilot_1790587924129,mint_N1000_c3_r1,1,2026-09-28T09:58:37.301Z,ethereumSepolia,11155111,sepolia.era.zksync.dev,mint,1000,3,994,0x7994b42c1f26b092296fd52c3ba46e9f962800d384d1c0457a25e7e8a9d98392,1582702.96425,1593872.1585,11169.194249999942,205950,1520946363,,success,1,0,,,11799766
pilot_1790587924129,mint_N1000_c3_r1,1,2026-09-28T09:58:37.702Z,ethereumSepolia,11155111,sepolia.era.zksync.dev,mint,1000,3,992,0xeee42ea84db10627c04f8fd5b0a6538d7356e235ae76d3695bf537c27396b412,1582212.498792,1594273.60225,12061.103457999881,205950,1520946363,,success,1,0,,,11799766
pilot_1790587924129,mint_N1000_c3_r1,1,2026-09-28T09:58:37.744Z,ethereumSepolia,11155111,sepolia.era.zksync.dev,mint,1000,3,993,0x9aa84b9ebfe548c1926c6092a8a7a491d6954219e886503239ef5e9dc41f8ca5,1582586.3705,1594315.450625,11729.080125000095,205950,1520946363,,success,1,0,,,11799766
pilot_1790587924129,mint_N1000_c3_r1,1,2026-09-28T09:58:48.839Z,ethereumSepolia,11155111,sepolia.era.zksync.dev,mint,1000,3,995,0xc514524144d6e11fd4724d81e9c18b96afe8220b9ac86199510a0000e3c59526,1593872.229542,1605410.566042,11538.336499999976,205950,1366695465,,success,1,0,,,11799767
pilot_1790587924129,mint_N1000_c3_r1,1,2026-09-28T09:58:49.042Z,ethereumSepolia,11155111,sepolia.era.zksync.dev,mint,1000,3,997,0xdaa7f14d18fcc53344fa8aacb3d27549aa65e58e6541647e52c9092381cecbfb,1594315.502875,1605613.466375,11297.96350000007,205938,1366695465,,success,1,0,,,11799767
pilot_1790587924129,mint_N1000_c3_r1,1,2026-09-28T09:58:49.160Z,ethereumSepolia,11155111,sepolia.era.zksync.dev,mint,1000,3,996,0x73ef6e691367ce8d9d3d8153808cef2b98e71649ec408d156a0d2a2a8b2767a9,1594273.763834,1605730.93275,11457.16891599982,205950,1366695465,,success,1,0,,,11799767
pilot_1790587924129,mint_N1000_c3_r1,1,2026-09-28T09:59:00.888Z,ethereumSepolia,11155111,sepolia.era.zksync.dev,mint,1000,3,998,0x28ba5280d32da83584b344bdbc9f6f4457a2813a5c78133c94b42fb1397b2d49,1605410.733209,1617459.589292,12048.856083000079,205950,1504255285,,success,1,0,,,11799768
pilot_1790587924129,mint_N1000_c3_r1,1,2026-09-28T09:59:01.149Z,ethereumSepolia,11155111,sepolia.era.zksync.dev,mint,1000,3,999,0xd3d9997154acf7e3637e1a3cd3ae7508dc5bf7f5eafffa9ae9288be65ea7dbd0,1605613.5045,1617720.610709,12107.106208999874,205950,1504255285,,success,1,0,,,11799768
pilot_1790587924129,mint_N1000_c3_r1,1,2026-09-28T09:59:01.185Z,ethereumSepolia,11155111,sepolia.era.zksync.dev,mint,1000,3,1000,0x3fc5a6fa333265e3be84674d44e0d6d8f78e0461b86767428e56ab6628d2d925,1605730.979542,1617755.982584,12025.003042000113,205950,1504255285,,success,1,0,,,11799768
pilot_1790587924129,mint_N1000_c3_r1,1,2026-09-28T09:59:12.874Z,ethereumSepolia,11155111,sepolia.era.zksync.dev,mint,1000,3,1001,0x49f9beecb72a60efaf42d284cab958d0ad71f4d1c5cf66d118a88f8eada9d85c,1617459.744042,1629445.733917,11985.98987499997,205950,1372994143,,success,1,0,,,11799769
pilot_1790587924129,mint_N1000_c3_r1,1,2026-09-28T09:59:13.082Z,ethereumSepolia,11155111,sepolia.era.zksync.dev,mint,1000,3,1002,0x240671a378082f8534000a9597291278b9146f3b9ac2e3d0f7126cdcd56a9201,1617720.688792,1629653.193667,11932.504874999868,205950,1372994143,,success,1,0,,,11799769
pilot_1790587924129,mint_N1000_c3_r1,1,2026-09-28T09:59:13.205Z,ethereumSepolia,11155111,sepolia.era.zksync.dev,mint,1000,3,1003,0xadb741b49cb8185fbea6dc4d7cde3bf217651a4a6e24d4ca037d836af3eb4f17,1617756.063917,1629776.117709,12020.053791999817,205950,1372994143,,success,1,0,,,11799769
pilot_1790587924129,mint_N1000_c3_r1,1,2026-09-28T09:59:24.859Z,ethereumSepolia,11155111,sepolia.era.zksync.dev,mint,1000,3,1004,0x4ad6a1bed0b27d6737c96ec791549f719559f1e8ae4a62a905a6a700d5733743,1629445.850459,1641430.674459,11984.82399999979,205950,1512780672,,success,1,0,,,11799770
pilot_1790587924129,mint_N1000_c3_r1,1,2026-09-28T09:59:24.980Z,ethereumSepolia,11155111,sepolia.era.zksync.dev,mint,1000,3,1005,0x1b82d030f2a9236b24d32e7a97de00385437fb0c531f619495238cc10000cac6,1629653.278917,1641551.237125,11897.958208000055,205950,1512780672,,success,1,0,,,11799770
pilot_1790587924129,mint_N1000_c3_r1,1,2026-09-28T09:59:25.181Z,ethereumSepolia,11155111,sepolia.era.zksync.dev,mint,1000,3,1006,0x080b7c7374f07da7dfb438cbeba05cc88671909229f0a23aa804acf608a14fba,1629776.17425,1641752.0135,11975.83924999996,205950,1512780672,,success,1,0,,,11799770
pilot_1790587924129,mint_N1000_c3_r1,1,2026-09-28T09:59:37.578Z,ethereumSepolia,11155111,sepolia.era.zksync.dev,mint,1000,3,1009,0x3c52bc02fc30edbb3760cf480adf2d518add68d1f86ffbca8565fee563e255a5,1641752.093084,1654149.185459,12397.092375000007,205950,1429889662,,success,1,0,,,11799771
pilot_1790587924129,mint_N1000_c3_r1,1,2026-09-28T09:59:37.956Z,ethereumSepolia,11155111,sepolia.era.zksync.dev,mint,1000,3,1007,0x2048bba24939e70c2400a49083cc62e1a50a8966379c9a01f24ef0ad9ef44c67,1641430.82725,1654527.418375,13096.591124999803,205950,1429889662,,success,1,0,,,11799771
pilot_1790587924129,mint_N1000_c3_r1,1,2026-09-28T09:59:37.994Z,ethereumSepolia,11155111,sepolia.era.zksync.dev,mint,1000,3,1008,0x4c11a43d4df6d8a3617de234a36280fa6360a7ae0155453f4360f35eb9c045be,1641551.282834,1654565.536167,13014.253333,205950,1429889662,,success,1,0,,,11799771
pilot_1790587924129,mint_N1000_c3_r1,1,2026-09-28T09:59:48.470Z,ethereumSepolia,11155111,sepolia.era.zksync.dev,mint,1000,3,1010,0xc7703d69dfeb5f2b25564d1ab04e465b7d321f480f72dfb854b20e6ce515ec3d,1654149.289625,1665041.602167,10892.312542000087,205950,1507672801,,success,1,0,,,11799772
pilot_1790587924129,mint_N1000_c3_r1,1,2026-09-28T09:59:48.588Z,ethereumSepolia,11155111,sepolia.era.zksync.dev,mint,1000,3,1011,0x8f770e6663ca7d269e25fcefd20db7484b3be2b70404c1c3c71c485a81413726,1654527.54675,1665159.799709,10632.252958999947,205950,1507672801,,success,1,0,,,11799772
pilot_1790587924129,mint_N1000_c3_r1,1,2026-09-28T09:59:48.771Z,ethereumSepolia,11155111,sepolia.era.zksync.dev,mint,1000,3,1012,0xffd0e468fd44451ac5b9aee116520cedd184347652453f31cd698153b75b425f,1654565.577209,1665342.716125,10777.138916000025,205950,1507672801,,success,1,0,,,11799772
pilot_1790587924129,mint_N1000_c3_r1,1,2026-09-28T10:00:00.471Z,ethereumSepolia,11155111,sepolia.era.zksync.dev,mint,1000,3,1013,0x294b7ead9b5e88563f548f9e1f1042613a9f5d30f95a787fa9ab8b4a42da1236,1665041.691334,1677042.698792,12001.007457999978,205938,1354611323,,success,1,0,,,11799773
pilot_1790587924129,mint_N1000_c3_r1,1,2026-09-28T10:00:00.759Z,ethereumSepolia,11155111,sepolia.era.zksync.dev,mint,1000,3,1014,0xa496b96cb32609c29605ad1cf684925eda97342bdf7b6e7bf7b695a217317246,1665159.829875,1677330.131959,12170.30208399985,205938,1354611323,,success,1,0,,,11799773
pilot_1790587924129,mint_N1000_c3_r1,1,2026-09-28T10:00:00.802Z,ethereumSepolia,11155111,sepolia.era.zksync.dev,mint,1000,3,1015,0x47a9e0fcbee8114d85c6d1f0c6480ea3f4fc4decb0bb38bf26bd6d198b918f86,1665342.809375,1677372.874542,12030.065167000052,205950,1354611323,,success,1,0,,,11799773
pilot_1790587924129,mint_N1000_c3_r1,1,2026-09-28T10:00:13.061Z,ethereumSepolia,11155111,sepolia.era.zksync.dev,mint,1000,3,1016,0xacc0204eb9f35b97afcc43ca300a57845a70cb1e9022e3174eefe6022b0f4f59,1677042.871084,1689632.786459,12589.915375000099,205950,1497585943,,success,1,0,,,11799774
pilot_1790587924129,mint_N1000_c3_r1,1,2026-09-28T10:00:13.184Z,ethereumSepolia,11155111,sepolia.era.zksync.dev,mint,1000,3,1017,0x2037a445a3a0f1c7ce1055073a941ed50318f1ecd8a973bdc9d26c052d12100e,1677330.219042,1689755.441167,12425.222125000088,205950,1497585943,,success,1,0,,,11799774
pilot_1790587924129,mint_N1000_c3_r1,1,2026-09-28T10:00:13.456Z,ethereumSepolia,11155111,sepolia.era.zksync.dev,mint,1000,3,1018,0x9b02ef0a1c6c0ad747cc2637b09a059986294fe79847fbb67e30c7ef7f34394f,1677372.948459,1690027.12175,12654.173290999839,205950,1497585943,,success,1,0,,,11799774
pilot_1790587924129,mint_N1000_c3_r1,1,2026-09-28T10:00:25.771Z,ethereumSepolia,11155111,sepolia.era.zksync.dev,mint,1000,3,1019,0x46ae254a7b3fe80edb32e0fde30426a5e4a0bc9525a27ffc38b28032e97e3085,1689632.952709,1702342.136459,12709.183749999851,205950,1358962690,,success,1,0,,,11799775
pilot_1790587924129,mint_N1000_c3_r1,1,2026-09-28T10:00:25.968Z,ethereumSepolia,11155111,sepolia.era.zksync.dev,mint,1000,3,1020,0xca131d18a1b9996ba4fc1d324c5226d911d9dbf2fe14a77f69728af30e806059,1689755.524459,1702539.30375,12783.779290999984,205950,1358962690,,success,1,0,,,11799775
pilot_1790587924129,mint_N1000_c3_r1,1,2026-09-28T10:00:26.092Z,ethereumSepolia,11155111,sepolia.era.zksync.dev,mint,1000,3,1021,0xcb62ca880e132da44023cb5c72fe9a3fcbdd370d0eaf90da6ebe74e0aec01d77,1690027.271834,1702663.187334,12635.915499999886,205950,1358962690,,success,1,0,,,11799775
pilot_1790587924129,mint_N1000_c3_r1,1,2026-09-28T10:00:36.500Z,ethereumSepolia,11155111,sepolia.era.zksync.dev,mint,1000,3,1022,0xc9ab50f754fe3fcae362a2a8fe89faa48d0f44a179f57d9a0514121e558b0107,1702342.209167,1713071.321542,10729.112375000026,205950,1524628306,,success,1,0,,,11799776
pilot_1790587924129,mint_N1000_c3_r1,1,2026-09-28T10:00:36.621Z,ethereumSepolia,11155111,sepolia.era.zksync.dev,mint,1000,3,1023,0x1565feb9fc6210e85e731e9b759fa052197bd225a31276101479f25aed1071fa,1702539.394834,1713192.740834,10653.346000000136,205950,1524628306,,success,1,0,,,11799776
pilot_1790587924129,mint_N1000_c3_r1,1,2026-09-28T10:00:36.733Z,ethereumSepolia,11155111,sepolia.era.zksync.dev,mint,1000,3,1024,0x432ef2d02f0a09da6da51c28e8e0b899976f551137446d1168d06c22cbd71329,1702663.256542,1713304.347625,10641.091082999948,205938,1524628306,,success,1,0,,,11799776
pilot_1790587924129,mint_N1000_c3_r1,1,2026-09-28T10:00:49.190Z,ethereumSepolia,11155111,sepolia.era.zksync.dev,mint,1000,3,1026,0x6ea2aa4459afc3ecc89976c5dc672b82e0a5c5c94118f172c223097c409afb1b,1713192.8495,1725760.998667,12568.149167000083,205950,1425541699,,success,1,0,,,11799777
pilot_1790587924129,mint_N1000_c3_r1,1,2026-09-28T10:00:49.316Z,ethereumSepolia,11155111,sepolia.era.zksync.dev,mint,1000,3,1027,0x4dd35d52408d0ea9a7b2d0b6e0ec08c092d453f67b9703d872c8ab4a19a2d0f9,1713304.428292,1725887.006084,12582.577792000026,205950,1425541699,,success,1,0,,,11799777
pilot_1790587924129,mint_N1000_c3_r1,1,2026-09-28T10:00:49.640Z,ethereumSepolia,11155111,sepolia.era.zksync.dev,mint,1000,3,1025,0x46b23c672b534587ad358246f8a993a5083a61af594de73c1f8e3c224664461b,1713071.389959,1726210.813709,13139.423749999842,205950,1425541699,,success,1,0,,,11799777
pilot_1790587924129,mint_N1000_c3_r1,1,2026-09-28T10:01:00.692Z,ethereumSepolia,11155111,sepolia.era.zksync.dev,mint,1000,3,1028,0xe587aaf77f21e9ec3d6041bb5ed9a614a41fe3390213d6f5b61069a04b653a71,1725761.151084,1737262.801,11501.649915999966,205950,1527757757,,success,1,0,,,11799778
pilot_1790587924129,mint_N1000_c3_r1,1,2026-09-28T10:01:00.799Z,ethereumSepolia,11155111,sepolia.era.zksync.dev,mint,1000,3,1029,0x0c4e163ce2a44511436563d6370b3da5d52b253714d41f48e2a50f63e5969575,1725887.14125,1737370.361834,11483.220583999995,205950,1527757757,,success,1,0,,,11799778
pilot_1790587924129,mint_N1000_c3_r1,1,2026-09-28T10:01:00.914Z,ethereumSepolia,11155111,sepolia.era.zksync.dev,mint,1000,3,1030,0xb707efa51aeea94aebe4794a5477cf03b13c91410edd7e6c2a0a206d9c555d1a,1726210.994125,1737484.824,11273.829875000054,205950,1527757757,,success,1,0,,,11799778
pilot_1790587924129,mint_N1000_c3_r1,1,2026-09-28T10:01:12.655Z,ethereumSepolia,11155111,sepolia.era.zksync.dev,mint,1000,3,1031,0x5a85604b1eb44e5e353a8d15d4c84ce785f99433ec887c1d984ca834e85253ad,1737262.956709,1749226.40225,11963.445540999994,205950,1405889499,,success,1,0,,,11799779
pilot_1790587924129,mint_N1000_c3_r1,1,2026-09-28T10:01:12.793Z,ethereumSepolia,11155111,sepolia.era.zksync.dev,mint,1000,3,1032,0x5e177e15d60fddd15f4f0834476a73f993dc24681a70a3d3b2db6fb447bda4bb,1737370.510334,1749364.172584,11993.662250000052,205938,1405889499,,success,1,0,,,11799779
pilot_1790587924129,mint_N1000_c3_r1,1,2026-09-28T10:01:12.911Z,ethereumSepolia,11155111,sepolia.era.zksync.dev,mint,1000,3,1033,0xa94230b9920e97e70d7735cff92723cb81578e353c5cbfa591e5b0baf417f205,1737484.877959,1749481.827875,11996.949916000012,205938,1405889499,,success,1,0,,,11799779
pilot_1790587924129,mint_N1000_c3_r1,1,2026-09-28T10:01:24.712Z,ethereumSepolia,11155111,sepolia.era.zksync.dev,mint,1000,3,1034,0x82210677e08ead91babd7bdeca9a10abf0e935bb1659527bc615e61b58f300bf,1749226.558334,1761283.470959,12056.912625000114,205950,1504032700,,success,1,0,,,11799780
pilot_1790587924129,mint_N1000_c3_r1,1,2026-09-28T10:01:24.817Z,ethereumSepolia,11155111,sepolia.era.zksync.dev,mint,1000,3,1035,0x31c0ec382f85207153768e6190e8b1e901b7933d764c81bccca5197f90bb24b4,1749364.228917,1761388.122709,12023.893792000134,205950,1504032700,,success,1,0,,,11799780
pilot_1790587924129,mint_N1000_c3_r1,1,2026-09-28T10:01:24.935Z,ethereumSepolia,11155111,sepolia.era.zksync.dev,mint,1000,3,1036,0xd207c074760765faedad0bb68812b4f91afa5db61602b8ae30c5cad01110179c,1749481.885375,1761505.919167,12024.033792000031,205950,1504032700,,success,1,0,,,11799780
pilot_1790587924129,mint_N1000_c3_r1,1,2026-09-28T10:01:37.313Z,ethereumSepolia,11155111,sepolia.era.zksync.dev,mint,1000,3,1037,0x7bb12263202b8ccb89bbaa2dbd7b71720f4b5d4d37077d01d14388e4ad4d16cf,1761283.554542,1773883.7645,12600.209958000109,205950,1450375794,,success,1,0,,,11799781
pilot_1790587924129,mint_N1000_c3_r1,1,2026-09-28T10:01:37.418Z,ethereumSepolia,11155111,sepolia.era.zksync.dev,mint,1000,3,1038,0x4e37b91e24a63653e4bcb03326786e4074cdc7b2f903c3d5556c4914368d3c5b,1761388.218084,1773989.500709,12601.282624999993,205950,1450375794,,success,1,0,,,11799781
pilot_1790587924129,mint_N1000_c3_r1,1,2026-09-28T10:01:37.541Z,ethereumSepolia,11155111,sepolia.era.zksync.dev,mint,1000,3,1039,0x4dbdf5d3bdaacbb7b6966a7966d9b456b894b798e4e78b6035b37b371ad67f51,1761506.047917,1774112.410875,12606.362958000042,205938,1450375794,,success,1,0,,,11799781
pilot_1790587924129,mint_N1000_c3_r1,1,2026-09-28T10:01:48.573Z,ethereumSepolia,11155111,sepolia.era.zksync.dev,mint,1000,3,1040,0x172b9225635818cad94a3d7c6567e0abc16632dc89a1e502a7605a1086a06be6,1773883.803625,1785144.417625,11260.61400000006,205938,1374874626,,success,1,0,,,11799782
pilot_1790587924129,mint_N1000_c3_r1,1,2026-09-28T10:01:48.762Z,ethereumSepolia,11155111,sepolia.era.zksync.dev,mint,1000,3,1041,0x7f0193e4417868fead28421366163826ca08bd945e374fe68e7fb7e4526726b5,1773989.548375,1785333.351542,11343.803166999947,205950,1374874626,,success,1,0,,,11799782
pilot_1790587924129,mint_N1000_c3_r1,1,2026-09-28T10:01:48.881Z,ethereumSepolia,11155111,sepolia.era.zksync.dev,mint,1000,3,1042,0xbbfd46d57fb665a51c485fc849d28ee25c198e90aff9bec1c7772da02b55169f,1774112.466542,1785452.382584,11339.916042000055,205950,1374874626,,success,1,0,,,11799782
pilot_1790587924129,mint_N1000_c3_r1,1,2026-09-28T10:02:01.779Z,ethereumSepolia,11155111,sepolia.era.zksync.dev,mint,1000,3,1043,0xf4fff4754e3552a710d06b1c9c2ff5c3d43fecd0a588e561be76b28bca52b47b,1785144.51625,1798350.4645,13205.9482499999,205950,1546834455,,success,1,0,,,11799783
pilot_1790587924129,mint_N1000_c3_r1,1,2026-09-28T10:02:01.984Z,ethereumSepolia,11155111,sepolia.era.zksync.dev,mint,1000,3,1044,0x7825788644049ef42bc1b0ca815dc178c0ca0deb19a5c58167cefe9ca6c272c7,1785333.518084,1798555.563667,13222.045582999941,205950,1546834455,,success,1,0,,,11799783
pilot_1790587924129,mint_N1000_c3_r1,1,2026-09-28T10:02:02.095Z,ethereumSepolia,11155111,sepolia.era.zksync.dev,mint,1000,3,1045,0x3da8358be4febe8dba04f3b38579b0ea36b420f4fd6e2c98fd89b5337ccb01d6,1785452.429292,1798666.103,13213.673707999988,205938,1546834455,,success,1,0,,,11799783
pilot_1790587924129,mint_N1000_c3_r1,1,2026-09-28T10:02:13.143Z,ethereumSepolia,11155111,sepolia.era.zksync.dev,mint,1000,3,1046,0x9a6340b236eaddfc7edcebd324a71272a1a5abc8c1afcfe546a1046887bb0d4b,1798350.686375,1809714.331709,11363.645334,205950,1410634804,,success,1,0,,,11799784
pilot_1790587924129,mint_N1000_c3_r1,1,2026-09-28T10:02:13.260Z,ethereumSepolia,11155111,sepolia.era.zksync.dev,mint,1000,3,1047,0x0420095d576b8aa045652160a1235667787f66a14ce730ecd372a10e07909e95,1798555.616459,1809831.710709,11276.094250000082,205950,1410634804,,success,1,0,,,11799784
pilot_1790587924129,mint_N1000_c3_r1,1,2026-09-28T10:02:13.514Z,ethereumSepolia,11155111,sepolia.era.zksync.dev,mint,1000,3,1048,0xd3de877408056bd50263581ffaa51ddad14943de402343a23c94f97890a49199,1798666.143917,1810085.591667,11419.44775000005,205950,1410634804,,success,1,0,,,11799784
pilot_1790587924129,mint_N1000_c3_r1,1,2026-09-28T10:02:24.576Z,ethereumSepolia,11155111,sepolia.era.zksync.dev,mint,1000,3,1049,0xa2c3c50564cf3addc40c04418dafcdd96ee54a5e7c9d6e01b1ed2ac57e1d642c,1809714.407459,1821147.221875,11432.814416000154,205950,1496463143,,success,1,0,,,11799785
pilot_1790587924129,mint_N1000_c3_r1,1,2026-09-28T10:02:24.688Z,ethereumSepolia,11155111,sepolia.era.zksync.dev,mint,1000,3,1050,0x0d23afd138f6e3a446c752efb03a6a20b91e2360042f265858c9c08740a84f13,1809831.772084,1821259.094125,11427.322041000007,205938,1496463143,,success,1,0,,,11799785
pilot_1790587924129,mint_N1000_c3_r1,1,2026-09-28T10:02:24.810Z,ethereumSepolia,11155111,sepolia.era.zksync.dev,mint,1000,3,1051,0x4ccad5d54d302221aa6c732188676ea68890f4548535acb5fd7e37568b8905d8,1810085.637875,1821380.878875,11295.240999999922,205950,1496463143,,success,1,0,,,11799785
pilot_1790587924129,mint_N1000_c3_r1,1,2026-09-28T10:02:37.788Z,ethereumSepolia,11155111,sepolia.era.zksync.dev,mint,1000,3,1052,0x3cdb267ee68308fba343b6ec7b4dd919f6646eff877739ae5e8daae089a65bb7,1821147.281584,1834358.92075,13211.639166000066,205950,1430643403,,success,1,0,,,11799786
pilot_1790587924129,mint_N1000_c3_r1,1,2026-09-28T10:02:37.905Z,ethereumSepolia,11155111,sepolia.era.zksync.dev,mint,1000,3,1053,0xb48bb291e9e17170776954772e3e62ff8b61f19e0c35989fcfbb19d65fee44a1,1821259.126875,1834476.547375,13217.420500000007,205950,1430643403,,success,1,0,,,11799786
pilot_1790587924129,mint_N1000_c3_r1,1,2026-09-28T10:02:38.087Z,ethereumSepolia,11155111,sepolia.era.zksync.dev,mint,1000,3,1054,0xcbce5b9ee22a666f06e9b5264b9678671910e816610499197723e08308ad1523,1821380.912667,1834657.758584,13276.84591699997,205950,1430643403,,success,1,0,,,11799786
pilot_1790587924129,mint_N1000_c3_r1,1,2026-09-28T10:02:48.570Z,ethereumSepolia,11155111,sepolia.era.zksync.dev,mint,1000,3,1057,0x5632c9da9a8c29a1b3fd7a7fdbe047f9434b6b5f9a40183dabcc7560f1dea410,1834657.792292,1845140.904584,10483.11229199986,205950,1361853073,,success,1,0,,,11799787
pilot_1790587924129,mint_N1000_c3_r1,1,2026-09-28T10:02:48.886Z,ethereumSepolia,11155111,sepolia.era.zksync.dev,mint,1000,3,1055,0x69f6e7efdeb0ea19953f04998f7f17596e10f2848762d53141aaffb974ecf9d3,1834359.070375,1845457.498667,11098.4282920002,205950,1361853073,,success,1,0,,,11799787
pilot_1790587924129,mint_N1000_c3_r1,1,2026-09-28T10:02:49.121Z,ethereumSepolia,11155111,sepolia.era.zksync.dev,mint,1000,3,1056,0xdfd00f86e1c3e313d18859e8692003289cacfaf08ed17884d7c6d13e06eb54d1,1834476.595334,1845691.927,11215.331665999955,205938,1361853073,,success,1,0,,,11799787
pilot_1790587924129,mint_N1000_c3_r1,1,2026-09-28T10:03:00.776Z,ethereumSepolia,11155111,sepolia.era.zksync.dev,mint,1000,3,1058,0x89eab3a803a8b9af46855a7c002bf2f02f92395eff1eb9401670846431e3c906,1845140.982959,1857347.531709,12206.548750000075,205950,1503137958,,success,1,0,,,11799788
pilot_1790587924129,mint_N1000_c3_r1,1,2026-09-28T10:03:00.891Z,ethereumSepolia,11155111,sepolia.era.zksync.dev,mint,1000,3,1059,0xc8110b1d3eb2e298aa3504df6dedd521fc81f41e2a2332110009fc614b89a3e5,1845457.573,1857461.973,12004.399999999907,205950,1503137958,,success,1,0,,,11799788
pilot_1790587924129,mint_N1000_c3_r1,1,2026-09-28T10:03:01.154Z,ethereumSepolia,11155111,sepolia.era.zksync.dev,mint,1000,3,1060,0x1e491f347784ca9aee77e618a93fd17bd8d1907fe44e8431d4db3053c34d70fb,1845691.973042,1857725.048,12033.074957999866,205950,1503137958,,success,1,0,,,11799788
pilot_1790587924129,mint_N1000_c3_r1,1,2026-09-28T10:03:13.482Z,ethereumSepolia,11155111,sepolia.era.zksync.dev,mint,1000,3,1062,0xe80c960fd248936d9442be8b6fba63269d0b3310397d41cc6b08481516bc539a,1857462.001959,1870053.192167,12591.190207999898,205938,1409161267,,success,1,0,,,11799789
pilot_1790587924129,mint_N1000_c3_r1,1,2026-09-28T10:03:13.602Z,ethereumSepolia,11155111,sepolia.era.zksync.dev,mint,1000,3,1063,0x7d66394074f676f5d5d4910ec9a8e82d4a7fc006ff7855d40808a57deb7b8741,1857725.123792,1870173.041667,12447.91787499981,205950,1409161267,,success,1,0,,,11799789
pilot_1790587924129,mint_N1000_c3_r1,1,2026-09-28T10:03:13.852Z,ethereumSepolia,11155111,sepolia.era.zksync.dev,mint,1000,3,1061,0xab686eb8d1149e9e9ee103e3fad7c0fc8b38a12345c29209ae8002bb2b258c68,1857347.61725,1870423.118292,13075.501042000018,205950,1409161267,,success,1,0,,,11799789
pilot_1790587924129,mint_N1000_c3_r1,1,2026-09-28T10:03:25.505Z,ethereumSepolia,11155111,sepolia.era.zksync.dev,mint,1000,3,1064,0x8382954b4f9470ae4dbea86f5d6391a61e06257265ea10bdc5712b868b39bb2a,1870053.302792,1882076.399542,12023.096750000026,205938,1569724720,,success,1,0,,,11799790
pilot_1790587924129,mint_N1000_c3_r1,1,2026-09-28T10:03:25.624Z,ethereumSepolia,11155111,sepolia.era.zksync.dev,mint,1000,3,1065,0x25943d4a833616c77311c1f535296b12a083b89e4368832be7bf973c61178353,1870173.086959,1882195.496584,12022.409625000088,205950,1569724720,,success,1,0,,,11799790
pilot_1790587924129,mint_N1000_c3_r1,1,2026-09-28T10:03:25.827Z,ethereumSepolia,11155111,sepolia.era.zksync.dev,mint,1000,3,1066,0x09631c385c5c951e15b16259e55df289b33845e5fcf532ddaf563609d07cbac5,1870423.180959,1882398.04825,11974.867290999973,205950,1569724720,,success,1,0,,,11799790
pilot_1790587924129,mint_N1000_c3_r1,1,2026-09-28T10:03:37.563Z,ethereumSepolia,11155111,sepolia.era.zksync.dev,mint,1000,3,1068,0xd48cf1a2178d37dcec3caa72e4dcb8292ba709e1c02b6e9fe05144ec01a36adb,1882195.551417,1894134.369667,11938.818250000011,205950,1587413395,,success,1,0,,,11799791
pilot_1790587924129,mint_N1000_c3_r1,1,2026-09-28T10:03:37.604Z,ethereumSepolia,11155111,sepolia.era.zksync.dev,mint,1000,3,1069,0xbf64ea97ccb55409232e1fdf14cd2740f7e56b3dbd633b64e4fbed852819d7e8,1882398.098625,1894175.158042,11777.059416999808,205950,1587413395,,success,1,0,,,11799791
pilot_1790587924129,mint_N1000_c3_r1,1,2026-09-28T10:03:37.938Z,ethereumSepolia,11155111,sepolia.era.zksync.dev,mint,1000,3,1067,0x56f5cab94bae027c3d2441b92f3e111a8fa66fde07bde824ab25df3566aa6173,1882076.532292,1894509.47425,12432.941957999952,205950,1587413395,,success,1,0,,,11799791
pilot_1790587924129,mint_N1000_c3_r1,1,2026-09-28T10:03:49.013Z,ethereumSepolia,11155111,sepolia.era.zksync.dev,mint,1000,3,1070,0xe768468b4212cb3de608af7eb9877d4cc8e28594f37b168a5bd5b4cadf1fbcfc,1894134.450792,1905584.080667,11449.6298750001,205950,1473661370,,success,1,0,,,11799792
pilot_1790587924129,mint_N1000_c3_r1,1,2026-09-28T10:03:49.132Z,ethereumSepolia,11155111,sepolia.era.zksync.dev,mint,1000,3,1071,0x93bac775b9f8a03848ba342c44d17aaf725a7cddc23c2d65fc27d46ab3594d27,1894175.246084,1905702.960917,11527.714832999976,205938,1473661370,,success,1,0,,,11799792
pilot_1790587924129,mint_N1000_c3_r1,1,2026-09-28T10:03:49.390Z,ethereumSepolia,11155111,sepolia.era.zksync.dev,mint,1000,3,1072,0x77b390a3ee3fe96631f9ebbb9b9d8ecfb6961abcbf3f5f937a67f843ac676412,1894509.523417,1905961.13375,11451.610333000077,205950,1473661370,,success,1,0,,,11799792
pilot_1790587924129,mint_N1000_c3_r1,1,2026-09-28T10:04:00.547Z,ethereumSepolia,11155111,sepolia.era.zksync.dev,mint,1000,3,1073,0xec8319fee0a8dc9dc749ba339779b2c398f8ec72def57905d9f22798b6b4877c,1905584.148,1917118.546667,11534.398667000001,205950,1513565566,,success,1,0,,,11799793
pilot_1790587924129,mint_N1000_c3_r1,1,2026-09-28T10:04:00.666Z,ethereumSepolia,11155111,sepolia.era.zksync.dev,mint,1000,3,1074,0x3f84ca360154e5cad6863d9036ce7efd2ae81f07360e1ac5237c03ccbed6b66b,1905703.030584,1917237.633042,11534.60245799995,205950,1513565566,,success,1,0,,,11799793
pilot_1790587924129,mint_N1000_c3_r1,1,2026-09-28T10:04:00.782Z,ethereumSepolia,11155111,sepolia.era.zksync.dev,mint,1000,3,1075,0xd7c0065d4cb82b41045c82a2f4c6f7ca8ae048c3c15afb168a58b1cdb8c2e930,1905961.205542,1917352.9265,11391.720958000049,205950,1513565566,,success,1,0,,,11799793
pilot_1790587924129,mint_N1000_c3_r1,1,2026-09-28T10:04:13.830Z,ethereumSepolia,11155111,sepolia.era.zksync.dev,mint,1000,3,1076,0x08b1adc107a756bea64eb24e6899cfd78c9667a7337108290f58f4f1088c7eec,1917118.666792,1930400.998917,13282.332124999957,205950,1459670414,,success,1,0,,,11799794
pilot_1790587924129,mint_N1000_c3_r1,1,2026-09-28T10:04:14.116Z,ethereumSepolia,11155111,sepolia.era.zksync.dev,mint,1000,3,1077,0xaab8094bcc099cdb82fc97271419941ba3ece25a31cc2c44d7e4817320ca97a4,1917237.684875,1930687.200584,13449.515708999941,205938,1459670414,,success,1,0,,,11799794
pilot_1790587924129,mint_N1000_c3_r1,1,2026-09-28T10:04:14.158Z,ethereumSepolia,11155111,sepolia.era.zksync.dev,mint,1000,3,1078,0xcf1e11ee87b8426c5afc3d4f2952dedb61e0e05f510c06b2e83418a0ddb322a6,1917352.958875,1930728.859917,13375.901041999925,205950,1459670414,,success,1,0,,,11799794
pilot_1790587924129,mint_N1000_c3_r1,1,2026-09-28T10:04:24.641Z,ethereumSepolia,11155111,sepolia.era.zksync.dev,mint,1000,3,1079,0xad5e936a329d47901df34a1cbbc754bee29862d7253f402c4a63cc9709734c11,1930401.066584,1941212.368292,10811.301708000014,205950,1420751546,,success,1,0,,,11799795
pilot_1790587924129,mint_N1000_c3_r1,1,2026-09-28T10:04:24.761Z,ethereumSepolia,11155111,sepolia.era.zksync.dev,mint,1000,3,1080,0x0970243bfe2f869fed1120c82bc24e322d524b96f056ec6dd324b07d9dd06d75,1930687.25825,1941331.771542,10644.51329199993,205950,1420751546,,success,1,0,,,11799795
pilot_1790587924129,mint_N1000_c3_r1,1,2026-09-28T10:04:24.879Z,ethereumSepolia,11155111,sepolia.era.zksync.dev,mint,1000,3,1081,0x2a773388e3212db7af142b2bd2d2c2d4fe49c986a28ff0fd2bde53ddcb7ee610,1930728.915125,1941450.601125,10721.685999999987,205950,1420751546,,success,1,0,,,11799795
pilot_1790587924129,mint_N1000_c3_r1,1,2026-09-28T10:04:37.326Z,ethereumSepolia,11155111,sepolia.era.zksync.dev,mint,1000,3,1082,0x24aa6ad77d33a301ec34d0d28d8d2310248f7593710e4c775138128016551dc5,1941212.435875,1953897.211875,12684.77600000007,205950,1522596477,,success,1,0,,,11799796
pilot_1790587924129,mint_N1000_c3_r1,1,2026-09-28T10:04:37.451Z,ethereumSepolia,11155111,sepolia.era.zksync.dev,mint,1000,3,1083,0x0286f8170e8394f05f3a86aa43565d8dde5a01b9af29d9bfe7f602fcc532ceaa,1941331.864292,1954022.507209,12690.64291699999,205950,1522596477,,success,1,0,,,11799796
pilot_1790587924129,mint_N1000_c3_r1,1,2026-09-28T10:04:37.705Z,ethereumSepolia,11155111,sepolia.era.zksync.dev,mint,1000,3,1084,0x8a7ae2fa14466179a2d37b902cee05cd8030cfdefcd425c2ce4fd42c5c3c6d51,1941450.721125,1954276.313417,12825.592292000074,205950,1522596477,,success,1,0,,,11799796
pilot_1790587924129,mint_N1000_c3_r1,1,2026-09-28T10:04:49.394Z,ethereumSepolia,11155111,sepolia.era.zksync.dev,mint,1000,3,1085,0x2756ccfe17a2488a23c5e0d33a0554707049c4df766010c1600f4f417a5026ae,1953897.311917,1965965.104875,12067.792957999976,205950,1468294421,,success,1,0,,,11799797
pilot_1790587924129,mint_N1000_c3_r1,1,2026-09-28T10:04:49.516Z,ethereumSepolia,11155111,sepolia.era.zksync.dev,mint,1000,3,1086,0x486325ef551c388a16770625c541bf37db60971f7b92050f430317715e9b7af1,1954022.557417,1966087.528209,12064.97079199995,205950,1468294421,,success,1,0,,,11799797
pilot_1790587924129,mint_N1000_c3_r1,1,2026-09-28T10:04:49.724Z,ethereumSepolia,11155111,sepolia.era.zksync.dev,mint,1000,3,1087,0xf2bd0b37108c0c13dac9a6961f6ad2d479981fa37d9d90b7bcb8df98c48c46b6,1954276.372792,1966294.686,12018.313208000036,205950,1468294421,,success,1,0,,,11799797
pilot_1790587924129,mint_N1000_c3_r1,1,2026-09-28T10:05:00.835Z,ethereumSepolia,11155111,sepolia.era.zksync.dev,mint,1000,3,1088,0x5902aea4bec12a356f0cc1671234678178f79b9a82049e68d29f07a70f9e1e9d,1965965.160459,1977406.433375,11441.272916000104,205950,1435398772,,success,1,0,,,11799798
pilot_1790587924129,mint_N1000_c3_r1,1,2026-09-28T10:05:00.954Z,ethereumSepolia,11155111,sepolia.era.zksync.dev,mint,1000,3,1089,0x8aab08344f2ede61f18f42745dc99600ace6a07786e2aa2954dbb3ab864237e9,1966087.632459,1977525.022209,11437.38975000009,205950,1435398772,,success,1,0,,,11799798
pilot_1790587924129,mint_N1000_c3_r1,1,2026-09-28T10:05:01.070Z,ethereumSepolia,11155111,sepolia.era.zksync.dev,mint,1000,3,1090,0x310950a40342409a2f49c069e9c887fd31d4922dce05f75f0d6b2d1c111d8baa,1966294.748584,1977641.312125,11346.56354100001,205950,1435398772,,success,1,0,,,11799798
pilot_1790587924129,mint_N1000_c3_r1,1,2026-09-28T10:05:12.817Z,ethereumSepolia,11155111,sepolia.era.zksync.dev,mint,1000,3,1092,0x87363e89d218b0b15fbb89aebdece0e87a6fd83c711264b934d8014391f8ef2c,1977525.147875,1989387.970709,11862.822833999991,205950,1342430037,,success,1,0,,,11799799
pilot_1790587924129,mint_N1000_c3_r1,1,2026-09-28T10:05:12.938Z,ethereumSepolia,11155111,sepolia.era.zksync.dev,mint,1000,3,1093,0x74fae4ec7d7ce9499a184576243f7e1f71daea0b2f24bba0723bd63cbecf2370,1977641.376542,1989508.831459,11867.454916999908,205950,1342430037,,success,1,0,,,11799799
pilot_1790587924129,mint_N1000_c3_r1,1,2026-09-28T10:05:13.243Z,ethereumSepolia,11155111,sepolia.era.zksync.dev,mint,1000,3,1091,0x9bf9c2a8d5f39e52c16b1ad4888e4b7ffa7d6c95306f92911ca50d89c4478daa,1977406.517917,1989814.085459,12407.567541999975,205938,1342430037,,success,1,0,,,11799799
pilot_1790587924129,mint_N1000_c3_r1,1,2026-09-28T10:05:25.546Z,ethereumSepolia,11155111,sepolia.era.zksync.dev,mint,1000,3,1094,0x1dc5ad5e5bfe93fd166133c585abb567704c8d1c6c0e56023fb10a15f132e692,1989388.031917,2002116.612084,12728.58016699995,205950,1515817780,,success,1,0,,,11799800
pilot_1790587924129,mint_N1000_c3_r1,1,2026-09-28T10:05:25.667Z,ethereumSepolia,11155111,sepolia.era.zksync.dev,mint,1000,3,1095,0x40c8d75adcef0760be3c3b86d1eaa20c7f6e9d1b21054ea1c0a687fb59730cfb,1989508.869,2002238.100584,12729.231584000168,205950,1515817780,,success,1,0,,,11799800
pilot_1790587924129,mint_N1000_c3_r1,1,2026-09-28T10:05:25.949Z,ethereumSepolia,11155111,sepolia.era.zksync.dev,mint,1000,3,1096,0xa3b56302c1a576aacbb5c45001ba73e30410182fcebba1d360d96bfa5cafb41f,1989814.150334,2002520.535667,12706.385333000217,205950,1515817780,,success,1,0,,,11799800
pilot_1790587924129,mint_N1000_c3_r1,1,2026-09-28T10:05:37.626Z,ethereumSepolia,11155111,sepolia.era.zksync.dev,mint,1000,3,1097,0xf00392d18d60259692a8896e08892aae0461523ef757ac9cc0ca74cfcc7c285e,2002116.682792,2014196.772042,12080.08924999996,205950,1383136412,,success,1,0,,,11799801
pilot_1790587924129,mint_N1000_c3_r1,1,2026-09-28T10:05:37.890Z,ethereumSepolia,11155111,sepolia.era.zksync.dev,mint,1000,3,1098,0x8861613a9d0c5446109e8c5fad9f0cd535c7db024d74c76eb0cbf59d6b38b0e5,2002238.146042,2014461.096875,12222.95083300001,205950,1383136412,,success,1,0,,,11799801
pilot_1790587924129,mint_N1000_c3_r1,1,2026-09-28T10:05:38.007Z,ethereumSepolia,11155111,sepolia.era.zksync.dev,mint,1000,3,1099,0x3a9719b06807948d9414ab090fdccf744e648bd242622ac8d227fb8179b70559,2002520.585209,2014578.004167,12057.41895800014,205950,1383136412,,success,1,0,,,11799801
pilot_1790587924129,mint_N1000_c3_r1,1,2026-09-28T10:05:48.451Z,ethereumSepolia,11155111,sepolia.era.zksync.dev,mint,1000,3,1100,0xb7c52cc7980fe759e79d6e8d311f9ecb01da0ada1c259bb5a2480ef61c073dc4,2014197.585625,2025022.297917,10824.712291999953,205950,1544134005,,success,1,0,,,11799802
pilot_1790587924129,mint_N1000_c3_r1,1,2026-09-28T10:05:48.570Z,ethereumSepolia,11155111,sepolia.era.zksync.dev,mint,1000,3,1101,0xe40ca9bf02be409c54d75acc20b65bf76bd37159d0ba8a025c3ad5b41e78b344,2014461.146042,2025141.189125,10680.043082999997,205950,1544134005,,success,1,0,,,11799802
pilot_1790587924129,mint_N1000_c3_r1,1,2026-09-28T10:05:48.678Z,ethereumSepolia,11155111,sepolia.era.zksync.dev,mint,1000,3,1102,0xdbd1c62b551552ad1f3cff1d4e1fd6c83535cbd3ece731384e34f7f3988ae7dc,2014578.040917,2025249.219125,10671.178208000027,205950,1544134005,,success,1,0,,,11799802
pilot_1790587924129,mint_N1000_c3_r1,1,2026-09-28T10:06:01.048Z,ethereumSepolia,11155111,sepolia.era.zksync.dev,mint,1000,3,1103,0x8cb3404e9d14fcfd6226aed166d9cf8b218d95e5595492fecd09040dd49b178a,2025022.368417,2037618.627417,12596.259000000078,205950,1411453415,,success,1,0,,,11799803
pilot_1790587924129,mint_N1000_c3_r1,1,2026-09-28T10:06:01.171Z,ethereumSepolia,11155111,sepolia.era.zksync.dev,mint,1000,3,1104,0x3d106f7d1ab18fe56512c619830faf37e7ac0fd32de9e1c9edca7524289d7b20,2025141.22075,2037741.667334,12600.44658400002,205950,1411453415,,success,1,0,,,11799803
pilot_1790587924129,mint_N1000_c3_r1,1,2026-09-28T10:06:01.283Z,ethereumSepolia,11155111,sepolia.era.zksync.dev,mint,1000,3,1105,0xc4ad0d9898516fc55e93019a9b1dfd4bb5082a61774b33106fa2f455fd2173a9,2025249.319959,2037854.015709,12604.695749999955,205950,1411453415,,success,1,0,,,11799803
pilot_1790587924129,mint_N1000_c3_r1,1,2026-09-28T10:06:13.704Z,ethereumSepolia,11155111,sepolia.era.zksync.dev,mint,1000,3,1106,0x693169162fa77cdb40c2f5db4a057ae0cd50216ec0036bd9b6f7f51c3a1588ba,2037618.725292,2050274.891792,12656.16650000005,205938,1493226193,,success,1,0,,,11799804
pilot_1790587924129,mint_N1000_c3_r1,1,2026-09-28T10:06:13.822Z,ethereumSepolia,11155111,sepolia.era.zksync.dev,mint,1000,3,1107,0x35bfa98a860551a634ac0108de34b1347fdbf5955fc8290f7b8b97de2416f1c5,2037741.72925,2050393.095209,12651.365958999842,205938,1493226193,,success,1,0,,,11799804
pilot_1790587924129,mint_N1000_c3_r1,1,2026-09-28T10:06:13.940Z,ethereumSepolia,11155111,sepolia.era.zksync.dev,mint,1000,3,1108,0xb74bc26744cfc77e98a221d99328aba025157267e4f44db9594237c6395106ba,2037854.07225,2050510.880209,12656.807959000114,205950,1493226193,,success,1,0,,,11799804
pilot_1790587924129,mint_N1000_c3_r1,1,2026-09-28T10:06:25.205Z,ethereumSepolia,11155111,sepolia.era.zksync.dev,mint,1000,3,1109,0xc2de5b8d4a38def4a24960f598bbccce8ac6f63f282630424c206c7271871386,2050275.058459,2061775.555709,11500.497250000015,205950,1454211331,,success,1,0,,,11799805
pilot_1790587924129,mint_N1000_c3_r1,1,2026-09-28T10:06:25.326Z,ethereumSepolia,11155111,sepolia.era.zksync.dev,mint,1000,3,1110,0xa93f55fcb29918a1ff159d846f9f08c73e028d3634e29b4c09335d321a54a8ae,2050393.143709,2061897.031709,11503.888000000035,205950,1454211331,,success,1,0,,,11799805
pilot_1790587924129,mint_N1000_c3_r1,1,2026-09-28T10:06:25.440Z,ethereumSepolia,11155111,sepolia.era.zksync.dev,mint,1000,3,1111,0xe0c3676760d5815711e9e5aa63efe57780f043d3c863eab02d8524226e88a02e,2050510.925917,2062010.61075,11499.684832999948,205950,1454211331,,success,1,0,,,11799805
pilot_1790587924129,mint_N1000_c3_r1,1,2026-09-28T10:06:37.321Z,ethereumSepolia,11155111,sepolia.era.zksync.dev,mint,1000,3,1114,0x0235faa566850efe665902e775e3c737fe5d46799caa72728197126960f24b7b,2062010.653292,2073891.898625,11881.245332999853,205950,1392035493,,success,1,0,,,11799806
pilot_1790587924129,mint_N1000_c3_r1,1,2026-09-28T10:06:37.698Z,ethereumSepolia,11155111,sepolia.era.zksync.dev,mint,1000,3,1112,0xf315eca5470e323166861317b242f4e3c84a8116b7750fa2a898f436b7dd1268,2061775.623334,2074268.885334,12493.262000000104,205950,1392035493,,success,1,0,,,11799806
pilot_1790587924129,mint_N1000_c3_r1,1,2026-09-28T10:06:37.819Z,ethereumSepolia,11155111,sepolia.era.zksync.dev,mint,1000,3,1113,0x16fd2bb4f9489973fa00d050231c9d8b1c714f630187726c287e4c976ab5e28c,2061897.074292,2074389.6895,12492.615208000178,205950,1392035493,,success,1,0,,,11799806
pilot_1790587924129,mint_N1000_c3_r1,1,2026-09-28T10:06:48.840Z,ethereumSepolia,11155111,sepolia.era.zksync.dev,mint,1000,3,1115,0xc5b0db2d5d6b0ac068def26c4c2a6b233065bce100d8f8aebb0f6dcd2a9b1080,2073891.948375,2085411.454875,11519.506500000134,205950,1531613067,,success,1,0,,,11799807
pilot_1790587924129,mint_N1000_c3_r1,1,2026-09-28T10:06:48.956Z,ethereumSepolia,11155111,sepolia.era.zksync.dev,mint,1000,3,1116,0x1100b9737b4370c002586e37b2621779e795f0359238ee821382cec9fbf5bdf1,2074269.030584,2085527.168125,11258.137541000033,205950,1531613067,,success,1,0,,,11799807
pilot_1790587924129,mint_N1000_c3_r1,1,2026-09-28T10:06:49.076Z,ethereumSepolia,11155111,sepolia.era.zksync.dev,mint,1000,3,1117,0x4ca4d2babd9b4fe4b2ff5403ca8b9d02f53447011ad3f584d49cfc1f8a636aec,2074389.73075,2085647.233625,11257.502875000006,205950,1531613067,,success,1,0,,,11799807
pilot_1790587924129,mint_N1000_c3_r1,1,2026-09-28T10:07:00.859Z,ethereumSepolia,11155111,sepolia.era.zksync.dev,mint,1000,3,1118,0xdf5d15945514fe339300f6f93bea92d4c07fb051a1b80a5d07c7ab64c5c96799,2085411.538834,2097430.411,12018.872165999841,205950,1552606024,,success,1,0,,,11799808
pilot_1790587924129,mint_N1000_c3_r1,1,2026-09-28T10:07:00.967Z,ethereumSepolia,11155111,sepolia.era.zksync.dev,mint,1000,3,1119,0x819099e193ec66a1931f3c6918887959da756f8f37feae8f92862d87feb73465,2085527.197959,2097538.16375,12010.96579099982,205950,1552606024,,success,1,0,,,11799808
pilot_1790587924129,mint_N1000_c3_r1,1,2026-09-28T10:07:01.079Z,ethereumSepolia,11155111,sepolia.era.zksync.dev,mint,1000,3,1120,0xfe258a1b8286f9a3be8ec14ae5b2ed396f20e1c4d592b0abd3d97ec04cef4293,2085647.289042,2097650.251709,12002.962667000247,205950,1552606024,,success,1,0,,,11799808
pilot_1790587924129,mint_N1000_c3_r1,1,2026-09-28T10:07:13.399Z,ethereumSepolia,11155111,sepolia.era.zksync.dev,mint,1000,3,1121,0x73cbef29b863a701665ec3f6a37a1ae4b50eac6096eb5d6b6dff5e10fe298b3c,2097430.548292,2109969.938417,12539.390125000384,205950,1483384791,,success,1,0,,,11799809
pilot_1790587924129,mint_N1000_c3_r1,1,2026-09-28T10:07:13.508Z,ethereumSepolia,11155111,sepolia.era.zksync.dev,mint,1000,3,1122,0x13ecda210b882040ead21018f5db7d45bdfd8a30c8a5eb8784e646bc6856c601,2097538.226584,2110078.872709,12540.64612499997,205950,1483384791,,success,1,0,,,11799809
pilot_1790587924129,mint_N1000_c3_r1,1,2026-09-28T10:07:13.624Z,ethereumSepolia,11155111,sepolia.era.zksync.dev,mint,1000,3,1123,0xf45bb952156d656f7a8c31151dc5405157de017cfbff6123e006d7946fa09c2a,2097650.29675,2110195.130042,12544.833291999996,205950,1483384791,,success,1,0,,,11799809
pilot_1790587924129,mint_N1000_c3_r1,1,2026-09-28T10:07:24.654Z,ethereumSepolia,11155111,sepolia.era.zksync.dev,mint,1000,3,1124,0x0ea3c7b3f421fe1f3a8a6ec4aab5825a71a9d9b8a5c83a7fe2a29eb3fb63fd93,2109970.025875,2121225.021,11254.995125000365,205938,1372835283,,success,1,0,,,11799810
pilot_1790587924129,mint_N1000_c3_r1,1,2026-09-28T10:07:24.836Z,ethereumSepolia,11155111,sepolia.era.zksync.dev,mint,1000,3,1125,0x7fa2533ce9a93c2d9ec200628d6f939dbfbffabb9830ba26afc55099107a937a,2110078.9515,2121407.0805,11328.12900000019,205950,1372835283,,success,1,0,,,11799810
pilot_1790587924129,mint_N1000_c3_r1,1,2026-09-28T10:07:24.956Z,ethereumSepolia,11155111,sepolia.era.zksync.dev,mint,1000,3,1126,0x238ecd20e72bca592479ac0a18cffdd17cb194a3d79c5cac2bb490a2247d27d7,2110195.174167,2121527.277667,11332.103499999736,205950,1372835283,,success,1,0,,,11799810
pilot_1790587924129,mint_N1000_c3_r1,1,2026-09-28T10:07:36.902Z,ethereumSepolia,11155111,sepolia.era.zksync.dev,mint,1000,3,1129,0x018e26943d8549d6460196d92b39971a2121055a6fa496d9f227d76728d0d13f,2121527.456792,2133473.220834,11945.76404199982,205938,1557734049,,success,1,0,,,11799811
pilot_1790587924129,mint_N1000_c3_r1,1,2026-09-28T10:07:37.218Z,ethereumSepolia,11155111,sepolia.era.zksync.dev,mint,1000,3,1127,0x39def0655382f120c836e15a78ace1cd185557bfeb65b6854dfdd9c6214bcb21,2121225.156084,2133788.613209,12563.457124999724,205938,1557734049,,success,1,0,,,11799811
pilot_1790587924129,mint_N1000_c3_r1,1,2026-09-28T10:07:37.257Z,ethereumSepolia,11155111,sepolia.era.zksync.dev,mint,1000,3,1128,0x7ce7c11449094865e8c52bb36eb1bacae56a303fdb5f96c9566aef26a75fe841,2121407.245459,2133828.171167,12420.925708000083,205950,1557734049,,success,1,0,,,11799811
pilot_1790587924129,mint_N1000_c3_r1,1,2026-09-28T10:07:49.682Z,ethereumSepolia,11155111,sepolia.era.zksync.dev,mint,1000,3,1130,0xc9f430534fe0c0498ace54f319d2a7abfbaa72ab74d87eaec1e5a9f630d15c6f,2133473.460334,2146253.086375,12779.626040999778,205950,1470255796,,success,1,0,,,11799812
pilot_1790587924129,mint_N1000_c3_r1,1,2026-09-28T10:07:49.802Z,ethereumSepolia,11155111,sepolia.era.zksync.dev,mint,1000,3,1131,0x523b4e246b607ee7399c68567c9be9a7f4d2e4b38da5fc9522a9c22e36de5f32,2133788.680709,2146372.929375,12584.248665999621,205950,1470255796,,success,1,0,,,11799812
pilot_1790587924129,mint_N1000_c3_r1,1,2026-09-28T10:07:49.901Z,ethereumSepolia,11155111,sepolia.era.zksync.dev,mint,1000,3,1132,0x74d921711959ce8218d586b0bfff03b870c7d5637a2a0c5a300a8e978632d46c,2133828.206542,2146472.300292,12644.09375,205950,1470255796,,success,1,0,,,11799812
pilot_1790587924129,mint_N1000_c3_r1,1,2026-09-28T10:08:01.633Z,ethereumSepolia,11155111,sepolia.era.zksync.dev,mint,1000,3,1133,0x3d5e439ba56a5427ca81738ac5eee5b7ca9ff7bd0102fb90b00abfc95e9ba3cf,2146253.218042,2158204.230542,11951.01249999972,205950,1515397307,,success,1,0,,,11799813
pilot_1790587924129,mint_N1000_c3_r1,1,2026-09-28T10:08:01.752Z,ethereumSepolia,11155111,sepolia.era.zksync.dev,mint,1000,3,1134,0x22558051b2a136f3b6ca220269d3399d622bdbf1ff4078b710c3289b399a504e,2146373.057,2158323.122375,11950.065374999773,205938,1515397307,,success,1,0,,,11799813
pilot_1790587924129,mint_N1000_c3_r1,1,2026-09-28T10:08:01.851Z,ethereumSepolia,11155111,sepolia.era.zksync.dev,mint,1000,3,1135,0x39ac2894b3d82d0e7cf1e8a4ef5a21683f5f657ee30ff3146e1e2fdc189a2a43,2146472.362292,2158422.323542,11949.961249999702,205950,1515397307,,success,1,0,,,11799813
pilot_1790587924129,mint_N1000_c3_r1,1,2026-09-28T10:08:12.898Z,ethereumSepolia,11155111,sepolia.era.zksync.dev,mint,1000,3,1136,0x7ed3eff1854dcd28a99b87fe6da72246cebf47431a4ee0e1be9ed370b90ff1ca,2158204.390209,2169468.854209,11264.463999999687,205950,1413573568,,success,1,0,,,11799814
pilot_1790587924129,mint_N1000_c3_r1,1,2026-09-28T10:08:13.179Z,ethereumSepolia,11155111,sepolia.era.zksync.dev,mint,1000,3,1137,0xd1b78d6e9c79326dbdbc61b950be0002a4294587aafc406d9308e03c05e43614,2158323.157334,2169750.418375,11427.26104100002,205950,1413573568,,success,1,0,,,11799814
pilot_1790587924129,mint_N1000_c3_r1,1,2026-09-28T10:08:13.218Z,ethereumSepolia,11155111,sepolia.era.zksync.dev,mint,1000,3,1138,0xa41a7c2da9ace847d9e2981ee34dac19cec458028c31d88a2392e908e84d4ad5,2158422.376292,2169789.073417,11366.697124999948,205950,1413573568,,success,1,0,,,11799814
pilot_1790587924129,mint_N1000_c3_r1,1,2026-09-28T10:08:24.344Z,ethereumSepolia,11155111,sepolia.era.zksync.dev,mint,1000,3,1141,0x5ccddf379a1772438f8b85b2faeac8d502efcafcb98dabb524355a7c28bdb5f3,2169789.158875,2180914.764584,11125.605709000025,205950,1533839080,,success,1,0,,,11799815
pilot_1790587924129,mint_N1000_c3_r1,1,2026-09-28T10:08:24.726Z,ethereumSepolia,11155111,sepolia.era.zksync.dev,mint,1000,3,1139,0x2df7ab55f92f8701673100bac24d05e822696e74b9dcc92ebe15e7624150f513,2169468.914334,2181296.924375,11828.010040999856,205950,1533839080,,success,1,0,,,11799815
pilot_1790587924129,mint_N1000_c3_r1,1,2026-09-28T10:08:24.844Z,ethereumSepolia,11155111,sepolia.era.zksync.dev,mint,1000,3,1140,0xba28c5504e8ea1a28cf0e1ca24d5ebe28fb30acb974086ab362cb7ab96abcbec,2169750.490834,2181415.101584,11664.610749999993,205950,1533839080,,success,1,0,,,11799815
pilot_1790587924129,mint_N1000_c3_r1,1,2026-09-28T10:08:36.546Z,ethereumSepolia,11155111,sepolia.era.zksync.dev,mint,1000,3,1142,0x6a80a14681ce473f7206cbd367aff020b0492a1c753db2d038d4c9f3b28d7d31,2180914.843042,2193117.163334,12202.320291999727,205950,1602206452,,success,1,0,,,11799816
pilot_1790587924129,mint_N1000_c3_r1,1,2026-09-28T10:08:36.822Z,ethereumSepolia,11155111,sepolia.era.zksync.dev,mint,1000,3,1143,0xa38e2e1e1448fcce9676c79782180cea976868b3abce43aaab5c29b323da4dc3,2181296.996167,2193393.126459,12096.130292000249,205950,1602206452,,success,1,0,,,11799816
pilot_1790587924129,mint_N1000_c3_r1,1,2026-09-28T10:08:36.863Z,ethereumSepolia,11155111,sepolia.era.zksync.dev,mint,1000,3,1144,0x9d738d20527384fb170ccc0d557d052e270305d64a57f50f6626846f42f60a7d,2181415.249875,2193434.17975,12018.929874999914,205938,1602206452,,success,1,0,,,11799816
pilot_1790587924129,mint_N1000_c3_r1,1,2026-09-28T10:08:49.959Z,ethereumSepolia,11155111,sepolia.era.zksync.dev,mint,1000,3,1145,0x78f47c29da747b19da48eb3a35cf19a5160267b1e35cb9433e68548e7ae3de8c,2193117.229834,2206530.180334,13412.950499999803,205950,1539265540,,success,1,0,,,11799817
pilot_1790587924129,mint_N1000_c3_r1,1,2026-09-28T10:08:50.068Z,ethereumSepolia,11155111,sepolia.era.zksync.dev,mint,1000,3,1146,0xc6b54230d14a78c7469d95910df438f65f58bb716b211d63b2f4ae4ff8260edf,2193393.182625,2206639.392667,13246.210042000283,205950,1539265540,,success,1,0,,,11799817
pilot_1790587924129,mint_N1000_c3_r1,1,2026-09-28T10:08:50.199Z,ethereumSepolia,11155111,sepolia.era.zksync.dev,mint,1000,3,1147,0x7859ce5d08c543fd97bb9d3f0bf6a433ef0e171c084e3b5928b68e82d733303d,2193434.220042,2206769.619459,13335.399416999891,205938,1539265540,,success,1,0,,,11799817
pilot_1790587924129,mint_N1000_c3_r1,1,2026-09-28T10:09:01.410Z,ethereumSepolia,11155111,sepolia.era.zksync.dev,mint,1000,3,1148,0x065e68f735537466f981448b2efffcbb4ddce6e4ebbbfe1c1d52ada0e0b6fa41,2206530.255042,2217980.835875,11450.580832999665,205950,1541762238,,success,1,0,,,11799818
pilot_1790587924129,mint_N1000_c3_r1,1,2026-09-28T10:09:01.533Z,ethereumSepolia,11155111,sepolia.era.zksync.dev,mint,1000,3,1149,0x06e7062373c37f0ca025ac35c97bcef43f4e3ed421933b57ea37cc63e476f0e2,2206639.435917,2218103.882042,11464.44612500025,205950,1541762238,,success,1,0,,,11799818
pilot_1790587924129,mint_N1000_c3_r1,1,2026-09-28T10:09:01.643Z,ethereumSepolia,11155111,sepolia.era.zksync.dev,mint,1000,3,1150,0xb627567b0bc57e786f05a3919eb224189ff633822b5b0b0e8df9ecae91cb8736,2206769.655459,2218214.302667,11444.647208000068,205950,1541762238,,success,1,0,,,11799818
pilot_1790587924129,mint_N1000_c3_r1,1,2026-09-28T10:09:13.479Z,ethereumSepolia,11155111,sepolia.era.zksync.dev,mint,1000,3,1152,0xa81b042904953531341bc4bd5aecf6ee73f3ec97b10b23661c1ce72bb22f40f9,2218103.920917,2230049.89775,11945.976832999848,205950,1425265266,,success,1,0,,,11799819
pilot_1790587924129,mint_N1000_c3_r1,1,2026-09-28T10:09:13.522Z,ethereumSepolia,11155111,sepolia.era.zksync.dev,mint,1000,3,1153,0x716593bcb8f96d46abd0dfd8874f6395f87e070e836108124b57dc1db7425bb4,2218214.376875,2230092.493875,11878.117000000086,205950,1425265266,,success,1,0,,,11799819
pilot_1790587924129,mint_N1000_c3_r1,1,2026-09-28T10:09:13.897Z,ethereumSepolia,11155111,sepolia.era.zksync.dev,mint,1000,3,1151,0x06853f960f17e72f6ae3e9d0079acd24f2fd4c431f8cf7fe6bc05b7df8eca24d,2217980.877459,2230467.9145,12487.03704100009,205950,1425265266,,success,1,0,,,11799819
pilot_1790587924129,mint_N1000_c3_r1,1,2026-09-28T10:09:24.460Z,ethereumSepolia,11155111,sepolia.era.zksync.dev,mint,1000,3,1156,0xbe24742fa591e16ac236ba6dbdc44f69e1aaea7feff8cc13c5b09ad4b16f014d,2230467.975542,2241031.231959,10563.2564170002,205950,1519645922,,success,1,0,,,11799820
pilot_1790587924129,mint_N1000_c3_r1,1,2026-09-28T10:09:24.782Z,ethereumSepolia,11155111,sepolia.era.zksync.dev,mint,1000,3,1154,0x38cdbc7bbe6fc5fb5425520842ef227fa033b67ee506b38a235303b2e438c358,2230049.93225,2241353.181625,11303.24937500013,205950,1519645922,,success,1,0,,,11799820
pilot_1790587924129,mint_N1000_c3_r1,1,2026-09-28T10:09:25.002Z,ethereumSepolia,11155111,sepolia.era.zksync.dev,mint,1000,3,1155,0x97f99c10c6019f59ee9367d86dc8254a896806838a7d35c42efdf50a76a77633,2230092.515625,2241572.574917,11480.059291999787,205950,1519645922,,success,1,0,,,11799820
pilot_1790587924129,mint_N1000_c3_r1,1,2026-09-28T10:09:36.700Z,ethereumSepolia,11155111,sepolia.era.zksync.dev,mint,1000,3,1157,0x3c802e51a021b2af0e80da8718d9169ad46110b148c0d0da5f66ddde7658d5e0,2241031.37525,2253270.6985,12239.3232499999,205950,1454604264,,success,1,0,,,11799821
pilot_1790587924129,mint_N1000_c3_r1,1,2026-09-28T10:09:36.819Z,ethereumSepolia,11155111,sepolia.era.zksync.dev,mint,1000,3,1158,0xc8666c6ea5a88dd08d229c3964c833bd45644e33a3bde733f04d6b224f7f9ec8,2241353.237584,2253389.449875,12036.212290999945,205950,1454604264,,success,1,0,,,11799821
pilot_1790587924129,mint_N1000_c3_r1,1,2026-09-28T10:09:37.001Z,ethereumSepolia,11155111,sepolia.era.zksync.dev,mint,1000,3,1159,0x48f1b3b61918b5de3f8ee381ffe5a79cfa29ec3bd771cc4a5411cf6f4439d792,2241572.614834,2253571.755709,11999.140875000041,205938,1454604264,,success,1,0,,,11799821
pilot_1790587924129,mint_N1000_c3_r1,1,2026-09-28T10:09:49.590Z,ethereumSepolia,11155111,sepolia.era.zksync.dev,mint,1000,3,1161,0x8db9c46ce4c9c331abcaf7e66245546d626c618f21ec6b536a1a8c36e0e38372,2253389.503792,2266160.917875,12771.414082999807,205938,1338733100,,success,1,0,,,11799822
pilot_1790587924129,mint_N1000_c3_r1,1,2026-09-28T10:09:49.628Z,ethereumSepolia,11155111,sepolia.era.zksync.dev,mint,1000,3,1162,0xe0be7768c767809cc88c9d4d999555811e8d52906017314b9fcd05ae3ef5c2be,2253571.822917,2266199.082042,12627.259124999866,205950,1338733100,,success,1,0,,,11799822
pilot_1790587924129,mint_N1000_c3_r1,1,2026-09-28T10:09:49.940Z,ethereumSepolia,11155111,sepolia.era.zksync.dev,mint,1000,3,1160,0xd3a0715c3ccfb575c1b275297f635b6badc4690a3f9b668aace1a5b2be853c44,2253270.770542,2266511.080709,13240.310167000163,205950,1338733100,,success,1,0,,,11799822
pilot_1790587924129,mint_N1000_c3_r1,1,2026-09-28T10:10:01.697Z,ethereumSepolia,11155111,sepolia.era.zksync.dev,mint,1000,3,1164,0xdff0321afe4fb2b83511bd4b20a7814b48c56828ba66f1d36dd96d0374300f94,2266199.165292,2278267.595875,12068.430583000183,205950,1537922274,,success,1,0,,,11799823
pilot_1790587924129,mint_N1000_c3_r1,1,2026-09-28T10:10:01.817Z,ethereumSepolia,11155111,sepolia.era.zksync.dev,mint,1000,3,1163,0x15a6229c282d4ff719d93063fe14e8ae820d76cc7336e62564332eb2e2d20b30,2266160.988084,2278388.327542,12227.339457999915,205950,1537922274,,success,1,0,,,11799823
pilot_1790587924129,mint_N1000_c3_r1,1,2026-09-28T10:10:01.932Z,ethereumSepolia,11155111,sepolia.era.zksync.dev,mint,1000,3,1165,0xd42a9f5c80a64157c3741f312dca162fa3c9aee1f839357a84db415618ce2af7,2266511.162417,2278502.792875,11991.63045799965,205938,1537922274,,success,1,0,,,11799823
pilot_1790587924129,mint_N1000_c3_r1,1,2026-09-28T10:10:12.980Z,ethereumSepolia,11155111,sepolia.era.zksync.dev,mint,1000,3,1166,0x34864aa330db678b4c344ef6319c99c54c8d1dd5cfa02ecd6899482b32fa77e9,2278267.66225,2289550.698042,11283.035792000126,205950,1366288124,,success,1,0,,,11799824
pilot_1790587924129,mint_N1000_c3_r1,1,2026-09-28T10:10:13.172Z,ethereumSepolia,11155111,sepolia.era.zksync.dev,mint,1000,3,1167,0xa9a4d66ff26bdb18c81fabfa6825f001aee57dca806ee8eccd4a5bb72de2b406,2278388.441375,2289742.610209,11354.168833999895,205950,1366288124,,success,1,0,,,11799824
pilot_1790587924129,mint_N1000_c3_r1,1,2026-09-28T10:10:13.294Z,ethereumSepolia,11155111,sepolia.era.zksync.dev,mint,1000,3,1168,0x0e27947446be8e898f55e7b55ef8ee3c3a7ce3bf359a1403a67aee0098c8714e,2278502.825875,2289864.585,11361.759124999866,205950,1366288124,,success,1,0,,,11799824
pilot_1790587924129,mint_N1000_c3_r1,1,2026-09-28T10:10:25.599Z,ethereumSepolia,11155111,sepolia.era.zksync.dev,mint,1000,3,1169,0xde702d2b3a1a81108f1ad31af0302e21eb43a0995dedd993846e667fddb07043,2289550.763292,2302170.341375,12619.57808299968,205950,1486792611,,success,1,0,,,11799825
pilot_1790587924129,mint_N1000_c3_r1,1,2026-09-28T10:10:25.807Z,ethereumSepolia,11155111,sepolia.era.zksync.dev,mint,1000,3,1170,0x9e0e9cf7211c05a01d6e8af997bdc970feade7d83c041a4db63d4f000203288f,2289742.771709,2302377.715417,12634.943707999773,205938,1486792611,,success,1,0,,,11799825
pilot_1790587924129,mint_N1000_c3_r1,1,2026-09-28T10:10:25.924Z,ethereumSepolia,11155111,sepolia.era.zksync.dev,mint,1000,3,1171,0x5931248ced3719aa90d23b995d86dfbb11a93acede879b20f2d2886541a91201,2289864.637042,2302495.082375,12630.445333000273,205950,1486792611,,success,1,0,,,11799825
pilot_1790587924129,mint_N1000_c3_r1,1,2026-09-28T10:10:37.815Z,ethereumSepolia,11155111,sepolia.era.zksync.dev,mint,1000,3,1172,0xacee51c163ad049916ef6d8a0cce5838c969eeb25099a80e35ace9b3ab28f25f,2302170.406125,2314385.403792,12214.997666999698,205950,1445199494,,success,1,0,,,11799826
pilot_1790587924129,mint_N1000_c3_r1,1,2026-09-28T10:10:37.922Z,ethereumSepolia,11155111,sepolia.era.zksync.dev,mint,1000,3,1173,0x0954320dded738ee7eea83ed1c3a1a8566a1f4a9a4c24155f3aa77933a86cb91,2302377.767042,2314492.168834,12114.401792000048,205950,1445199494,,success,1,0,,,11799826
pilot_1790587924129,mint_N1000_c3_r1,1,2026-09-28T10:10:38.034Z,ethereumSepolia,11155111,sepolia.era.zksync.dev,mint,1000,3,1174,0x0adedfa63eef5a306b18adb252117e66b12da051f6e166c9e7cd8585a9dde7a5,2302495.115625,2314604.565584,12109.449959000107,205950,1445199494,,success,1,0,,,11799826
pilot_1790587924129,mint_N1000_c3_r1,1,2026-09-28T10:10:49.657Z,ethereumSepolia,11155111,sepolia.era.zksync.dev,mint,1000,3,1175,0x69eaef0b57ce968c1b0f8ea84808be3deff5476533cc99faa8aedcf1651a3a39,2314385.481292,2326227.496792,11842.015499999747,205950,1518738136,,success,1,0,,,11799827
pilot_1790587924129,mint_N1000_c3_r1,1,2026-09-28T10:10:49.849Z,ethereumSepolia,11155111,sepolia.era.zksync.dev,mint,1000,3,1176,0x174fe42be441e82c2c19a350d68932dc4dfbdd6ba4c6797f1796a239aa3fb2d3,2314492.592292,2326419.583917,11926.991624999791,205950,1518738136,,success,1,0,,,11799827
pilot_1790587924129,mint_N1000_c3_r1,1,2026-09-28T10:10:49.968Z,ethereumSepolia,11155111,sepolia.era.zksync.dev,mint,1000,3,1177,0xb4ec1199b5df45ce9dd98180a5d3076ecbe20e35b91bd0c43d01d9a3a6e85033,2314604.607834,2326538.414875,11933.807040999644,205950,1518738136,,success,1,0,,,11799827
pilot_1790587924129,mint_N1000_c3_r1,1,2026-09-28T10:11:01.039Z,ethereumSepolia,11155111,sepolia.era.zksync.dev,mint,1000,3,1178,0x1ab0e048561033d55453d7c86f4ae25c901dedd8cdb94d52f0e40c1dc40bdd8d,2326227.564959,2337609.319125,11381.754166000057,205950,1369369389,,success,1,0,,,11799828
pilot_1790587924129,mint_N1000_c3_r1,1,2026-09-28T10:11:01.155Z,ethereumSepolia,11155111,sepolia.era.zksync.dev,mint,1000,3,1179,0x610b051c0c90b478e019e29804f8221ee65eb1b3c1c37ceb312d1c2c98c94f05,2326419.644209,2337726.059292,11306.41508299997,205950,1369369389,,success,1,0,,,11799828
pilot_1790587924129,mint_N1000_c3_r1,1,2026-09-28T10:11:01.274Z,ethereumSepolia,11155111,sepolia.era.zksync.dev,mint,1000,3,1180,0xa58ac0e283abfc6b4a3197eabb27ed9b3c4f90117451e3f2d86de685ddf2c9b1,2326538.472542,2337845.119959,11306.64741700003,205950,1369369389,,success,1,0,,,11799828
pilot_1790587924129,mint_N1000_c3_r1,1,2026-09-28T10:11:13.102Z,ethereumSepolia,11155111,sepolia.era.zksync.dev,mint,1000,3,1181,0x72b037a61ae1fb4dc932fb4a35bee238c5a553dcabb5aac1851ba800668816ae,2337609.470209,2349673.266417,12063.79620799981,205950,1496260482,,success,1,0,,,11799829
pilot_1790587924129,mint_N1000_c3_r1,1,2026-09-28T10:11:13.229Z,ethereumSepolia,11155111,sepolia.era.zksync.dev,mint,1000,3,1182,0x0351db09e1a121f93cf5e672de0a6cd2b5ef9d175d783bc62d59f7595bf0b669,2337726.101459,2349799.857125,12073.755666000303,205950,1496260482,,success,1,0,,,11799829
pilot_1790587924129,mint_N1000_c3_r1,1,2026-09-28T10:11:13.436Z,ethereumSepolia,11155111,sepolia.era.zksync.dev,mint,1000,3,1183,0x63f50cdee560c6c2f27e3c56acda06fe2791c505bc04ca344d7d05f9cfe083d4,2337845.176125,2350007.218167,12162.042041999754,205950,1496260482,,success,1,0,,,11799829
pilot_1790587924129,mint_N1000_c3_r1,1,2026-09-28T10:11:25.755Z,ethereumSepolia,11155111,sepolia.era.zksync.dev,mint,1000,3,1184,0xd52680c7cb04e0895722490330b8dab176ef71511bc21a880e122a3c0ea24062,2349673.371417,2362325.960709,12652.589292000048,205950,1460757546,,success,1,0,,,11799830
pilot_1790587924129,mint_N1000_c3_r1,1,2026-09-28T10:11:25.872Z,ethereumSepolia,11155111,sepolia.era.zksync.dev,mint,1000,3,1185,0x684d9b01f411d172290b61101ed803aa542036d57cd7c5dd7a313454bddde0a3,2349799.913542,2362442.822667,12642.909124999773,205950,1460757546,,success,1,0,,,11799830
pilot_1790587924129,mint_N1000_c3_r1,1,2026-09-28T10:11:26.061Z,ethereumSepolia,11155111,sepolia.era.zksync.dev,mint,1000,3,1186,0x65c50ca9b6d249da8b0c776467b919c261431371d20739befdf0d19f18dbda3b,2350007.282917,2362631.729917,12624.44700000016,205950,1460757546,,success,1,0,,,11799830
pilot_1790587924129,mint_N1000_c3_r1,1,2026-09-28T10:11:37.795Z,ethereumSepolia,11155111,sepolia.era.zksync.dev,mint,1000,3,1187,0xf8de00cc7b7898480699a1041b4304398c9697266a490f756a79764573f200c2,2362326.0225,2374365.593084,12039.570584000088,205950,1401938556,,success,1,0,,,11799831
pilot_1790587924129,mint_N1000_c3_r1,1,2026-09-28T10:11:37.914Z,ethereumSepolia,11155111,sepolia.era.zksync.dev,mint,1000,3,1188,0x125d10ebc9e3b9f6427c591f9e14e2aca04e73b5fd930df95bb3d0af72c2a3e9,2362442.856792,2374484.621334,12041.764541999903,205950,1401938556,,success,1,0,,,11799831
pilot_1790587924129,mint_N1000_c3_r1,1,2026-09-28T10:11:38.119Z,ethereumSepolia,11155111,sepolia.era.zksync.dev,mint,1000,3,1189,0xce9e61be9093d247cac509e33538984c15ff0374a88abbb2b595f03725730ce2,2362631.783584,2374690.267625,12058.484040999785,205938,1401938556,,success,1,0,,,11799831
pilot_1790587924129,mint_N1000_c3_r1,1,2026-09-28T10:11:48.601Z,ethereumSepolia,11155111,sepolia.era.zksync.dev,mint,1000,3,1191,0x70cc585aa1acec861ed0dac7970feb8d8ab9e9c9b86ff26577096174ce0aaf95,2374484.67775,2385171.994125,10687.316375000402,205950,1507403567,,success,1,0,,,11799832
pilot_1790587924129,mint_N1000_c3_r1,1,2026-09-28T10:11:48.721Z,ethereumSepolia,11155111,sepolia.era.zksync.dev,mint,1000,3,1192,0x46b0fffac7276a62d37e791210a55bd359401c390b3d0b947fe0c015761f10f2,2374690.384334,2385291.647584,10601.26325000031,205938,1507403567,,success,1,0,,,11799832
pilot_1790587924129,mint_N1000_c3_r1,1,2026-09-28T10:11:48.993Z,ethereumSepolia,11155111,sepolia.era.zksync.dev,mint,1000,3,1190,0xf63eabab1ecb37fcf8541155cc231050452c8d863b9b80d95e990f9a3146b064,2374365.729292,2385564.222084,11198.492791999597,205950,1507403567,,success,1,0,,,11799832
pilot_1790587924129,mint_N1000_c3_r1,1,2026-09-28T10:12:01.408Z,ethereumSepolia,11155111,sepolia.era.zksync.dev,mint,1000,3,1193,0xab6c57eadf58df54cfbd82aa4c8a8db58deab487df9f38baeb2cbbd16f84aa52,2385172.045292,2397978.313459,12806.268167000264,205950,1356249978,,success,1,0,,,11799833
pilot_1790587924129,mint_N1000_c3_r1,1,2026-09-28T10:12:01.522Z,ethereumSepolia,11155111,sepolia.era.zksync.dev,mint,1000,3,1194,0x8171ac271177b9f3eb9905631fbbbfd9cc54d899b6df58e16beb02b3a3b29753,2385291.713417,2398092.767209,12801.053791999817,205938,1356249978,,success,1,0,,,11799833
pilot_1790587924129,mint_N1000_c3_r1,1,2026-09-28T10:12:01.713Z,ethereumSepolia,11155111,sepolia.era.zksync.dev,mint,1000,3,1195,0x106925f2f6c97e2e0b3e058d6fb556b95930930c1751ac761df17195f96f0a22,2385564.275167,2398283.5075,12719.232332999818,205950,1356249978,,success,1,0,,,11799833
pilot_1790587924129,mint_N1000_c3_r1,1,2026-09-28T10:12:12.770Z,ethereumSepolia,11155111,sepolia.era.zksync.dev,mint,1000,3,1196,0x4b84afdd0c0f4e411696a618ddd3983ca9cd4d525da69a82d1cb0ecb20408645,2397978.37075,2409341.112625,11362.741875000298,205950,1512406156,,success,1,0,,,11799834
pilot_1790587924129,mint_N1000_c3_r1,1,2026-09-28T10:12:12.895Z,ethereumSepolia,11155111,sepolia.era.zksync.dev,mint,1000,3,1197,0xc815add856a0a5f523ecc8ba1f0ccb2356d18d7d4955bd85eec6c44162e3ce54,2398092.991792,2409465.986834,11372.995041999966,205938,1512406156,,success,1,0,,,11799834
pilot_1790587924129,mint_N1000_c3_r1,1,2026-09-28T10:12:12.993Z,ethereumSepolia,11155111,sepolia.era.zksync.dev,mint,1000,3,1198,0x170f2d77e064aa689ff064614a007860cea58961fe0f935bb533bbe782b027c6,2398283.568709,2409564.05825,11280.489540999755,205950,1512406156,,success,1,0,,,11799834
pilot_1790587924129,mint_N1000_c3_r1,1,2026-09-28T10:12:24.736Z,ethereumSepolia,11155111,sepolia.era.zksync.dev,mint,1000,3,1199,0xa790bd17e62413f1981b932bc42cdf6f42dc0ed2cedef15c4c3179bbda9448a0,2409341.185334,2421306.601042,11965.415708000306,205950,1384656991,,success,1,0,,,11799835
pilot_1790587924129,mint_N1000_c3_r1,1,2026-09-28T10:12:24.870Z,ethereumSepolia,11155111,sepolia.era.zksync.dev,mint,1000,3,1200,0x06aa72d97a65c54f384432d02981b3e5bcdb8cb87d016c26b537c3b47dfc614b,2409466.087417,2421440.542709,11974.45529199997,205950,1384656991,,success,1,0,,,11799835
pilot_1790587924129,mint_N1000_c3_r1,1,2026-09-28T10:12:24.990Z,ethereumSepolia,11155111,sepolia.era.zksync.dev,mint,1000,3,1201,0xae3b5f7b557ce90e55c5dc4b34e02218b191331d89350bce3842121b15d45dd9,2409564.100334,2421560.646959,11996.546624999959,205950,1384656991,,success,1,0,,,11799835
pilot_1790587924129,mint_N1000_c3_r1,1,2026-09-28T10:12:36.891Z,ethereumSepolia,11155111,sepolia.era.zksync.dev,mint,1000,3,1202,0x4b3e9a64a9532e047a4829b6c419245dc2db5fac98e9d9001fe33fd67d8b1406,2421306.669125,2433461.389292,12154.720166999847,205950,1516138382,,success,1,0,,,11799836
pilot_1790587924129,mint_N1000_c3_r1,1,2026-09-28T10:12:37.025Z,ethereumSepolia,11155111,sepolia.era.zksync.dev,mint,1000,3,1203,0x1c57041441af692595d731f975531000704e3a23e344ab2ffa7b3914b92d5a8d,2421440.665709,2433595.695292,12155.029583000112,205950,1516138382,,success,1,0,,,11799836
pilot_1790587924129,mint_N1000_c3_r1,1,2026-09-28T10:12:37.156Z,ethereumSepolia,11155111,sepolia.era.zksync.dev,mint,1000,3,1204,0xbaf6904682c063e2731e119bf23767ddfc43e71f7a719370c4275624608a984e,2421560.690875,2433726.94425,12166.25337500032,205950,1516138382,,success,1,0,,,11799836
pilot_1790587924129,mint_N1000_c3_r1,1,2026-09-28T10:12:48.948Z,ethereumSepolia,11155111,sepolia.era.zksync.dev,mint,1000,3,1205,0x02ab2e90977a4920702bb06eefc170ef8c875cf140a379c3ca2f303faa3a02c0,2433461.58325,2445518.298917,12056.71566700004,205938,1408245347,,success,1,0,,,11799837
pilot_1790587924129,mint_N1000_c3_r1,1,2026-09-28T10:12:49.068Z,ethereumSepolia,11155111,sepolia.era.zksync.dev,mint,1000,3,1206,0x0ec608a61feef8c3cea689777f1cfab929deb49f3c5c4168ffbf5ed4bb9926eb,2433595.78675,2445638.433334,12042.646583999973,205950,1408245347,,success,1,0,,,11799837
pilot_1790587924129,mint_N1000_c3_r1,1,2026-09-28T10:12:49.169Z,ethereumSepolia,11155111,sepolia.era.zksync.dev,mint,1000,3,1207,0xfb91b6fb1e39e932a771a8a7bc6ed33fd0e7b626a7152db1f95acf95a8dcb353,2433727.021334,2445739.278834,12012.257500000298,205950,1408245347,,success,1,0,,,11799837
pilot_1790587924129,mint_N1000_c3_r1,1,2026-09-28T10:13:00.915Z,ethereumSepolia,11155111,sepolia.era.zksync.dev,mint,1000,3,1208,0xc0a7e9535ed35c6b9c667ad7405ea2ccaa9019b0c0bb16ec03094167ac01d828,2445518.438292,2457485.945625,11967.50733300019,205938,1478887130,,success,1,0,,,11799838
pilot_1790587924129,mint_N1000_c3_r1,1,2026-09-28T10:13:01.112Z,ethereumSepolia,11155111,sepolia.era.zksync.dev,mint,1000,3,1209,0xee45c43d637b77c688bb403341ab8a48cdf126fc75a4cb20ae07ba1d8a5418f3,2445638.492375,2457682.871167,12044.378792000003,205950,1478887130,,success,1,0,,,11799838
pilot_1790587924129,mint_N1000_c3_r1,1,2026-09-28T10:13:01.155Z,ethereumSepolia,11155111,sepolia.era.zksync.dev,mint,1000,3,1210,0xb84c180455d8cfb41dd9bf839fea3a1de2d3c8155d31b0cb66b23be00645d379,2445739.333375,2457725.961584,11986.628208999988,205938,1478887130,,success,1,0,,,11799838
pilot_1790587924129,mint_N1000_c3_r1,1,2026-09-28T10:13:13.393Z,ethereumSepolia,11155111,sepolia.era.zksync.dev,mint,1000,3,1211,0x620176181af44c85999286f076a1c1dca7007d56182aeb4cbaa5f2d0e7045b41,2457486.109125,2469964.127625,12478.018500000238,205950,1408233636,,success,1,0,,,11799839
pilot_1790587924129,mint_N1000_c3_r1,1,2026-09-28T10:13:13.580Z,ethereumSepolia,11155111,sepolia.era.zksync.dev,mint,1000,3,1212,0x0ed029c0d434e6ef11c7fde7dda2a79249a9e672bd8a5d8927c3e56b1f085cc4,2457683.962292,2470150.951042,12466.988750000019,205950,1408233636,,success,1,0,,,11799839
pilot_1790587924129,mint_N1000_c3_r1,1,2026-09-28T10:13:13.697Z,ethereumSepolia,11155111,sepolia.era.zksync.dev,mint,1000,3,1213,0x47df5a32e408d061814adc0b31c226d75cf75b7ca6ed519c6619dd80a4694a72,2457726.024334,2470267.827084,12541.802750000264,205950,1408233636,,success,1,0,,,11799839
pilot_1790587924129,mint_N1000_c3_r1,1,2026-09-28T10:13:25.376Z,ethereumSepolia,11155111,sepolia.era.zksync.dev,mint,1000,3,1214,0xe728fee181e6cb2d585aae105c4b9d7b0de3f88f8873bb7c5f554c3cebc16cf2,2469964.199542,2481947.058709,11982.859166999813,205950,1479369707,,success,1,0,,,11799840
pilot_1790587924129,mint_N1000_c3_r1,1,2026-09-28T10:13:25.557Z,ethereumSepolia,11155111,sepolia.era.zksync.dev,mint,1000,3,1215,0xa853426ffeb5d1d0e17dba9202b786004572a12e12937e82e44a575195a05936,2470151.032292,2482127.743875,11976.711583000142,205950,1479369707,,success,1,0,,,11799840
pilot_1790587924129,mint_N1000_c3_r1,1,2026-09-28T10:13:25.687Z,ethereumSepolia,11155111,sepolia.era.zksync.dev,mint,1000,3,1216,0x0ceddace97f27b660ed64983aa00c1efbf699eeb6b9937abcdcd06ec13e4c137,2470267.871375,2482257.775125,11989.903750000056,205950,1479369707,,success,1,0,,,11799840
pilot_1790587924129,mint_N1000_c3_r1,1,2026-09-28T10:13:37.381Z,ethereumSepolia,11155111,sepolia.era.zksync.dev,mint,1000,3,1217,0x2f980245af1e3ecbf8c79c118c7cd4de44fd7a2a42030fb0fc19c6e1e3e9b66f,2481947.123792,2493951.879667,12004.755874999799,205950,1374950354,,success,1,0,,,11799841
pilot_1790587924129,mint_N1000_c3_r1,1,2026-09-28T10:13:37.496Z,ethereumSepolia,11155111,sepolia.era.zksync.dev,mint,1000,3,1218,0x90d6eefd47917cd7317f594bea3ca791069e8028914257dd4a3f667a3e61c1ac,2482127.778375,2494066.728,11938.949624999892,205950,1374950354,,success,1,0,,,11799841
pilot_1790587924129,mint_N1000_c3_r1,1,2026-09-28T10:13:37.695Z,ethereumSepolia,11155111,sepolia.era.zksync.dev,mint,1000,3,1219,0xe9dc74fa33eeb07e1c820fd0c06f8af2076dfc0950d6d251f939faf495cef09c,2482257.845875,2494265.525042,12007.679167000111,205950,1374950354,,success,1,0,,,11799841
pilot_1790587924129,mint_N1000_c3_r1,1,2026-09-28T10:13:48.806Z,ethereumSepolia,11155111,sepolia.era.zksync.dev,mint,1000,3,1220,0xf72696f63a8251758a696bf170fd84bbfcb07f3b90a78c683712af14c368e389,2493952.004,2505376.852625,11424.848624999635,205950,1477447210,,success,1,0,,,11799842
pilot_1790587924129,mint_N1000_c3_r1,1,2026-09-28T10:13:48.925Z,ethereumSepolia,11155111,sepolia.era.zksync.dev,mint,1000,3,1221,0xc89166def77c69115483268ff561c86719060e9b9761252be3940ea821af2202,2494066.792125,2505495.255125,11428.462999999989,205950,1477447210,,success,1,0,,,11799842
pilot_1790587924129,mint_N1000_c3_r1,1,2026-09-28T10:13:49.047Z,ethereumSepolia,11155111,sepolia.era.zksync.dev,mint,1000,3,1222,0xb4061bc1a7c75d40c7b6f8e4cd44de7ad484110bc383c399a4637211474507a4,2494265.582334,2505618.001792,11352.41945799999,205938,1477447210,,success,1,0,,,11799842
pilot_1790587924129,mint_N1000_c3_r1,1,2026-09-28T10:14:01.565Z,ethereumSepolia,11155111,sepolia.era.zksync.dev,mint,1000,3,1223,0x7145d96af0a99bc532dba115542fa9ff6144d8b94847919666f71f59dcdb814d,2505376.992167,2518135.547125,12758.554957999848,205950,1437910615,,success,1,0,,,11799843
pilot_1790587924129,mint_N1000_c3_r1,1,2026-09-28T10:14:01.768Z,ethereumSepolia,11155111,sepolia.era.zksync.dev,mint,1000,3,1224,0x1d61ce5418405170b01cc13d579c8a29129d3335034206893bd9c5b29bd619d9,2505495.304209,2518338.735209,12843.430999999866,205950,1437910615,,success,1,0,,,11799843
pilot_1790587924129,mint_N1000_c3_r1,1,2026-09-28T10:14:01.891Z,ethereumSepolia,11155111,sepolia.era.zksync.dev,mint,1000,3,1225,0x52a20e50bfca56574896577bb8dc71ad6ec492ee0c5109d12859d0ae55079dd3,2505618.061625,2518461.833875,12843.772249999922,205950,1437910615,,success,1,0,,,11799843
pilot_1790587924129,mint_N1000_c3_r1,1,2026-09-28T10:14:12.439Z,ethereumSepolia,11155111,sepolia.era.zksync.dev,mint,1000,3,1227,0xbef882d7ced4c6621f6f5eb30f6dfcd9cf3f48a955b8797134d0109622e92570,2518338.800167,2529009.511542,10670.711374999955,205950,1402565863,,success,1,0,,,11799844
pilot_1790587924129,mint_N1000_c3_r1,1,2026-09-28T10:14:12.549Z,ethereumSepolia,11155111,sepolia.era.zksync.dev,mint,1000,3,1228,0xadd1b5ae17436704c02bd78c7c7b104981e4b1c41352ad1825b89fabc7683b8c,2518461.86475,2529119.512792,10657.648041999899,205950,1402565863,,success,1,0,,,11799844
pilot_1790587924129,mint_N1000_c3_r1,1,2026-09-28T10:14:12.889Z,ethereumSepolia,11155111,sepolia.era.zksync.dev,mint,1000,3,1226,0x171500ca58c82fc351ef610682ea4669f5479951952459a8afd0cd3cc6946fad,2518135.656834,2529459.313417,11323.65658300044,205950,1402565863,,success,1,0,,,11799844
pilot_1790587924129,mint_N1000_c3_r1,1,2026-09-28T10:14:25.167Z,ethereumSepolia,11155111,sepolia.era.zksync.dev,mint,1000,3,1229,0x23ab9274e0d5b0897768f41ceda5aea64de9677feea5f355a787cb6fd0bcc07e,2529009.663417,2541737.729625,12728.066208000295,205950,1316788795,,success,1,0,,,11799845
pilot_1790587924129,mint_N1000_c3_r1,1,2026-09-28T10:14:25.357Z,ethereumSepolia,11155111,sepolia.era.zksync.dev,mint,1000,3,1230,0xe77599e99413d2ef84ac756b5765331e2bc702785ff78321c45f561dab5c4271,2529119.573834,2541927.242917,12807.669082999695,205950,1316788795,,success,1,0,,,11799845
pilot_1790587924129,mint_N1000_c3_r1,1,2026-09-28T10:14:25.476Z,ethereumSepolia,11155111,sepolia.era.zksync.dev,mint,1000,3,1231,0x74b2fb9e3c66477c7fe64f38eb700d80e028e755f8846fc05cbc4ed4ae451c87,2529459.360917,2542046.237667,12586.876749999821,205950,1316788795,,success,1,0,,,11799845
pilot_1790587924129,mint_N1000_c3_r1,1,2026-09-28T10:14:36.523Z,ethereumSepolia,11155111,sepolia.era.zksync.dev,mint,1000,3,1232,0x1b43fb54accabc3905ec03601eec85582f17895f21799a0ac89644d3cd69af70,2541737.789209,2553093.886417,11356.097208000254,205950,1589752319,,success,1,0,,,11799846
pilot_1790587924129,mint_N1000_c3_r1,1,2026-09-28T10:14:36.630Z,ethereumSepolia,11155111,sepolia.era.zksync.dev,mint,1000,3,1233,0xff4a1b4e7083c93c2b3071e790821a6fdfdcd8d7079e7dc60c71e776c4282fbc,2541927.388542,2553200.3165,11272.927957999986,205950,1589752319,,success,1,0,,,11799846
pilot_1790587924129,mint_N1000_c3_r1,1,2026-09-28T10:14:36.744Z,ethereumSepolia,11155111,sepolia.era.zksync.dev,mint,1000,3,1234,0x3eff9a1971b47cc77a20dc2a1995dd3dfb25a08cbc155a7ae3069e935c70e4b3,2542046.289,2553314.733084,11268.444084000308,205950,1589752319,,success,1,0,,,11799846
pilot_1790587924129,mint_N1000_c3_r1,1,2026-09-28T10:14:49.713Z,ethereumSepolia,11155111,sepolia.era.zksync.dev,mint,1000,3,1235,0x796a66290050d3fbcfb84ceea93217492b0336d8812f32000f16a319dad65675,2553093.948167,2566283.400459,13189.452291999944,205950,1190284571,,success,1,0,,,11799847
pilot_1790587924129,mint_N1000_c3_r1,1,2026-09-28T10:14:49.830Z,ethereumSepolia,11155111,sepolia.era.zksync.dev,mint,1000,3,1236,0x2da0c4c7d697452a6a6d438f8559a104538e61b365262f66736adfefdfd18d52,2553200.351542,2566400.502709,13200.151166999713,205950,1190284571,,success,1,0,,,11799847
pilot_1790587924129,mint_N1000_c3_r1,1,2026-09-28T10:14:50.087Z,ethereumSepolia,11155111,sepolia.era.zksync.dev,mint,1000,3,1237,0x2f57e40c98adf4d0cf12f1b279b981d685c226b2b69142d4d348582d78521724,2553314.901084,2566657.509375,13342.608291000128,205938,1190284571,,success,1,0,,,11799847
pilot_1790587924129,mint_N1000_c3_r1,1,2026-09-28T10:15:00.607Z,ethereumSepolia,11155111,sepolia.era.zksync.dev,mint,1000,3,1238,0xeb0e1a4cf180286f522159f8805f2f58cb9ab44633d582984b4dc4fc70a023ea,2566283.45925,2577177.737292,10894.278042000253,205950,1114189964,,success,1,0,,,11799848
pilot_1790587924129,mint_N1000_c3_r1,1,2026-09-28T10:15:00.720Z,ethereumSepolia,11155111,sepolia.era.zksync.dev,mint,1000,3,1239,0xabdfd799f19bc9a0ba169f30ddaed238e373b77a95a125fe75785ebcb8b24c9e,2566400.554042,2577290.269334,10889.715292000212,205950,1114189964,,success,1,0,,,11799848
pilot_1790587924129,mint_N1000_c3_r1,1,2026-09-28T10:15:00.814Z,ethereumSepolia,11155111,sepolia.era.zksync.dev,mint,1000,3,1240,0xc5af1c0b99c85eb9034e558cd84dc2333e3c46cdcc8063fe475f36488f2902d1,2566657.568667,2577384.554334,10726.985667000059,205938,1114189964,,success,1,0,,,11799848
pilot_1790587924129,mint_N1000_c3_r1,1,2026-09-28T10:15:13.207Z,ethereumSepolia,11155111,sepolia.era.zksync.dev,mint,1000,3,1241,0xbba9f04ae0c48e7cc77af04e27ca5f1b9b934969d8be9558be3dfb8a2faef056,2577177.805875,2589777.455,12599.649124999996,205950,1026402562,,success,1,0,,,11799849
pilot_1790587924129,mint_N1000_c3_r1,1,2026-09-28T10:15:13.318Z,ethereumSepolia,11155111,sepolia.era.zksync.dev,mint,1000,3,1242,0x32810e0788b311fe210f31da9bde7e545fe93ce766059ec6a5e8719b3fbdff33,2577290.303125,2589888.267042,12597.963916999754,205950,1026402562,,success,1,0,,,11799849
pilot_1790587924129,mint_N1000_c3_r1,1,2026-09-28T10:15:13.436Z,ethereumSepolia,11155111,sepolia.era.zksync.dev,mint,1000,3,1243,0x1c39bdd1773fee508a928ed370c93107aec4fb607a18de05efc523481391548a,2577384.594875,2590006.398667,12621.803791999817,205950,1026402562,,success,1,0,,,11799849
pilot_1790587924129,mint_N1000_c3_r1,1,2026-09-28T10:15:25.770Z,ethereumSepolia,11155111,sepolia.era.zksync.dev,mint,1000,3,1244,0xf308aa2064d15a7b06b68b08f0e5cb461f6de9768dda9bba8db41d9bf52a78ae,2589777.510125,2602341.065834,12563.555708999746,205950,1078886872,,success,1,0,,,11799850
pilot_1790587924129,mint_N1000_c3_r1,1,2026-09-28T10:15:25.885Z,ethereumSepolia,11155111,sepolia.era.zksync.dev,mint,1000,3,1245,0xc02926173d874cf89b41ecc16c9298f3ea2e13655ae1b36f63c8cc94a7b23977,2589888.382417,2602455.676292,12567.293874999974,205950,1078886872,,success,1,0,,,11799850
pilot_1790587924129,mint_N1000_c3_r1,1,2026-09-28T10:15:25.998Z,ethereumSepolia,11155111,sepolia.era.zksync.dev,mint,1000,3,1246,0x8214e072361801479484c99e5abe4ddb1c27c3ac752c102c9317b8ed1771f7d9,2590006.526,2602568.934,12562.407999999821,205938,1078886872,,success,1,0,,,11799850
pilot_1790587924129,mint_N1000_c3_r1,1,2026-09-28T10:15:36.622Z,ethereumSepolia,11155111,sepolia.era.zksync.dev,mint,1000,3,1249,0x210d66a8d8bb005218b03d958e7bd9dfcd4a1d83173dfcaa362acf54a7091dd2,2602568.996,2613192.141625,10623.145625000354,205950,1122349263,,success,1,0,,,11799851
pilot_1790587924129,mint_N1000_c3_r1,1,2026-09-28T10:15:36.947Z,ethereumSepolia,11155111,sepolia.era.zksync.dev,mint,1000,3,1247,0xd941cc564bc7f94c5675d0dae0bf1c07d8a698b6476a586e958bbae7cc809e14,2602341.200459,2613517.822375,11176.6219159998,205950,1122349263,,success,1,0,,,11799851
pilot_1790587924129,mint_N1000_c3_r1,1,2026-09-28T10:15:37.150Z,ethereumSepolia,11155111,sepolia.era.zksync.dev,mint,1000,3,1248,0x9fde4d5bb2b1690564eecb734fedc9879a149abf8904cb0b6ec3ac7bb7dd53dc,2602455.810709,2613720.247167,11264.436457999982,205950,1122349263,,success,1,0,,,11799851
pilot_1790587924129,mint_N1000_c3_r1,1,2026-09-28T10:15:49.472Z,ethereumSepolia,11155111,sepolia.era.zksync.dev,mint,1000,3,1250,0x87c1759e7ca9b2bcb5a795665fe1da664ba093bbf368f7e0a05397e1f9397643,2613192.21425,2626042.187,12849.972749999724,205950,1064752356,,success,1,0,,,11799852
pilot_1790587924129,mint_N1000_c3_r1,1,2026-09-28T10:15:49.580Z,ethereumSepolia,11155111,sepolia.era.zksync.dev,mint,1000,3,1251,0x8779d29a17414f835cd9c97458120859c453d42931ee51d601e39f44adf4de17,2613517.878834,2626150.194917,12632.316083000042,205950,1064752356,,success,1,0,,,11799852
pilot_1790587924129,mint_N1000_c3_r1,1,2026-09-28T10:15:49.850Z,ethereumSepolia,11155111,sepolia.era.zksync.dev,mint,1000,3,1252,0xa6e5db63ebe17945f2bcaeddbfb4626dedbbf71b01bb5f392905ac0cbf22de38,2613720.277167,2626420.769084,12700.491917000152,205950,1064752356,,success,1,0,,,11799852
pilot_1790587924129,mint_N1000_c3_r1,1,2026-09-28T10:16:00.930Z,ethereumSepolia,11155111,sepolia.era.zksync.dev,mint,1000,3,1253,0x14e80550b050f6ca2d8768e356f3e2f96b0f0b15a0f026cab11f405eb2fc7fe9,2626042.279,2637500.643334,11458.364333999809,205950,2576045017,,success,1,0,,,11799853
pilot_1790587924129,mint_N1000_c3_r1,1,2026-09-28T10:16:01.030Z,ethereumSepolia,11155111,sepolia.era.zksync.dev,mint,1000,3,1254,0x99320344007fa53a105aae66c053a43f4f421153a69588df25f79d38ab6a7a18,2626150.258292,2637601.001209,11450.742917000316,205950,2576045017,,success,1,0,,,11799853
pilot_1790587924129,mint_N1000_c3_r1,1,2026-09-28T10:16:01.150Z,ethereumSepolia,11155111,sepolia.era.zksync.dev,mint,1000,3,1255,0xb93387850e1455291a2dae18bdc26f38825b778fe8d10895aeb2991a2467ccc4,2626420.919792,2637720.213292,11299.29349999968,205950,2576045017,,success,1,0,,,11799853
pilot_1790587924129,mint_N1000_c3_r1,1,2026-09-28T10:16:12.892Z,ethereumSepolia,11155111,sepolia.era.zksync.dev,mint,1000,3,1256,0xce278bc3fc8a2acdbadee85d41ec3e89dc2f65ff6b3770b3ff6221d4c9e5dc4d,2637500.788834,2649463.020167,11962.23133300012,205950,1132117110,,success,1,0,,,11799854
pilot_1790587924129,mint_N1000_c3_r1,1,2026-09-28T10:16:13.011Z,ethereumSepolia,11155111,sepolia.era.zksync.dev,mint,1000,3,1257,0x294939552806f17d047bf58c6a971659ee27f59324382d7b35bb7776534b7006,2637601.056334,2649581.859209,11980.802875000052,205950,1132117110,,success,1,0,,,11799854
pilot_1790587924129,mint_N1000_c3_r1,1,2026-09-28T10:16:13.209Z,ethereumSepolia,11155111,sepolia.era.zksync.dev,mint,1000,3,1258,0xa01c4206247d9e2e2216976d9ce664954183e7c58f261efa534aefd64a0a8ec3,2637720.267459,2649779.752334,12059.484875000082,205950,1132117110,,success,1,0,,,11799854
pilot_1790587924129,mint_N1000_c3_r1,1,2026-09-28T10:16:24.955Z,ethereumSepolia,11155111,sepolia.era.zksync.dev,mint,1000,3,1259,0x37aa347d8336656888bd845cc382a74c5cd0a3d939ed4dadfd582e06aa311de0,2649463.141959,2661525.444875,12062.302916000132,205950,1112200715,,success,1,0,,,11799855
pilot_1790587924129,mint_N1000_c3_r1,1,2026-09-28T10:16:25.067Z,ethereumSepolia,11155111,sepolia.era.zksync.dev,mint,1000,3,1260,0x63cc5e7008f4898276828b92adac00a1efbd779fdd6577be00352a54fde9cac0,2649581.915584,2661637.344209,12055.428625000175,205950,1112200715,,success,1,0,,,11799855
pilot_1790587924129,mint_N1000_c3_r1,1,2026-09-28T10:16:25.175Z,ethereumSepolia,11155111,sepolia.era.zksync.dev,mint,1000,3,1261,0x5b2aed6de37d6798a3043f350bc0a32f62420acc968fb8529b530a40177598d4,2649779.806709,2661745.229209,11965.42249999987,205950,1112200715,,success,1,0,,,11799855
pilot_1790587924129,mint_N1000_c3_r1,1,2026-09-28T10:16:37.002Z,ethereumSepolia,11155111,sepolia.era.zksync.dev,mint,1000,3,1262,0xe8040ee1e9e7dda0da4e42d0522164a51abefb6a46e6baa51cdefbd091c397b0,2661525.646,2673572.234459,12046.588458999991,205950,1122750387,,success,1,0,,,11799856
pilot_1790587924129,mint_N1000_c3_r1,1,2026-09-28T10:16:37.133Z,ethereumSepolia,11155111,sepolia.era.zksync.dev,mint,1000,3,1263,0x42a10fd8a2a8bd69a8f56d1be20a434805c6e0b5464672d6ffd784d81aef6cdc,2661637.404209,2673703.091209,12065.686999999918,205950,1122750387,,success,1,0,,,11799856
pilot_1790587924129,mint_N1000_c3_r1,1,2026-09-28T10:16:37.258Z,ethereumSepolia,11155111,sepolia.era.zksync.dev,mint,1000,3,1264,0x4cf8afa69d50ea5f174a83b5fbe34bba6488d0c62eecebede6e42ec394f257a2,2661745.289959,2673828.568375,12083.278415999841,205950,1122750387,,success,1,0,,,11799856
pilot_1790587924129,mint_N1000_c3_r1,1,2026-09-28T10:16:48.703Z,ethereumSepolia,11155111,sepolia.era.zksync.dev,mint,1000,3,1267,0x23fd6a423b53629a98d99b0c8ea511f76f0bd3d791e9209a96d44abf178f89df,2673828.622292,2685274.032584,11445.410292000044,205950,1229583634,,success,1,0,,,11799857
pilot_1790587924129,mint_N1000_c3_r1,1,2026-09-28T10:16:49.091Z,ethereumSepolia,11155111,sepolia.era.zksync.dev,mint,1000,3,1265,0xb6b0f490bab30170d10f5e03c3a7326588cacb59553a519bcbdf9c74a4bd1456,2673572.291875,2685661.352917,12089.061042000074,205938,1229583634,,success,1,0,,,11799857
pilot_1790587924129,mint_N1000_c3_r1,1,2026-09-28T10:16:49.135Z,ethereumSepolia,11155111,sepolia.era.zksync.dev,mint,1000,3,1266,0xc12f2a0eb4e5f4b3de7680a695ae254b41d34da1628a9cf408da30630c6b1ac9,2673703.196542,2685705.758792,12002.562249999959,205950,1229583634,,success,1,0,,,11799857
pilot_1790587924129,mint_N1000_c3_r1,1,2026-09-28T10:17:00.869Z,ethereumSepolia,11155111,sepolia.era.zksync.dev,mint,1000,3,1268,0x9794ad7bf4f85bdf5d6805d7e7fa740ec4fc0fb0244c356f3e85b255b2eae15c,2685274.10275,2697439.398792,12165.296041999944,205938,1177425510,,success,1,0,,,11799858
pilot_1790587924129,mint_N1000_c3_r1,1,2026-09-28T10:17:01.072Z,ethereumSepolia,11155111,sepolia.era.zksync.dev,mint,1000,3,1269,0x553f4052a42cb291ec950ab052266f580a59408057af312eb2b42221efacea3c,2685661.482709,2697642.546625,11981.063916000072,205950,1177425510,,success,1,0,,,11799858
pilot_1790587924129,mint_N1000_c3_r1,1,2026-09-28T10:17:01.179Z,ethereumSepolia,11155111,sepolia.era.zksync.dev,mint,1000,3,1270,0x4b2f515cead7052c711754b6c13837c70cc9d177f3232fa15b0448352bc7256c,2685705.914417,2697749.078334,12043.16391699994,205950,1177425510,,success,1,0,,,11799858
pilot_1790587924129,mint_N1000_c3_r1,1,2026-09-28T10:17:13.449Z,ethereumSepolia,11155111,sepolia.era.zksync.dev,mint,1000,3,1271,0xaac4a39ea8c05408ea54aa00f7562504879e47a83492f3d57ebdac55f94d3dff,2697439.543792,2710019.284167,12579.740375000052,205950,1114152413,,success,1,0,,,11799859
pilot_1790587924129,mint_N1000_c3_r1,1,2026-09-28T10:17:13.627Z,ethereumSepolia,11155111,sepolia.era.zksync.dev,mint,1000,3,1272,0x29dcbfe14c469951e74c07ce8e28fb26bd86e62c27743fd48357f9ea98dbfdd3,2697642.683167,2710197.600334,12554.917167000007,205950,1114152413,,success,1,0,,,11799859
pilot_1790587924129,mint_N1000_c3_r1,1,2026-09-28T10:17:13.744Z,ethereumSepolia,11155111,sepolia.era.zksync.dev,mint,1000,3,1273,0x4e867538f0526ce0af47da3c88a3c772ecebd49e21ce1c97f5a88faaeed49597,2697749.1435,2710314.881959,12565.738459000364,205938,1114152413,,success,1,0,,,11799859
pilot_1790587924129,mint_N1000_c3_r1,1,2026-09-28T10:17:25.426Z,ethereumSepolia,11155111,sepolia.era.zksync.dev,mint,1000,3,1274,0xeb060e1e00dfcf211598e4a62212786f18474c857be16cbe7fd3f2c7b94d28b8,2710019.407792,2721996.439209,11977.031417000107,205950,1052634199,,success,1,0,,,11799860
pilot_1790587924129,mint_N1000_c3_r1,1,2026-09-28T10:17:25.540Z,ethereumSepolia,11155111,sepolia.era.zksync.dev,mint,1000,3,1275,0x326196c02a92fd6c5b4fe7b6490949a11d85d90a92d19a041186068e50e4712d,2710197.655792,2722110.761792,11913.106000000145,205950,1052634199,,success,1,0,,,11799860
pilot_1790587924129,mint_N1000_c3_r1,1,2026-09-28T10:17:25.720Z,ethereumSepolia,11155111,sepolia.era.zksync.dev,mint,1000,3,1276,0x70375127fffe01263b0a0b94e266bc5f7847044a1df0650e5017fcbd5662ff96,2710314.958,2722290.55525,11975.597250000108,205950,1052634199,,success,1,0,,,11799860
pilot_1790587924129,mint_N1000_c3_r1,1,2026-09-28T10:17:36.846Z,ethereumSepolia,11155111,sepolia.era.zksync.dev,mint,1000,3,1277,0x94217e7a6370e27275c38a2d5a6b7b3709603f6d9da463ddfe466a3370ab92ee,2721996.593125,2733416.756417,11420.16329200007,205950,1119020386,,success,1,0,,,11799861
pilot_1790587924129,mint_N1000_c3_r1,1,2026-09-28T10:17:36.955Z,ethereumSepolia,11155111,sepolia.era.zksync.dev,mint,1000,3,1278,0x8b8fd5df922abdb9e27fc4da8a9bd67343d6d40ec372b4335fec9d26f10453d1,2722110.809417,2733525.972875,11415.163457999937,205950,1119020386,,success,1,0,,,11799861
pilot_1790587924129,mint_N1000_c3_r1,1,2026-09-28T10:17:37.073Z,ethereumSepolia,11155111,sepolia.era.zksync.dev,mint,1000,3,1279,0xca0812e92bbdc4a0a40bbe43beaadb5a421b86f5c0ad1fecb710f2f65697f79b,2722290.621,2733643.330084,11352.709083999973,205950,1119020386,,success,1,0,,,11799861
pilot_1790587924129,mint_N1000_c3_r1,1,2026-09-28T10:17:48.842Z,ethereumSepolia,11155111,sepolia.era.zksync.dev,mint,1000,3,1280,0x9161080c7ce5786a413b4d8be8bfbd035580be85589bf372db7f042daff5e7b9,2733416.816084,2745412.639584,11995.823500000406,205938,1061066943,,success,1,0,,,11799862
pilot_1790587924129,mint_N1000_c3_r1,1,2026-09-28T10:17:48.970Z,ethereumSepolia,11155111,sepolia.era.zksync.dev,mint,1000,3,1281,0xa68584652470a255898a7b3dae5df2bc780c60b399b6782f704510abf2d2f9f1,2733526.015292,2745540.745,12014.729708000086,205950,1061066943,,success,1,0,,,11799862
pilot_1790587924129,mint_N1000_c3_r1,1,2026-09-28T10:17:49.088Z,ethereumSepolia,11155111,sepolia.era.zksync.dev,mint,1000,3,1282,0x74bdef3cc82d02ea87f34ef316881cb19311d431b98bb7441287143e01046ad9,2733643.38825,2745658.461792,12015.07354200026,205950,1061066943,,success,1,0,,,11799862
pilot_1790587924129,mint_N1000_c3_r1,1,2026-09-28T10:18:01.551Z,ethereumSepolia,11155111,sepolia.era.zksync.dev,mint,1000,3,1283,0x5100429bcde4b1fd25bd5ef70cb45f4f081527dee3aba283af051c7d12ef8c47,2745412.772834,2758121.391417,12708.6185829998,205950,1053495074,,success,1,0,,,11799863
pilot_1790587924129,mint_N1000_c3_r1,1,2026-09-28T10:18:01.675Z,ethereumSepolia,11155111,sepolia.era.zksync.dev,mint,1000,3,1284,0x94f8bb5441e137fbe15d1d15604f7e386acdb1d6a6c09f39e2c635c054c78bbd,2745540.854125,2758245.076959,12704.222833999898,205950,1053495074,,success,1,0,,,11799863
pilot_1790587924129,mint_N1000_c3_r1,1,2026-09-28T10:18:01.862Z,ethereumSepolia,11155111,sepolia.era.zksync.dev,mint,1000,3,1285,0x75afdbb8b78569dc3df4d705592053c9e8ed045290924a707338b3a2d0d22092,2745658.50425,2758432.596667,12774.092416999862,205938,1053495074,,success,1,0,,,11799863
pilot_1790587924129,mint_N1000_c3_r1,1,2026-09-28T10:18:13.571Z,ethereumSepolia,11155111,sepolia.era.zksync.dev,mint,1000,3,1286,0x9097de38df583ca1fa20a55bb20b3791164b92e375d64e902397930f981d70ca,2758121.448084,2770141.382084,12019.933999999892,205938,1123184377,,success,1,0,,,11799864
pilot_1790587924129,mint_N1000_c3_r1,1,2026-09-28T10:18:13.692Z,ethereumSepolia,11155111,sepolia.era.zksync.dev,mint,1000,3,1287,0xb59998fea5c7508338c111bb6195e14d1aff6d473c1c4d993b927d9a53086973,2758245.126834,2770262.081125,12016.954291000031,205950,1123184377,,success,1,0,,,11799864
pilot_1790587924129,mint_N1000_c3_r1,1,2026-09-28T10:18:13.809Z,ethereumSepolia,11155111,sepolia.era.zksync.dev,mint,1000,3,1288,0x3fc86e9d1d6031da37038d2666874ab4b99721beb23dc77df4ca244b9fc5e8b3,2758432.658,2770379.225417,11946.567416999955,205950,1123184377,,success,1,0,,,11799864
pilot_1790587924129,mint_N1000_c3_r1,1,2026-09-28T10:18:24.929Z,ethereumSepolia,11155111,sepolia.era.zksync.dev,mint,1000,3,1289,0xdd6ad3042d4e7bae7339ebbb65f7c27ee227a5c01ed88a9c723b1bb94e67b856,2770141.535542,2781499.155875,11357.620333000086,205950,1053111667,,success,1,0,,,11799865
pilot_1790587924129,mint_N1000_c3_r1,1,2026-09-28T10:18:25.031Z,ethereumSepolia,11155111,sepolia.era.zksync.dev,mint,1000,3,1290,0xd6ccdcf4aebb9130221b2d1c3b5a23e62dadfce6151b8e878e3652d9ac054302,2770262.141542,2781601.682459,11339.540916999802,205950,1053111667,,success,1,0,,,11799865
pilot_1790587924129,mint_N1000_c3_r1,1,2026-09-28T10:18:25.149Z,ethereumSepolia,11155111,sepolia.era.zksync.dev,mint,1000,3,1291,0x30746c193b7b9e52814b0b50d73900a60490251903f2e77860969d40c8353dfd,2770379.284125,2781719.171792,11339.887667000294,205950,1053111667,,success,1,0,,,11799865
pilot_1790587924129,mint_N1000_c3_r1,1,2026-09-28T10:18:37.717Z,ethereumSepolia,11155111,sepolia.era.zksync.dev,mint,1000,3,1292,0xe829618096410b650109997120534027494b5a2a65082d51625e710530628ff9,2781499.267375,2794287.880959,12788.613584000152,205950,1087406020,,success,1,0,,,11799866
pilot_1790587924129,mint_N1000_c3_r1,1,2026-09-28T10:18:37.937Z,ethereumSepolia,11155111,sepolia.era.zksync.dev,mint,1000,3,1293,0x058289f22d221ae6b807cd2487a1be1740d1e1ce9b38c31000ea1635579901d8,2781601.810542,2794507.811959,12906.001416999847,205950,1087406020,,success,1,0,,,11799866
pilot_1790587924129,mint_N1000_c3_r1,1,2026-09-28T10:18:38.071Z,ethereumSepolia,11155111,sepolia.era.zksync.dev,mint,1000,3,1294,0x6f4680fdc070466d70c95c3da12997d51e177cbbd932194d9fa8fb658422ebb1,2781719.355417,2794641.841584,12922.486166999675,205950,1087406020,,success,1,0,,,11799866
pilot_1790587924129,mint_N1000_c3_r1,1,2026-09-28T10:18:48.606Z,ethereumSepolia,11155111,sepolia.era.zksync.dev,mint,1000,3,1295,0x334c75712c0fd078c09089b1dd873c9280eb27a16a41629b9e537571f0e7791a,2794287.948084,2805176.301834,10888.353749999776,205938,1108775043,,success,1,0,,,11799867
pilot_1790587924129,mint_N1000_c3_r1,1,2026-09-28T10:18:48.726Z,ethereumSepolia,11155111,sepolia.era.zksync.dev,mint,1000,3,1296,0x87bc49571a47f76b3c2557e013c4135c5fd97bfed497d60c3172830793f27f1b,2794507.984125,2805296.42225,10788.43812499987,205950,1108775043,,success,1,0,,,11799867
pilot_1790587924129,mint_N1000_c3_r1,1,2026-09-28T10:18:48.833Z,ethereumSepolia,11155111,sepolia.era.zksync.dev,mint,1000,3,1297,0xe37d9ac513cb2362f69a3b3eb70dda4dd784df1f335714f0243ce837bbe13670,2794641.904625,2805403.499917,10761.5952920001,205938,1108775043,,success,1,0,,,11799867
pilot_1790587924129,mint_N1000_c3_r1,1,2026-09-28T10:19:01.817Z,ethereumSepolia,11155111,sepolia.era.zksync.dev,mint,1000,3,1298,0xbcf8bee9ff18ed340ed332004e3caca718a98f0fb52d4521aa240a6c9616d307,2805176.449667,2818387.754125,13211.304457999766,205950,1117102949,,success,1,0,,,11799868
pilot_1790587924129,mint_N1000_c3_r1,1,2026-09-28T10:19:01.932Z,ethereumSepolia,11155111,sepolia.era.zksync.dev,mint,1000,3,1299,0xb9c83128aefae6d1dedee02a8cf610915e00986d58d205720420fff3530ea72d,2805296.578667,2818501.983459,13205.404792000074,205950,1117102949,,success,1,0,,,11799868
pilot_1790587924129,mint_N1000_c3_r1,1,2026-09-28T10:19:02.051Z,ethereumSepolia,11155111,sepolia.era.zksync.dev,mint,1000,3,1300,0x9d460ad14a123ec2a56ac046b9412b778a19f3213ac3a1fd7bee60b2c1fca24b,2805403.552875,2818621.017292,13217.464416999836,205950,1117102949,,success,1,0,,,11799868
pilot_1790587924129,mint_N1000_c3_r1,1,2026-09-28T10:19:12.639Z,ethereumSepolia,11155111,sepolia.era.zksync.dev,mint,1000,3,1301,0x1ca9950568dc36c1766dd9f12745740b2b0df562ab9ef91ebe220b6b15806133,2818387.892875,2829209.43,10821.537125000264,205950,968301488,,success,1,0,,,11799869
pilot_1790587924129,mint_N1000_c3_r1,1,2026-09-28T10:19:12.776Z,ethereumSepolia,11155111,sepolia.era.zksync.dev,mint,1000,3,1302,0x310d7e53bb65c1bde76992567aaf23b1726a509a4945ae636343f86e85b31148,2818502.017667,2829346.572667,10844.554999999702,205950,968301488,,success,1,0,,,11799869
pilot_1790587924129,mint_N1000_c3_r1,1,2026-09-28T10:19:12.888Z,ethereumSepolia,11155111,sepolia.era.zksync.dev,mint,1000,3,1303,0xf2017268cf935f4250f4641c83d4a499663d2dab69da3cfc105e5bbf4a2a195e,2818621.062542,2829458.722,10837.659458000213,205950,968301488,,success,1,0,,,11799869
pilot_1790587924129,mint_N1000_c3_r1,1,2026-09-28T10:19:24.738Z,ethereumSepolia,11155111,sepolia.era.zksync.dev,mint,1000,3,1304,0x7852e0a6e4d249b4cc930ee216ed23863a457c9fdd501f7b02eb65fe5dbe448c,2829209.49325,2841308.626459,12099.133209000342,205938,1120853575,,success,1,0,,,11799870
pilot_1790587924129,mint_N1000_c3_r1,1,2026-09-28T10:19:24.854Z,ethereumSepolia,11155111,sepolia.era.zksync.dev,mint,1000,3,1305,0x7a012282e9d05715c9479a5a2283c442c7ef0407ff5b8213856ee2ff03cab6e2,2829346.63,2841424.666042,12078.036042000167,205950,1120853575,,success,1,0,,,11799870
pilot_1790587924129,mint_N1000_c3_r1,1,2026-09-28T10:19:24.973Z,ethereumSepolia,11155111,sepolia.era.zksync.dev,mint,1000,3,1306,0xea199a2c1c45c717746e76e6480391f66d0ae0dd64323fd6636c6094a4048a29,2829458.747917,2841543.071667,12084.323749999981,205950,1120853575,,success,1,0,,,11799870
pilot_1790587924129,mint_N1000_c3_r1,1,2026-09-28T10:19:37.366Z,ethereumSepolia,11155111,sepolia.era.zksync.dev,mint,1000,3,1307,0x48e3552db239662fed8e8eee0e66b98058e1f1f64ce16c7c92cfcf9da4c072c2,2841308.692375,2853936.352125,12627.659750000108,205950,1023948749,,success,1,0,,,11799871
pilot_1790587924129,mint_N1000_c3_r1,1,2026-09-28T10:19:37.484Z,ethereumSepolia,11155111,sepolia.era.zksync.dev,mint,1000,3,1308,0x9c69e9ec33690b81326a59906a9aa8227865f4854171e24968458e728ee550af,2841424.697334,2854054.399709,12629.702374999877,205950,1023948749,,success,1,0,,,11799871
pilot_1790587924129,mint_N1000_c3_r1,1,2026-09-28T10:19:37.611Z,ethereumSepolia,11155111,sepolia.era.zksync.dev,mint,1000,3,1309,0xcf90a8e20969a2be4c5b7c8d5de0f06b59b96e02ac13b393ffe5cb87fb8fcfc1,2841543.115959,2854181.891542,12638.775583000388,205950,1023948749,,success,1,0,,,11799871
pilot_1790587924129,mint_N1000_c3_r1,1,2026-09-28T10:19:48.704Z,ethereumSepolia,11155111,sepolia.era.zksync.dev,mint,1000,3,1310,0x11e54d379128e75c6cc286cba1a8cbe02d557bd949c4012f9dabd70b884b0f6c,2853936.494625,2865274.853792,11338.359167000279,205950,1101702623,,success,1,0,,,11799872
pilot_1790587924129,mint_N1000_c3_r1,1,2026-09-28T10:19:48.884Z,ethereumSepolia,11155111,sepolia.era.zksync.dev,mint,1000,3,1311,0xf497e5085f2b1e1962206ed58136f0e905955c73c1654a2217bdb1001558c643,2854054.442625,2865454.167375,11399.724750000052,205950,1101702623,,success,1,0,,,11799872
pilot_1790587924129,mint_N1000_c3_r1,1,2026-09-28T10:19:49.013Z,ethereumSepolia,11155111,sepolia.era.zksync.dev,mint,1000,3,1312,0x1e0b43ea530423bed21b68be1e64edf26c76f14b30a9dd0e2b03c12ce28c68cb,2854181.920167,2865583.905167,11401.98499999987,205950,1101702623,,success,1,0,,,11799872
pilot_1790587924129,mint_N1000_c3_r1,1,2026-09-28T10:20:01.436Z,ethereumSepolia,11155111,sepolia.era.zksync.dev,mint,1000,3,1314,0x96ca5611d39ef1d481a6a8190755b2ac1eaefd86f382a658dd6d5eb7af3bccd9,2865454.21075,2878006.468875,12552.258124999702,205950,1124177903,,success,1,0,,,11799873
pilot_1790587924129,mint_N1000_c3_r1,1,2026-09-28T10:20:01.558Z,ethereumSepolia,11155111,sepolia.era.zksync.dev,mint,1000,3,1315,0x9f8088eebb44523060536b0e9a50db135be4fc1aae16565af2816f9f749c426e,2865584.012584,2878128.900375,12544.887791000307,205950,1124177903,,success,1,0,,,11799873
pilot_1790587924129,mint_N1000_c3_r1,1,2026-09-28T10:20:01.743Z,ethereumSepolia,11155111,sepolia.era.zksync.dev,mint,1000,3,1313,0x69fbdcc3aec602be6e12693d847d050f89d76cb4b52df4b0104a659f0f94982d,2865275.004917,2878313.588584,13038.583666999824,205938,1124177903,,success,1,0,,,11799873
pilot_1790587924129,mint_N1000_c3_r1,1,2026-09-28T10:20:12.762Z,ethereumSepolia,11155111,sepolia.era.zksync.dev,mint,1000,3,1316,0x9270518e6bd9befe7e48d1df3b7c4e4ece79e5e66dd2fff90b3486c5263beb44,2878006.541959,2889332.090667,11325.54870800022,205950,1078655827,,success,1,0,,,11799874
pilot_1790587924129,mint_N1000_c3_r1,1,2026-09-28T10:20:12.965Z,ethereumSepolia,11155111,sepolia.era.zksync.dev,mint,1000,3,1317,0x0ccca6e5f327f1bae7a85956dff9523fd7323ffc98cce6e012e0650f04cb2b0b,2878128.957417,2889535.45625,11406.498832999729,205950,1078655827,,success,1,0,,,11799874
pilot_1790587924129,mint_N1000_c3_r1,1,2026-09-28T10:20:13.094Z,ethereumSepolia,11155111,sepolia.era.zksync.dev,mint,1000,3,1318,0x12d8149cac0beb939a92b5612488905b07f3e8673c3014df89af741c8761c4ee,2878313.6415,2889663.946417,11350.304917000234,205950,1078655827,,success,1,0,,,11799874
pilot_1790587924129,mint_N1000_c3_r1,1,2026-09-28T10:20:24.800Z,ethereumSepolia,11155111,sepolia.era.zksync.dev,mint,1000,3,1319,0x3b6edc2b94fbcaac194608ba30f3b6b400287b7eb8cc62adfdf080203f8f8d88,2889332.255167,2901370.323584,12038.068417000119,205950,1108557600,,success,1,0,,,11799875
pilot_1790587924129,mint_N1000_c3_r1,1,2026-09-28T10:20:25.025Z,ethereumSepolia,11155111,sepolia.era.zksync.dev,mint,1000,3,1320,0x2f4f1867d41239c469b49e2b100dc7bdb39b662f64f6a5f06dd1ad80c537d9c3,2889535.513625,2901595.34325,12059.82962499978,205950,1108557600,,success,1,0,,,11799875
pilot_1790587924129,mint_N1000_c3_r1,1,2026-09-28T10:20:25.141Z,ethereumSepolia,11155111,sepolia.era.zksync.dev,mint,1000,3,1321,0xe1c4ccce9b205442ac9d7c7a8cfeaf78dd90c15bb2c3e9cd5ddd2e8cea4778f8,2889664.016167,2901711.516084,12047.499917000066,205938,1108557600,,success,1,0,,,11799875
pilot_1790587924129,mint_N1000_c3_r1,1,2026-09-28T10:20:36.879Z,ethereumSepolia,11155111,sepolia.era.zksync.dev,mint,1000,3,1322,0xf5581ad557cfb8746110df229a4bee8074947f55cd75dcd3bbc3066349b7cb0a,2901370.486084,2913449.140625,12078.654540999793,205950,1056667993,,success,1,0,,,11799876
pilot_1790587924129,mint_N1000_c3_r1,1,2026-09-28T10:20:37.089Z,ethereumSepolia,11155111,sepolia.era.zksync.dev,mint,1000,3,1323,0xd4356285f8970f527314ef291dc1c726a4a409dc4897120ef834de8d9f2f2b02,2901595.492459,2913659.647334,12064.154875000007,205950,1056667993,,success,1,0,,,11799876
pilot_1790587924129,mint_N1000_c3_r1,1,2026-09-28T10:20:37.197Z,ethereumSepolia,11155111,sepolia.era.zksync.dev,mint,1000,3,1324,0xa5928146610847088c6c40e40413acb45fc11b014ba055dc6c6f7a5dc40a64a0,2901711.616042,2913767.078375,12055.462333000265,205950,1056667993,,success,1,0,,,11799876
pilot_1790587924129,mint_N1000_c3_r1,1,2026-09-28T10:20:49.483Z,ethereumSepolia,11155111,sepolia.era.zksync.dev,mint,1000,3,1325,0x5e5bd2e6a3dd90c693bce75609dea1f92ff4015b205ecb98605b442ab230f58c,2913449.200792,2926053.157084,12603.956291999668,205950,1119558542,,success,1,0,,,11799877
pilot_1790587924129,mint_N1000_c3_r1,1,2026-09-28T10:20:49.743Z,ethereumSepolia,11155111,sepolia.era.zksync.dev,mint,1000,3,1326,0x6c4821aa7749db81a81ccfe024f27c768c2fdf733ddd262dc98cb51b1602e9ec,2913659.700375,2926313.457584,12653.757209000178,205950,1119558542,,success,1,0,,,11799877
pilot_1790587924129,mint_N1000_c3_r1,1,2026-09-28T10:20:49.787Z,ethereumSepolia,11155111,sepolia.era.zksync.dev,mint,1000,3,1327,0xb2613389633d568de732974168f91c23d20e6de0a0f127eea345533a77f08502,2913767.137625,2926357.437917,12590.300292000175,205950,1119558542,,success,1,0,,,11799877
pilot_1790587924129,mint_N1000_c3_r1,1,2026-09-28T10:21:00.820Z,ethereumSepolia,11155111,sepolia.era.zksync.dev,mint,1000,3,1328,0x69a9ad0b623fbf9719c08fc1cee4f1737998b115bc808fb30e0fe5ddcd38844f,2926053.31275,2937390.064125,11336.751374999993,205950,1081954479,,success,1,0,,,11799878
pilot_1790587924129,mint_N1000_c3_r1,1,2026-09-28T10:21:00.927Z,ethereumSepolia,11155111,sepolia.era.zksync.dev,mint,1000,3,1329,0xe36dc1c29706d9f1d340cdda69cf77205fd40641a75dc3b5598b12bb79ad8b61,2926313.533584,2937497.250167,11183.71658300003,205950,1081954479,,success,1,0,,,11799878
pilot_1790587924129,mint_N1000_c3_r1,1,2026-09-28T10:21:01.046Z,ethereumSepolia,11155111,sepolia.era.zksync.dev,mint,1000,3,1330,0x405246059d5d7c70e24ecdf60939d9898b4d0688a32c7d397a1e50b4a4222712,2926357.473167,2937616.545167,11259.07200000016,205950,1081954479,,success,1,0,,,11799878
pilot_1790587924129,mint_N1000_c3_r1,1,2026-09-28T10:21:13.976Z,ethereumSepolia,11155111,sepolia.era.zksync.dev,mint,1000,3,1331,0xcf6e8712b5604d459a0edd5b8594f436b28385b2d04ff973ad5ef2175f394ae8,2937390.183959,2950545.896209,13155.712250000332,205938,1085013783,,success,1,0,,,11799879
pilot_1790587924129,mint_N1000_c3_r1,1,2026-09-28T10:21:14.112Z,ethereumSepolia,11155111,sepolia.era.zksync.dev,mint,1000,3,1332,0x063672028bd87027ea38a9faf70eb43c8572fe819418aa96680d99d888711547,2937497.3975,2950682.439542,13185.04204200022,205950,1085013783,,success,1,0,,,11799879
pilot_1790587924129,mint_N1000_c3_r1,1,2026-09-28T10:21:14.411Z,ethereumSepolia,11155111,sepolia.era.zksync.dev,mint,1000,3,1333,0xbecd6a715b4c8c7520e2821e67b81f1863dd01f84211badcc5e7c8b99a187259,2937616.605417,2950981.170125,13364.564708000049,205938,1085013783,,success,1,0,,,11799879
pilot_1790587924129,mint_N1000_c3_r1,1,2026-09-28T10:21:25.635Z,ethereumSepolia,11155111,sepolia.era.zksync.dev,mint,1000,3,1334,0x68a015e19e813beeaa301c285dda5b22c00d4364e03e70bbff2cd646ac447154,2950545.975417,2962205.832625,11659.85720800003,205950,1123094307,,success,1,0,,,11799880
pilot_1790587924129,mint_N1000_c3_r1,1,2026-09-28T10:21:25.837Z,ethereumSepolia,11155111,sepolia.era.zksync.dev,mint,1000,3,1335,0xa5e0cb01e5ad5b7d609546947d10cc7e916f128d51acc9bd22db2ed28daef8d7,2950682.508084,2962407.751334,11725.243249999825,205950,1123094307,,success,1,0,,,11799880
pilot_1790587924129,mint_N1000_c3_r1,1,2026-09-28T10:21:25.943Z,ethereumSepolia,11155111,sepolia.era.zksync.dev,mint,1000,3,1336,0xdd28bc0ac87203dcc687d7e58adb4456e345234e11f74ba25fc77846a731651e,2950981.299042,2962513.712209,11532.413166999817,205950,1123094307,,success,1,0,,,11799880
pilot_1790587924129,mint_N1000_c3_r1,1,2026-09-28T10:21:38.222Z,ethereumSepolia,11155111,sepolia.era.zksync.dev,mint,1000,3,1337,0x7da94638cd354b865ebcb1a8fe7b1b5b3e8e28712a5b8b0312bd531ce0f39c50,2962205.9065,2974791.18075,12585.274249999784,205950,1101732181,,success,1,0,,,11799881
pilot_1790587924129,mint_N1000_c3_r1,1,2026-09-28T10:21:38.423Z,ethereumSepolia,11155111,sepolia.era.zksync.dev,mint,1000,3,1338,0xb3fb14149e415d08e4d369266ac7f3932d423950f666828117581b4cc688eb20,2962407.822417,2974993.303417,12585.481000000145,205950,1101732181,,success,1,0,,,11799881
pilot_1790587924129,mint_N1000_c3_r1,1,2026-09-28T10:21:38.537Z,ethereumSepolia,11155111,sepolia.era.zksync.dev,mint,1000,3,1339,0x47e1c43753ca329da9199ab5e345c588bc743579eee5534a831c8277c5ff5a52,2962513.736042,2975107.634292,12593.898250000086,205950,1101732181,,success,1,0,,,11799881
pilot_1790587924129,mint_N1000_c3_r1,1,2026-09-28T10:21:48.423Z,ethereumSepolia,11155111,sepolia.era.zksync.dev,mint,1000,3,1342,0x39a33fec65b0211d4581ee21ef0c19ecee181091b2b8a557f7485e0f0b0bef8f,2975107.68125,2984992.919542,9885.238292000256,205950,1131545234,,success,1,0,,,11799882
pilot_1790587924129,mint_N1000_c3_r1,1,2026-09-28T10:21:48.738Z,ethereumSepolia,11155111,sepolia.era.zksync.dev,mint,1000,3,1340,0x964eed7e81661f1183a7ab88295da711937a56091c966cb8686a6e80ae6f844b,2974792.124667,2985308.760084,10516.635416999925,205950,1131545234,,success,1,0,,,11799882
pilot_1790587924129,mint_N1000_c3_r1,1,2026-09-28T10:21:48.960Z,ethereumSepolia,11155111,sepolia.era.zksync.dev,mint,1000,3,1341,0xbd157633a103a9dfed09f249837f24e6398f63ce2dd4665eee26c1c403b12528,2974993.420542,2985530.679375,10537.25883299997,205950,1131545234,,success,1,0,,,11799882
pilot_1790587924129,mint_N1000_c3_r1,1,2026-09-28T10:22:00.649Z,ethereumSepolia,11155111,sepolia.era.zksync.dev,mint,1000,3,1343,0xb882be69fa0617d3a0a0bb90e38158f40a90e3cae4842671e4acde6b775c6688,2984993.05225,2997218.983125,12225.930874999613,205950,1065749360,,success,1,0,,,11799883
pilot_1790587924129,mint_N1000_c3_r1,1,2026-09-28T10:22:00.759Z,ethereumSepolia,11155111,sepolia.era.zksync.dev,mint,1000,3,1344,0x7cc645caee44b0ef5fb96191d7d8f8542a6bcec10dfbfa35ee625e52587853b5,2985308.842,2997329.060875,12020.218874999788,205950,1065749360,,success,1,0,,,11799883
pilot_1790587924129,mint_N1000_c3_r1,1,2026-09-28T10:22:00.930Z,ethereumSepolia,11155111,sepolia.era.zksync.dev,mint,1000,3,1345,0x87214d1948cf878ddeb49d814849280913d2eb14a45464293b1404b97da246de,2985530.732,2997500.535834,11969.803834000137,205950,1065749360,,success,1,0,,,11799883
pilot_1790587924129,mint_N1000_c3_r1,1,2026-09-28T10:22:12.543Z,ethereumSepolia,11155111,sepolia.era.zksync.dev,mint,1000,3,1347,0x15ff06bb7904f641acd7091c963df4db4a25bec517ad26acd946ed509882fca3,2997329.094875,3009112.828625,11783.73375000013,205938,1120717229,,success,1,0,,,11799884
pilot_1790587924129,mint_N1000_c3_r1,1,2026-09-28T10:22:12.686Z,ethereumSepolia,11155111,sepolia.era.zksync.dev,mint,1000,3,1348,0x848fb6ac3e0babebe5f5da79b07e24e0c1e0a4836dade913b53a71a532ed8d83,2997500.567375,3009256.356084,11755.788708999753,205950,1120717229,,success,1,0,,,11799884
pilot_1790587924129,mint_N1000_c3_r1,1,2026-09-28T10:22:13.112Z,ethereumSepolia,11155111,sepolia.era.zksync.dev,mint,1000,3,1346,0xb35e78964d3e7d4cfccfd321ba9628f9ff30855bfaf0c484f85699e7aec1d46a,2997219.030667,3009682.301209,12463.270541999955,205950,1120717229,,success,1,0,,,11799884
pilot_1790587924129,mint_N1000_c3_r1,1,2026-09-28T10:22:24.410Z,ethereumSepolia,11155111,sepolia.era.zksync.dev,mint,1000,3,1351,0x70ce883473951146dd551ca5eca13006bec9a02cb9c0ba5aef577887f1a47d39,3009682.39175,3020980.777084,11298.385333999991,205950,1044379004,,success,1,0,,,11799885
pilot_1790587924129,mint_N1000_c3_r1,1,2026-09-28T10:22:24.784Z,ethereumSepolia,11155111,sepolia.era.zksync.dev,mint,1000,3,1349,0xbce569c9497218ec300f26ab6f0ba62be0dbe5e06d207a9e6dcd6e27687cde0a,3009112.963167,3021354.275417,12241.312249999959,205950,1044379004,,success,1,0,,,11799885
pilot_1790587924129,mint_N1000_c3_r1,1,2026-09-28T10:22:24.927Z,ethereumSepolia,11155111,sepolia.era.zksync.dev,mint,1000,3,1350,0x4bfa275663c89e153224b569cb347efaef6b963a8c431fde1f2fa4ab5823b794,3009256.4555,3021496.911167,12240.455666999798,205938,1044379004,,success,1,0,,,11799885
pilot_1790587924129,mint_N1000_c3_r1,1,2026-09-28T10:22:36.673Z,ethereumSepolia,11155111,sepolia.era.zksync.dev,mint,1000,3,1352,0x2570d3440e5fa0b35821648cd01b221095cccad6105132c7fe40e6103d7a45b5,3020980.907167,3033243.587042,12262.679874999914,205950,1076562109,,success,1,0,,,11799886
pilot_1790587924129,mint_N1000_c3_r1,1,2026-09-28T10:22:36.797Z,ethereumSepolia,11155111,sepolia.era.zksync.dev,mint,1000,3,1353,0x47b98e2ebc201e469c6865e61903107874c0abf9087e92a481ff32e0f35a22c9,3021354.341625,3033367.648542,12013.306917000096,205950,1076562109,,success,1,0,,,11799886
pilot_1790587924129,mint_N1000_c3_r1,1,2026-09-28T10:22:36.901Z,ethereumSepolia,11155111,sepolia.era.zksync.dev,mint,1000,3,1354,0x732d457971aaeba3a245d3e6109348dc891682becaac3c832226093d0419c4ee,3021496.957667,3033471.117959,11974.160292000044,205950,1076562109,,success,1,0,,,11799886
pilot_1790587924129,mint_N1000_c3_r1,1,2026-09-28T10:22:48.638Z,ethereumSepolia,11155111,sepolia.era.zksync.dev,mint,1000,3,1355,0xb0630aa019f4577de04849d63618576588dcd95a8fff439261e32725aeb76f8c,3033243.736375,3045208.521084,11964.784709000029,205950,1122050565,,success,1,0,,,11799887
pilot_1790587924129,mint_N1000_c3_r1,1,2026-09-28T10:22:48.757Z,ethereumSepolia,11155111,sepolia.era.zksync.dev,mint,1000,3,1356,0xe1c7b7cca2dd662823552c4cbd22ad0400c09cf2c8a6deca5d16fdcce4e01b65,3033367.705584,3045327.016959,11959.311375000048,205950,1122050565,,success,1,0,,,11799887
pilot_1790587924129,mint_N1000_c3_r1,1,2026-09-28T10:22:48.879Z,ethereumSepolia,11155111,sepolia.era.zksync.dev,mint,1000,3,1357,0xeadb7fd46097d9b17ddb281dcab6e75fe71d43bed7ca40c2c8638a83d90fd5a2,3033471.164125,3045449.504334,11978.340208999813,205950,1122050565,,success,1,0,,,11799887
pilot_1790587924129,mint_N1000_c3_r1,1,2026-09-28T10:23:01.249Z,ethereumSepolia,11155111,sepolia.era.zksync.dev,mint,1000,3,1358,0xf5c9a9dfc3285cc1576ff82c8ba53c450f86f5c3967997a1d397e67a976e8b2a,3045208.614084,3057819.771792,12611.157708000392,205950,1065995850,,success,1,0,,,11799888
pilot_1790587924129,mint_N1000_c3_r1,1,2026-09-28T10:23:01.331Z,ethereumSepolia,11155111,sepolia.era.zksync.dev,mint,1000,3,1359,0x763d1b9ffc2f6ba45a498fd38e08dd8e47ec00d820a0de6faf623274d9a5888a,3045327.074584,3057901.661417,12574.586833000183,205950,1065995850,,success,1,0,,,11799888
pilot_1790587924129,mint_N1000_c3_r1,1,2026-09-28T10:23:01.518Z,ethereumSepolia,11155111,sepolia.era.zksync.dev,mint,1000,3,1360,0x902f0ce37b87bbe1e65aa417ab63ce47a68517dc5d3eeec6018eb717c796c987,3045449.536625,3058088.714959,12639.178333999589,205950,1065995850,,success,1,0,,,11799888
pilot_1790587924129,mint_N1000_c3_r1,1,2026-09-28T10:23:12.589Z,ethereumSepolia,11155111,sepolia.era.zksync.dev,mint,1000,3,1361,0x3c437e164d7d8d817131efc4b62a5552b2a9672abae169f695dc073b54019870,3057819.878417,3069159.18225,11339.303832999896,205950,1015707281,,success,1,0,,,11799889
pilot_1790587924129,mint_N1000_c3_r1,1,2026-09-28T10:23:12.788Z,ethereumSepolia,11155111,sepolia.era.zksync.dev,mint,1000,3,1362,0xe82478ab22890cf52723c094465da98b8cdf7dd84c1132d768926e7081e6c84d,3057901.748917,3069358.162959,11456.414042000193,205950,1015707281,,success,1,0,,,11799889
pilot_1790587924129,mint_N1000_c3_r1,1,2026-09-28T10:23:12.905Z,ethereumSepolia,11155111,sepolia.era.zksync.dev,mint,1000,3,1363,0x820a283442d59f1fa339f72579075558841b62fe3a70c65561776e30651dde3e,3058088.7665,3069475.284917,11386.518417000305,205950,1015707281,,success,1,0,,,11799889
pilot_1790587924129,mint_N1000_c3_r1,1,2026-09-28T10:23:24.564Z,ethereumSepolia,11155111,sepolia.era.zksync.dev,mint,1000,3,1364,0xc37794cf0fb97047cd8cc1fa0cc265d0b41a9dd17639148f12861728b1a09f6d,3069159.254042,3081134.446917,11975.192875000183,205950,1123978805,,success,1,0,,,11799890
pilot_1790587924129,mint_N1000_c3_r1,1,2026-09-28T10:23:24.671Z,ethereumSepolia,11155111,sepolia.era.zksync.dev,mint,1000,3,1365,0x46661aec13bce2470f5bac3d222c4c7c87e093b3c624f378a8750794e40f7db1,3069358.205292,3081241.488792,11883.283499999903,205950,1123978805,,success,1,0,,,11799890
pilot_1790587924129,mint_N1000_c3_r1,1,2026-09-28T10:23:24.857Z,ethereumSepolia,11155111,sepolia.era.zksync.dev,mint,1000,3,1366,0xa56b399636d8026cb6608f065428b8a8e4b9e46152e8ab3fdb14fb80c8a90773,3069475.357084,3081427.173167,11951.816083000042,205950,1123978805,,success,1,0,,,11799890
pilot_1790587924129,mint_N1000_c3_r1,1,2026-09-28T10:23:36.541Z,ethereumSepolia,11155111,sepolia.era.zksync.dev,mint,1000,3,1367,0xbcfb72b450eca5a70f2c8ba25717f72501468f231bb93c85abac0fe3270d4931,3081134.519792,3093111.720125,11977.20033300016,205950,1145849585,,success,1,0,,,11799891
pilot_1790587924129,mint_N1000_c3_r1,1,2026-09-28T10:23:36.674Z,ethereumSepolia,11155111,sepolia.era.zksync.dev,mint,1000,3,1368,0x939daf4c42832f8cfeac40b7076fc4444ba0536a8bfa8c8579a13e41b9a63456,3081241.538125,3093244.116125,12002.578000000212,205950,1145849585,,success,1,0,,,11799891
pilot_1790587924129,mint_N1000_c3_r1,1,2026-09-28T10:23:36.788Z,ethereumSepolia,11155111,sepolia.era.zksync.dev,mint,1000,3,1369,0x9c50473a4ffd9406e0c1d9ea5d51d9700240e29ee7df639a2e3fb8e8e40b9373,3081427.228167,3093357.951875,11930.723707999568,205950,1145849585,,success,1,0,,,11799891
pilot_1790587924129,mint_N1000_c3_r1,1,2026-09-28T10:23:48.603Z,ethereumSepolia,11155111,sepolia.era.zksync.dev,mint,1000,3,1370,0x498dda02baa17c60fb388c53a37277a68dfdc34ad6b7ef6546eeaba62ba6b983,3093112.381875,3105173.734292,12061.352417000104,205950,1072298627,,success,1,0,,,11799892
pilot_1790587924129,mint_N1000_c3_r1,1,2026-09-28T10:23:48.726Z,ethereumSepolia,11155111,sepolia.era.zksync.dev,mint,1000,3,1371,0x66437f10f6ac3d5769f7194b308aa4f3203491ce2f6e7faa5770cbc9a2a502fc,3093244.170834,3105296.633042,12052.462207999546,205950,1072298627,,success,1,0,,,11799892
pilot_1790587924129,mint_N1000_c3_r1,1,2026-09-28T10:23:48.940Z,ethereumSepolia,11155111,sepolia.era.zksync.dev,mint,1000,3,1372,0xaa9f0e34678e3b09ecc082a20f49cc287a0cc27cb54cf125cf88517a5d253736,3093358.130625,3105510.189584,12152.058958999813,205950,1072298627,,success,1,0,,,11799892
pilot_1790587924129,mint_N1000_c3_r1,1,2026-09-28T10:24:01.253Z,ethereumSepolia,11155111,sepolia.era.zksync.dev,mint,1000,3,1373,0x40a711f3a2e3d706975c4e239c564304f277c86fbb4b25f630090a17529a348b,3105173.819917,3117830.472542,12656.652625000104,205950,1124576428,,success,1,0,,,11799893
pilot_1790587924129,mint_N1000_c3_r1,1,2026-09-28T10:24:01.379Z,ethereumSepolia,11155111,sepolia.era.zksync.dev,mint,1000,3,1374,0x39cb84dd1dbbf291163f3d4fbedf9ed85903f53e362539c3a43cdd0bd55a6e73,3105296.691,3117957.070042,12660.379042000044,205950,1124576428,,success,1,0,,,11799893
pilot_1790587924129,mint_N1000_c3_r1,1,2026-09-28T10:24:01.551Z,ethereumSepolia,11155111,sepolia.era.zksync.dev,mint,1000,3,1375,0x16736df18ecdee6573cbddb9d9d72730610beec71fb1905f0c725608161c5237,3105510.372125,3118129.5405,12619.168374999892,205938,1124576428,,success,1,0,,,11799893
pilot_1790587924129,mint_N1000_c3_r1,1,2026-09-28T10:24:12.740Z,ethereumSepolia,11155111,sepolia.era.zksync.dev,mint,1000,3,1378,0x80054999ca92b4eb5fb07ec0f818a57bb425ee2846fedb634fa812dabd9d3c3b,3118129.683459,3129329.336375,11199.652915999759,205950,1147329640,,success,1,0,,,11799894
pilot_1790587924129,mint_N1000_c3_r1,1,2026-09-28T10:24:13.114Z,ethereumSepolia,11155111,sepolia.era.zksync.dev,mint,1000,3,1376,0x67cdbdbc90f4452a23ac57aba7500e5670f73da05f185fa6d4a40af06bd0eb77,3117830.537,3129703.637084,11873.100083999801,205950,1147329640,,success,1,0,,,11799894
pilot_1790587924129,mint_N1000_c3_r1,1,2026-09-28T10:24:13.232Z,ethereumSepolia,11155111,sepolia.era.zksync.dev,mint,1000,3,1377,0x0c5772724e57eaf4d190c7dca941d6dfc19c28fd4e2d54299e9d8c6f9601e063,3117957.123292,3129821.79,11864.666708000004,205950,1147329640,,success,1,0,,,11799894
pilot_1790587924129,mint_N1000_c3_r1,1,2026-09-28T10:24:24.607Z,ethereumSepolia,11155111,sepolia.era.zksync.dev,mint,1000,3,1380,0x5ff4c8c6c0f7698414d6d9068b81479f7d53843b9b7b999718cecd453e5fbe72,3129703.722167,3141202.031417,11498.309249999933,205950,1118292881,,success,1,0,,,11799895
pilot_1790587924129,mint_N1000_c3_r1,1,2026-09-28T10:24:24.722Z,ethereumSepolia,11155111,sepolia.era.zksync.dev,mint,1000,3,1381,0x7a3cb2a2936547e4d7ba2ac95cbf823d952f5de4f9f56a4c3ce38d312895377b,3129821.870792,3141317.36625,11495.495457999874,205950,1118292881,,success,1,0,,,11799895
pilot_1790587924129,mint_N1000_c3_r1,1,2026-09-28T10:24:24.913Z,ethereumSepolia,11155111,sepolia.era.zksync.dev,mint,1000,3,1379,0x6c984f1f802234d12e9b4f078bba850ad722819b6289ddb01e6cbb008b4ac51b,3129329.428334,3141508.957042,12179.528707999736,205950,1118292881,,success,1,0,,,11799895
pilot_1790587924129,mint_N1000_c3_r1,1,2026-09-28T10:24:36.627Z,ethereumSepolia,11155111,sepolia.era.zksync.dev,mint,1000,3,1382,0x05c027c0ce090857e56e1d283327dc8488d3c1a16d925ec6b1091efd732bc0fa,3141202.223375,3153225.14325,12022.919875000138,205950,1078316909,,success,1,0,,,11799896
pilot_1790587924129,mint_N1000_c3_r1,1,2026-09-28T10:24:36.741Z,ethereumSepolia,11155111,sepolia.era.zksync.dev,mint,1000,3,1383,0xd872c1e1f71d6c02adc3e67d72b2b68df60cf0af6710253ac42d91369283685d,3141317.420625,3153338.755542,12021.33491700003,205950,1078316909,,success,1,0,,,11799896
pilot_1790587924129,mint_N1000_c3_r1,1,2026-09-28T10:24:36.860Z,ethereumSepolia,11155111,sepolia.era.zksync.dev,mint,1000,3,1384,0x34334da6dfd35610e28a338110a5457cd40ccaa654fff5f2fec4754f86c8146f,3141509.104459,3153458.238,11949.133541000076,205950,1078316909,,success,1,0,,,11799896
pilot_1790587924129,mint_N1000_c3_r1,1,2026-09-28T10:24:49.807Z,ethereumSepolia,11155111,sepolia.era.zksync.dev,mint,1000,3,1385,0x068707411881050965e44adf052f3cf8bf104ea298a3c57a50250e49f734ed9f,3153225.218709,3166406.262584,13181.043874999974,205950,1122092409,,success,1,0,,,11799897
pilot_1790587924129,mint_N1000_c3_r1,1,2026-09-28T10:24:49.927Z,ethereumSepolia,11155111,sepolia.era.zksync.dev,mint,1000,3,1386,0x3ba67b4531ee2c4f2c0f410e55be6465824506aefc9909be1cc39b2265b4e281,3153338.787792,3166526.322084,13187.53429199988,205938,1122092409,,success,1,0,,,11799897
pilot_1790587924129,mint_N1000_c3_r1,1,2026-09-28T10:24:50.034Z,ethereumSepolia,11155111,sepolia.era.zksync.dev,mint,1000,3,1387,0x6e1884c6580525c912353ec9bc82927f3edca9417d2f1a7103f727eeaeecb6d2,3153458.302417,3166633.510375,13175.207958000246,205950,1122092409,,success,1,0,,,11799897
pilot_1790587924129,mint_N1000_c3_r1,1,2026-09-28T10:25:01.311Z,ethereumSepolia,11155111,sepolia.era.zksync.dev,mint,1000,3,1388,0x3871f893c4d29f1409f1785104b411210b4f8bcb3f65548918c90a6914f3d79e,3166406.403917,3177911.038709,11504.634792000055,205938,1074746094,,success,1,0,,,11799898
pilot_1790587924129,mint_N1000_c3_r1,1,2026-09-28T10:25:01.536Z,ethereumSepolia,11155111,sepolia.era.zksync.dev,mint,1000,3,1389,0xa0d33f2c855b251ddc3f0c8085a4ab8f6b164045aeb5aef9d67ac69fa8d2673f,3166526.366292,3178136.559334,11610.19304200029,205950,1074746094,,success,1,0,,,11799898
pilot_1790587924129,mint_N1000_c3_r1,1,2026-09-28T10:25:01.572Z,ethereumSepolia,11155111,sepolia.era.zksync.dev,mint,1000,3,1390,0x836065cfbe5afec1261cbbcd1199e6e1637e1854d3f545ab511667b901138b5b,3166633.611334,3178171.957292,11538.345958000049,205950,1074746094,,success,1,0,,,11799898
pilot_1790587924129,mint_N1000_c3_r1,1,2026-09-28T10:25:12.807Z,ethereumSepolia,11155111,sepolia.era.zksync.dev,mint,1000,3,1391,0xb035a009d681e231b4e9cd208e7323cccd93d60322595b10dc2f4be8ffc0c5c3,3177911.26025,3189407.242834,11495.9825840001,205950,1103899833,,success,1,0,,,11799899
pilot_1790587924129,mint_N1000_c3_r1,1,2026-09-28T10:25:12.916Z,ethereumSepolia,11155111,sepolia.era.zksync.dev,mint,1000,3,1392,0xa009ff61c72841fdf89e32d03ed8b77e754558d652afe59b1ddc3b79fc2d8faa,3178136.611917,3189516.267875,11379.655958000105,205950,1103899833,,success,1,0,,,11799899
pilot_1790587924129,mint_N1000_c3_r1,1,2026-09-28T10:25:13.034Z,ethereumSepolia,11155111,sepolia.era.zksync.dev,mint,1000,3,1393,0xb5ce374ad68a99e9c771188e8d573b57a72697b94ee55907a571c2fb8c164dae,3178172.013459,3189634.380959,11462.367500000168,205950,1103899833,,success,1,0,,,11799899
pilot_1790587924129,mint_N1000_c3_r1,1,2026-09-28T10:25:25.457Z,ethereumSepolia,11155111,sepolia.era.zksync.dev,mint,1000,3,1394,0x7c128313f752ed2a37fd526da38aed14e76c38398fdd5518e976de7f9611dbf0,3189407.334917,3202057.877792,12650.54287499981,205950,958847865,,success,1,0,,,11799900
pilot_1790587924129,mint_N1000_c3_r1,1,2026-09-28T10:25:36.642Z,ethereumSepolia,11155111,sepolia.era.zksync.dev,mint,1000,3,1397,0xa2049f3ff3adbe4fb4294668f6d860276f98daa8ce5678a14c9d9a28996e43ac,3202058.02575,3213242.690084,11184.664334000088,205950,1119688247,,success,1,0,,,11799901
pilot_1790587924129,mint_N1000_c3_r1,1,2026-09-28T10:25:37.033Z,ethereumSepolia,11155111,sepolia.era.zksync.dev,mint,1000,3,1395,0x8b2526d236d26e2e407efb9860b8f5185a788b4ba4aebd58a9386712ac48cf60,3189516.452584,3213633.820959,24117.36837500008,205938,1078536112,,success,1,0,,,11799901
pilot_1790587924129,mint_N1000_c3_r1,1,2026-09-28T10:25:37.072Z,ethereumSepolia,11155111,sepolia.era.zksync.dev,mint,1000,3,1396,0xacee1eb5ef4ec88eb61ac443021a036d57944e264ea212cf3cd4e83cf0e3ac11,3189634.449125,3213672.714917,24038.265792000107,205950,1078536112,,success,1,0,,,11799901
pilot_1790587924129,mint_N1000_c3_r1,1,2026-09-28T10:25:49.820Z,ethereumSepolia,11155111,sepolia.era.zksync.dev,mint,1000,3,1398,0x2ba66078a1976563e0bbd799a37e577f4ec423ad150b014d7b73bbb4a56656af,3213242.790167,3226421.432125,13178.641957999673,205950,1112513972,,success,1,0,,,11799902
pilot_1790587924129,mint_N1000_c3_r1,1,2026-09-28T10:25:50.133Z,ethereumSepolia,11155111,sepolia.era.zksync.dev,mint,1000,3,1399,0x908e86c48f92e739a4a6fd845266e7807e20ebdf597ee9f5ba4b068df4b37b29,3213633.904,3226733.766375,13099.862375000026,205938,1112513972,,success,1,0,,,11799902
pilot_1790587924129,mint_N1000_c3_r1,1,2026-09-28T10:25:50.254Z,ethereumSepolia,11155111,sepolia.era.zksync.dev,mint,1000,3,1400,0x40953c78c0bd7667f917545fce4a9376b805984515d87734235df0509a8bc99f,3213672.878459,3226854.971417,13182.092958000023,205950,1112513972,,success,1,0,,,11799902
pilot_1790587924129,mint_N1000_c3_r1,1,2026-09-28T10:26:00.805Z,ethereumSepolia,11155111,sepolia.era.zksync.dev,mint,1000,3,1401,0x43af4298039cb060cf0f353bc7cae71f4ac7ce8c12b81059824dcf4d3b012eb6,3226421.550084,3237405.711209,10984.1611250001,205950,1063569724,,success,1,0,,,11799903
pilot_1790587924129,mint_N1000_c3_r1,1,2026-09-28T10:26:00.928Z,ethereumSepolia,11155111,sepolia.era.zksync.dev,mint,1000,3,1402,0x700060ea5762bc99eaa0e8eb2f9cfb3242c00c1f00afb0f7aa42392ea117f262,3226734.037042,3237529.535084,10795.498041999992,205950,1063569724,,success,1,0,,,11799903
pilot_1790587924129,mint_N1000_c3_r1,1,2026-09-28T10:26:01.109Z,ethereumSepolia,11155111,sepolia.era.zksync.dev,mint,1000,3,1403,0xe6077a4f46d51cb754eb0876db9f1303123b6a48571248b6ccdb041c86b91362,3226855.318709,3237710.438625,10855.119915999938,205938,1063569724,,success,1,0,,,11799903
pilot_1790587924129,mint_N1000_c3_r1,1,2026-09-28T10:26:13.043Z,ethereumSepolia,11155111,sepolia.era.zksync.dev,mint,1000,3,1404,0xa868fe5c2bd7750978557aadb9ed29c33780eb288d2a24935d95ed3861027d5d,3237405.783042,3249643.693084,12237.910042000003,205950,1000437725,,success,1,0,,,11799904
pilot_1790587924129,mint_N1000_c3_r1,1,2026-09-28T10:26:13.236Z,ethereumSepolia,11155111,sepolia.era.zksync.dev,mint,1000,3,1405,0x6ee84b4d6bac71eb7a98a5c7b65e15565971ab43a4f0cc711c036d4767b67d7a,3237529.586042,3249836.76775,12307.181708000135,205950,1000437725,,success,1,0,,,11799904
pilot_1790587924129,mint_N1000_c3_r1,1,2026-09-28T10:26:13.398Z,ethereumSepolia,11155111,sepolia.era.zksync.dev,mint,1000,3,1406,0xd1e35dcb91e96737f2e82dea278ded84e8c228a768bdba88cf39ae6917324112,3237710.511667,3249999.110167,12288.598499999847,205950,1000437725,,success,1,0,,,11799904
pilot_1790587924129,mint_N1000_c3_r1,1,2026-09-28T10:26:24.473Z,ethereumSepolia,11155111,sepolia.era.zksync.dev,mint,1000,3,1407,0x6991374eafc0427d23b482bf8cf77e492d6c13b497bd08707b35af467bc0d02d,3249645.044709,3261073.917709,11428.873000000138,205950,1119719569,,success,1,0,,,11799905
pilot_1790587924129,mint_N1000_c3_r1,1,2026-09-28T10:26:24.666Z,ethereumSepolia,11155111,sepolia.era.zksync.dev,mint,1000,3,1408,0xea41e5285ac30a64773ecd57a8197a5a72f45bbfe3c8a13cf53f0f273280ead9,3249836.856959,3261267.271709,11430.414749999996,205950,1119719569,,success,1,0,,,11799905
pilot_1790587924129,mint_N1000_c3_r1,1,2026-09-28T10:26:24.780Z,ethereumSepolia,11155111,sepolia.era.zksync.dev,mint,1000,3,1409,0x3f2949f89233ce084ac00832ea8075e57408283f679b860ecc0ea6a68095170d,3249999.151,3261381.763792,11382.612791999709,205950,1119719569,,success,1,0,,,11799905
pilot_1790587924129,mint_N1000_c3_r1,1,2026-09-28T10:26:36.447Z,ethereumSepolia,11155111,sepolia.era.zksync.dev,mint,1000,3,1410,0x8c4a0790bd58683c5813872696ab1920b28a5eff3e88c222e7dd25fa5f43bb1b,3261073.968375,3273048.0655,11974.097124999855,205950,1110743805,,success,1,0,,,11799906
pilot_1790587924129,mint_N1000_c3_r1,1,2026-09-28T10:26:36.567Z,ethereumSepolia,11155111,sepolia.era.zksync.dev,mint,1000,3,1411,0xe6efb5b6bfa90d567ec2748fbc6a06ae8c817b7d6b2f85f21f2cc4cf0b5ccc54,3261267.327459,3273168.257667,11900.930207999889,205950,1110743805,,success,1,0,,,11799906
pilot_1790587924129,mint_N1000_c3_r1,1,2026-09-28T10:26:36.786Z,ethereumSepolia,11155111,sepolia.era.zksync.dev,mint,1000,3,1412,0x3ace595496490c966e1df624ea6aa1c4525733636e7f22a29afd25592146fe4e,3261381.846625,3273387.703292,12005.856667000335,205950,1110743805,,success,1,0,,,11799906
pilot_1790587924129,mint_N1000_c3_r1,1,2026-09-28T10:26:48.488Z,ethereumSepolia,11155111,sepolia.era.zksync.dev,mint,1000,3,1413,0x146d54d804b387c79d56d9f4e12ebe2d52361f6336e777f5b982a0994872c13f,3273048.369584,3285088.989792,12040.620207999833,205950,1077071594,,success,1,0,,,11799907
pilot_1790587924129,mint_N1000_c3_r1,1,2026-09-28T10:26:48.642Z,ethereumSepolia,11155111,sepolia.era.zksync.dev,mint,1000,3,1414,0x6eb5b2d677e17e6c9c8046fcda7b74224628f68065230831a3c84c50f1fb26c8,3273168.306125,3285243.11625,12074.810124999844,205950,1077071594,,success,1,0,,,11799907
pilot_1790587924129,mint_N1000_c3_r1,1,2026-09-28T10:26:48.816Z,ethereumSepolia,11155111,sepolia.era.zksync.dev,mint,1000,3,1415,0x923641ce70efab27340e17fcaaa35661e74eef1fe5874487d29363bb4e506e08,3273387.804625,3285417.622917,12029.818292000331,205950,1077071594,,success,1,0,,,11799907
pilot_1790587924129,mint_N1000_c3_r1,1,2026-09-28T10:27:01.326Z,ethereumSepolia,11155111,sepolia.era.zksync.dev,mint,1000,3,1417,0x16e83f117a00fd07cdd201b727bb46577a11431c7b9afa384a977f586b39528c,3285243.168542,3297927.811792,12684.643250000197,205950,1122098290,,success,1,0,,,11799908
pilot_1790587924129,mint_N1000_c3_r1,1,2026-09-28T10:27:01.450Z,ethereumSepolia,11155111,sepolia.era.zksync.dev,mint,1000,3,1418,0x2aee3510beed921cf4dbcf6479a98d781c6acc159c1226ff21ad642f06210376,3285417.71775,3298051.134042,12633.416292000096,205950,1122098290,,success,1,0,,,11799908
pilot_1790587924129,mint_N1000_c3_r1,1,2026-09-28T10:27:01.849Z,ethereumSepolia,11155111,sepolia.era.zksync.dev,mint,1000,3,1416,0x76b6c347934a05af59b5bc08a17bb73a6a0b5897d24914943efb59a286f3bc1e,3285089.04275,3298450.23575,13361.19299999997,205950,1122098290,,success,1,0,,,11799908
pilot_1790587924129,mint_N1000_c3_r1,1,2026-09-28T10:27:12.369Z,ethereumSepolia,11155111,sepolia.era.zksync.dev,mint,1000,3,1420,0xe1966773f2d95c56d815066f5ae1f83bbc3584e617196818271d900c4fcf3f74,3298051.213292,3308970.409959,10919.196667000186,205950,1047392049,,success,1,0,,,11799909
pilot_1790587924129,mint_N1000_c3_r1,1,2026-09-28T10:27:12.479Z,ethereumSepolia,11155111,sepolia.era.zksync.dev,mint,1000,3,1421,0x2fe184916ebbd02ae07d7166088176bd9adc7df05919876578b103924e650c05,3298450.28375,3309081.015709,10630.73195900023,205950,1047392049,,success,1,0,,,11799909
pilot_1790587924129,mint_N1000_c3_r1,1,2026-09-28T10:27:12.680Z,ethereumSepolia,11155111,sepolia.era.zksync.dev,mint,1000,3,1419,0xec8f7f55c69b8ca9234321a35105eeb30a36b6d0fd0c1fe289da8922002dba4b,3297927.882459,3309281.815417,11353.932957999874,205950,1047392049,,success,1,0,,,11799909
pilot_1790587924129,mint_N1000_c3_r1,1,2026-09-28T10:27:24.479Z,ethereumSepolia,11155111,sepolia.era.zksync.dev,mint,1000,3,1422,0x39a747c94bcf56296b7b884d3a018847a3be7f980e93f721f9268d76794ad6be,3308970.583917,3321080.805584,12110.221667000093,205950,1086900998,,success,1,0,,,11799910
pilot_1790587924129,mint_N1000_c3_r1,1,2026-09-28T10:27:24.583Z,ethereumSepolia,11155111,sepolia.era.zksync.dev,mint,1000,3,1423,0x4355d0f008997a9e091b40a5ef2bb3dc6eeb8a3ec250b11660b539fa9b8859a7,3309081.073709,3321184.651792,12103.578083000146,205950,1086900998,,success,1,0,,,11799910
pilot_1790587924129,mint_N1000_c3_r1,1,2026-09-28T10:27:24.774Z,ethereumSepolia,11155111,sepolia.era.zksync.dev,mint,1000,3,1424,0x50b72ef0a67b2b77cde3c6bd11ee5efa4134e158b859e00722fcc29cde3c1a95,3309281.867209,3321375.8955,12094.028291000053,205950,1086900998,,success,1,0,,,11799910
pilot_1790587924129,mint_N1000_c3_r1,1,2026-09-28T10:27:36.536Z,ethereumSepolia,11155111,sepolia.era.zksync.dev,mint,1000,3,1425,0x8195326b12f7f9f0c056ce3f87e42ee86ccd978290a5051c8624df420f92fc2f,3321080.961292,3333137.571917,12056.610625000205,205950,1123328371,,success,1,0,,,11799911
pilot_1790587924129,mint_N1000_c3_r1,1,2026-09-28T10:27:36.658Z,ethereumSepolia,11155111,sepolia.era.zksync.dev,mint,1000,3,1426,0x3c391f3c82cbb1d4da58c81047788a199917a4708685586de4ff9b4589d2cce3,3321184.698875,3333260.311709,12075.612834000029,205950,1123328371,,success,1,0,,,11799911
pilot_1790587924129,mint_N1000_c3_r1,1,2026-09-28T10:27:36.849Z,ethereumSepolia,11155111,sepolia.era.zksync.dev,mint,1000,3,1427,0x0860e64d0d171d3e51de085b24dd89e694846c808ae95bd794fed38f80371afd,3321375.953834,3333451.341,12075.387165999971,205950,1123328371,,success,1,0,,,11799911
pilot_1790587924129,mint_N1000_c3_r1,1,2026-09-28T10:27:48.633Z,ethereumSepolia,11155111,sepolia.era.zksync.dev,mint,1000,3,1428,0x4811f57520c1b4bbf605ab5d9df5e9a8ae807af72ef5b688056adab17c0302c7,3333137.641625,3345234.548667,12096.907041999977,205950,1043550356,,success,1,0,,,11799912
pilot_1790587924129,mint_N1000_c3_r1,1,2026-09-28T10:27:48.750Z,ethereumSepolia,11155111,sepolia.era.zksync.dev,mint,1000,3,1429,0xdd9efad187ff055fcaa8b219a74d0879c55f923be5155afbfeb8d6b6be9bcce3,3333260.351792,3345351.857834,12091.506042000372,205950,1043550356,,success,1,0,,,11799912
pilot_1790587924129,mint_N1000_c3_r1,1,2026-09-28T10:27:48.874Z,ethereumSepolia,11155111,sepolia.era.zksync.dev,mint,1000,3,1430,0x9c6bffdcdd581d95ceacef356bbdb4a0ef1292887a6bba623f8ee9cc667b5862,3333451.393667,3345476.453334,12025.059667000081,205950,1043550356,,success,1,0,,,11799912
pilot_1790587924129,mint_N1000_c3_r1,1,2026-09-28T10:28:00.736Z,ethereumSepolia,11155111,sepolia.era.zksync.dev,mint,1000,3,1431,0x7be440e36e72359cf18bd426d02b43cd0cf2fca4ab886e253a6f3bf1246c768c,3345234.586834,3357338.549917,12103.963082999922,205950,1094549709,,success,1,0,,,11799913
pilot_1790587924129,mint_N1000_c3_r1,1,2026-09-28T10:28:00.858Z,ethereumSepolia,11155111,sepolia.era.zksync.dev,mint,1000,3,1432,0xd0229c1e768ba4debaae8502741bb4ac48ca38dbb089fe1531bdd114d5608e80,3345351.909375,3357459.612792,12107.70341700036,205950,1094549709,,success,1,0,,,11799913
pilot_1790587924129,mint_N1000_c3_r1,1,2026-09-28T10:28:00.960Z,ethereumSepolia,11155111,sepolia.era.zksync.dev,mint,1000,3,1433,0xab8136ee8f1434a8d8a5ce63037bef9ae97bc909faa9215f30fda2837886cb07,3345476.493459,3357562.247209,12085.753750000149,205950,1094549709,,success,1,0,,,11799913
pilot_1790587924129,mint_N1000_c3_r1,1,2026-09-28T10:28:12.808Z,ethereumSepolia,11155111,sepolia.era.zksync.dev,mint,1000,3,1434,0xc8d9fb0a6ff2448a6433b4d0be33aae6a1754fe57ffbb0d3f3b0c01233353970,3357338.6995,3369410.096209,12071.39670899976,205950,1124306008,,success,1,0,,,11799914
pilot_1790587924129,mint_N1000_c3_r1,1,2026-09-28T10:28:12.943Z,ethereumSepolia,11155111,sepolia.era.zksync.dev,mint,1000,3,1435,0x7d9b3f85ea9b55704284fb1c8b2202c955b7193d106da463d81c56f240fad026,3357459.650709,3369545.139417,12085.488708000164,205950,1124306008,,success,1,0,,,11799914
pilot_1790587924129,mint_N1000_c3_r1,1,2026-09-28T10:28:13.074Z,ethereumSepolia,11155111,sepolia.era.zksync.dev,mint,1000,3,1436,0xfa75d5e6349618b4c46cc6e0aaf94a53416d6e50f13eb0d85c8048dc95fc0572,3357562.330209,3369675.920125,12113.589916000143,205950,1124306008,,success,1,0,,,11799914
pilot_1790587924129,mint_N1000_c3_r1,1,2026-09-28T10:28:25.482Z,ethereumSepolia,11155111,sepolia.era.zksync.dev,mint,1000,3,1437,0xccfc8973cfef24b1bd63aad5acee706d7b970bca2dc8d3c18e80c4fbbda03123,3369410.192667,3382084.133875,12673.94120799983,205950,1105046795,,success,1,0,,,11799915
pilot_1790587924129,mint_N1000_c3_r1,1,2026-09-28T10:28:25.599Z,ethereumSepolia,11155111,sepolia.era.zksync.dev,mint,1000,3,1438,0xb757c4358843149dcbb2740d586b0983b3a7d65718e18c8ad9719f9cfc1b3ae1,3369545.198584,3382201.570709,12656.372124999762,205938,1105046795,,success,1,0,,,11799915
pilot_1790587924129,mint_N1000_c3_r1,1,2026-09-28T10:28:25.774Z,ethereumSepolia,11155111,sepolia.era.zksync.dev,mint,1000,3,1439,0x5df11615b6850b43dc470a8fa7f2534c367dca9954fa63b01f3018c42279b772,3369675.957709,3382376.661459,12700.70374999987,205950,1105046795,,success,1,0,,,11799915
pilot_1790587924129,mint_N1000_c3_r1,1,2026-09-28T10:28:37.102Z,ethereumSepolia,11155111,sepolia.era.zksync.dev,mint,1000,3,1440,0xec8a45603c315c2ea6daf1b2b880e14dda806c5fd469cef8043b66951e97a417,3382084.330292,3393704.882542,11620.552250000183,205950,1156051075,,success,1,0,,,11799916
pilot_1790587924129,mint_N1000_c3_r1,1,2026-09-28T10:28:37.311Z,ethereumSepolia,11155111,sepolia.era.zksync.dev,mint,1000,3,1441,0x9b6f701a252fec8b3e54728356d790c6441ed7a72f5d8350c693939d91105084,3382201.669334,3393913.8445,11712.175166000146,205950,1156051075,,success,1,0,,,11799916
pilot_1790587924129,mint_N1000_c3_r1,1,2026-09-28T10:28:37.469Z,ethereumSepolia,11155111,sepolia.era.zksync.dev,mint,1000,3,1442,0x4de9b9553427fc950835369e5e7b9ca4eb41ba3452af843c4a6ff7dfb7dfc8fd,3382376.698459,3394071.017125,11694.31866599992,205950,1156051075,,success,1,0,,,11799916
pilot_1790587924129,mint_N1000_c3_r1,1,2026-09-28T10:28:49.072Z,ethereumSepolia,11155111,sepolia.era.zksync.dev,mint,1000,3,1443,0x6ed2582cc953766405f734b7698e1c33cc595703797df45f557d0ed46a5daf03,3393704.93125,3405674.969625,11970.038375000004,205950,1097231297,,success,1,0,,,11799917
pilot_1790587924129,mint_N1000_c3_r1,1,2026-09-28T10:28:49.175Z,ethereumSepolia,11155111,sepolia.era.zksync.dev,mint,1000,3,1444,0xab5c90ce65fddc7bf93de82944a89a6fb27c8aa021ba9d194d9dc9d9766a8027,3393913.880834,3405777.902667,11864.021832999773,205938,1097231297,,success,1,0,,,11799917
pilot_1790587924129,mint_N1000_c3_r1,1,2026-09-28T10:28:49.372Z,ethereumSepolia,11155111,sepolia.era.zksync.dev,mint,1000,3,1445,0x5fba5e19e49484825733c1218dc8148e594132af4e27652e5c97c79ffcde4f9c,3394071.11675,3405974.093709,11902.976958999876,205950,1097231297,,success,1,0,,,11799917
pilot_1790587924129,mint_N1000_c3_r1,1,2026-09-28T10:29:00.682Z,ethereumSepolia,11155111,sepolia.era.zksync.dev,mint,1000,3,1446,0xe9f84b1cd2db442f6bfce0b4810319f564af7172df2dd752eacc7c9055da98ac,3405675.07,3417284.908125,11609.838125000242,205938,1124591984,,success,1,0,,,11799918
pilot_1790587924129,mint_N1000_c3_r1,1,2026-09-28T10:29:00.988Z,ethereumSepolia,11155111,sepolia.era.zksync.dev,mint,1000,3,1447,0xa24ace9c935160e3e678d3146ead18a1745e11bdc25ff1a69812421fd6d6c924,3405777.985042,3417590.477584,11812.492542000022,205950,1124591984,,success,1,0,,,11799918
pilot_1790587924129,mint_N1000_c3_r1,1,2026-09-28T10:29:01.044Z,ethereumSepolia,11155111,sepolia.era.zksync.dev,mint,1000,3,1448,0x1255f8f5093e4bd01f50b87217a0558e1420e7f9ef733dd3849807ea9ea6c81d,3405974.143625,3417646.408959,11672.26533399988,205950,1124591984,,success,1,0,,,11799918
pilot_1790587924129,mint_N1000_c3_r1,1,2026-09-28T10:29:12.934Z,ethereumSepolia,11155111,sepolia.era.zksync.dev,mint,1000,3,1449,0xa57bc88209970eeb1575e97dc70a5ceff501f2d5b818d7c66bb29f74d4efc5d6,3417285.173084,3429536.223375,12251.050290999934,205950,1106884765,,success,1,0,,,11799919
pilot_1790587924129,mint_N1000_c3_r1,1,2026-09-28T10:29:13.049Z,ethereumSepolia,11155111,sepolia.era.zksync.dev,mint,1000,3,1450,0xf93967ebe76a60bf39ce27879a74ab04940f297b91620b84a9265c3555b8f1b4,3417590.586375,3429651.67275,12061.086374999955,205950,1106884765,,success,1,0,,,11799919
pilot_1790587924129,mint_N1000_c3_r1,1,2026-09-28T10:29:13.162Z,ethereumSepolia,11155111,sepolia.era.zksync.dev,mint,1000,3,1451,0x5797f1ef5b20b6c8a7cb360729bebbc7a4a7124676f3b7a74ea777818626e62d,3417646.545584,3429764.190292,12117.644707999658,205950,1106884765,,success,1,0,,,11799919
pilot_1790587924129,mint_N1000_c3_r1,1,2026-09-28T10:29:25.512Z,ethereumSepolia,11155111,sepolia.era.zksync.dev,mint,1000,3,1452,0xec28de9e2341fc8453590a4cc843af047470180c577755521631d99aa5f32302,3429536.496042,3442114.514167,12578.018124999944,205950,1047425463,,success,1,0,,,11799920
pilot_1790587924129,mint_N1000_c3_r1,1,2026-09-28T10:29:25.631Z,ethereumSepolia,11155111,sepolia.era.zksync.dev,mint,1000,3,1453,0x3f90f8ef2c54a67c50550bf3f09dcd9a6ccfbcd23f784ff3277977a7f08ca274,3429651.796292,3442233.739792,12581.943500000052,205950,1047425463,,success,1,0,,,11799920
pilot_1790587924129,mint_N1000_c3_r1,1,2026-09-28T10:29:25.748Z,ethereumSepolia,11155111,sepolia.era.zksync.dev,mint,1000,3,1454,0x9268627ce5b299fb3b4e5913b4a799d2c51f9d268278fc5e1c369737136969ea,3429764.283417,3442351.182917,12586.899499999825,205950,1047425463,,success,1,0,,,11799920
pilot_1790587924129,mint_N1000_c3_r1,1,2026-09-28T10:29:48.763Z,ethereumSepolia,11155111,sepolia.era.zksync.dev,mint,1000,3,1455,0x7f82f0c015193fbe05d6c951e374d081137ce6a2e327488cfba1f6b6102a98e3,3442114.639084,3465365.811792,23251.172708000056,205950,1119609490,,success,1,0,,,11799922
pilot_1790587924129,mint_N1000_c3_r1,1,2026-09-28T10:29:48.886Z,ethereumSepolia,11155111,sepolia.era.zksync.dev,mint,1000,3,1456,0x503e48d5bcea07db274888e76db94fde5b2016185656deeb5b127833943d27c2,3442233.781375,3465488.646875,23254.865500000305,205950,1119609490,,success,1,0,,,11799922
pilot_1790587924129,mint_N1000_c3_r1,1,2026-09-28T10:29:49.006Z,ethereumSepolia,11155111,sepolia.era.zksync.dev,mint,1000,3,1457,0x2aaec02520ce2cbabdce24d2ad8f3d8f156ca93a5ae5b55ef231379d8c4a8c08,3442351.217292,3465608.746375,23257.52908300003,205950,1119609490,,success,1,0,,,11799922
pilot_1790587924129,mint_N1000_c3_r1,1,2026-09-28T10:30:01.340Z,ethereumSepolia,11155111,sepolia.era.zksync.dev,mint,1000,3,1458,0x5f22b3d9d4230ffb8b130e9c9407b37afb99f3390c60eac68338fe20b664335c,3465365.883292,3477942.762292,12576.87900000019,205950,1061378423,,success,1,0,,,11799923
pilot_1790587924129,mint_N1000_c3_r1,1,2026-09-28T10:30:01.458Z,ethereumSepolia,11155111,sepolia.era.zksync.dev,mint,1000,3,1459,0x6f93ea5ef570d4f15cc1f42485b1c03bc37107890368bd2d5f9e6f92c8979914,3465488.739625,3478061.274125,12572.534500000067,205950,1061378423,,success,1,0,,,11799923
pilot_1790587924129,mint_N1000_c3_r1,1,2026-09-28T10:30:01.578Z,ethereumSepolia,11155111,sepolia.era.zksync.dev,mint,1000,3,1460,0xec4b7cf9c6fa7e683e39d1fed961412d37548c840ea5e58aea91f639b0a8a061,3465608.820125,3478181.564917,12572.744791999925,205938,1061378423,,success,1,0,,,11799923
pilot_1790587924129,mint_N1000_c3_r1,1,2026-09-28T10:30:12.698Z,ethereumSepolia,11155111,sepolia.era.zksync.dev,mint,1000,3,1461,0x86559535acceee0b3ae89c7568937755144e113b674bc625910cb42c39461d1c,3477942.818667,3489301.43075,11358.612082999665,205950,1007670420,,success,1,0,,,11799924
pilot_1790587924129,mint_N1000_c3_r1,1,2026-09-28T10:30:12.808Z,ethereumSepolia,11155111,sepolia.era.zksync.dev,mint,1000,3,1462,0x30b90bd9d6ce2c9b52690fa4af3fea4502b2fea8a92f020e805468336640afee,3478061.319667,3489411.270875,11349.951208000071,205950,1007670420,,success,1,0,,,11799924
pilot_1790587924129,mint_N1000_c3_r1,1,2026-09-28T10:30:12.933Z,ethereumSepolia,11155111,sepolia.era.zksync.dev,mint,1000,3,1463,0x745a38f8a0d90adecbd502f633b2ea45fd77f1d1c2d9acd6e2326ef61855814d,3478181.614167,3489536.249875,11354.635708000045,205950,1007670420,,success,1,0,,,11799924
pilot_1790587924129,mint_N1000_c3_r1,1,2026-09-28T10:30:37.375Z,ethereumSepolia,11155111,sepolia.era.zksync.dev,mint,1000,3,1466,0xe6968f0fc5bd27c6093bf88b6d26e1b9ba034a868b022d5e6861f50dab849c70,3489536.321709,3513978.529334,24442.207624999806,205950,1056917953,,success,1,0,,,11799926
pilot_1790587924129,mint_N1000_c3_r1,1,2026-09-28T10:30:37.680Z,ethereumSepolia,11155111,sepolia.era.zksync.dev,mint,1000,3,1464,0xa071c8f8340368140a212bde7b3d9913d2300bef5f9081aabcae4fc0abed5950,3489301.478375,3514283.597709,24982.119334000163,205950,1056917953,,success,1,0,,,11799926
pilot_1790587924129,mint_N1000_c3_r1,1,2026-09-28T10:30:37.720Z,ethereumSepolia,11155111,sepolia.era.zksync.dev,mint,1000,3,1465,0x71051d9326171f6855864b1aaca34136b9a86d0b345dfeaff048a03155c99de5,3489411.32525,3514323.710542,24912.38529199967,205950,1056917953,,success,1,0,,,11799926
pilot_1790587924129,mint_N1000_c3_r1,1,2026-09-28T10:30:49.535Z,ethereumSepolia,11155111,sepolia.era.zksync.dev,mint,1000,3,1467,0x4090da2cf17444c15daa5831a1b2ed25d8f2cad2ff75a4749050efd5a809d498,3513978.647209,3526138.788792,12160.14158300031,205950,1031920471,,success,1,0,,,11799927
pilot_1790587924129,mint_N1000_c3_r1,1,2026-09-28T10:30:49.670Z,ethereumSepolia,11155111,sepolia.era.zksync.dev,mint,1000,3,1469,0x5ea96df7a208cf7480f30acaddee841524603acfd38a284a17a11a0734a27db6,3514323.744417,3526273.827584,11950.083166999742,205950,1031920471,,success,1,0,,,11799927
pilot_1790587924129,mint_N1000_c3_r1,1,2026-09-28T10:30:49.782Z,ethereumSepolia,11155111,sepolia.era.zksync.dev,mint,1000,3,1468,0xa8026da122f273e59eabef5313fe1b34ec043d26fc3e7627c2692e96c63add36,3514283.689917,3526385.503875,12101.813957999926,205950,1031920471,,success,1,0,,,11799927
pilot_1790587924129,mint_N1000_c3_r1,1,2026-09-28T10:31:01.529Z,ethereumSepolia,11155111,sepolia.era.zksync.dev,mint,1000,3,1470,0x1368dd7d53501c012a3e0a128e446b6a075311b9a918b725cf552d61167ba958,3526138.881084,3538132.394959,11993.513874999713,205950,1069953893,,success,1,0,,,11799928
pilot_1790587924129,mint_N1000_c3_r1,1,2026-09-28T10:31:01.639Z,ethereumSepolia,11155111,sepolia.era.zksync.dev,mint,1000,3,1471,0x349859cb192ada19f6d3cdb9d4b154b662f586be88ef6219672397d0b5b7cf65,3526273.878125,3538242.987125,11969.109000000171,205950,1069953893,,success,1,0,,,11799928
pilot_1790587924129,mint_N1000_c3_r1,1,2026-09-28T10:31:01.744Z,ethereumSepolia,11155111,sepolia.era.zksync.dev,mint,1000,3,1472,0x3fa8cccd40bb737f2314504fc9218c78199e61072471f9416e611cc94e460382,3526385.69425,3538347.352792,11961.658541999757,205950,1069953893,,success,1,0,,,11799928
pilot_1790587924129,mint_N1000_c3_r1,1,2026-09-28T10:31:13.408Z,ethereumSepolia,11155111,sepolia.era.zksync.dev,mint,1000,3,1473,0x75fe32aa3ef748c31722e051e29397b374920b3947955908981686443e90a3c4,3538132.437125,3550011.659959,11879.222833999898,205950,1121645602,,success,1,0,,,11799929
pilot_1790587924129,mint_N1000_c3_r1,1,2026-09-28T10:31:13.657Z,ethereumSepolia,11155111,sepolia.era.zksync.dev,mint,1000,3,1474,0x702ad94c3e3047ee1aafc26609964bb30f65538002322096f965f83325e1ad69,3538243.035042,3550260.53925,12017.504207999911,205950,1121645602,,success,1,0,,,11799929
pilot_1790587924129,mint_N1000_c3_r1,1,2026-09-28T10:31:13.702Z,ethereumSepolia,11155111,sepolia.era.zksync.dev,mint,1000,3,1475,0x1aeed2f46c0dcbd4cf4d94eefff48ee8d28576507883b4751a78e13114279a18,3538347.399167,3550306.178667,11958.779500000179,205950,1121645602,,success,1,0,,,11799929
pilot_1790587924129,mint_N1000_c3_r1,1,2026-09-28T10:31:25.615Z,ethereumSepolia,11155111,sepolia.era.zksync.dev,mint,1000,3,1478,0x2f84a72f146d6a051f0ce4c6654cf7c84cc43837410631954dd15570cbcbfb56,3550306.245959,3562218.880459,11912.634499999695,205950,1028618005,,success,1,0,,,11799930
pilot_1790587924129,mint_N1000_c3_r1,1,2026-09-28T10:31:25.916Z,ethereumSepolia,11155111,sepolia.era.zksync.dev,mint,1000,3,1476,0x3cc2623fecef0907c696e69b49e1884742ae8abb416fc473a624f43c2d42267c,3550011.801334,3562519.905375,12508.104040999897,205950,1028618005,,success,1,0,,,11799930
pilot_1790587924129,mint_N1000_c3_r1,1,2026-09-28T10:31:25.960Z,ethereumSepolia,11155111,sepolia.era.zksync.dev,mint,1000,3,1477,0xeaa716d8a524542c30b8dab2b9fe49287b156b493d20c717dfc78f95e3d0a0ee,3550260.680334,3562563.949584,12303.269249999896,205950,1028618005,,success,1,0,,,11799930
pilot_1790587924129,mint_N1000_c3_r1,1,2026-09-28T10:31:37.720Z,ethereumSepolia,11155111,sepolia.era.zksync.dev,mint,1000,3,1479,0x4b57e848d035eb5ab787c84ef69eaae530528ef143a2030cca0c560981481299,3562219.012,3574324.070084,12105.058083999902,205950,1030814175,,success,1,0,,,11799931
pilot_1790587924129,mint_N1000_c3_r1,1,2026-09-28T10:31:37.840Z,ethereumSepolia,11155111,sepolia.era.zksync.dev,mint,1000,3,1481,0x6d99a19ddb537848a6a84ad4ed8632a066f76d09a91ed673b66b2806b6238628,3562564.041917,3574444.144875,11880.102958000265,205950,1030814175,,success,1,0,,,11799931
pilot_1790587924129,mint_N1000_c3_r1,1,2026-09-28T10:31:37.961Z,ethereumSepolia,11155111,sepolia.era.zksync.dev,mint,1000,3,1480,0x8d95fe35ebef8ec7f579daa4fe792dc2b2fc03956b91bd32cc16dde3a319f52f,3562519.99675,3574564.901792,12044.905042000115,205950,1030814175,,success,1,0,,,11799931
pilot_1790587924129,mint_N1000_c3_r1,1,2026-09-28T10:31:48.487Z,ethereumSepolia,11155111,sepolia.era.zksync.dev,mint,1000,3,1483,0x13e017159a977fbe89fb0a9c5bbfa3d42f227e1459d1437027b9a35f2fef135b,3574444.191584,3585090.493375,10646.30179100018,205950,1113962703,,success,1,0,,,11799932
pilot_1790587924129,mint_N1000_c3_r1,1,2026-09-28T10:31:48.528Z,ethereumSepolia,11155111,sepolia.era.zksync.dev,mint,1000,3,1484,0x0fa68cdf96777cba0f41aaa16d07423d869476e1a67359703382c47c08f7f5fa,3574564.93325,3585132.136625,10567.203375000041,205950,1113962703,,success,1,0,,,11799932
pilot_1790587924129,mint_N1000_c3_r1,1,2026-09-28T10:31:48.913Z,ethereumSepolia,11155111,sepolia.era.zksync.dev,mint,1000,3,1482,0xca3c7ce647952982e63499cf48f26d3ef5468165efc65aabe74b9fe9bf56a17c,3574324.143584,3585517.428667,11193.285083000083,205950,1113962703,,success,1,0,,,11799932
pilot_1790587924129,mint_N1000_c3_r1,1,2026-09-28T10:32:01.332Z,ethereumSepolia,11155111,sepolia.era.zksync.dev,mint,1000,3,1485,0x40568feb43f3a674bc4024a138791a830275aafb40d788d3f898183507b97c0d,3585090.5695,3597936.071459,12845.501958999783,205950,1070244654,,success,1,0,,,11799933
pilot_1790587924129,mint_N1000_c3_r1,1,2026-09-28T10:32:01.450Z,ethereumSepolia,11155111,sepolia.era.zksync.dev,mint,1000,3,1487,0x7753e55327840270ff84a3ecf03cf7e6eccd80c874d324894ba61adbbbbc0b52,3585517.478209,3598054.098417,12536.620207999833,205938,1070244654,,success,1,0,,,11799933
pilot_1790587924129,mint_N1000_c3_r1,1,2026-09-28T10:32:01.627Z,ethereumSepolia,11155111,sepolia.era.zksync.dev,mint,1000,3,1486,0x36ebda5d878b5dc73335221a52a6c16ec4581884ead0c21713586e95e3218329,3585132.171459,3598231.132709,13098.961249999702,205950,1070244654,,success,1,0,,,11799933
pilot_1790587924129,mint_N1000_c3_r1,1,2026-09-28T10:32:12.761Z,ethereumSepolia,11155111,sepolia.era.zksync.dev,mint,1000,3,1488,0x0abd4df86378e21189c8f6670efe21ffdd07736771daf69f623bd46d1bf3ec56,3597936.115917,3609365.430209,11429.314292000141,205950,1100540427,,success,1,0,,,11799934
pilot_1790587924129,mint_N1000_c3_r1,1,2026-09-28T10:32:12.876Z,ethereumSepolia,11155111,sepolia.era.zksync.dev,mint,1000,3,1489,0x41a083f535178256cf7cc471b346df50236878a2bfcef1e782b992febabab2ff,3598054.138959,3609480.155209,11426.016250000335,205950,1100540427,,success,1,0,,,11799934
pilot_1790587924129,mint_N1000_c3_r1,1,2026-09-28T10:32:12.990Z,ethereumSepolia,11155111,sepolia.era.zksync.dev,mint,1000,3,1490,0xc087b2e4deea0805920eaecdc9eb8195e806a8ae7d489b16c573ea5c7cfc4422,3598231.19275,3609594.356125,11363.163375000004,205950,1100540427,,success,1,0,,,11799934
pilot_1790587924129,mint_N1000_c3_r1,1,2026-09-28T10:32:25.346Z,ethereumSepolia,11155111,sepolia.era.zksync.dev,mint,1000,3,1491,0x93ef10e2f4e26ab3aed318c6f54ce69f73f3dda11c9677bf60eab49de173f81c,3609365.503792,3621950.091709,12584.587917000055,205950,1035456894,,success,1,0,,,11799935
pilot_1790587924129,mint_N1000_c3_r1,1,2026-09-28T10:32:25.462Z,ethereumSepolia,11155111,sepolia.era.zksync.dev,mint,1000,3,1492,0x27c32b3c69aabde5c14c3563a01bd667aa7029b924cee1e27ad8fdaa144c6734,3609480.206917,3622066.0835,12585.87658300018,205950,1035456894,,success,1,0,,,11799935
pilot_1790587924129,mint_N1000_c3_r1,1,2026-09-28T10:32:25.589Z,ethereumSepolia,11155111,sepolia.era.zksync.dev,mint,1000,3,1493,0x23101fc1bf1656fd14adb8fc5875f98c3e6cc53b37e551ae571bd7fd0c854819,3609594.400584,3622193.679542,12599.278957999777,205950,1035456894,,success,1,0,,,11799935
pilot_1790587924129,mint_N1000_c3_r1,1,2026-09-28T10:32:36.619Z,ethereumSepolia,11155111,sepolia.era.zksync.dev,mint,1000,3,1494,0x9415c4275c660f7cd24ff39a70a60e9f259b7b91331f8842735f58a62d85a5e6,3621950.203084,3633223.1045,11272.901415999979,205950,1116927804,,success,1,0,,,11799936
pilot_1790587924129,mint_N1000_c3_r1,1,2026-09-28T10:32:36.739Z,ethereumSepolia,11155111,sepolia.era.zksync.dev,mint,1000,3,1495,0x589ebbc27a5ef9ab74f28ba3c0f173b284fd48c46aa50ac6c54a06bb71e45bef,3622066.155834,3633343.710584,11277.554750000127,205950,1116927804,,success,1,0,,,11799936
pilot_1790587924129,mint_N1000_c3_r1,1,2026-09-28T10:32:36.918Z,ethereumSepolia,11155111,sepolia.era.zksync.dev,mint,1000,3,1496,0x327189452ce7d04f1fb3413c83aed0cf46aece599ffc5c754efa62e0b269ba7b,3622193.727917,3633522.523625,11328.795707999729,205950,1116927804,,success,1,0,,,11799936
pilot_1790587924129,mint_N1000_c3_r1,1,2026-09-28T10:32:49.818Z,ethereumSepolia,11155111,sepolia.era.zksync.dev,mint,1000,3,1497,0x875f9381233585d4da396177ab70db9cf969e856d099cdcf75c81e757349c6f6,3633223.140167,3646422.089084,13198.948917000089,205950,1001316106,,success,1,0,,,11799937
pilot_1790587924129,mint_N1000_c3_r1,1,2026-09-28T10:32:50.106Z,ethereumSepolia,11155111,sepolia.era.zksync.dev,mint,1000,3,1498,0x13dbafbbd72921bbc83a4f4a6cfa457e40a5d0cf6ba1f9bbf6456f5ceb9dcb43,3633343.759417,3646710.550834,13366.791416999884,205950,1001316106,,success,1,0,,,11799937
pilot_1790587924129,mint_N1000_c3_r1,1,2026-09-28T10:32:50.149Z,ethereumSepolia,11155111,sepolia.era.zksync.dev,mint,1000,3,1499,0x87983c587c3dde014986c43f78ce66c1d9d1ba47587935beafdf8b2ec95197ca,3633522.584,3646753.377,13230.793000000063,205950,1001316106,,success,1,0,,,11799937
pilot_1790587924129,mint_N1000_c3_r1,1,2026-09-28T10:33:01.376Z,ethereumSepolia,11155111,sepolia.era.zksync.dev,mint,1000,3,1500,0x5543e3754506ece1bdb500216b9f1aa3296408858daef879ac751e5b519da70c,3646422.25525,3657980.398292,11558.14304200001,205950,964150502,,success,1,0,,,11799938
pilot_1790587924129,mint_N1000_c3_r1,1,2026-09-28T10:33:01.663Z,ethereumSepolia,11155111,sepolia.era.zksync.dev,mint,1000,3,1501,0xacfd64601547deb8e6ddf6e6163d16ccb72c7112582eb9c96f45fb0362c48d3c,3646710.597542,3658267.124334,11556.526792000048,205950,964150502,,success,1,0,,,11799938
pilot_1790587924129,mint_N1000_c3_r1,1,2026-09-28T10:33:13.931Z,ethereumSepolia,11155111,sepolia.era.zksync.dev,mint,1000,3,1502,0x515b79c9453c1bdf4bd3c36138248178ae3e69d6f54a9e9b9c86609bd1553751,3646753.412334,3670535.513542,23782.10120799998,205950,1084449892,,success,1,0,,,11799939
pilot_1790587924129,mint_N1000_c3_r1,1,2026-09-28T10:33:14.213Z,ethereumSepolia,11155111,sepolia.era.zksync.dev,mint,1000,3,1503,0x7f6828bb00fe1ef067f95f68fe554277557bfa9eb38d8539a3cc594d1cbcc749,3657980.451917,3670817.204167,12836.752249999903,205950,1120299390,,success,1,0,,,11799939
pilot_1790587924129,mint_N1000_c3_r1,1,2026-09-28T10:33:14.260Z,ethereumSepolia,11155111,sepolia.era.zksync.dev,mint,1000,3,1504,0x5b5abb907631c5932e07ac9e81b1d8f99da957505319b1cc3facd3bffbdfd6a2,3658267.207,3670864.649375,12597.4423750001,205950,1120299390,,success,1,0,,,11799939
pilot_1790587924129,mint_N1000_c3_r1,1,2026-09-28T10:33:24.686Z,ethereumSepolia,11155111,sepolia.era.zksync.dev,mint,1000,3,1505,0x91ea0076e2741c823543d192b6c667623b09dc397da6a263121b1a16fc6cbb3f,3670535.6865,3681290.336875,10754.650375000201,205950,1063240138,,success,1,0,,,11799940
pilot_1790587924129,mint_N1000_c3_r1,1,2026-09-28T10:33:24.802Z,ethereumSepolia,11155111,sepolia.era.zksync.dev,mint,1000,3,1506,0xbff09ebc13f6c45839031e171532828d1b2f96789e5ea231175dec35d8b00775,3670817.258584,3681406.539959,10589.281374999788,205950,1063240138,,success,1,0,,,11799940
pilot_1790587924129,mint_N1000_c3_r1,1,2026-09-28T10:33:24.927Z,ethereumSepolia,11155111,sepolia.era.zksync.dev,mint,1000,3,1507,0xf3be6ef01396907c2e11e08ee31a6e32b21bfc6f182ed8bf993d127d59e02c75,3670864.671959,3681532.2165,10667.544540999923,205950,1063240138,,success,1,0,,,11799940
pilot_1790587924129,mint_N1000_c3_r1,1,2026-09-28T10:33:36.687Z,ethereumSepolia,11155111,sepolia.era.zksync.dev,mint,1000,3,1509,0x1aa08c326f739a3a013418c1077c191837049f5e0a99fb80d3b292069f8e60c1,3681406.674959,3693291.523,11884.848040999845,205950,1019637976,,success,1,0,,,11799941
pilot_1790587924129,mint_N1000_c3_r1,1,2026-09-28T10:33:36.804Z,ethereumSepolia,11155111,sepolia.era.zksync.dev,mint,1000,3,1508,0x72219f7f89d558c0e79ad46a4ffca31bf25dc9c8674f277f5a2eb7dcc0a6f999,3681290.4195,3693409.217542,12118.798042000271,205950,1019637976,,success,1,0,,,11799941
pilot_1790587924129,mint_N1000_c3_r1,1,2026-09-28T10:33:36.992Z,ethereumSepolia,11155111,sepolia.era.zksync.dev,mint,1000,3,1510,0xaa290307a080123a580333ac2621e2188d28aa28a9cf4922948f2e4e214172c4,3681532.267042,3693596.730917,12064.463875000365,205950,1019637976,,success,1,0,,,11799941
pilot_1790587924129,mint_N1000_c3_r1,1,2026-09-28T10:33:49.322Z,ethereumSepolia,11155111,sepolia.era.zksync.dev,mint,1000,3,1511,0xd82534c450598d57895efbe243ca72f3a2888f6f731d4f7413664c129df33e1f,3693291.589,3705926.949459,12635.360458999872,205938,1122709149,,success,1,0,,,11799942
pilot_1790587924129,mint_N1000_c3_r1,1,2026-09-28T10:33:49.439Z,ethereumSepolia,11155111,sepolia.era.zksync.dev,mint,1000,3,1512,0x0701b952165cec29ad4e06b245248ab82186d1e88319e06d7cad3d1e673ef05e,3693409.322959,3706043.849209,12634.526250000112,205950,1122709149,,success,1,0,,,11799942
pilot_1790587924129,mint_N1000_c3_r1,1,2026-09-28T10:33:49.562Z,ethereumSepolia,11155111,sepolia.era.zksync.dev,mint,1000,3,1513,0x3cca267604d9ae2e365e6902cc8ef338d06d005362b27228a41ec7c2975858f6,3693596.875875,3706166.903959,12570.028084000107,205950,1122709149,,success,1,0,,,11799942
pilot_1790587924129,mint_N1000_c3_r1,1,2026-09-28T10:34:00.608Z,ethereumSepolia,11155111,sepolia.era.zksync.dev,mint,1000,3,1514,0xb2ebc5155d33e85dc293491ba3cc66e7541a0dc433abda6e48041a2718d28fc4,3705927.10075,3717213.094834,11285.994083999656,205938,1069844168,,success,1,0,,,11799943
pilot_1790587924129,mint_N1000_c3_r1,1,2026-09-28T10:34:00.884Z,ethereumSepolia,11155111,sepolia.era.zksync.dev,mint,1000,3,1515,0xb20bc24acab5b53f7f8ea26738e04ca1551d545278e65459170e46dfbb408411,3706043.902334,3717488.710709,11444.808375000022,205950,1069844168,,success,1,0,,,11799943
pilot_1790587924129,mint_N1000_c3_r1,1,2026-09-28T10:34:00.914Z,ethereumSepolia,11155111,sepolia.era.zksync.dev,mint,1000,3,1516,0xd4b9a714643e55a290b038ce7ec9fbd2f30a74718114e8b3807fa2b47501477a,3706166.986167,3717518.866667,11351.88049999997,205950,1069844168,,success,1,0,,,11799943
pilot_1790587924129,mint_N1000_c3_r1,1,2026-09-28T10:34:13.877Z,ethereumSepolia,11155111,sepolia.era.zksync.dev,mint,1000,3,1517,0x0e0a8e438fda58f14bc0024ce13e99ee80f50844514a98b0d372e869880ce67d,3717213.16475,3730482.333209,13269.168459000066,205950,1034424698,,success,1,0,,,11799944
pilot_1790587924129,mint_N1000_c3_r1,1,2026-09-28T10:34:13.999Z,ethereumSepolia,11155111,sepolia.era.zksync.dev,mint,1000,3,1518,0x18be7f96cea628be305834021f674a9334089fe5a3fe3bbbad91e13c920dc47c,3717488.775125,3730604.090459,13115.315333999693,205950,1034424698,,success,1,0,,,11799944
pilot_1790587924129,mint_N1000_c3_r1,1,2026-09-28T10:34:14.101Z,ethereumSepolia,11155111,sepolia.era.zksync.dev,mint,1000,3,1519,0x1304f2464d967828096db2f2b7ae10febc495910f4b13bdf587d159487cbb5aa,3717518.945625,3730706.593542,13187.647916999646,205950,1034424698,,success,1,0,,,11799944
pilot_1790587924129,mint_N1000_c3_r1,1,2026-09-28T10:34:25.196Z,ethereumSepolia,11155111,sepolia.era.zksync.dev,mint,1000,3,1521,0x7f525a3031bf1235a4a762562eb8b5af5bbad1afd898f90005f0f0bb5de0ba92,3730604.141292,3741801.192709,11197.05141699966,205950,1079890781,,success,1,0,,,11799945
pilot_1790587924129,mint_N1000_c3_r1,1,2026-09-28T10:34:25.412Z,ethereumSepolia,11155111,sepolia.era.zksync.dev,mint,1000,3,1522,0x7ef17a41f8dac00eaac41257fbbc07906ea5d0e593a1362a0ba6f90403dd10ad,3730706.64975,3742017.459542,11310.809792000335,205950,1079890781,,success,1,0,,,11799945
pilot_1790587924129,mint_N1000_c3_r1,1,2026-09-28T10:34:25.694Z,ethereumSepolia,11155111,sepolia.era.zksync.dev,mint,1000,3,1520,0x01eb67fe2141c7230e614c9fdc80aac99d7645df7bb0368dd277ade740d01b21,3730482.403167,3742299.337917,11816.934750000015,205950,1079890781,,success,1,0,,,11799945
pilot_1790587924129,mint_N1000_c3_r1,1,2026-09-28T10:34:36.751Z,ethereumSepolia,11155111,sepolia.era.zksync.dev,mint,1000,3,1523,0xfd2bcce4a8feb08ec4f45fc62c7de39d5187e8e9570de95cb2d2b097028fb7e9,3741801.251459,3753356.632042,11555.380582999904,205950,1122416971,,success,1,0,,,11799946
pilot_1790587924129,mint_N1000_c3_r1,1,2026-09-28T10:34:36.945Z,ethereumSepolia,11155111,sepolia.era.zksync.dev,mint,1000,3,1524,0x294d44ade852c5d3b8de47fc64cabde638b45c55706562256bdcacb701b54303,3742017.573959,3753550.292375,11532.71841600025,205950,1122416971,,success,1,0,,,11799946
pilot_1790587924129,mint_N1000_c3_r1,1,2026-09-28T10:34:37.070Z,ethereumSepolia,11155111,sepolia.era.zksync.dev,mint,1000,3,1525,0x2b8780edfa4a861868cdf53c8da72471d649ff1707068cc59c056c7cfd973eca,3742299.393042,3753675.112959,11375.719916999806,205950,1122416971,,success,1,0,,,11799946
pilot_1790587924129,mint_N1000_c3_r1,1,2026-09-28T10:34:49.349Z,ethereumSepolia,11155111,sepolia.era.zksync.dev,mint,1000,3,1526,0x139ab3135a1894f7ad41b08bfdf9ee9fe5b4ac3c2d0200adc9992d82228a869c,3753356.714167,3765954.1455,12597.431333000306,205950,1066184892,,success,1,0,,,11799947
pilot_1790587924129,mint_N1000_c3_r1,1,2026-09-28T10:34:49.537Z,ethereumSepolia,11155111,sepolia.era.zksync.dev,mint,1000,3,1527,0x42df3540ed20cf1ef249a83057b78fec5f3c38b445a9b9c0464acecae688c936,3753550.34875,3766142.642667,12592.293917000294,205950,1066184892,,success,1,0,,,11799947
pilot_1790587924129,mint_N1000_c3_r1,1,2026-09-28T10:34:49.663Z,ethereumSepolia,11155111,sepolia.era.zksync.dev,mint,1000,3,1528,0x119acf22047206c9a4ad7a58e5158194130dfc6467b3cb1ab1e606d76da9711a,3753675.171667,3766268.0285,12592.856833000202,205950,1066184892,,success,1,0,,,11799947
pilot_1790587924129,mint_N1000_c3_r1,1,2026-09-28T10:35:00.711Z,ethereumSepolia,11155111,sepolia.era.zksync.dev,mint,1000,3,1529,0x88f07c3116a72fe7015c664ab558cd5e2c9673b38bea44231618d97ef27c4f79,3765954.209334,3777316.712292,11362.502958000172,205950,1043911075,,success,1,0,,,11799948
pilot_1790587924129,mint_N1000_c3_r1,1,2026-09-28T10:35:00.817Z,ethereumSepolia,11155111,sepolia.era.zksync.dev,mint,1000,3,1530,0x3850142c6fc56b25bef6e12fbf0b102fb9bdbd0eaf50feb9bcea2e20e02452d9,3766142.695042,3777422.875459,11280.18041699985,205950,1043911075,,success,1,0,,,11799948
pilot_1790587924129,mint_N1000_c3_r1,1,2026-09-28T10:35:00.934Z,ethereumSepolia,11155111,sepolia.era.zksync.dev,mint,1000,3,1531,0xfc77fb383b43ff37a5c76989ff5cd8c14cbb8a7071b418212dcc205682c55673,3766268.096209,3777539.522209,11271.425999999978,205950,1043911075,,success,1,0,,,11799948
pilot_1790587924129,mint_N1000_c3_r1,1,2026-09-28T10:35:13.299Z,ethereumSepolia,11155111,sepolia.era.zksync.dev,mint,1000,3,1532,0x5a9cbf51263103b525161fbf249f0e8177e0a954f6e8a415e258281037caa023,3777316.752209,3789904.719584,12587.967375000007,205938,982160798,,success,1,0,,,11799949
pilot_1790587924129,mint_N1000_c3_r1,1,2026-09-28T10:35:13.422Z,ethereumSepolia,11155111,sepolia.era.zksync.dev,mint,1000,3,1533,0xde4002e13608cc03ef7f1d5f07c8da0baef28522b0c6f259e78e41b553e8aa32,3777422.93525,3790027.486084,12604.55083400011,205950,982160798,,success,1,0,,,11799949
pilot_1790587924129,mint_N1000_c3_r1,1,2026-09-28T10:35:13.542Z,ethereumSepolia,11155111,sepolia.era.zksync.dev,mint,1000,3,1534,0x4a540b1bf9c40ebaa2c2c8cc4f6464d9f039f8778f3781dd5b6dd2ab1d3911a7,3777539.567875,3790147.721125,12608.153249999974,205950,982160798,,success,1,0,,,11799949
pilot_1790587924129,mint_N1000_c3_r1,1,2026-09-28T10:35:25.361Z,ethereumSepolia,11155111,sepolia.era.zksync.dev,mint,1000,3,1535,0xf32e9e2c4fc0f65e53f34011844fb3e41d899b32bc12869d0f73500021659cca,3789904.810125,3801967.093417,12062.283292000182,205950,1119434384,,success,1,0,,,11799950
pilot_1790587924129,mint_N1000_c3_r1,1,2026-09-28T10:35:25.480Z,ethereumSepolia,11155111,sepolia.era.zksync.dev,mint,1000,3,1536,0xf97086f1441afb1bcc8c211639e13424983f6f2c25e513c2acd6daf6b338d8f2,3790027.522334,3802085.7105,12058.188165999949,205950,1119434384,,success,1,0,,,11799950
pilot_1790587924129,mint_N1000_c3_r1,1,2026-09-28T10:35:25.595Z,ethereumSepolia,11155111,sepolia.era.zksync.dev,mint,1000,3,1537,0x83c4bb642f97105058ddf412336ffc60ec3d6a0c08336e968a1cd11be9c5bb02,3790147.766375,3802201.277959,12053.51158399973,205950,1119434384,,success,1,0,,,11799950
pilot_1790587924129,mint_N1000_c3_r1,1,2026-09-28T10:35:36.805Z,ethereumSepolia,11155111,sepolia.era.zksync.dev,mint,1000,3,1538,0xa36d2b3b82d10ef7e4cfa11bae7f1fee0fa58150c21187537d934974f8ce4aa1,3801967.159584,3813410.944417,11443.784833000042,205950,1063920390,,success,1,0,,,11799951
pilot_1790587924129,mint_N1000_c3_r1,1,2026-09-28T10:35:36.920Z,ethereumSepolia,11155111,sepolia.era.zksync.dev,mint,1000,3,1539,0x55c0a5a360c5af99902b3fb270ae4eb255730de1a5f8fbc4dd53cc311c0f5022,3802085.761625,3813525.95025,11440.188625000417,205950,1063920390,,success,1,0,,,11799951
pilot_1790587924129,mint_N1000_c3_r1,1,2026-09-28T10:35:37.030Z,ethereumSepolia,11155111,sepolia.era.zksync.dev,mint,1000,3,1540,0x514724e73773d160b6b71135bd3073bf9f0b8ba049d34b667b1805ca414b896a,3802201.316334,3813636.077584,11434.761249999981,205938,1063920390,,success,1,0,,,11799951
pilot_1790587924129,mint_N1000_c3_r1,1,2026-09-28T10:35:48.766Z,ethereumSepolia,11155111,sepolia.era.zksync.dev,mint,1000,3,1541,0x638d6b2edaf32afeb62e33456bbafefc81ba6a9cc253ebc3980912080f6e5b62,3813411.030542,3825371.599459,11960.568916999735,205950,1009821515,,success,1,0,,,11799952
pilot_1790587924129,mint_N1000_c3_r1,1,2026-09-28T10:35:48.881Z,ethereumSepolia,11155111,sepolia.era.zksync.dev,mint,1000,3,1542,0x6d0b17af5ff74e859ea1437ec10d9d760979f52d0532e5045d9106632a6c29ff,3813525.992167,3825487.450625,11961.458457999863,205950,1009821515,,success,1,0,,,11799952
pilot_1790587924129,mint_N1000_c3_r1,1,2026-09-28T10:35:49.073Z,ethereumSepolia,11155111,sepolia.era.zksync.dev,mint,1000,3,1543,0x8256af2488deaa14ce92c2c6b25758b3c8ab450294e8b8d98855d0e7fed9af13,3813636.1385,3825678.661792,12042.52329199994,205950,1009821515,,success,1,0,,,11799952
pilot_1790587924129,mint_N1000_c3_r1,1,2026-09-28T10:36:00.829Z,ethereumSepolia,11155111,sepolia.era.zksync.dev,mint,1000,3,1544,0x2b06275b4133c41a3a7299441d95347b5172cc0a6f8571cee3a3ba8e381f4766,3825371.742792,3837435.38225,12063.639457999729,205950,1120630902,,success,1,0,,,11799953
pilot_1790587924129,mint_N1000_c3_r1,1,2026-09-28T10:36:00.946Z,ethereumSepolia,11155111,sepolia.era.zksync.dev,mint,1000,3,1545,0x080360960709fac3ca953bb493a4d39c602519638a64b6cc6736bbde1c630814,3825487.49125,3837552.0305,12064.539249999914,205950,1120630902,,success,1,0,,,11799953
pilot_1790587924129,mint_N1000_c3_r1,1,2026-09-28T10:36:01.063Z,ethereumSepolia,11155111,sepolia.era.zksync.dev,mint,1000,3,1546,0xa24984b100d45f02e72c4a32202fd0db863a98c735afb2d75e3a500802732f87,3825678.752709,3837669.104917,11990.352208000142,205950,1120630902,,success,1,0,,,11799953
pilot_1790587924129,mint_N1000_c3_r1,1,2026-09-28T10:36:13.504Z,ethereumSepolia,11155111,sepolia.era.zksync.dev,mint,1000,3,1547,0x9ebc4577cdf636a9cc70ad383dd6c47b82b44b2b2df8ac6403d1ee942eaca144,3837435.481125,3850110.613542,12675.132416999899,205950,1048472940,,success,1,0,,,11799954
pilot_1790587924129,mint_N1000_c3_r1,1,2026-09-28T10:36:13.625Z,ethereumSepolia,11155111,sepolia.era.zksync.dev,mint,1000,3,1548,0x340bf6870a75fefd755110a0c91b7bbff104295cfc1ad2cc628b51eb30085821,3837552.080709,3850231.086167,12679.00545799965,205950,1048472940,,success,1,0,,,11799954
pilot_1790587924129,mint_N1000_c3_r1,1,2026-09-28T10:36:13.742Z,ethereumSepolia,11155111,sepolia.era.zksync.dev,mint,1000,3,1549,0xcbf5b554f1c0468640ef16ca8ab0652edc5687bd6b7fd3cdd635f344a831e8c5,3837669.150917,3850348.682042,12679.531124999747,205950,1048472940,,success,1,0,,,11799954
pilot_1790587924129,mint_N1000_c3_r1,1,2026-09-28T10:36:24.799Z,ethereumSepolia,11155111,sepolia.era.zksync.dev,mint,1000,3,1550,0xf8ba252310fc31d3df0a801a750e15a600ca18fb1857c055d64108f207b9b2f8,3850110.691125,3861405.22325,11294.53212499991,205938,996999033,,success,1,0,,,11799955
pilot_1790587924129,mint_N1000_c3_r1,1,2026-09-28T10:36:25.063Z,ethereumSepolia,11155111,sepolia.era.zksync.dev,mint,1000,3,1551,0xd822a70f5b8331d8135c3f9d9bbc4b01da91c1b3809d97339897b3e84a5c7efa,3850231.122459,3861669.529167,11438.406708000228,205950,996999033,,success,1,0,,,11799955
pilot_1790587924129,mint_N1000_c3_r1,1,2026-09-28T10:36:25.097Z,ethereumSepolia,11155111,sepolia.era.zksync.dev,mint,1000,3,1552,0xc03f3a01511670bea5539712af7b379f8e347826671bd608129d638a18d34477,3850348.76725,3861703.429417,11354.662167000119,205950,996999033,,success,1,0,,,11799955
pilot_1790587924129,mint_N1000_c3_r1,1,2026-09-28T10:36:37.370Z,ethereumSepolia,11155111,sepolia.era.zksync.dev,mint,1000,3,1553,0x7923fd96f689bfcf4a469e56b02342399c18151d29373ee1355bb64d45cb18f8,3861405.283042,3873976.163459,12570.880417000037,205950,1124393486,,success,1,0,,,11799956
pilot_1790587924129,mint_N1000_c3_r1,1,2026-09-28T10:36:37.569Z,ethereumSepolia,11155111,sepolia.era.zksync.dev,mint,1000,3,1554,0x64e1b4120692b5745c6c50e30a1f156a12f0705c1dcdffa4478d17d53c9873da,3861669.590125,3874175.723459,12506.133333999664,205950,1124393486,,success,1,0,,,11799956
pilot_1790587924129,mint_N1000_c3_r1,1,2026-09-28T10:36:37.689Z,ethereumSepolia,11155111,sepolia.era.zksync.dev,mint,1000,3,1555,0x4825583218aaf9c5ac0b941ac548c8d64a5eb7d9e5f91e33ac925283c88cc401,3861703.5955,3874295.533875,12591.938375000376,205950,1124393486,,success,1,0,,,11799956
pilot_1790587924129,mint_N1000_c3_r1,1,2026-09-28T10:36:48.787Z,ethereumSepolia,11155111,sepolia.era.zksync.dev,mint,1000,3,1556,0x622875247735a4906d6cade25179c493acc8c52a02c5af55a8c74313e98558b1,3873976.218792,3885393.496625,11417.277833000291,205950,1073372836,,success,1,0,,,11799957
pilot_1790587924129,mint_N1000_c3_r1,1,2026-09-28T10:36:48.904Z,ethereumSepolia,11155111,sepolia.era.zksync.dev,mint,1000,3,1557,0xa8c3570b5b40d5c2c2b65848b41010a26869f14dd2baf969c55f70d4d6dc2629,3874175.769584,3885510.2065,11334.436915999744,205950,1073372836,,success,1,0,,,11799957
pilot_1790587924129,mint_N1000_c3_r1,1,2026-09-28T10:36:49.183Z,ethereumSepolia,11155111,sepolia.era.zksync.dev,mint,1000,3,1558,0x938918a04f22d1f8098420b35e2f2d166c4f7404005f1102a9c0f3ce5b8c125f,3874295.59225,3885789.414917,11493.822666999884,205950,1073372836,,success,1,0,,,11799957
pilot_1790587924129,mint_N1000_c3_r1,1,2026-09-28T10:37:01.482Z,ethereumSepolia,11155111,sepolia.era.zksync.dev,mint,1000,3,1559,0xb6a291629e23c0dc8473a13a8a6386770e9338bf248017d531a5ab6126233ab2,3885393.568667,3898088.425334,12694.856666999869,205950,1017798656,,success,1,0,,,11799958
pilot_1790587924129,mint_N1000_c3_r1,1,2026-09-28T10:37:01.682Z,ethereumSepolia,11155111,sepolia.era.zksync.dev,mint,1000,3,1560,0xa24a0122c0818a78f1dbc9ddb0d4aa8e7d77e7e2f79aea94b5343acf0b04a850,3885510.241125,3898288.203084,12777.961958999746,205950,1017798656,,success,1,0,,,11799958
pilot_1790587924129,mint_N1000_c3_r1,1,2026-09-28T10:37:01.796Z,ethereumSepolia,11155111,sepolia.era.zksync.dev,mint,1000,3,1561,0xd2371cae4e326fc3bd3f7f2279a90348dbe52ab5ea9e1d2f75cd000aec16fff9,3885789.466792,3898402.894625,12613.427833000198,205938,1017798656,,success,1,0,,,11799958
pilot_1790587924129,mint_N1000_c3_r1,1,2026-09-28T10:37:12.815Z,ethereumSepolia,11155111,sepolia.era.zksync.dev,mint,1000,3,1562,0xed3b228613ea1257379aaf36011f8ce5d2d110aa540c045638b33af8f0ecb27e,3898088.467084,3909421.228584,11332.761500000022,205950,972127968,,success,1,0,,,11799959
pilot_1790587924129,mint_N1000_c3_r1,1,2026-09-28T10:37:12.919Z,ethereumSepolia,11155111,sepolia.era.zksync.dev,mint,1000,3,1563,0x10b4e102ed2e677233310c97e02aa69fb2597fb2c960962976e5a85d7056c1ab,3898288.247167,3909525.097917,11236.85074999975,205950,972127968,,success,1,0,,,11799959
pilot_1790587924129,mint_N1000_c3_r1,1,2026-09-28T10:37:13.039Z,ethereumSepolia,11155111,sepolia.era.zksync.dev,mint,1000,3,1564,0xe314188cdf7fc86c52137974403096ef675f21b4bb821a65566726b56b10884c,3898402.951709,3909645.2345,11242.28279099986,205950,972127968,,success,1,0,,,11799959
pilot_1790587924129,mint_N1000_c3_r1,1,2026-09-28T10:37:24.267Z,ethereumSepolia,11155111,sepolia.era.zksync.dev,mint,1000,3,1567,0x245e341ace0d8a887869d5882727d25f200cfcc51e5d9608d252406066cf505e,3909645.298792,3920874.244709,11228.945917000063,205950,1121346546,,success,1,0,,,11799960
pilot_1790587924129,mint_N1000_c3_r1,1,2026-09-28T10:37:24.571Z,ethereumSepolia,11155111,sepolia.era.zksync.dev,mint,1000,3,1565,0x9d94aef917d28808e476eaf40d8482f62e295cca1c4a3f1b73f0e9473ae475d1,3909421.295125,3921177.559875,11756.264749999624,205950,1121346546,,success,1,0,,,11799960
pilot_1790587924129,mint_N1000_c3_r1,1,2026-09-28T10:37:24.801Z,ethereumSepolia,11155111,sepolia.era.zksync.dev,mint,1000,3,1566,0xd2ba93b87aaca7c926e4aa7e69ca82fbfe0e73b7f6435f1e80bc41b915b9c723,3909525.556292,3921407.432,11881.875707999803,205938,1121346546,,success,1,0,,,11799960
pilot_1790587924129,mint_N1000_c3_r1,1,2026-09-28T10:37:36.528Z,ethereumSepolia,11155111,sepolia.era.zksync.dev,mint,1000,3,1568,0x58a01117b2b653f38d0e4a7767cc376bc934b330a84bbc897cc22528e9f7d7c6,3920874.327167,3933134.818792,12260.491624999791,205950,1030345806,,success,1,0,,,11799961
pilot_1790587924129,mint_N1000_c3_r1,1,2026-09-28T10:37:36.642Z,ethereumSepolia,11155111,sepolia.era.zksync.dev,mint,1000,3,1569,0xd995975dde00b008404ccc96b89bc741368b976309f94fbef67d460cff669999,3921177.627167,3933248.516959,12070.889791999944,205950,1030345806,,success,1,0,,,11799961
pilot_1790587924129,mint_N1000_c3_r1,1,2026-09-28T10:37:36.844Z,ethereumSepolia,11155111,sepolia.era.zksync.dev,mint,1000,3,1570,0x357a06a0a7e7420a1376618cc901dd3d33aeea9dd0408796aacf0dbaea7bebfb,3921407.483292,3933451.0355,12043.552208000328,205950,1030345806,,success,1,0,,,11799961
pilot_1790587924129,mint_N1000_c3_r1,1,2026-09-28T10:38:00.540Z,ethereumSepolia,11155111,sepolia.era.zksync.dev,mint,1000,3,1571,0x3370bb4c09f8f910af887bc0baffed16afc24394c7340c2afbad00b6775e6b9f,3933134.882584,3957146.84,24011.957415999845,205938,1090713103,,success,1,0,,,11799963
pilot_1790587924129,mint_N1000_c3_r1,1,2026-09-28T10:38:00.654Z,ethereumSepolia,11155111,sepolia.era.zksync.dev,mint,1000,3,1572,0xc3f9399adf888770a08818e4980bebdeaae66081b265a1832297ae414f8d434d,3933248.561334,3957261.34425,24012.782916000113,205950,1090713103,,success,1,0,,,11799963
pilot_1790587924129,mint_N1000_c3_r1,1,2026-09-28T10:38:00.774Z,ethereumSepolia,11155111,sepolia.era.zksync.dev,mint,1000,3,1573,0x07230ddb2504209c5e9888f9b4d2d3d01a30129c16864a808b7a32d0fbc8f07f,3933451.086584,3957381.102542,23930.015957999974,205950,1090713103,,success,1,0,,,11799963
pilot_1790587924129,mint_N1000_c3_r1,1,2026-09-28T10:38:13.241Z,ethereumSepolia,11155111,sepolia.era.zksync.dev,mint,1000,3,1574,0xa15ac1ab15221ccf7e9838bccc08c46b7dbb34c8a5714a91c797361944c04f06,3957146.883292,3969848.460125,12701.576833000407,205950,1040714870,,success,1,0,,,11799964
pilot_1790587924129,mint_N1000_c3_r1,1,2026-09-28T10:38:13.504Z,ethereumSepolia,11155111,sepolia.era.zksync.dev,mint,1000,3,1575,0x8e4a1d443c0117407790a30d02071728ab0e5ffd3e9e7647a6d735edb0eba259,3957261.487375,3970111.171875,12849.684499999974,205938,1040714870,,success,1,0,,,11799964
pilot_1790587924129,mint_N1000_c3_r1,1,2026-09-28T10:38:13.563Z,ethereumSepolia,11155111,sepolia.era.zksync.dev,mint,1000,3,1576,0xdcb965989b1c0554f94b1f61f5083b852e07a45c86da5bffa713a91ee37b81e8,3957381.15475,3970169.790834,12788.636083999649,205950,1040714870,,success,1,0,,,11799964
pilot_1790587924129,mint_N1000_c3_r1,1,2026-09-28T10:38:36.641Z,ethereumSepolia,11155111,sepolia.era.zksync.dev,mint,1000,3,1577,0x1c58fec87c69403bad706859397f5b9dc42e658b37608726da9eb2aef87fdc16,3969848.52425,3993248.685,23400.160750000272,205938,1099075305,,success,1,0,,,11799966
pilot_1790587924129,mint_N1000_c3_r1,1,2026-09-28T10:38:36.759Z,ethereumSepolia,11155111,sepolia.era.zksync.dev,mint,1000,3,1578,0xe700eb1299344ff3887bbb0554b255331ee866ab5a8cf6702092849d3564b686,3970111.236709,3993366.621375,23255.384666000027,205950,1099075305,,success,1,0,,,11799966
pilot_1790587924129,mint_N1000_c3_r1,1,2026-09-28T10:38:36.874Z,ethereumSepolia,11155111,sepolia.era.zksync.dev,mint,1000,3,1579,0x65f97ad6041b9d6e2e6a77a9ca796e02d3e42cdca02aab5258bb15d600cef039,3970169.8185,3993481.820459,23312.001958999783,205950,1099075305,,success,1,0,,,11799966
pilot_1790587924129,mint_N1000_c3_r1,1,2026-09-28T10:38:49.333Z,ethereumSepolia,11155111,sepolia.era.zksync.dev,mint,1000,3,1580,0x76c73c1bf5b60fd209ca04d75a55fa3662b1167f484f629eea150e2e920a9099,3993248.753459,4005940.1915,12691.438041000161,205950,1026447090,,success,1,0,,,11799967
pilot_1790587924129,mint_N1000_c3_r1,1,2026-09-28T10:38:49.460Z,ethereumSepolia,11155111,sepolia.era.zksync.dev,mint,1000,3,1581,0x869b5cbe8bd132f88111ebe09e16ac989470752f67385d39ab06003f2fbc7ddb,3993366.693,4006067.078875,12700.385875000153,205950,1026447090,,success,1,0,,,11799967
pilot_1790587924129,mint_N1000_c3_r1,1,2026-09-28T10:38:49.651Z,ethereumSepolia,11155111,sepolia.era.zksync.dev,mint,1000,3,1582,0x975b88343470f53862acd2dffd8be760851752a0f0b12983f28ce5c85f59a97c,3993481.87025,4006258.745667,12776.875416999683,205950,1026447090,,success,1,0,,,11799967
pilot_1790587924129,mint_N1000_c3_r1,1,2026-09-28T10:39:00.751Z,ethereumSepolia,11155111,sepolia.era.zksync.dev,mint,1000,3,1583,0x75527c8d49b5422396b47f111d0bdf41573f40e3f712da129764a17056b9e05b,4005940.246834,4017358.4425,11418.195665999781,205950,969238357,,success,1,0,,,11799968
pilot_1790587924129,mint_N1000_c3_r1,1,2026-09-28T10:39:00.856Z,ethereumSepolia,11155111,sepolia.era.zksync.dev,mint,1000,3,1584,0x4eeb83ee04c85e060d8d4050936f3be25aed9a6a1f92f8f0d6fbbe900c3c5f4f,4006067.237959,4017463.81575,11396.57779100025,205950,969238357,,success,1,0,,,11799968
pilot_1790587924129,mint_N1000_c3_r1,1,2026-09-28T10:39:00.975Z,ethereumSepolia,11155111,sepolia.era.zksync.dev,mint,1000,3,1585,0x48b96771357f3d035a2ddb05c94cfe91e2444e51c11ab4ae2b61be498d17201d,4006258.817375,4017582.117792,11323.300416999962,205950,969238357,,success,1,0,,,11799968
pilot_1790587924129,mint_N1000_c3_r1,1,2026-09-28T10:39:13.318Z,ethereumSepolia,11155111,sepolia.era.zksync.dev,mint,1000,3,1586,0x33f9c5769964a08615d9e4ce9bac549ab1e0eedecdae0883554ba19de283b091,4017358.492292,4029925.827709,12567.335417000111,205938,1120927797,,success,1,0,,,11799969
pilot_1790587924129,mint_N1000_c3_r1,1,2026-09-28T10:39:13.435Z,ethereumSepolia,11155111,sepolia.era.zksync.dev,mint,1000,3,1587,0x99c61e918fff81b1022f584e739db0846b8246f08afb448ed4771a18af1e5674,4017463.9625,4030042.686625,12578.724125000183,205938,1120927797,,success,1,0,,,11799969
pilot_1790587924129,mint_N1000_c3_r1,1,2026-09-28T10:39:13.622Z,ethereumSepolia,11155111,sepolia.era.zksync.dev,mint,1000,3,1588,0x708a9b1224a473be21c300d4e76e30d6952fb1694d328c90e715923426b7074e,4017582.152542,4030229.697792,12647.545249999966,205950,1120927797,,success,1,0,,,11799969
pilot_1790587924129,mint_N1000_c3_r1,1,2026-09-28T10:39:25.459Z,ethereumSepolia,11155111,sepolia.era.zksync.dev,mint,1000,3,1589,0xa7bb583ededee6135694fd2e1c07d48bad339e23471cfcae919f081595a4fe35,4029925.904834,4042067.248292,12141.343458000105,205950,1055310752,,success,1,0,,,11799970
pilot_1790587924129,mint_N1000_c3_r1,1,2026-09-28T10:39:25.586Z,ethereumSepolia,11155111,sepolia.era.zksync.dev,mint,1000,3,1590,0xdfcf93a3a34834afad22e54aec82d111922fed91bb84ce2127acf3bfd18a2a8b,4030042.737375,4042193.921792,12151.18441700004,205950,1055310752,,success,1,0,,,11799970
pilot_1790587924129,mint_N1000_c3_r1,1,2026-09-28T10:39:25.700Z,ethereumSepolia,11155111,sepolia.era.zksync.dev,mint,1000,3,1591,0x1d7e13789960ba3b5e25dbf07288556e030f141597a60ac9e1be508a6eb6a5dc,4030229.791292,4042308.044917,12078.253624999896,205950,1055310752,,success,1,0,,,11799970
pilot_1790587924129,mint_N1000_c3_r1,1,2026-09-28T10:39:37.432Z,ethereumSepolia,11155111,sepolia.era.zksync.dev,mint,1000,3,1592,0x420b1f18807335353ea90f55cdb5d5fd7b216985d540156e697c9d4f50971371,4042067.309542,4054039.99525,11972.685708000325,205950,984041620,,success,1,0,,,11799971
pilot_1790587924129,mint_N1000_c3_r1,1,2026-09-28T10:39:37.565Z,ethereumSepolia,11155111,sepolia.era.zksync.dev,mint,1000,3,1593,0xd0532d85381742003e3423d4ac469900902404d361ca507ae83d2ad59fcc556c,4042194.019959,4054172.966667,11978.946708000265,205950,984041620,,success,1,0,,,11799971
pilot_1790587924129,mint_N1000_c3_r1,1,2026-09-28T10:39:37.678Z,ethereumSepolia,11155111,sepolia.era.zksync.dev,mint,1000,3,1594,0xd089f38dc05a2303d36f71a3816bef26ef891f5a650654df50afe69cda82d59e,4042308.113167,4054286.112792,11977.999625000171,205950,984041620,,success,1,0,,,11799971
pilot_1790587924129,mint_N1000_c3_r1,1,2026-09-28T10:39:48.898Z,ethereumSepolia,11155111,sepolia.era.zksync.dev,mint,1000,3,1595,0x84a995673a3bc93d433073ee584f0b540589f74975af3ca090bb6fd0621e1e5e,4054040.071667,4065505.595,11465.52333300002,205950,1122800965,,success,1,0,,,11799972
pilot_1790587924129,mint_N1000_c3_r1,1,2026-09-28T10:39:49.007Z,ethereumSepolia,11155111,sepolia.era.zksync.dev,mint,1000,3,1596,0xd859585a15f5f736f68f138cf08f370e8e52095886a6dd9c7697feb8b3783c25,4054173.045125,4065615.290542,11442.245416999795,205950,1122800965,,success,1,0,,,11799972
pilot_1790587924129,mint_N1000_c3_r1,1,2026-09-28T10:39:49.125Z,ethereumSepolia,11155111,sepolia.era.zksync.dev,mint,1000,3,1597,0x8439410999330f76205af9ef15bb60b90bf474136761bb1dd1462054f7017f44,4054286.150584,4065733.292292,11447.141707999632,205950,1122800965,,success,1,0,,,11799972
pilot_1790587924129,mint_N1000_c3_r1,1,2026-09-28T10:40:01.480Z,ethereumSepolia,11155111,sepolia.era.zksync.dev,mint,1000,3,1598,0x6a9b0a46bc5f2a6de1b37e489a361f88be0715f8fbdbcce4604ced0b3ec8cc85,4065505.656917,4078088.043834,12582.386916999705,205950,1054323940,,success,1,0,,,11799973
pilot_1790587924129,mint_N1000_c3_r1,1,2026-09-28T10:40:01.582Z,ethereumSepolia,11155111,sepolia.era.zksync.dev,mint,1000,3,1599,0x105e76674784eab70ba36adc51fedcf5eef8c764659f1a3f2dbe4ba321aa957b,4065615.349875,4078189.90425,12574.554375000298,205950,1054323940,,success,1,0,,,11799973
pilot_1790587924129,mint_N1000_c3_r1,1,2026-09-28T10:40:01.620Z,ethereumSepolia,11155111,sepolia.era.zksync.dev,mint,1000,3,1600,0xbe8f5c13cf815a49839d2abeffe30a4bc2dcb1855b36f5f32a23c826f1322c5f,4065733.410459,4078228.144334,12494.733874999918,205950,1054323940,,success,1,0,,,11799973
