experiment_id,run_id,repeat_index,timestamp_utc,network,chain_id,rpc_provider,operation,N,concurrency,token_id,tx_hash,submit_time_ms,receipt_time_ms,latency_ms,gas_used,effective_gas_price,transaction_cost_native,status,attempt_number,retry_count,error_type,error_message,block_number
pilot_1790521581795,block_N100_c3,0,2026-09-27T15:13:14.430Z,zkSyncTestnet,300,sepolia.era.zksync.dev,block,100,3,5033,0xc0e04419298d87f2bbf80a142867cd317a6daf1c5d23cb36b69492427bc36586,411453.991292,413549.463833,2095.4725409999955,88997,25000000,,success,1,0,,,8582283
pilot_1790521581795,block_N100_c3,0,2026-09-27T15:13:15.919Z,zkSyncTestnet,300,sepolia.era.zksync.dev,block,100,3,5034,0x65614b1e7b7150da6d91546369728baa9b98fdd1bcf429fe6e4bc653c5b93bae,411455.214,415039.512667,3584.2986670000246,88872,25000000,,success,1,0,,,8582284
pilot_1790521581795,block_N100_c3,0,2026-09-27T15:13:15.932Z,zkSyncTestnet,300,sepolia.era.zksync.dev,block,100,3,5035,0x96b4c30d657dba6bc15eecf3c6801e6b57f7ac69ad41dd405fd9fc8fede48dcc,411455.35125,415052.404417,3597.0531670000055,88997,25000000,,success,1,0,,,8582284
pilot_1790521581795,block_N100_c3,0,2026-09-27T15:13:18.347Z,zkSyncTestnet,300,sepolia.era.zksync.dev,block,100,3,5037,0xabc8e52623dc3e9203286e7decef11c4e9714ef085bebc679655421a7cf86ea5,415039.76425,417466.688375,2426.9241250000196,88997,25000000,,success,1,0,,,8582285
pilot_1790521581795,block_N100_c3,0,2026-09-27T15:13:19.712Z,zkSyncTestnet,300,sepolia.era.zksync.dev,block,100,3,5036,0xcca74a1cab34dbaac856c38ccd086addc2d18a89f27dda4858af59ee6e4259fb,413549.907542,418832.026458,5282.118916000007,88997,25000000,,success,1,0,,,8582285
pilot_1790521581795,block_N100_c3,0,2026-09-27T15:13:20.097Z,zkSyncTestnet,300,sepolia.era.zksync.dev,block,100,3,5038,0x00b8f3bcf78e6bc32f0cc0652e3953709a1403c64a9a56bdfbb7b5b6be199893,415052.501458,419217.36725,4164.865792000026,88991,25000000,,success,1,0,,,8582286
pilot_1790521581795,block_N100_c3,0,2026-09-27T15:13:22.589Z,zkSyncTestnet,300,sepolia.era.zksync.dev,block,100,3,5039,0x47214f6f0cb21df11e1a734dc20bf9eaeb89bdf93b1a42d39673b50a31c28078,417466.92025,421709.201375,4242.2811249999795,88997,25000000,,success,1,0,,,8582287
pilot_1790521581795,block_N100_c3,0,2026-09-27T15:13:24.762Z,zkSyncTestnet,300,sepolia.era.zksync.dev,block,100,3,5041,0x91c4e5d2fa7c2d45ef07e3f2632a04f66afa104a7d81afd3a662053bcedad152,419217.561625,423881.7515,4664.18987500004,88991,25000000,,success,1,0,,,8582289
pilot_1790521581795,block_N100_c3,0,2026-09-27T15:13:25.105Z,zkSyncTestnet,300,sepolia.era.zksync.dev,block,100,3,5040,0x77369dc7302e6630d2fb6ea4f2640a428fc69a4e8440d11ab5391bcba0399ba5,418832.388875,424224.629833,5392.240958000009,88991,25000000,,success,1,0,,,8582288
pilot_1790521581795,block_N100_c3,0,2026-09-27T15:13:27.429Z,zkSyncTestnet,300,sepolia.era.zksync.dev,block,100,3,5042,0xd97118f6db5c723c6fdfd2bc9ae939afb7a1798cc3794cdeb273dcad5e331f54,421709.5555,426549.174917,4839.61941699998,88991,25000000,,success,1,0,,,8582290
pilot_1790521581795,block_N100_c3,0,2026-09-27T15:13:29.814Z,zkSyncTestnet,300,sepolia.era.zksync.dev,block,100,3,5043,0xf729c8cd84423acd74e1ef25f7a6bf087dfb2d946f749a5166d97e3b16a28338,423881.842417,428934.06025,5052.217833000002,88997,25000000,,success,1,0,,,8582291
pilot_1790521581795,block_N100_c3,0,2026-09-27T15:13:30.118Z,zkSyncTestnet,300,sepolia.era.zksync.dev,block,100,3,5044,0x34584ddffd42caecb339a1f0682756f6d57972a708a05db644f699288aceef89,424225.042042,429237.956583,5012.914541000035,88991,25000000,,success,1,0,,,8582292
pilot_1790521581795,block_N100_c3,0,2026-09-27T15:13:31.453Z,zkSyncTestnet,300,sepolia.era.zksync.dev,block,100,3,5045,0x263c370f1951a84cb54098330161dea5cd5ab579beaf8114a6d5dd9d793c63a3,426549.3865,430573.054917,4023.668416999979,88991,25000000,,success,1,0,,,8582293
pilot_1790521581795,block_N100_c3,0,2026-09-27T15:13:32.692Z,zkSyncTestnet,300,sepolia.era.zksync.dev,block,100,3,5046,0x3d384b727fa3fb22a9909b5be093c90fa38c25121dcff1d4d950d7740cbc6351,428934.2415,431811.891375,2877.649875000003,88997,25000000,,success,1,0,,,8582294
pilot_1790521581795,block_N100_c3,0,2026-09-27T15:13:33.337Z,zkSyncTestnet,300,sepolia.era.zksync.dev,block,100,3,5048,0x536c801df5c4e293d2dd8c08b4219cd5e7b855703e9852bfd0a8fa5b193ded24,430573.245292,432457.165667,1883.920374999987,88997,25000000,,success,1,0,,,8582295
pilot_1790521581795,block_N100_c3,0,2026-09-27T15:13:33.518Z,zkSyncTestnet,300,sepolia.era.zksync.dev,block,100,3,5047,0x8782519ea81f494735a454f74cee694ab79469c94375d7253450ff6da957a193,429238.10875,432637.6385,3399.529749999987,88991,25000000,,success,1,0,,,8582295
pilot_1790521581795,block_N100_c3,0,2026-09-27T15:13:36.662Z,zkSyncTestnet,300,sepolia.era.zksync.dev,block,100,3,5050,0xffa58cc28830122f5daa16a37bee979a49280b7b5d7b3b403da3004944546828,432457.559875,435782.475792,3324.915917000035,88991,25000000,,success,1,0,,,8582297
pilot_1790521581795,block_N100_c3,0,2026-09-27T15:13:37.150Z,zkSyncTestnet,300,sepolia.era.zksync.dev,block,100,3,5049,0xce4163ecfbfdc91038625bcf35afc44b7dcde2dc878cc06351aef8065bc157e6,431812.060375,436270.085,4458.02462500002,88991,25000000,,success,1,0,,,8582296
pilot_1790521581795,block_N100_c3,0,2026-09-27T15:13:37.912Z,zkSyncTestnet,300,sepolia.era.zksync.dev,block,100,3,5051,0x73043a7231145726874e3f296257c1a7b80c4818bb1c25f797c403cb379ff5bb,432637.761958,437032.122542,4394.360584000009,88991,25000000,,success,1,0,,,8582298
pilot_1790521581795,block_N100_c3,0,2026-09-27T15:13:38.437Z,zkSyncTestnet,300,sepolia.era.zksync.dev,block,100,3,5052,0xb18900bd897b75e17f918107c7d04655f05cf8bad42dcdc97e30b60867df5a86,435782.569958,437557.288583,1774.7186250000377,88997,25000000,,success,1,0,,,8582299
pilot_1790521581795,block_N100_c3,0,2026-09-27T15:13:38.977Z,zkSyncTestnet,300,sepolia.era.zksync.dev,block,100,3,5053,0x56b0afa4ae317e4c7469277a6afe8d3dfae6e52628dc680ae654a7b6f88597f2,436270.154458,438096.72525,1826.5707920000423,88991,25000000,,success,1,0,,,8582300
pilot_1790521581795,block_N100_c3,0,2026-09-27T15:13:40.306Z,zkSyncTestnet,300,sepolia.era.zksync.dev,block,100,3,5054,0x135d63b57f619cca07144912da91db0759307ab709d5dee649b6f0ed4bcd86e4,437032.233,439426.009042,2393.776041999983,88997,25000000,,success,1,0,,,8582301
pilot_1790521581795,block_N100_c3,0,2026-09-27T15:13:41.077Z,zkSyncTestnet,300,sepolia.era.zksync.dev,block,100,3,5055,0x38a7e8b93a73be6dcd40ffcaf4e4cf9790b9f0380fb9f5a40612869b20697cdc,437557.391417,440197.155125,2639.763708000013,88991,25000000,,success,1,0,,,8582302
pilot_1790521581795,block_N100_c3,0,2026-09-27T15:13:41.621Z,zkSyncTestnet,300,sepolia.era.zksync.dev,block,100,3,5056,0xa0623bc0295f44083012901febcf1351c16591906b57a21393d53441a0d52f50,438096.778792,440741.187042,2644.4082499999786,88997,25000000,,success,1,0,,,8582303
pilot_1790521581795,block_N100_c3,0,2026-09-27T15:13:42.143Z,zkSyncTestnet,300,sepolia.era.zksync.dev,block,100,3,5057,0xa4b2310ab65debd25cc196044d9e0293edd0f3bb21e101525ac4f648a1183b20,439426.117417,441262.792625,1836.6752080000006,88991,25000000,,success,1,0,,,8582304
pilot_1790521581795,block_N100_c3,0,2026-09-27T15:13:42.923Z,zkSyncTestnet,300,sepolia.era.zksync.dev,block,100,3,5058,0x275f2bf082f2dccf3c579a703dc622bc9012dd9686f8944a3a49add9e3c484c8,440197.271417,442042.7965,1845.525083000015,88997,25000000,,success,1,0,,,8582305
pilot_1790521581795,block_N100_c3,0,2026-09-27T15:13:43.450Z,zkSyncTestnet,300,sepolia.era.zksync.dev,block,100,3,5059,0xc75b5e820ec0e5a64985261b571e7918a8fc8a574bd82b9b966b3164732daa7a,440741.363375,442569.874875,1828.5114999999641,88991,25000000,,success,1,0,,,8582306
pilot_1790521581795,block_N100_c3,0,2026-09-27T15:13:43.972Z,zkSyncTestnet,300,sepolia.era.zksync.dev,block,100,3,5060,0x0c854ab807ef8322d2869d7c561152dbcb74f4889637c12f03235d5dd8ad1399,441262.921042,443092.057125,1829.1360829999903,88997,25000000,,success,1,0,,,8582307
pilot_1790521581795,block_N100_c3,0,2026-09-27T15:13:45.596Z,zkSyncTestnet,300,sepolia.era.zksync.dev,block,100,3,5061,0xd75ed9a23a76a9124eeb27c5b740e3bf182efe954729e27f7c945902bf6994fd,442042.919833,444715.950625,2673.030792000005,88997,25000000,,success,1,0,,,8582309
pilot_1790521581795,block_N100_c3,0,2026-09-27T15:13:46.618Z,zkSyncTestnet,300,sepolia.era.zksync.dev,block,100,3,5063,0x926cbabf1de315df1f8e970a5ea4f8758b92d01cef971ce7fd1489e45bc15693,443092.228167,445737.771958,2645.543791000033,88991,25000000,,success,1,0,,,8582311
pilot_1790521581795,block_N100_c3,0,2026-09-27T15:13:46.935Z,zkSyncTestnet,300,sepolia.era.zksync.dev,block,100,3,5062,0x9b2becfbeb723fd901fc3f6c5513721c67f52bd6a4bff353c7738eb7b6529c76,442569.996792,446054.802583,3484.8057909999625,88997,25000000,,success,1,0,,,8582310
pilot_1790521581795,block_N100_c3,0,2026-09-27T15:13:47.394Z,zkSyncTestnet,300,sepolia.era.zksync.dev,block,100,3,5064,0xe637ae2090e7523ea247ff85ff98a7aa464e466771a002ecf20a2b274c4c065e,444716.071958,446513.518,1797.4460419999668,88997,25000000,,success,1,0,,,8582312
pilot_1790521581795,block_N100_c3,0,2026-09-27T15:13:48.450Z,zkSyncTestnet,300,sepolia.era.zksync.dev,block,100,3,5065,0x7f4c96d1e13e490481bc4cd37b877f9d851f646e64853b252bf1db7ce68f094f,445737.946125,447569.949958,1832.003832999966,88991,25000000,,success,1,0,,,8582313
pilot_1790521581795,block_N100_c3,0,2026-09-27T15:13:48.757Z,zkSyncTestnet,300,sepolia.era.zksync.dev,block,100,3,5066,0x4fb31f49c300b4ab0649c2879b43049f3af2ce65c28e310b206d3661ae3821ea,446055.04925,447876.978042,1821.9287919999915,88997,25000000,,success,1,0,,,8582313
pilot_1790521581795,block_N100_c3,0,2026-09-27T15:13:49.217Z,zkSyncTestnet,300,sepolia.era.zksync.dev,block,100,3,5067,0x431dd5c648991b36b1b09eeb9c52c0f8311998b7afd34318acd1c272f27514b2,446513.632125,448336.656792,1823.0246669999906,88997,25000000,,success,1,0,,,8582314
pilot_1790521581795,block_N100_c3,0,2026-09-27T15:13:51.017Z,zkSyncTestnet,300,sepolia.era.zksync.dev,block,100,3,5068,0x5e0b25f5b93fb3798322ab8654cb18d9406037ffb60e3651fc498b09d07c161e,447570.057667,450137.005292,2566.94762500003,88997,25000000,,success,1,0,,,8582315
pilot_1790521581795,block_N100_c3,0,2026-09-27T15:13:52.093Z,zkSyncTestnet,300,sepolia.era.zksync.dev,block,100,3,5070,0xb4fcdde6b8c7e4365fad3c2cf71aa1082655d077a336e61dcc57b9f9d3814bc0,448336.802875,451212.787208,2875.9843330000294,88997,25000000,,success,1,0,,,8582316
pilot_1790521581795,block_N100_c3,0,2026-09-27T15:13:52.888Z,zkSyncTestnet,300,sepolia.era.zksync.dev,block,100,3,5069,0xb04b12411fd2fc67119fdf930ed426d5031485ca4a9cfa577c7649ce9f7e1702,447877.220958,452007.911708,4130.690750000009,88997,25000000,,success,1,0,,,8582316
pilot_1790521581795,block_N100_c3,0,2026-09-27T15:13:52.891Z,zkSyncTestnet,300,sepolia.era.zksync.dev,block,100,3,5071,0x4f60878db37b92ff736061780f2f92c2576c05da291cb246ded921d122f2e6f0,450137.129208,452011.368333,1874.2391249999637,88997,25000000,,success,1,0,,,8582317
pilot_1790521581795,block_N100_c3,0,2026-09-27T15:13:55.541Z,zkSyncTestnet,300,sepolia.era.zksync.dev,block,100,3,5074,0x6b35aae373ab21984595fe8b34383b43d22edfa333f0ad5b914b0d5049012082,452011.389708,454661.050792,2649.661084000021,88997,25000000,,success,1,0,,,8582319
pilot_1790521581795,block_N100_c3,0,2026-09-27T15:13:55.543Z,zkSyncTestnet,300,sepolia.era.zksync.dev,block,100,3,5072,0x208161287a7c8e58dcbc96cc8578e21b02a12ea54e672d91b747b433d94eb375,451212.9445,454663.110542,3450.166041999997,88997,25000000,,success,1,0,,,8582318
pilot_1790521581795,block_N100_c3,0,2026-09-27T15:13:55.555Z,zkSyncTestnet,300,sepolia.era.zksync.dev,block,100,3,5073,0x47fb5271284b02466903517363a8f804bcc821ecacac37d7fe8972af3da2c3f2,452008.048625,454675.460917,2667.4122920000227,88997,25000000,,success,1,0,,,8582318
pilot_1790521581795,block_N100_c3,0,2026-09-27T15:13:57.343Z,zkSyncTestnet,300,sepolia.era.zksync.dev,block,100,3,5075,0x03b490fcb0d222a0f54f1ba9397279b89f4ae4361e3d9fbe555736dc0d0c8a30,454661.10575,456463.052833,1801.9470830000355,88991,25000000,,success,1,0,,,8582320
pilot_1790521581795,block_N100_c3,0,2026-09-27T15:13:57.379Z,zkSyncTestnet,300,sepolia.era.zksync.dev,block,100,3,5076,0xc22f9f2baf0a721cccbbb30d6c96898add42c0500062e62e4cd7abd75d2b7758,454663.129542,456498.748125,1835.618582999974,88997,25000000,,success,1,0,,,8582321
pilot_1790521581795,block_N100_c3,0,2026-09-27T15:13:57.835Z,zkSyncTestnet,300,sepolia.era.zksync.dev,block,100,3,5077,0x016dcc7b5e656e3d6a57bdd2f300c285db33797885522cc98194b5d47f751695,454675.502792,456955.099333,2279.5965410000063,88997,25000000,,success,1,0,,,8582321
pilot_1790521581795,block_N100_c3,0,2026-09-27T15:14:00.987Z,zkSyncTestnet,300,sepolia.era.zksync.dev,block,100,3,5078,0x1aeae1ccf0c7351f2fc62d84a183fd23557b368ba24b12f210b03756ce75cce2,456463.182458,460107.033083,3643.8506249999627,88991,25000000,,success,1,0,,,8582322
pilot_1790521581795,block_N100_c3,0,2026-09-27T15:14:01.016Z,zkSyncTestnet,300,sepolia.era.zksync.dev,block,100,3,5079,0x30d3e670c391cb8531ea54d5f406ff497b2d8ae1d885f9464b6861b5550018db,456498.804208,460135.622292,3636.8180839999695,88991,25000000,,success,1,0,,,8582323
pilot_1790521581795,block_N100_c3,0,2026-09-27T15:14:01.336Z,zkSyncTestnet,300,sepolia.era.zksync.dev,block,100,3,5080,0x17085b5bc1ce54f67ca2d22b06cf6fd7a66c82f775cee523fd3563a4c54e7ed8,456955.237833,460456.348708,3501.110874999955,88991,25000000,,success,1,0,,,8582324
pilot_1790521581795,block_N100_c3,0,2026-09-27T15:14:03.638Z,zkSyncTestnet,300,sepolia.era.zksync.dev,block,100,3,5081,0xafd6fc446c87989d30cb7c64998b9a49c2f4037f341f85806d61779f1b086cd0,460107.090792,462757.812125,2650.721332999994,88997,25000000,,success,1,0,,,8582325
pilot_1790521581795,block_N100_c3,0,2026-09-27T15:14:03.649Z,zkSyncTestnet,300,sepolia.era.zksync.dev,block,100,3,5082,0x748fd350828a40d7dbf55919a1dac332f5100f4fa6db1d3c0369ecebf58ec4de,460135.668083,462768.908375,2633.2402920000022,88991,25000000,,success,1,0,,,8582326
pilot_1790521581795,block_N100_c3,0,2026-09-27T15:14:04.140Z,zkSyncTestnet,300,sepolia.era.zksync.dev,block,100,3,5083,0x0ef0c886e46dd82d68d2f5b559f27cfa174df88902db1c56b80a98579ec3ba22,460456.461292,463259.567083,2803.105790999951,88991,25000000,,success,1,0,,,8582327
pilot_1790521581795,block_N100_c3,0,2026-09-27T15:14:05.470Z,zkSyncTestnet,300,sepolia.era.zksync.dev,block,100,3,5084,0x85e03ece239cbc96cc6f33431e90d7d030885327190e26944ae5f6347c941359,462758.108958,464589.730167,1831.6212089999462,88872,25000000,,success,1,0,,,8582328
pilot_1790521581795,block_N100_c3,0,2026-09-27T15:14:05.993Z,zkSyncTestnet,300,sepolia.era.zksync.dev,block,100,3,5085,0x6ea467c3ff91c814c3f635111d9cb7d042e4ba709e094db731174167e65368e6,462768.980833,465113.052708,2344.0718750000233,88997,25000000,,success,1,0,,,8582329
pilot_1790521581795,block_N100_c3,0,2026-09-27T15:14:06.018Z,zkSyncTestnet,300,sepolia.era.zksync.dev,block,100,3,5086,0xcf9c036b68275071ef3a376df4879426e2ef3e9a3117b5ff7405033884043baf,463259.778167,465138.051333,1878.2731660000281,88991,25000000,,success,1,0,,,8582329
pilot_1790521581795,block_N100_c3,0,2026-09-27T15:14:08.998Z,zkSyncTestnet,300,sepolia.era.zksync.dev,block,100,3,5087,0x3bbc7fc9d882eb7ffb4027b244579ed94b76d654d3efbcf8fb3a3aa928ab11e4,464589.994792,468117.552417,3527.557625000016,88997,25000000,,success,1,0,,,8582330
pilot_1790521581795,block_N100_c3,0,2026-09-27T15:14:09.198Z,zkSyncTestnet,300,sepolia.era.zksync.dev,block,100,3,5088,0x5cab86ef2aaa94c573fef472c244709e63baf914fee70f359835d82b572d2e3f,465113.176167,468317.703833,3204.527665999951,88997,25000000,,success,1,0,,,8582330
pilot_1790521581795,block_N100_c3,0,2026-09-27T15:14:09.202Z,zkSyncTestnet,300,sepolia.era.zksync.dev,block,100,3,5089,0x6230e48c0a7e3ae4bd4f196d9537533a341475d56fd3d4742a08ad501e9358fa,465138.227333,468322.228125,3184.0007920000353,88991,25000000,,success,1,0,,,8582330
pilot_1790521581795,block_N100_c3,0,2026-09-27T15:14:10.940Z,zkSyncTestnet,300,sepolia.era.zksync.dev,block,100,3,5090,0x94d17ab89626a9f887363b47e0fea96c57f53389c361fbb4f3698980238429ad,468117.61375,470060.20325,1942.5895000000019,88997,25000000,,success,1,0,,,8582331
pilot_1790521581795,block_N100_c3,0,2026-09-27T15:14:12.573Z,zkSyncTestnet,300,sepolia.era.zksync.dev,block,100,3,5091,0x525a597cbc57219b96407220aba46936eb02b609627ed45b153ddfdb89f70dbb,468317.80625,471692.733917,3374.9276669999817,88991,25000000,,success,1,0,,,8582332
pilot_1790521581795,block_N100_c3,0,2026-09-27T15:14:12.808Z,zkSyncTestnet,300,sepolia.era.zksync.dev,block,100,3,5092,0x985fbea7cdbe054bd38250bee7b86f75fd39727c56097ee5dd2cf9a4c653dcc8,468322.259667,471927.786583,3605.5269160000025,88997,25000000,,success,1,0,,,8582333
pilot_1790521581795,block_N100_c3,0,2026-09-27T15:14:13.343Z,zkSyncTestnet,300,sepolia.era.zksync.dev,block,100,3,5093,0x04c88fe2ca67df191e10d2ffa09a4d636b5184e4a909fd5b6ec303c5cca74b62,470060.259,472463.158083,2402.8990829999675,88991,25000000,,success,1,0,,,8582334
pilot_1790521581795,block_N100_c3,0,2026-09-27T15:14:14.389Z,zkSyncTestnet,300,sepolia.era.zksync.dev,block,100,3,5094,0x7896b0ebe7ff0f25a587adc4ff673f024163221997bd5058e75ff78f21abcbd6,471692.780208,473509.42175,1816.6415419999976,88997,25000000,,success,1,0,,,8582335
pilot_1790521581795,block_N100_c3,0,2026-09-27T15:14:14.655Z,zkSyncTestnet,300,sepolia.era.zksync.dev,block,100,3,5095,0x343b14d910fb68d0ff94799b3e09b8e714ac9116e55a0ae1b20327a21e497e60,471927.943333,473774.685417,1846.7420839999686,88991,25000000,,success,1,0,,,8582335
pilot_1790521581795,block_N100_c3,0,2026-09-27T15:14:15.958Z,zkSyncTestnet,300,sepolia.era.zksync.dev,block,100,3,5096,0x8f60a45c2e1d6b508359cebe1e942ccd2fe34cb64b7be8b7a131d8078f40cda5,472463.27825,475078.138,2614.8597500000033,88991,25000000,,success,1,0,,,8582336
pilot_1790521581795,block_N100_c3,0,2026-09-27T15:14:17.758Z,zkSyncTestnet,300,sepolia.era.zksync.dev,block,100,3,5099,0x13a37cbe45d48466df465709c649db421f76439aa574d18026b05b5972d66d32,475078.185917,476877.826625,1799.6407079999917,88997,25000000,,success,1,0,,,8582337
pilot_1790521581795,block_N100_c3,0,2026-09-27T15:14:17.761Z,zkSyncTestnet,300,sepolia.era.zksync.dev,block,100,3,5097,0xb3571bd6cc8ce36fade44da51ceb2a139104abcf940342c0bb94ddc0daf078c4,473509.507667,476881.405458,3371.897791000025,88997,25000000,,success,1,0,,,8582337
pilot_1790521581795,block_N100_c3,0,2026-09-27T15:14:19.522Z,zkSyncTestnet,300,sepolia.era.zksync.dev,block,100,3,5098,0xbf55e9df35d1144fc3cd78384a05dc9322556de3dfd8ad262d90970dd0d8e2b2,473774.801458,478642.231042,4867.429584000027,88991,25000000,,success,1,0,,,8582337
pilot_1790521581795,block_N100_c3,0,2026-09-27T15:14:20.528Z,zkSyncTestnet,300,sepolia.era.zksync.dev,block,100,3,5100,0x005d0bbb63c1a092d4798d93c631da301cfddb714c3848a6c3272e87594ae0e1,476877.9475,479647.469625,2769.5221250000177,88991,25000000,,success,1,0,,,8582338
pilot_1790521581795,block_N100_c3,0,2026-09-27T15:14:20.931Z,zkSyncTestnet,300,sepolia.era.zksync.dev,block,100,3,5101,0xa2b32daab1474a48814a9ffee8c14b259d03543fcb60f8248fb9fc68f0d91600,476881.430625,480050.85475,3169.4241250000196,88997,25000000,,success,1,0,,,8582339
pilot_1790521581795,block_N100_c3,0,2026-09-27T15:14:21.939Z,zkSyncTestnet,300,sepolia.era.zksync.dev,block,100,3,5102,0x00fb74dd9c23edcde980a6ef66f6c868ed8e927734fd1fbd68b792e6a2333240,478642.413292,481058.742042,2416.328749999986,88991,25000000,,success,1,0,,,8582340
pilot_1790521581795,block_N100_c3,0,2026-09-27T15:14:24.204Z,zkSyncTestnet,300,sepolia.era.zksync.dev,block,100,3,5103,0x298cd33abd3b42ff2edbb51eca839b4d736e971dade4f53266052347546d4f91,479647.611375,483324.331042,3676.7196669999976,88991,25000000,,success,1,0,,,8582342
pilot_1790521581795,block_N100_c3,0,2026-09-27T15:14:24.569Z,zkSyncTestnet,300,sepolia.era.zksync.dev,block,100,3,5104,0x36df6a22cf311aa484c71e0e0f3bdffeb2fdf7be33579023b3f461a448314a82,480050.925417,483689.246125,3638.3207079999847,88997,25000000,,success,1,0,,,8582343
pilot_1790521581795,block_N100_c3,0,2026-09-27T15:14:25.917Z,zkSyncTestnet,300,sepolia.era.zksync.dev,block,100,3,5105,0x4d3a283300ee0008ad4137bc5f4fe9d4833f90e60986c539d932f6aee8ebd41a,481058.887625,485036.466083,3977.5784580000327,88991,25000000,,success,1,0,,,8582344
pilot_1790521581795,block_N100_c3,0,2026-09-27T15:14:27.192Z,zkSyncTestnet,300,sepolia.era.zksync.dev,block,100,3,5107,0x9d05108f8b84b913c3734300a08671803ed5d6bfcfc1407f73c0b60e34a597f9,483689.319917,486312.320625,2623.0007079999777,88991,25000000,,success,1,0,,,8582345
pilot_1790521581795,block_N100_c3,0,2026-09-27T15:14:27.750Z,zkSyncTestnet,300,sepolia.era.zksync.dev,block,100,3,5108,0xc40033b20cd49c97e816ec8cac744050998f20379a8a9b10013a8c00e2758e7a,485036.584292,486869.403583,1832.8192910000216,88991,25000000,,success,1,0,,,8582346
pilot_1790521581795,block_N100_c3,0,2026-09-27T15:14:27.775Z,zkSyncTestnet,300,sepolia.era.zksync.dev,block,100,3,5106,0x7f9ac8febe598b82ce5bfaa7eb4945a4e29dc981f2fb2fb3726e158526630ad1,483324.495583,486894.780417,3570.284833999991,88997,25000000,,success,1,0,,,8582345
pilot_1790521581795,block_N100_c3,0,2026-09-27T15:14:29.060Z,zkSyncTestnet,300,sepolia.era.zksync.dev,block,100,3,5109,0x12abb013a9c9d9cc33947ff8add93f2bbd20fc02caa50e666523428940e55e9e,486312.56125,488179.759125,1867.1978749999544,88997,25000000,,success,1,0,,,8582347
pilot_1790521581795,block_N100_c3,0,2026-09-27T15:14:29.585Z,zkSyncTestnet,300,sepolia.era.zksync.dev,block,100,3,5110,0xc9c11cef1a906a2f44c0d8ba190d78d02bc3206432a7134c6fa8571ea164143f,486869.544625,488704.834667,1835.2900420000078,88991,25000000,,success,1,0,,,8582348
pilot_1790521581795,block_N100_c3,0,2026-09-27T15:14:30.970Z,zkSyncTestnet,300,sepolia.era.zksync.dev,block,100,3,5111,0xef9251fed158221ddfc4d7c0f4ae24e9b8da44753497113fcd9bb6e6d7444630,486894.949583,490089.177792,3194.2282090000226,88997,25000000,,success,1,0,,,8582349
pilot_1790521581795,block_N100_c3,0,2026-09-27T15:14:32.443Z,zkSyncTestnet,300,sepolia.era.zksync.dev,block,100,3,5113,0xbbf4bbcea39d8f14b23d27ff1cfef2490fb7ede82a183eb4552fb54c8c90e07a,488704.961833,491561.732167,2856.7703340000007,88991,25000000,,success,1,0,,,8582350
pilot_1790521581795,block_N100_c3,0,2026-09-27T15:14:32.995Z,zkSyncTestnet,300,sepolia.era.zksync.dev,block,100,3,5112,0xcd2313631be0acb6584df988940feb988f2a9f4a913479d2e55e77a65e887209,488179.895125,492114.182458,3934.287333000044,88997,25000000,,success,1,0,,,8582350
pilot_1790521581795,block_N100_c3,0,2026-09-27T15:14:33.603Z,zkSyncTestnet,300,sepolia.era.zksync.dev,block,100,3,5114,0x5d550f439bc7dc54b91ed03c29f681aa6aec020274fbbdca77a7fafa1efefed1,490089.234208,492722.381,2633.146791999985,88991,25000000,,success,1,0,,,8582351
pilot_1790521581795,block_N100_c3,0,2026-09-27T15:14:34.891Z,zkSyncTestnet,300,sepolia.era.zksync.dev,block,100,3,5115,0x80c7bfd5a14fe9a376ba35ad8572d14b8b39b6ea3a40f4e2cbeef6647c7fd982,491561.864542,494009.849833,2447.98529099999,88991,25000000,,success,1,0,,,8582352
pilot_1790521581795,block_N100_c3,0,2026-09-27T15:14:35.671Z,zkSyncTestnet,300,sepolia.era.zksync.dev,block,100,3,5116,0xb622eb19aa05f6fa5dee84bdc210aeef6b3bc180d1b1fe96bda542a08372c42a,492114.316875,494789.743708,2675.426832999976,88997,25000000,,success,1,0,,,8582353
pilot_1790521581795,block_N100_c3,0,2026-09-27T15:14:36.217Z,zkSyncTestnet,300,sepolia.era.zksync.dev,block,100,3,5117,0xc0e3ae0bf29a9b8c2d18a78e66aa84a7cd94983d27d63ea495889a97fbba9e28,492722.496,495335.949667,2613.4536669999943,88997,25000000,,success,1,0,,,8582354
pilot_1790521581795,block_N100_c3,0,2026-09-27T15:14:37.789Z,zkSyncTestnet,300,sepolia.era.zksync.dev,block,100,3,5118,0xb65ab315262825190c36697eae3186d4df26780b0a4b01e3d0fdd9eb4129ba98,494009.950458,496907.323375,2897.3729169999715,88991,25000000,,success,1,0,,,8582355
pilot_1790521581795,block_N100_c3,0,2026-09-27T15:14:38.532Z,zkSyncTestnet,300,sepolia.era.zksync.dev,block,100,3,5119,0x6f8ddcfefd4ec60719b6b3df8866679bbddc0066c04b5df58b9e2cfe98369fc8,494789.844917,497650.171208,2860.326291000005,88997,25000000,,success,1,0,,,8582356
pilot_1790521581795,block_N100_c3,0,2026-09-27T15:14:39.123Z,zkSyncTestnet,300,sepolia.era.zksync.dev,block,100,3,5120,0xad808fdfd3c5fe361bb9f21a3b676283ddfd0734c6623cfa4fe393df0bac0831,495336.022,498241.161167,2905.1391670000157,88991,25000000,,success,1,0,,,8582357
pilot_1790521581795,block_N100_c3,0,2026-09-27T15:14:40.655Z,zkSyncTestnet,300,sepolia.era.zksync.dev,block,100,3,5121,0xc29afc723294a9a8012c161314242ed66bec91b8c0cd20fa0e72b0218e5a805b,496907.403917,499772.899208,2865.4952909999993,88997,25000000,,success,1,0,,,8582358
pilot_1790521581795,block_N100_c3,0,2026-09-27T15:14:42.383Z,zkSyncTestnet,300,sepolia.era.zksync.dev,block,100,3,5122,0x4313f11abeb2416a0cdce63f84bcb8abc6b06cb4a13fe34d0639e654d86ee5ed,497650.245583,501500.906042,3850.660458999977,88997,25000000,,success,1,0,,,8582359
pilot_1790521581795,block_N100_c3,0,2026-09-27T15:14:42.789Z,zkSyncTestnet,300,sepolia.era.zksync.dev,block,100,3,5123,0xac978db3cb2eb45b288c62c0a443f7a54ae56a14f08e1f6a59514c02f4afde48,498241.244,501907.134375,3665.8903750000172,88991,25000000,,success,1,0,,,8582360
pilot_1790521581795,block_N100_c3,0,2026-09-27T15:14:43.485Z,zkSyncTestnet,300,sepolia.era.zksync.dev,block,100,3,5124,0x03c2c4f710b6f228a29e76595996d9e985e273f8167c0e91d1b1eb171d57fbb1,499773.139083,502602.470417,2829.3313339999877,88991,25000000,,success,1,0,,,8582361
pilot_1790521581795,block_N100_c3,0,2026-09-27T15:14:44.281Z,zkSyncTestnet,300,sepolia.era.zksync.dev,block,100,3,5125,0x8c04dde22059748ba0af1a00c2c3ce8f903dca3458f8c791fd4cf1d7fd113532,501501.027458,503398.575458,1897.5480000000098,88991,25000000,,success,1,0,,,8582362
pilot_1790521581795,block_N100_c3,0,2026-09-27T15:14:44.603Z,zkSyncTestnet,300,sepolia.era.zksync.dev,block,100,3,5126,0x6abcf5f9d5eb42e017ab9b7f654ca3eeab75b8540d526fd1daabdd9e017637cc,501907.332958,503720.780792,1813.4478339999914,88997,25000000,,success,1,0,,,8582363
pilot_1790521581795,block_N100_c3,0,2026-09-27T15:14:45.329Z,zkSyncTestnet,300,sepolia.era.zksync.dev,block,100,3,5127,0x1ada16a96035ae6aac6501e032b8ca6cbc985741df26ec5329a289767cc757bf,502602.578542,504446.104375,1843.5258330000215,88997,25000000,,success,1,0,,,8582364
pilot_1790521581795,block_N100_c3,0,2026-09-27T15:14:46.101Z,zkSyncTestnet,300,sepolia.era.zksync.dev,block,100,3,5128,0x4050603c5f734a3d46ea6308431b510f4e9414c7dbd35eed1f8a44877901f7bb,503398.742917,505218.468,1819.7250829999684,88997,25000000,,success,1,0,,,8582365
pilot_1790521581795,block_N100_c3,0,2026-09-27T15:14:46.485Z,zkSyncTestnet,300,sepolia.era.zksync.dev,block,100,3,5129,0x3966411e2b5d85ec0319624122e69229c3679e20b96edf1149cee18d76a94a69,503720.889917,505602.276083,1881.386165999982,88991,25000000,,success,1,0,,,8582366
pilot_1790521581795,block_N100_c3,0,2026-09-27T15:14:47.144Z,zkSyncTestnet,300,sepolia.era.zksync.dev,block,100,3,5130,0x407e5f186b3214fe1e096e5e200b76b10120c0ef793a0b85683dc465db9b705a,504446.206417,506261.413042,1815.2066249999916,88997,25000000,,success,1,0,,,8582367
pilot_1790521581795,block_N100_c3,0,2026-09-27T15:14:47.975Z,zkSyncTestnet,300,sepolia.era.zksync.dev,block,100,3,5131,0x74e5dc0cf120e4718ef6f151b2a53d937c5db3d96c00f377f20d5c0dbbe4982d,505218.688167,507092.211833,1873.5236659999937,88991,25000000,,success,1,0,,,8582368
pilot_1790521581795,block_N100_c3,0,2026-09-27T15:14:50.346Z,zkSyncTestnet,300,sepolia.era.zksync.dev,block,100,3,5132,0x8b046cf6c530ab9680c403b04e963f8358623659ccc2f38f89807382baeb11aa,505602.384292,509462.960792,3860.5765000000247,88991,25000000,,success,1,0,,,8582369
pilot_1790521581795,block_N500_c3,0,2026-09-27T15:44:47.573Z,zkSyncTestnet,300,sepolia.era.zksync.dev,block,500,3,5133,0xc9cb6220414e924b37a7d82664affb3d411bc5fe9334a06e1d56f775006a9610,2304107.488125,2306695.478917,2587.990791999735,96377,25000000,,success,1,0,,,8582947
pilot_1790521581795,block_N500_c3,0,2026-09-27T15:44:48.884Z,zkSyncTestnet,300,sepolia.era.zksync.dev,block,500,3,5134,0xa703917c8e79d04e4c2c11f4bc20b790bf217d08dce65c9668de11d31424ad8c,2304107.870667,2308006.151625,3898.280958000105,96377,25000000,,success,1,0,,,8582948
pilot_1790521581795,block_N500_c3,0,2026-09-27T15:44:49.080Z,zkSyncTestnet,300,sepolia.era.zksync.dev,block,500,3,5135,0x286fbb913f1f186a91d28c725e0544c69dcb630c24d8c1c82099ee319fbbe9c8,2304107.961,2308202.768292,4094.807291999925,96371,25000000,,success,1,0,,,8582948
pilot_1790521581795,block_N500_c3,0,2026-09-27T15:44:50.247Z,zkSyncTestnet,300,sepolia.era.zksync.dev,block,500,3,5136,0x18b9071f3dc32fe165b1674fabc74c0a18892be4f2242186fd87465f649ea0b5,2306695.863667,2309369.100083,2673.2364159999415,96371,25000000,,success,1,0,,,8582949
pilot_1790521581795,block_N500_c3,0,2026-09-27T15:44:50.717Z,zkSyncTestnet,300,sepolia.era.zksync.dev,block,500,3,5137,0xd3f106ce20b16a0a1e1f4408b5ef8fa2cbb31e36c33351474f963bbb9a1c2f85,2308006.262292,2309839.448333,1833.1860409998335,96371,25000000,,success,1,0,,,8582950
pilot_1790521581795,block_N500_c3,0,2026-09-27T15:44:52.234Z,zkSyncTestnet,300,sepolia.era.zksync.dev,block,500,3,5138,0xfb3df137ba5431abbe91ee2eab0384e380c05f064a68522c658bb9b36600477f,2308202.869958,2311356.269292,3153.3993340004236,96377,25000000,,success,1,0,,,8582951
pilot_1790521581795,block_N500_c3,0,2026-09-27T15:44:52.877Z,zkSyncTestnet,300,sepolia.era.zksync.dev,block,500,3,5139,0x86b8f2745a0f84a718b39a9f480e0ca42162c691d1a84c5a2b3a776b4c2d2694,2309369.255708,2311999.391417,2630.13570899982,96377,25000000,,success,1,0,,,8582952
pilot_1790521581795,block_N500_c3,0,2026-09-27T15:44:53.401Z,zkSyncTestnet,300,sepolia.era.zksync.dev,block,500,3,5140,0xb5b1c77b170cd2028e57aeb1cfc336e376375ed2b03a63723348bd7753b2066e,2309839.573375,2312523.5175,2683.9441249999218,96371,25000000,,success,1,0,,,8582953
pilot_1790521581795,block_N500_c3,0,2026-09-27T15:44:54.176Z,zkSyncTestnet,300,sepolia.era.zksync.dev,block,500,3,5141,0x56ddad11f06b51a69dea9bbee33d23dafd2e1e4cd7788e60743eb6bfef620c7f,2311356.426292,2313298.194583,1941.7682910002768,96377,25000000,,success,1,0,,,8582954
pilot_1790521581795,block_N500_c3,0,2026-09-27T15:44:54.638Z,zkSyncTestnet,300,sepolia.era.zksync.dev,block,500,3,5142,0x0078a3587f98cf7ab2c1c092aa9630d3e11829251724a0dd94f848285817462f,2311999.514542,2313760.761583,1761.2470410000533,96377,25000000,,success,1,0,,,8582955
pilot_1790521581795,block_N500_c3,0,2026-09-27T15:44:55.435Z,zkSyncTestnet,300,sepolia.era.zksync.dev,block,500,3,5143,0x3e76cce9ae46f7cd298a4592fd2ff88b7e05a28c346f334048d9a2334d2b37f8,2312523.627542,2314557.007417,2033.3798750001006,96371,25000000,,success,1,0,,,8582956
pilot_1790521581795,block_N500_c3,0,2026-09-27T15:44:57.996Z,zkSyncTestnet,300,sepolia.era.zksync.dev,block,500,3,5145,0x0f56f261b7c279eb3eb5213f083af3c2dd12375295062849c3c95b591418028b,2313760.886,2317118.267833,3357.3818330001086,96371,25000000,,success,1,0,,,8582958
pilot_1790521581795,block_N500_c3,0,2026-09-27T15:44:58.658Z,zkSyncTestnet,300,sepolia.era.zksync.dev,block,500,3,5144,0x46fdd219fc4070bb82e91c57d9cd8b4b6126cf43f37ea3276be1f506989b2b51,2313298.408542,2317780.762083,4482.353540999815,96371,25000000,,success,1,0,,,8582957
pilot_1790521581795,block_N500_c3,0,2026-09-27T15:44:58.896Z,zkSyncTestnet,300,sepolia.era.zksync.dev,block,500,3,5146,0xaca008a5389271014214f8bd08c83c9aeb4fa4de89446ac326e57c14ebbef63d,2314557.121292,2318018.729292,3461.6080000000075,96371,25000000,,success,1,0,,,8582958
pilot_1790521581795,block_N500_c3,0,2026-09-27T15:45:00.711Z,zkSyncTestnet,300,sepolia.era.zksync.dev,block,500,3,5147,0xb8767d611d315af9ef351325cc2d77e18d91e73e8833b76dbd43f12d90b04c29,2317118.420125,2319832.94925,2714.5291249998845,96377,25000000,,success,1,0,,,8582959
pilot_1790521581795,block_N500_c3,0,2026-09-27T15:45:01.411Z,zkSyncTestnet,300,sepolia.era.zksync.dev,block,500,3,5149,0x3f91aff44a64f6bcd6642f38763500bc17536e23cd5b2ca250de1a4e0277eb4d,2318018.887958,2320533.880667,2514.9927090001293,96377,25000000,,success,1,0,,,8582960
pilot_1790521581795,block_N500_c3,0,2026-09-27T15:45:01.765Z,zkSyncTestnet,300,sepolia.era.zksync.dev,block,500,3,5148,0x4d030c63c7f43d241d7ab95423a4e54500040fb627cb9ac164699a5de8488920,2317780.872958,2320887.035083,3106.1621250002645,96377,25000000,,success,1,0,,,8582960
pilot_1790521581795,block_N500_c3,0,2026-09-27T15:45:04.084Z,zkSyncTestnet,300,sepolia.era.zksync.dev,block,500,3,5150,0x15cb476bddb1912c1549ab8a92db0c6e02683e406a7bd156d0e4aeee1f8ee110,2319833.101583,2323206.709042,3373.607459000312,96377,25000000,,success,1,0,,,8582962
pilot_1790521581795,block_N500_c3,0,2026-09-27T15:45:04.316Z,zkSyncTestnet,300,sepolia.era.zksync.dev,block,500,3,5151,0xc985a8ecc2fd8311e86e802de67354c45ded18f0bce97e6a06b65ed6fa9312dc,2320534.005208,2323438.624708,2904.61950000003,96371,25000000,,success,1,0,,,8582963
pilot_1790521581795,block_N500_c3,0,2026-09-27T15:45:05.606Z,zkSyncTestnet,300,sepolia.era.zksync.dev,block,500,3,5152,0x708ae4e1ab4316614ef08d42053d3e3828da50a8ed2a259db1f5d9e82aa96b41,2320887.147333,2324728.846625,3841.6992919999175,96371,25000000,,success,1,0,,,8582964
pilot_1790521581795,block_N500_c3,0,2026-09-27T15:45:05.982Z,zkSyncTestnet,300,sepolia.era.zksync.dev,block,500,3,5153,0xd07caf13a57bfd3ea3f0d02ee034483a7e8d99b8cdae251040b5bf482ec891ca,2323206.830792,2325104.526792,1897.6959999999963,96377,25000000,,success,1,0,,,8582965
pilot_1790521581795,block_N500_c3,0,2026-09-27T15:45:07.498Z,zkSyncTestnet,300,sepolia.era.zksync.dev,block,500,3,5155,0x22a7ad3b1d3926986ed0a1805c391a37e30b99f138579bf04811b4c8f50f76dd,2324728.951292,2326620.000958,1891.0496660000645,96377,25000000,,success,1,0,,,8582967
pilot_1790521581795,block_N500_c3,0,2026-09-27T15:45:07.790Z,zkSyncTestnet,300,sepolia.era.zksync.dev,block,500,3,5156,0xaec3e6c04cd532c9bef7ffae5e2ee086a38ba10d1dd3d34ce4fb1d5deb62670a,2325104.640083,2326912.168917,1807.5288339997642,96371,25000000,,success,1,0,,,8582968
pilot_1790521581795,block_N500_c3,0,2026-09-27T15:45:08.271Z,zkSyncTestnet,300,sepolia.era.zksync.dev,block,500,3,5154,0x0bc4ccf59dbaf5c626bf74eb1439c64afffeace7a27e786f96cf8fcb27457f68,2323438.725208,2327393.539958,3954.814750000369,96377,25000000,,success,1,0,,,8582966
pilot_1790521581795,block_N500_c3,0,2026-09-27T15:45:10.153Z,zkSyncTestnet,300,sepolia.era.zksync.dev,block,500,3,5157,0x577d237aa95df08185f2b6e390cc8dbb3c14902a4292632b9faae36e49b880b5,2326620.106875,2329275.8265,2655.7196249999106,96377,25000000,,success,1,0,,,8582969
pilot_1790521581795,block_N500_c3,0,2026-09-27T15:45:11.074Z,zkSyncTestnet,300,sepolia.era.zksync.dev,block,500,3,5159,0xd536dc4c6eaf9f76a94e71195534b1ecd5fdb334f3ac48d57b977d76c261e985,2327393.676792,2330196.367167,2802.6903750002384,96371,25000000,,success,1,0,,,8582970
pilot_1790521581795,block_N500_c3,0,2026-09-27T15:45:11.895Z,zkSyncTestnet,300,sepolia.era.zksync.dev,block,500,3,5158,0xec460a2b145588d6552774a10d409f6de903b71c25427f520c8dbe10d54b6d63,2326912.281833,2331017.598,4105.3161670002155,96371,25000000,,success,1,0,,,8582970
pilot_1790521581795,block_N500_c3,0,2026-09-27T15:45:11.952Z,zkSyncTestnet,300,sepolia.era.zksync.dev,block,500,3,5160,0x27c0f7b0abeb631517e076e9fd26923a0625d4e63dd6c2c2ae59fade7738a275,2329275.9825,2331074.554875,1798.5723749999888,96377,25000000,,success,1,0,,,8582971
pilot_1790521581795,block_N500_c3,0,2026-09-27T15:45:13.736Z,zkSyncTestnet,300,sepolia.era.zksync.dev,block,500,3,5162,0x594436e95570afbf0d4c9f789db5e19637ca738ceee4d6052dd77d6a28c8f5e1,2331017.843375,2332858.162042,1840.318666999694,96377,25000000,,success,1,0,,,8582972
pilot_1790521581795,block_N500_c3,0,2026-09-27T15:45:14.244Z,zkSyncTestnet,300,sepolia.era.zksync.dev,block,500,3,5161,0x85f56ae48e00f6ea1b22eedfc6d218df7c7b3185a8219a8e4da4e8bb4efc3d3f,2330196.565792,2333366.510333,3169.9445410002954,96371,25000000,,success,1,0,,,8582972
pilot_1790521581795,block_N500_c3,0,2026-09-27T15:45:15.296Z,zkSyncTestnet,300,sepolia.era.zksync.dev,block,500,3,5163,0xa699f7dad8dc57815d9ff103052cd5367367abef1b8a7d973010d62d89e2cc11,2331074.653667,2334418.722292,3344.06862499984,96377,25000000,,success,1,0,,,8582973
pilot_1790521581795,block_N500_c3,0,2026-09-27T15:45:15.569Z,zkSyncTestnet,300,sepolia.era.zksync.dev,block,500,3,5164,0xa82de6425579fa1d90c98962bd0d523e5d30897e5badbfe714f651297a4ea21d,2332858.408083,2334691.088,1832.6799169997685,96371,25000000,,success,1,0,,,8582974
pilot_1790521581795,block_N500_c3,0,2026-09-27T15:45:16.091Z,zkSyncTestnet,300,sepolia.era.zksync.dev,block,500,3,5165,0xa4aca45bbf68f81274c79a8218193741ecd56be282c063df8002a7adc3e4d3c1,2333366.672208,2335213.743542,1847.0713340002112,96377,25000000,,success,1,0,,,8582975
pilot_1790521581795,block_N500_c3,0,2026-09-27T15:45:17.139Z,zkSyncTestnet,300,sepolia.era.zksync.dev,block,500,3,5166,0x9589c9c8521d121b06fc0baba3587f2251282a764ac4236d2d155ff069e2a4c2,2334418.793125,2336261.856542,1843.0634170002304,96377,25000000,,success,1,0,,,8582976
pilot_1790521581795,block_N500_c3,0,2026-09-27T15:45:18.197Z,zkSyncTestnet,300,sepolia.era.zksync.dev,block,500,3,5167,0x36b7d80c280bd2eaf35bdd536f724bbcbf0d26ec28762ae21ed832ccc9875a6b,2334691.20025,2337319.184167,2627.983916999772,96377,25000000,,success,1,0,,,8582976
pilot_1790521581795,block_N500_c3,0,2026-09-27T15:45:18.749Z,zkSyncTestnet,300,sepolia.era.zksync.dev,block,500,3,5168,0x1bc83a43d133c59f10f1462814647a36a865367ccfc7c49baab12243c7a0709c,2335213.884167,2337871.669542,2657.7853749999776,96377,25000000,,success,1,0,,,8582977
pilot_1790521581795,block_N500_c3,0,2026-09-27T15:45:18.947Z,zkSyncTestnet,300,sepolia.era.zksync.dev,block,500,3,5169,0x23570baaefc831345068421452c18d22b85e20b095a296d4200a3fcd58894cca,2336261.973958,2338069.113708,1807.1397500000894,96371,25000000,,success,1,0,,,8582978
pilot_1790521581795,block_N500_c3,0,2026-09-27T15:45:20.579Z,zkSyncTestnet,300,sepolia.era.zksync.dev,block,500,3,5170,0x5dbfb469f2763f0117f3d714423d1883721e7be9b11984fcd60d8d2846fff007,2337319.294167,2339701.6835,2382.389332999941,96377,25000000,,success,1,0,,,8582979
pilot_1790521581795,block_N500_c3,0,2026-09-27T15:45:20.613Z,zkSyncTestnet,300,sepolia.era.zksync.dev,block,500,3,5171,0xef0e88342573f19388355bf5102eef77c1bfd8b4476942e7c77452a310d941c5,2337871.738708,2339735.266,1863.5272919996642,96444,25000000,,success,1,0,,,8582979
pilot_1790521581795,block_N500_c3,0,2026-09-27T15:45:21.045Z,zkSyncTestnet,300,sepolia.era.zksync.dev,block,500,3,5172,0x2a1edbb054fc20b1494cd882c7f80880652c9a58b11ea76a29ee41dba15cd752,2338069.198167,2340167.539583,2098.341415999923,96444,25000000,,success,1,0,,,8582980
pilot_1790521581795,block_N500_c3,0,2026-09-27T15:45:22.383Z,zkSyncTestnet,300,sepolia.era.zksync.dev,block,500,3,5173,0x8702670111a13aa99ca5bf76f85c97a3a27c755461339a54b0edf2d62a2c475c,2339701.819875,2341505.396542,1803.576667000074,96450,25000000,,success,1,0,,,8582981
pilot_1790521581795,block_N500_c3,0,2026-09-27T15:45:22.906Z,zkSyncTestnet,300,sepolia.era.zksync.dev,block,500,3,5175,0x6dfd33c830c67af10f4aab4f3e69a800d8bc4245bb91d39e00808400db0e7dd7,2340167.615875,2342028.291042,1860.6751669999212,96371,25000000,,success,1,0,,,8582982
pilot_1790521581795,block_N500_c3,0,2026-09-27T15:45:23.684Z,zkSyncTestnet,300,sepolia.era.zksync.dev,block,500,3,5174,0xb24aef39a0e0c0c6f4c49a409ccc5e0861871d558276a4501d13e299afddd637,2339735.313208,2342806.677083,3071.363875000272,96371,25000000,,success,1,0,,,8582982
pilot_1790521581795,block_N500_c3,0,2026-09-27T15:45:26.976Z,zkSyncTestnet,300,sepolia.era.zksync.dev,block,500,3,5176,0xb35f69a9761db9ca2626c2432b31f11ac75eebf497d8bb37b6d3575a02aa7bb0,2341505.5505,2346098.536125,4592.985625000205,96371,25000000,,success,1,0,,,8582983
pilot_1790521581795,block_N500_c3,0,2026-09-27T15:45:27.712Z,zkSyncTestnet,300,sepolia.era.zksync.dev,block,500,3,5178,0x971549ac9548c1a7ea589c50b11147c881948d7eaa5deeb26d283cc9eb0d0b02,2342806.935458,2346833.968875,4027.0334169999696,96377,25000000,,success,1,0,,,8582983
pilot_1790521581795,block_N500_c3,0,2026-09-27T15:45:27.941Z,zkSyncTestnet,300,sepolia.era.zksync.dev,block,500,3,5177,0x6bf250613d13727dd56b116facd8283d284d60ca9311150d0b99f8d114aa12a0,2342028.418417,2347063.798292,5035.379874999635,96371,25000000,,success,1,0,,,8582983
pilot_1790521581795,block_N500_c3,0,2026-09-27T15:45:29.315Z,zkSyncTestnet,300,sepolia.era.zksync.dev,block,500,3,5179,0xd608f3e7a014b519887e078dc5eac70dc5c3deea0e5fc1cece6c83a3e52c637b,2346098.677458,2348437.158167,2338.480709000025,96371,25000000,,success,1,0,,,8582984
pilot_1790521581795,block_N500_c3,0,2026-09-27T15:45:29.526Z,zkSyncTestnet,300,sepolia.era.zksync.dev,block,500,3,5180,0xb1e28da22a5c95ce6b5969267b71736a758d0064b67b5ed3625ee3aaf03aa836,2346834.103458,2348648.638292,1814.534834000282,96371,25000000,,success,1,0,,,8582985
pilot_1790521581795,block_N500_c3,0,2026-09-27T15:45:30.619Z,zkSyncTestnet,300,sepolia.era.zksync.dev,block,500,3,5181,0x24064ea5d8e5e1f0a7ee32c048fcca6ace564e7fa39e1b3c2a957572ea6d4e3d,2347063.8635,2349741.251708,2677.3882079999894,96377,25000000,,success,1,0,,,8582986
pilot_1790521581795,block_N500_c3,0,2026-09-27T15:45:32.061Z,zkSyncTestnet,300,sepolia.era.zksync.dev,block,500,3,5182,0xe5fe450aac9b20af55c097e9ea30b375856c482140df51c5136586668482b24c,2348437.299667,2351182.928125,2745.628458000254,96371,25000000,,success,1,0,,,8582987
pilot_1790521581795,block_N500_c3,0,2026-09-27T15:45:32.421Z,zkSyncTestnet,300,sepolia.era.zksync.dev,block,500,3,5184,0x8dcef81a2c71eed4d9bc72e6c623ff55d542c1362b68172d04a7dc63255c47da,2349741.413708,2351543.531,1802.1172919999808,96371,25000000,,success,1,0,,,8582988
pilot_1790521581795,block_N500_c3,0,2026-09-27T15:45:32.867Z,zkSyncTestnet,300,sepolia.era.zksync.dev,block,500,3,5183,0xef8f928edbf8beef9c32b47303040498a5f202d509c65e8f667bd747eb494cc2,2348648.759042,2351989.062917,3340.303875000216,96377,25000000,,success,1,0,,,8582988
pilot_1790521581795,block_N500_c3,0,2026-09-27T15:45:35.490Z,zkSyncTestnet,300,sepolia.era.zksync.dev,block,500,3,5185,0xbb4d6696c17fef68e9086d4970997d30eb5ac16284deda38c92f1c371155709b,2351183.086167,2354612.242042,3429.1558750001714,96371,25000000,,success,1,0,,,8582989
pilot_1790521581795,block_N500_c3,0,2026-09-27T15:45:36.016Z,zkSyncTestnet,300,sepolia.era.zksync.dev,block,500,3,5186,0xa27ebd560d3e18881518c5c74ad9f9c5cea63db0c24252a0b91dabf733c092d1,2351543.602792,2355138.61475,3595.01195800025,96371,25000000,,success,1,0,,,8582990
pilot_1790521581795,block_N500_c3,0,2026-09-27T15:45:36.830Z,zkSyncTestnet,300,sepolia.era.zksync.dev,block,500,3,5187,0xef6333e29469d1489718f5b1679fe7263ae003e95adc6ecaf3e6306737de0cde,2351989.171417,2355952.838458,3963.6670410004444,96377,25000000,,success,1,0,,,8582991
pilot_1790521581795,block_N500_c3,0,2026-09-27T15:45:37.329Z,zkSyncTestnet,300,sepolia.era.zksync.dev,block,500,3,5188,0x36aac94546733860175c499362961c7d71c986e6c08bb506e0e9e1ef5fcc632e,2354612.392667,2356451.004208,1838.6115409997292,96371,25000000,,success,1,0,,,8582992
pilot_1790521581795,block_N500_c3,0,2026-09-27T15:45:37.839Z,zkSyncTestnet,300,sepolia.era.zksync.dev,block,500,3,5189,0x886ad163cb6ceb4a438a957d040576c40c7ae04999e3f8b185a7d893b14d1920,2355138.745375,2356961.442167,1822.6967919999734,96371,25000000,,success,1,0,,,8582993
pilot_1790521581795,block_N500_c3,0,2026-09-27T15:45:38.670Z,zkSyncTestnet,300,sepolia.era.zksync.dev,block,500,3,5190,0xb207920c92e48d06df962212845e546c9a31368528ea7316be5238b94f38e3e5,2355953.001833,2357792.812958,1839.8111250000075,96371,25000000,,success,1,0,,,8582994
pilot_1790521581795,block_N500_c3,0,2026-09-27T15:45:39.195Z,zkSyncTestnet,300,sepolia.era.zksync.dev,block,500,3,5191,0xb3a9ebeebd823ae12b6299d9882ce15da4e431d8396ad33b98cc79f02e8d44bf,2356451.17225,2358317.131875,1865.959625000134,96371,25000000,,success,1,0,,,8582995
pilot_1790521581795,block_N500_c3,0,2026-09-27T15:45:39.684Z,zkSyncTestnet,300,sepolia.era.zksync.dev,block,500,3,5192,0x0ea5dd1e5bee4ba87b6f56e31a47abc74dd9118100cd37bc2916b722db0aae95,2356961.581042,2358806.805208,1845.2241659997962,96377,25000000,,success,1,0,,,8582996
pilot_1790521581795,block_N500_c3,0,2026-09-27T15:45:40.514Z,zkSyncTestnet,300,sepolia.era.zksync.dev,block,500,3,5193,0x4756db8bf44f1511d71466765d1e0588519305af0abab014a5773475d4e8276a,2357792.933083,2359636.824125,1843.8910419996828,96377,25000000,,success,1,0,,,8582997
pilot_1790521581795,block_N500_c3,0,2026-09-27T15:45:40.999Z,zkSyncTestnet,300,sepolia.era.zksync.dev,block,500,3,5194,0x3cbbaee0e8f56dd5ce87118e0c9b0b2a5f32493ef11155a4a9b3d2c70293d317,2358317.374458,2360121.700583,1804.3261250001378,96377,25000000,,success,1,0,,,8582998
pilot_1790521581795,block_N500_c3,0,2026-09-27T15:45:43.055Z,zkSyncTestnet,300,sepolia.era.zksync.dev,block,500,3,5195,0xf42c947585c872e322f892fe272c7d14e5dc19c3db3c6630a0f67fe859e28cca,2358806.944667,2362177.068167,3370.12350000022,96371,25000000,,success,1,0,,,8582999
pilot_1790521581795,block_N500_c3,0,2026-09-27T15:45:43.617Z,zkSyncTestnet,300,sepolia.era.zksync.dev,block,500,3,5196,0xaf62755feac38660426914c1c68c04e404184bef957667da6e64ea1b2eed263e,2359636.942083,2362739.422458,3102.48037499981,96371,25000000,,success,1,0,,,8583000
pilot_1790521581795,block_N500_c3,0,2026-09-27T15:45:45.256Z,zkSyncTestnet,300,sepolia.era.zksync.dev,block,500,3,5198,0x7420938a26df3fcf35712e953cd0a7f60a0915af4e152bdef7cf5efe1a4eb220,2362177.157292,2364378.575167,2201.41787499981,96371,25000000,,success,1,0,,,8583002
pilot_1790521581795,block_N500_c3,0,2026-09-27T15:45:45.818Z,zkSyncTestnet,300,sepolia.era.zksync.dev,block,500,3,5197,0xae35b9b6adaa022e24d142234d16ef84825bd820de21332ab95fe989b9c754cd,2360121.764833,2364939.962,4818.197166999802,96371,25000000,,success,1,0,,,8583001
pilot_1790521581795,block_N500_c3,0,2026-09-27T15:45:46.343Z,zkSyncTestnet,300,sepolia.era.zksync.dev,block,500,3,5199,0xc23c7e313dd87c630c5f49963b31b154c0268118a98f88ccb89622ae4af46ad7,2362739.5305,2365465.271667,2725.7411670000292,96371,25000000,,success,1,0,,,8583003
pilot_1790521581795,block_N500_c3,0,2026-09-27T15:45:47.058Z,zkSyncTestnet,300,sepolia.era.zksync.dev,block,500,3,5200,0x1db98f7414f51b8fe70288fcb366570ed30f518ad57016c4d67adeb08bbf6f14,2364378.632083,2366180.8265,1802.194416999817,96377,25000000,,success,1,0,,,8583004
pilot_1790521581795,block_N500_c3,0,2026-09-27T15:45:47.656Z,zkSyncTestnet,300,sepolia.era.zksync.dev,block,500,3,5201,0x2663fa19e4cb59c63332214e5d9b44b8f665c4d65081008403d717b1d70f298e,2364940.234542,2366777.922708,1837.688165999949,96377,25000000,,success,1,0,,,8583005
pilot_1790521581795,block_N500_c3,0,2026-09-27T15:45:48.600Z,zkSyncTestnet,300,sepolia.era.zksync.dev,block,500,3,5202,0xa39aa277458d239831ba62a2006144ca236b718f1784cb9470f2d891752d3b44,2365465.41375,2367722.780125,2257.366375000216,96371,25000000,,success,1,0,,,8583006
pilot_1790521581795,block_N500_c3,0,2026-09-27T15:45:49.127Z,zkSyncTestnet,300,sepolia.era.zksync.dev,block,500,3,5203,0x414dc8fd1b2ecf57c89cead1a19cdd525c8588a4aaad5ca3da56ddb6d7ffb7f7,2366181.099958,2368248.975792,2067.875834000297,96371,25000000,,success,1,0,,,8583007
pilot_1790521581795,block_N500_c3,0,2026-09-27T15:45:49.466Z,zkSyncTestnet,300,sepolia.era.zksync.dev,block,500,3,5204,0x2fb26d6923e8281c18f1432f77034448da1532d40772196701dbaef47acb111a,2366778.111083,2368588.094875,1809.9837919999845,96371,25000000,,success,1,0,,,8583008
pilot_1790521581795,block_N500_c3,0,2026-09-27T15:45:50.977Z,zkSyncTestnet,300,sepolia.era.zksync.dev,block,500,3,5205,0x1363d6623bfebddb9022bc651b4191419f61350d2d872baa01ae7725c51cf33e,2367722.927417,2370098.937,2376.0095830000937,96377,25000000,,success,1,0,,,8583009
pilot_1790521581795,block_N500_c3,0,2026-09-27T15:45:51.613Z,zkSyncTestnet,300,sepolia.era.zksync.dev,block,500,3,5206,0x07b13fd131927266a6ec4839ad48dd88ab24a0dfc7628222ef270eb68263c823,2368249.118708,2370735.082917,2485.9642090001144,96371,25000000,,success,1,0,,,8583009
pilot_1790521581795,block_N500_c3,0,2026-09-27T15:45:53.344Z,zkSyncTestnet,300,sepolia.era.zksync.dev,block,500,3,5208,0xad113bf71759df6d178e3a12121b7c488cecfae665954ced012137f0f11a02f3,2370099.085875,2372466.3845,2367.298625000287,96377,25000000,,success,1,0,,,8583011
pilot_1790521581795,block_N500_c3,0,2026-09-27T15:45:53.573Z,zkSyncTestnet,300,sepolia.era.zksync.dev,block,500,3,5207,0xa66c35ed68736a0a3668b857f76211df7dbd0042ff74687ff56fa68e72c25ceb,2368588.170583,2372695.741375,4107.570792000275,96371,25000000,,success,1,0,,,8583010
pilot_1790521581795,block_N500_c3,0,2026-09-27T15:45:54.890Z,zkSyncTestnet,300,sepolia.era.zksync.dev,block,500,3,5209,0xa21d71c1bf93b3065ebb159aa3a7f2323621e2a649866c05396aa57af174c8af,2370735.31525,2374012.506292,3277.191041999962,96371,25000000,,success,1,0,,,8583013
pilot_1790521581795,block_N500_c3,0,2026-09-27T15:45:55.935Z,zkSyncTestnet,300,sepolia.era.zksync.dev,block,500,3,5210,0x7241ff16dccce6cf0afb6ae41afb19b5bd10c71c2fa6c6efd37329936843543e,2372466.511167,2375057.299458,2590.7882909998298,96377,25000000,,success,1,0,,,8583014
pilot_1790521581795,block_N500_c3,0,2026-09-27T15:45:56.724Z,zkSyncTestnet,300,sepolia.era.zksync.dev,block,500,3,5211,0x83d5c1833fb54b43b682aa20b529de58b8dc826f9440c5085ab925c366f0d1c9,2372695.895042,2375846.171417,3150.2763749998994,96371,25000000,,success,1,0,,,8583015
pilot_1790521581795,block_N500_c3,0,2026-09-27T15:45:56.982Z,zkSyncTestnet,300,sepolia.era.zksync.dev,block,500,3,5212,0xfa3b6617a586b8ee02b8b5edb138bf048b9128cb047a0e876587ee1d4c93fa70,2374012.62975,2376103.947042,2091.317292000167,96377,25000000,,success,1,0,,,8583016
pilot_1790521581795,block_N500_c3,0,2026-09-27T15:45:57.902Z,zkSyncTestnet,300,sepolia.era.zksync.dev,block,500,3,5213,0x3f7162b50743a148a23edae8294aba7fe867904c0ee2b0de1319ccd22be90e6b,2375057.344833,2377024.403375,1967.0585420001298,96371,25000000,,success,1,0,,,8583017
pilot_1790521581795,block_N500_c3,0,2026-09-27T15:45:59.869Z,zkSyncTestnet,300,sepolia.era.zksync.dev,block,500,3,5215,0xd9fd3642c359754ae6371c4ccee67752087f628dcda698e32ad3efd6eb9078e1,2376104.074667,2378991.191167,2887.1165000000037,96377,25000000,,success,1,0,,,8583019
pilot_1790521581795,block_N500_c3,0,2026-09-27T15:46:00.021Z,zkSyncTestnet,300,sepolia.era.zksync.dev,block,500,3,5214,0xa3e77d9b3498227b09bdfb44680a3417135d8c5b5d68fde658fefe35aed876f9,2375846.441083,2379143.653708,3297.21262500016,96377,25000000,,success,1,0,,,8583018
pilot_1790521581795,block_N500_c3,0,2026-09-27T15:46:01.207Z,zkSyncTestnet,300,sepolia.era.zksync.dev,block,500,3,5216,0x3d752582570ad896c310d8123e966acd70ca2e630e1fee9c20cde5472d4269bf,2377024.573625,2380329.204667,3304.6310419999063,96371,25000000,,success,1,0,,,8583020
pilot_1790521581795,block_N500_c3,0,2026-09-27T15:46:02.553Z,zkSyncTestnet,300,sepolia.era.zksync.dev,block,500,3,5218,0x2816775b21544b96be345d88035adf4905435e2ea5c2616f5e87c4e6f6d7260a,2379143.769167,2381675.324375,2531.555207999889,96377,25000000,,success,1,0,,,8583021
pilot_1790521581795,block_N500_c3,0,2026-09-27T15:46:03.679Z,zkSyncTestnet,300,sepolia.era.zksync.dev,block,500,3,5217,0x53de2086abd15176568818598a7081974a9177fe741a321f26ece4b485bb5bae,2378991.461333,2382801.069958,3809.608624999877,96371,25000000,,success,1,0,,,8583021
pilot_1790521581795,block_N500_c3,0,2026-09-27T15:46:03.687Z,zkSyncTestnet,300,sepolia.era.zksync.dev,block,500,3,5219,0xa85f30580870a83b45acae50aed4a8e8914081648554e68205ecd86086b928ee,2380329.366583,2382809.37225,2480.0056670000777,96377,25000000,,success,1,0,,,8583022
pilot_1790521581795,block_N500_c3,0,2026-09-27T15:46:04.407Z,zkSyncTestnet,300,sepolia.era.zksync.dev,block,500,3,5220,0x065800ed7df300c3086d835a37259e7c786e955b61410ff7861822bee80e9010,2381675.500542,2383529.111958,1853.6114159999415,96371,25000000,,success,1,0,,,8583023
pilot_1790521581795,block_N500_c3,0,2026-09-27T15:46:08.907Z,zkSyncTestnet,300,sepolia.era.zksync.dev,block,500,3,5221,0xae827cd91015da2588e89048bfbf814cad95fa7f6045572b91da630b70864dd5,2382801.185958,2388029.566708,5228.380750000011,96371,25000000,,success,1,0,,,8583024
pilot_1790521581795,block_N500_c3,0,2026-09-27T15:46:09.827Z,zkSyncTestnet,300,sepolia.era.zksync.dev,block,500,3,5223,0x3091e8733d8d95ea1ea10b450e784826083f912bcbdf3a55c7ed93dbbdda25b4,2383529.281583,2388949.708625,5420.427041999996,96371,25000000,,success,1,0,,,8583025
pilot_1790521581795,block_N500_c3,0,2026-09-27T15:46:09.910Z,zkSyncTestnet,300,sepolia.era.zksync.dev,block,500,3,5222,0x083bffcbefd3e0e407d5f9e3e4fd98f40b59d5d0a23a21efb3f07a262218fbca,2382809.411042,2389032.7415,6223.330457999837,96377,25000000,,success,1,0,,,8583025
pilot_1790521581795,block_N500_c3,0,2026-09-27T15:46:11.494Z,zkSyncTestnet,300,sepolia.era.zksync.dev,block,500,3,5224,0xeaf5d42069176e0f31e3b8f5ede376663e2d4c0156682b5db3527f06b419fb29,2388029.65025,2390616.619333,2586.9690829999745,96371,25000000,,success,1,0,,,8583026
pilot_1790521581795,block_N500_c3,0,2026-09-27T15:46:12.528Z,zkSyncTestnet,300,sepolia.era.zksync.dev,block,500,3,5225,0x35b9b772860697c7900c2d53f70bc949702fd9e91e6db489f5734483a51ea3c1,2388949.76775,2391650.076708,2700.308958000038,96371,25000000,,success,1,0,,,8583027
pilot_1790521581795,block_N500_c3,0,2026-09-27T15:46:12.764Z,zkSyncTestnet,300,sepolia.era.zksync.dev,block,500,3,5226,0xf89876721d48460703a60b6ea02aa4ce62c1fff375b8639b8a68a70b846a83c6,2389032.794042,2391886.791,2853.99695800012,96377,25000000,,success,1,0,,,8583028
pilot_1790521581795,block_N500_c3,0,2026-09-27T15:46:13.864Z,zkSyncTestnet,300,sepolia.era.zksync.dev,block,500,3,5227,0x844716a7dd863532c1a254ffc97d4b6e9403782890a7d5e466c6f73f31e8980c,2390616.904958,2392986.735667,2369.830709000118,96371,25000000,,success,1,0,,,8583029
pilot_1790521581795,block_N500_c3,0,2026-09-27T15:46:14.515Z,zkSyncTestnet,300,sepolia.era.zksync.dev,block,500,3,5228,0x6261ddf603a458e9a23fde48f2786bf774c5a2cff3507b967611be05ceff0235,2391650.232125,2393636.880667,1986.6485419999808,96371,25000000,,success,1,0,,,8583030
pilot_1790521581795,block_N500_c3,0,2026-09-27T15:46:15.452Z,zkSyncTestnet,300,sepolia.era.zksync.dev,block,500,3,5229,0xf3c63704ef8d3cb40b5c8d4d4abb13e19e68c03c158d9ba2687202ec1896681b,2391886.959833,2394574.093375,2687.133542000316,96371,25000000,,success,1,0,,,8583031
pilot_1790521581795,block_N500_c3,0,2026-09-27T15:46:16.538Z,zkSyncTestnet,300,sepolia.era.zksync.dev,block,500,3,5230,0x3873d3120cde3a5ff6e974534350607d64e8225f658a1fdf7475712373ae31c5,2392986.902167,2395660.264958,2673.362790999934,96377,25000000,,success,1,0,,,8583032
pilot_1790521581795,block_N500_c3,0,2026-09-27T15:46:17.988Z,zkSyncTestnet,300,sepolia.era.zksync.dev,block,500,3,5231,0x05c7edd4fd789bfe1219299bcefb6094fb2fb984772812cf05db715e00075f18,2393636.999875,2397110.72925,3473.729374999646,96377,25000000,,success,1,0,,,8583033
pilot_1790521581795,block_N500_c3,0,2026-09-27T15:46:18.285Z,zkSyncTestnet,300,sepolia.era.zksync.dev,block,500,3,5232,0x85d4d6d81e818e9e328b188661bb9291ad8b407860fbc748fb1346e978c507a5,2394574.3205,2397407.609125,2833.2886250000447,96371,25000000,,success,1,0,,,8583034
pilot_1790521581795,block_N500_c3,0,2026-09-27T15:46:19.787Z,zkSyncTestnet,300,sepolia.era.zksync.dev,block,500,3,5233,0xec39034eb54969326a0407c63d902ace76a44da29c054acac86795916c2b1d2d,2395660.426292,2398909.168875,3248.742583000101,96377,25000000,,success,1,0,,,8583035
pilot_1790521581795,block_N500_c3,0,2026-09-27T15:46:19.858Z,zkSyncTestnet,300,sepolia.era.zksync.dev,block,500,3,5234,0x4e03040cf3577728f6000cf33537ef12c8175556fae688a942f6b6511eda3c7a,2397110.962417,2398980.204542,1869.2421249998733,96371,25000000,,success,1,0,,,8583036
pilot_1790521581795,block_N500_c3,0,2026-09-27T15:46:20.157Z,zkSyncTestnet,300,sepolia.era.zksync.dev,block,500,3,5235,0x0192e7500efb89bbc8ba5b8d9e89868781a5a7eae013eee69fa1db84e4a76740,2397407.730875,2399279.100583,1871.3697080002166,96371,25000000,,success,1,0,,,8583037
pilot_1790521581795,block_N500_c3,0,2026-09-27T15:46:21.638Z,zkSyncTestnet,300,sepolia.era.zksync.dev,block,500,3,5236,0xdc265ce768ef8036ab62d3bba0a25da21a23d96e3f98c1a9659385054f7efb92,2398909.31425,2400760.606917,1851.2926670000888,96371,25000000,,success,1,0,,,8583038
pilot_1790521581795,block_N500_c3,0,2026-09-27T15:46:21.676Z,zkSyncTestnet,300,sepolia.era.zksync.dev,block,500,3,5237,0x014ed9e7206cee9bb7c148d6073426185e55b987db83e06d26773780615f04b4,2398980.247458,2400798.052333,1817.8048749999143,96377,25000000,,success,1,0,,,8583039
pilot_1790521581795,block_N500_c3,0,2026-09-27T15:46:22.002Z,zkSyncTestnet,300,sepolia.era.zksync.dev,block,500,3,5238,0x6d60305f23a2cb76d1aeb38a968159b9a30faed20c960243e6e0543c74262d46,2399279.219333,2401124.387333,1845.1680000000633,96377,25000000,,success,1,0,,,8583039
pilot_1790521581795,block_N500_c3,0,2026-09-27T15:46:23.478Z,zkSyncTestnet,300,sepolia.era.zksync.dev,block,500,3,5239,0xa3000ef4bdcff45ddd8accd88613d0758de4e7b3ed9ec98cde0b2503f07bd47a,2400760.7505,2402600.453083,1839.702583000064,96371,25000000,,success,1,0,,,8583040
pilot_1790521581795,block_N500_c3,0,2026-09-27T15:46:23.519Z,zkSyncTestnet,300,sepolia.era.zksync.dev,block,500,3,5240,0xa13dc9478e7a238a4fa4f08f3720f489399ed23327ce1380af1bfb2937c7583b,2400798.101625,2402641.241958,1843.1403330001049,96377,25000000,,success,1,0,,,8583041
pilot_1790521581795,block_N500_c3,0,2026-09-27T15:46:23.833Z,zkSyncTestnet,300,sepolia.era.zksync.dev,block,500,3,5241,0x2301fe65a5708ed7704d02a465bf9229833f25ef04908adc0bcf5fea1e4ec6ce,2401124.519458,2402955.346458,1830.8270000000484,96371,25000000,,success,1,0,,,8583041
pilot_1790521581795,block_N500_c3,0,2026-09-27T15:46:25.661Z,zkSyncTestnet,300,sepolia.era.zksync.dev,block,500,3,5244,0x32125f31b74fea1a68db2b591a44fec0fa56b6080dc544534bc86319bee94d2b,2402955.403083,2404783.223875,1827.820792000275,96377,25000000,,success,1,0,,,8583043
pilot_1790521581795,block_N500_c3,0,2026-09-27T15:46:25.958Z,zkSyncTestnet,300,sepolia.era.zksync.dev,block,500,3,5242,0x717c09149464af002a428f57c02efa9b8f8feef5c20e64cf3b2aefbd5a466180,2402600.588833,2405080.185958,2479.5971249998547,96371,25000000,,success,1,0,,,8583042
pilot_1790521581795,block_N500_c3,0,2026-09-27T15:46:26.174Z,zkSyncTestnet,300,sepolia.era.zksync.dev,block,500,3,5243,0xc935bf32c9d20b06624166ed9593fa52fa4d539d2c3a876ee94f1fb1c7fb7238,2402641.402167,2405296.423292,2655.02112499997,96377,25000000,,success,1,0,,,8583043
pilot_1790521581795,block_N500_c3,0,2026-09-27T15:46:28.215Z,zkSyncTestnet,300,sepolia.era.zksync.dev,block,500,3,5245,0x755deb1c5f5359a19a8e7071addb17b264f90e9568115c9bd160e2903754bdc4,2404783.397125,2407337.048,2553.6508749998175,96377,25000000,,success,1,0,,,8583044
pilot_1790521581795,block_N500_c3,0,2026-09-27T15:46:28.786Z,zkSyncTestnet,300,sepolia.era.zksync.dev,block,500,3,5247,0x0baf8aa06235b3cf6b949f21ed759a6e8c66520a79e1608b96c1ddee4b0a478e,2405296.665917,2407907.950958,2611.2850410002284,96371,25000000,,success,1,0,,,8583045
pilot_1790521581795,block_N500_c3,0,2026-09-27T15:46:29.126Z,zkSyncTestnet,300,sepolia.era.zksync.dev,block,500,3,5246,0x928822165a35ba0e6b58b5c039ee8bb6291d15c55b6ada8462b69c58dec280d5,2405080.245583,2408248.632083,3168.3865000000224,96371,25000000,,success,1,0,,,8583045
pilot_1790521581795,block_N500_c3,0,2026-09-27T15:46:31.101Z,zkSyncTestnet,300,sepolia.era.zksync.dev,block,500,3,5248,0xe87e2ded4ad7e40e75f61891137988ec32b6cecd9265261c3731a8d432805b5a,2407337.13275,2410223.023333,2885.890583000146,96371,25000000,,success,1,0,,,8583046
pilot_1790521581795,block_N500_c3,0,2026-09-27T15:46:31.653Z,zkSyncTestnet,300,sepolia.era.zksync.dev,block,500,3,5249,0x90cd287a0341c03fb19e6e6401f692797c857d2b63707f25fcb47dbfcdb78c1c,2407908.03975,2410775.449625,2867.4098749998957,96371,25000000,,success,1,0,,,8583047
pilot_1790521581795,block_N500_c3,0,2026-09-27T15:46:32.639Z,zkSyncTestnet,300,sepolia.era.zksync.dev,block,500,3,5250,0xbeaf1000e178f3e99aa8e8e4be9dc10d421d2d96817454045152566930c36399,2408248.703125,2411761.5065,3512.803375000134,96377,25000000,,success,1,0,,,8583048
pilot_1790521581795,block_N500_c3,0,2026-09-27T15:46:34.738Z,zkSyncTestnet,300,sepolia.era.zksync.dev,block,500,3,5252,0x08cb41114fd805b965ee931a383dd28a1270623c35ed937bbeb65ff5ac51286c,2410775.611208,2413860.379,3084.7677919999696,96371,25000000,,success,1,0,,,8583049
pilot_1790521581795,block_N500_c3,0,2026-09-27T15:46:34.996Z,zkSyncTestnet,300,sepolia.era.zksync.dev,block,500,3,5251,0x82c7fdaeeaa1a50557cdc8d290ca67c38e9b7d788742fe55861dafe3402e71e2,2410223.293708,2414117.98975,3894.696042000316,96371,25000000,,success,1,0,,,8583049
pilot_1790521581795,block_N500_c3,0,2026-09-27T15:46:35.290Z,zkSyncTestnet,300,sepolia.era.zksync.dev,block,500,3,5253,0x6bf2b35ace86e74320fabe4e753b743411141a9b443778b01c2e7b07cc11d0eb,2411761.806583,2414412.275917,2650.469334000256,96377,25000000,,success,1,0,,,8583050
pilot_1790521581795,block_N500_c3,0,2026-09-27T15:46:37.962Z,zkSyncTestnet,300,sepolia.era.zksync.dev,block,500,3,5255,0x716579b51d05855749c8bbffdd2204aab3020b093323abb0714778f3f12386a5,2414118.103625,2417084.57375,2966.4701249999925,96377,25000000,,success,1,0,,,8583051
pilot_1790521581795,block_N500_c3,0,2026-09-27T15:46:37.980Z,zkSyncTestnet,300,sepolia.era.zksync.dev,block,500,3,5254,0x1c8614dc9da05eb4fdc8a9c3f2954514825b3ae879a26ca862eb8d910846e6c8,2413860.669167,2417102.083542,3241.4143750001676,96371,25000000,,success,1,0,,,8583051
pilot_1790521581795,block_N500_c3,0,2026-09-27T15:46:38.009Z,zkSyncTestnet,300,sepolia.era.zksync.dev,block,500,3,5256,0x679375eb41ea69ac8c27ce9672bb9c5640ec3ef20ae763aa081be5397b377022,2414412.508583,2417131.114,2718.60541700013,96371,25000000,,success,1,0,,,8583051
pilot_1790521581795,block_N500_c3,0,2026-09-27T15:46:39.735Z,zkSyncTestnet,300,sepolia.era.zksync.dev,block,500,3,5257,0x37369b7a1278c777c9a9981df1a8e395e45a24d4f5f7cb065b3519f69aad9fc5,2417084.764917,2418857.582917,1772.8179999999702,96371,25000000,,success,1,0,,,8583052
pilot_1790521581795,block_N500_c3,0,2026-09-27T15:46:41.970Z,zkSyncTestnet,300,sepolia.era.zksync.dev,block,500,3,5258,0x430800c840d3ab2acff22a9c45d75791f68f99f94f5f7004bb8bf700efdf1969,2417102.1365,2421092.322417,3990.1859169998206,96377,25000000,,success,1,0,,,8583053
pilot_1790521581795,block_N500_c3,0,2026-09-27T15:46:42.172Z,zkSyncTestnet,300,sepolia.era.zksync.dev,block,500,3,5259,0x0a16d2084105a8a5307ad90c0f7a64fda9005d7546410300f10b79a3be659894,2417131.152667,2421293.916333,4162.763666000217,96377,25000000,,success,1,0,,,8583053
pilot_1790521581795,block_N500_c3,0,2026-09-27T15:46:42.329Z,zkSyncTestnet,300,sepolia.era.zksync.dev,block,500,3,5260,0xd10e3eac2fb4e468678904196f6bba1a56b4ff247d5b6ead74b531cb5e679891,2418857.838125,2421451.538958,2593.7008330002427,96377,25000000,,success,1,0,,,8583054
pilot_1790521581795,block_N500_c3,0,2026-09-27T15:46:43.890Z,zkSyncTestnet,300,sepolia.era.zksync.dev,block,500,3,5261,0x75cf73b4c939aa759405dd05e00f24ee9fda88d6e99f4898eb67d7a7d3940a2c,2421092.5315,2423012.707875,1920.1763749998063,96377,25000000,,success,1,0,,,8583055
pilot_1790521581795,block_N500_c3,0,2026-09-27T15:46:44.032Z,zkSyncTestnet,300,sepolia.era.zksync.dev,block,500,3,5262,0xc8beeb9b86ab3553fe0467900d82b7bc4c793ff9218c6501f4048b5e4de6f13e,2421294.067333,2423154.270667,1860.2033340004273,96377,25000000,,success,1,0,,,8583056
pilot_1790521581795,block_N500_c3,0,2026-09-27T15:46:44.285Z,zkSyncTestnet,300,sepolia.era.zksync.dev,block,500,3,5263,0xe9df320b339475039f4b8b6342e8b7da53d955f649e2d75552b455430237da15,2421451.602625,2423407.78525,1956.182625000365,96371,25000000,,success,1,0,,,8583056
pilot_1790521581795,block_N500_c3,0,2026-09-27T15:46:45.759Z,zkSyncTestnet,300,sepolia.era.zksync.dev,block,500,3,5264,0xa93f163ee168bd236a56b2476e066ea5250c73e229f9d1973f3809d299c21255,2423012.811917,2424881.817375,1869.005458000116,96371,25000000,,success,1,0,,,8583057
pilot_1790521581795,block_N500_c3,0,2026-09-27T15:46:45.823Z,zkSyncTestnet,300,sepolia.era.zksync.dev,block,500,3,5265,0xc6ae45626462b2546257db65701f72f5be75bf4a8e3f3218b904745b452fdfac,2423154.449417,2424945.222417,1790.7730000000447,96371,25000000,,success,1,0,,,8583058
pilot_1790521581795,block_N500_c3,0,2026-09-27T15:46:46.115Z,zkSyncTestnet,300,sepolia.era.zksync.dev,block,500,3,5266,0xa68a3a29bd55061d50b1fb245058c5e6769e6cb3127f45c7036f6af369ffa1dc,2423407.921208,2425237.297375,1829.3761670002714,96377,25000000,,success,1,0,,,8583058
pilot_1790521581795,block_N500_c3,0,2026-09-27T15:46:47.661Z,zkSyncTestnet,300,sepolia.era.zksync.dev,block,500,3,5267,0x7a36e17b67803ab8365f685d11a1be43d101b653ca182f77b753322dc150c818,2424881.966083,2426783.332333,1901.3662499999627,96377,25000000,,success,1,0,,,8583059
pilot_1790521581795,block_N500_c3,0,2026-09-27T15:46:49.416Z,zkSyncTestnet,300,sepolia.era.zksync.dev,block,500,3,5268,0xb16640c64aed4903c7e536d12f7c62658177a9d37bc2794ac361c24f497506c8,2424945.3785,2428538.546625,3593.168124999851,96377,25000000,,success,1,0,,,8583060
pilot_1790521581795,block_N500_c3,0,2026-09-27T15:46:49.679Z,zkSyncTestnet,300,sepolia.era.zksync.dev,block,500,3,5269,0x9d9ff211acb138a1c8a474dbacba2b7253c237595df868cf87ed28ff22a525c0,2425237.444958,2428801.468292,3564.023333999794,96371,25000000,,success,1,0,,,8583061
pilot_1790521581795,block_N500_c3,0,2026-09-27T15:46:50.697Z,zkSyncTestnet,300,sepolia.era.zksync.dev,block,500,3,5270,0x93b8e6ca53f6d6899c52127a50ff787691190365ef111693782195e64e02be3d,2426783.67125,2429818.928583,3035.257332999725,96377,25000000,,success,1,0,,,8583062
pilot_1790521581795,block_N500_c3,0,2026-09-27T15:46:53.144Z,zkSyncTestnet,300,sepolia.era.zksync.dev,block,500,3,5271,0x997c4f4a68ba6ac480a9389202553a3573347a63c33298f79ccfa29e42ac4661,2428538.675667,2432266.1015,3727.42583299987,96377,25000000,,success,1,0,,,8583063
pilot_1790521581795,block_N500_c3,0,2026-09-27T15:46:53.382Z,zkSyncTestnet,300,sepolia.era.zksync.dev,block,500,3,5272,0xbdcd75b35767dee34383e4ed33199c2e843b6eff8da5dc826736cc207e194e88,2428801.588958,2432504.582375,3702.993417000398,96371,25000000,,success,1,0,,,8583064
pilot_1790521581795,block_N500_c3,0,2026-09-27T15:46:54.911Z,zkSyncTestnet,300,sepolia.era.zksync.dev,block,500,3,5273,0xabb7055a39b258fa7ff643c06834da599b1ade7f3cbaf981758c8557f684fbdd,2429819.203625,2434033.804708,4214.601082999725,96371,25000000,,success,1,0,,,8583065
pilot_1790521581795,block_N500_c3,0,2026-09-27T15:46:55.980Z,zkSyncTestnet,300,sepolia.era.zksync.dev,block,500,3,5274,0xf7cfbdb4a590d511a67f1437ec01ff4473535c28aa0dd1c9656c4092454996bf,2432266.55175,2435102.537083,2835.985332999844,96371,25000000,,success,1,0,,,8583066
pilot_1790521581795,block_N500_c3,0,2026-09-27T15:46:56.853Z,zkSyncTestnet,300,sepolia.era.zksync.dev,block,500,3,5276,0x76a4ce91dc2a824672f6c649a4c6fa51f8781a047502e7d7dfb6ba823a585c35,2434033.895958,2435975.825458,1941.9295000000857,96377,25000000,,success,1,0,,,8583067
pilot_1790521581795,block_N500_c3,0,2026-09-27T15:46:56.980Z,zkSyncTestnet,300,sepolia.era.zksync.dev,block,500,3,5275,0xe259420ece6059cfec006ec3f581ec5d50afcbb88a4bc6a5e355b6c08a408b44,2432504.693542,2436102.580625,3597.887083000038,96371,25000000,,success,1,0,,,8583067
pilot_1790521581795,block_N500_c3,0,2026-09-27T15:46:58.856Z,zkSyncTestnet,300,sepolia.era.zksync.dev,block,500,3,5278,0x1e0815df691f932cd1876f013d5c6db676a697635e351bcbaf69c89b09531c39,2435975.97775,2437978.026875,2002.0491249999031,96371,25000000,,success,1,0,,,8583068
pilot_1790521581795,block_N500_c3,0,2026-09-27T15:46:59.140Z,zkSyncTestnet,300,sepolia.era.zksync.dev,block,500,3,5277,0x898c554d466e667729233d28e7172dfa5e04d0d5e5435528e294aa7c6c5a8d19,2435102.603292,2438262.125292,3159.521999999881,96371,25000000,,success,1,0,,,8583068
pilot_1790521581795,block_N500_c3,0,2026-09-27T15:46:59.904Z,zkSyncTestnet,300,sepolia.era.zksync.dev,block,500,3,5279,0x3527101a92aa6d14637cccbc07cb855f5a59b6dac643166a1b69c1ad1c984b24,2436102.691208,2439026.483417,2923.7922090003267,96377,25000000,,success,1,0,,,8583069
pilot_1790521581795,block_N500_c3,0,2026-09-27T15:47:00.757Z,zkSyncTestnet,300,sepolia.era.zksync.dev,block,500,3,5280,0x673774d1bc8ea354810d0258213c0bf9f4c4fdd3d3a3b74ad5fc2ecebb60fb26,2437978.164958,2439879.13125,1900.96629199991,96371,25000000,,success,1,0,,,8583070
pilot_1790521581795,block_N500_c3,0,2026-09-27T15:47:01.012Z,zkSyncTestnet,300,sepolia.era.zksync.dev,block,500,3,5281,0xf030354982d87b796e12f82272fa7e78dee1388416511cffd93e65f31e0046c6,2438262.18625,2440134.795333,1872.6090830001049,96371,25000000,,success,1,0,,,8583071
pilot_1790521581795,block_N500_c3,0,2026-09-27T15:47:01.774Z,zkSyncTestnet,300,sepolia.era.zksync.dev,block,500,3,5282,0xec409130c5d58e854d15ae5949bcd0c85cbc6bd73d802672e634debb5a576516,2439026.620542,2440895.84975,1869.2292080000043,96371,25000000,,success,1,0,,,8583072
pilot_1790521581795,block_N500_c3,0,2026-09-27T15:47:03.440Z,zkSyncTestnet,300,sepolia.era.zksync.dev,block,500,3,5283,0xbb7727141f5d4f740a5e2d42bd3717be5cd59896e830cb9b04c6074346ec3af9,2439879.3685,2442562.184375,2682.8158750003204,96371,25000000,,success,1,0,,,8583073
pilot_1790521581795,block_N500_c3,0,2026-09-27T15:47:05.178Z,zkSyncTestnet,300,sepolia.era.zksync.dev,block,500,3,5284,0xbf5d09ae242c746733d76209ceb5871b8dae1be060e6fbae5b8957253816d602,2440135.061583,2444299.905792,4164.844209000003,96377,25000000,,success,1,0,,,8583074
pilot_1790521581795,block_N500_c3,0,2026-09-27T15:47:05.956Z,zkSyncTestnet,300,sepolia.era.zksync.dev,block,500,3,5285,0xc58ba0c636ba55bf4fa06f01c08b031689f0555edb69d7eefa62fcd22e9ffe41,2440895.975125,2445078.8005,4182.825375000015,96377,25000000,,success,1,0,,,8583075
pilot_1790521581795,block_N500_c3,0,2026-09-27T15:47:06.188Z,zkSyncTestnet,300,sepolia.era.zksync.dev,block,500,3,5286,0xe6c844bf144d02358170a99b0d3fbd1e81c94b20cb7013bc295bc1274d9b0c93,2442562.32875,2445309.859667,2747.5309170000255,96377,25000000,,success,1,0,,,8583076
pilot_1790521581795,block_N500_c3,0,2026-09-27T15:47:08.446Z,zkSyncTestnet,300,sepolia.era.zksync.dev,block,500,3,5287,0xcec994ba1ff2a9d6af9702479a108a53b22c5595221f728fe3dbd8add54e7377,2444300.079667,2447568.351167,3268.271499999799,96371,25000000,,success,1,0,,,8583077
pilot_1790521581795,block_N500_c3,0,2026-09-27T15:47:08.815Z,zkSyncTestnet,300,sepolia.era.zksync.dev,block,500,3,5288,0x6b574f2bf1513727e831b0979f71f608e46e7a769ae8c6b40b9258968e38fae0,2445078.924167,2447937.383167,2858.458999999799,96377,25000000,,success,1,0,,,8583078
pilot_1790521581795,block_N500_c3,0,2026-09-27T15:47:09.861Z,zkSyncTestnet,300,sepolia.era.zksync.dev,block,500,3,5289,0x755fe8a246aa6502df4ad3e1fabd60e0c855b8dc190fd5349153d4c6fc3a049e,2445310.002958,2448983.137,3673.1340419999324,96371,25000000,,success,1,0,,,8583079
pilot_1790521581795,block_N500_c3,0,2026-09-27T15:47:10.385Z,zkSyncTestnet,300,sepolia.era.zksync.dev,block,500,3,5290,0x64d6f59c0244b7c3dedef2ecd84c67188d5cd4d7b66282bd6b1aae317ca6c137,2447568.51225,2449507.687208,1939.1749579999596,96377,25000000,,success,1,0,,,8583080
pilot_1790521581795,block_N500_c3,0,2026-09-27T15:47:10.667Z,zkSyncTestnet,300,sepolia.era.zksync.dev,block,500,3,5291,0x73afbbd0f31ada86f63a9aef7299090ab9bc76280a5d9a7c0115382aaf515e50,2447937.457708,2449789.215167,1851.757458999753,96252,25000000,,success,1,0,,,8583081
pilot_1790521581795,block_N500_c3,0,2026-09-27T15:47:12.207Z,zkSyncTestnet,300,sepolia.era.zksync.dev,block,500,3,5292,0x8a5fdd9333a9406621fe7df17f4dfffa134005273f114f224d179208c307a5b7,2448983.280083,2451329.660542,2346.380458999891,96377,25000000,,success,1,0,,,8583082
pilot_1790521581795,block_N500_c3,0,2026-09-27T15:47:12.216Z,zkSyncTestnet,300,sepolia.era.zksync.dev,block,500,3,5293,0xb35cc64c97bc42d478b7943c76bcb2139d0bff564cf1a5b25b2da21345605d63,2449507.825208,2451338.49625,1830.6710419999436,96371,25000000,,success,1,0,,,8583082
pilot_1790521581795,block_N500_c3,0,2026-09-27T15:47:12.495Z,zkSyncTestnet,300,sepolia.era.zksync.dev,block,500,3,5294,0x3154002f14086734f622c63c697f0df248ccc8d19ff6b803c7b6c77488abf105,2449789.289833,2451617.140375,1827.8505420000292,96371,25000000,,success,1,0,,,8583083
pilot_1790521581795,block_N500_c3,0,2026-09-27T15:47:15.621Z,zkSyncTestnet,300,sepolia.era.zksync.dev,block,500,3,5295,0x3587467d17cbdb4fb26f1657091543f0ff46dd280836dfa4abd636311c16aa6a,2451329.815417,2454743.435667,3413.620249999687,96377,25000000,,success,1,0,,,8583084
pilot_1790521581795,block_N500_c3,0,2026-09-27T15:47:16.157Z,zkSyncTestnet,300,sepolia.era.zksync.dev,block,500,3,5297,0x907cda23839074298622d81f7d3dea14d3c0e31a40574026a0fc619929ca5d46,2451617.189458,2455279.639708,3662.4502499997616,96371,25000000,,success,1,0,,,8583085
pilot_1790521581795,block_N500_c3,0,2026-09-27T15:47:16.683Z,zkSyncTestnet,300,sepolia.era.zksync.dev,block,500,3,5296,0x3023e959a14027cf980eff11b873e2cf8f9bd5c3ddc1184da2b2eb9d918ea668,2451338.540333,2455805.411833,4466.871499999892,96371,25000000,,success,1,0,,,8583084
pilot_1790521581795,block_N500_c3,0,2026-09-27T15:47:19.096Z,zkSyncTestnet,300,sepolia.era.zksync.dev,block,500,3,5298,0x41823b0ac5d81ddba0d26491c92df2e484833d5e64022e7552f89e4aab71e23b,2454743.673333,2458218.715792,3475.042458999902,96377,25000000,,success,1,0,,,8583086
pilot_1790521581795,block_N500_c3,0,2026-09-27T15:47:19.120Z,zkSyncTestnet,300,sepolia.era.zksync.dev,block,500,3,5299,0x155ff1f1d1c0b8ec02403d183db28143715c23de7030bbb0ef93e91d8b05436a,2455279.80075,2458242.481625,2962.6808750000782,96377,25000000,,success,1,0,,,8583086
pilot_1790521581795,block_N500_c3,0,2026-09-27T15:47:19.310Z,zkSyncTestnet,300,sepolia.era.zksync.dev,block,500,3,5300,0xad56848387b043c3ac510524869fcea7e1f7f043a4153a90ecfd6ba3873b2350,2455805.55025,2458432.430542,2626.880292000249,96371,25000000,,success,1,0,,,8583087
pilot_1790521581795,block_N500_c3,0,2026-09-27T15:47:22.037Z,zkSyncTestnet,300,sepolia.era.zksync.dev,block,500,3,5301,0x855426565cd30ce4193315854b15d9a9c0f1a2aa83f6030fe65e0042b0b16b57,2458218.853708,2461159.719,2940.8652920001186,96371,25000000,,success,1,0,,,8583088
pilot_1790521581795,block_N500_c3,0,2026-09-27T15:47:22.686Z,zkSyncTestnet,300,sepolia.era.zksync.dev,block,500,3,5303,0x2f8ab7e57c75d4079dea2b5d468d390dabaeaa035b0af3b9499299dec2741b8f,2458432.569458,2461808.371542,3375.8020840003155,96377,25000000,,success,1,0,,,8583089
pilot_1790521581795,block_N500_c3,0,2026-09-27T15:47:23.040Z,zkSyncTestnet,300,sepolia.era.zksync.dev,block,500,3,5302,0x285cc6b50f490e57a5d3a80bb4138492bb9de06e518600f582b94e6c5442175b,2458242.54,2462162.095708,3919.5557079999708,96377,25000000,,success,1,0,,,8583089
pilot_1790521581795,block_N500_c3,0,2026-09-27T15:47:25.353Z,zkSyncTestnet,300,sepolia.era.zksync.dev,block,500,3,5304,0xc6f10e305ebef1f6f6571c1f3b228d487fd415e0d7301df3cbe856a8059ae95a,2461159.869042,2464475.069292,3315.2002500002272,96371,25000000,,success,1,0,,,8583091
pilot_1790521581795,block_N500_c3,0,2026-09-27T15:47:25.816Z,zkSyncTestnet,300,sepolia.era.zksync.dev,block,500,3,5306,0x3e251f8670f12eaea725e76f9319710c22ec2eabc9beb1d34c75dfaa1eb8d85e,2462162.22875,2464938.698625,2776.4698750004172,96377,25000000,,success,1,0,,,8583092
pilot_1790521581795,block_N500_c3,0,2026-09-27T15:47:26.104Z,zkSyncTestnet,300,sepolia.era.zksync.dev,block,500,3,5305,0x7d7715f3e71e231dff8e9fd9a30cafd6bdbde2d3649805fac8b0b0b962c8848c,2461808.627583,2465226.746208,3418.118625000119,96377,25000000,,success,1,0,,,8583092
pilot_1790521581795,block_N500_c3,0,2026-09-27T15:47:29.258Z,zkSyncTestnet,300,sepolia.era.zksync.dev,block,500,3,5307,0xf64c1a465a6f3b2fac8870f1b05df4b0950f3d3f6544954254eb1e01f8243818,2464475.217583,2468380.043542,3904.825958999805,96377,25000000,,success,1,0,,,8583093
pilot_1790521581795,block_N500_c3,0,2026-09-27T15:47:29.542Z,zkSyncTestnet,300,sepolia.era.zksync.dev,block,500,3,5308,0xa446569d8987034d009604a457a44a9662955f93474e4e34742b0aecec317ed5,2464938.782167,2468664.768333,3725.9861659999005,96377,25000000,,success,1,0,,,8583094
pilot_1790521581795,block_N500_c3,0,2026-09-27T15:47:31.087Z,zkSyncTestnet,300,sepolia.era.zksync.dev,block,500,3,5309,0xfe092f98509b4cfad30173f2947e56e74d05e036631522e6871b50fba8438723,2465226.827167,2470209.424208,4982.597040999681,96371,25000000,,success,1,0,,,8583095
pilot_1790521581795,block_N500_c3,0,2026-09-27T15:47:31.091Z,zkSyncTestnet,300,sepolia.era.zksync.dev,block,500,3,5310,0x8ec5b116fa5249834ff1a73b128ef7ed432167eaafa34152840db93ed934d8ef,2468380.190667,2470213.674167,1833.4835000000894,96377,25000000,,success,1,0,,,8583096
pilot_1790521581795,block_N500_c3,0,2026-09-27T15:47:31.377Z,zkSyncTestnet,300,sepolia.era.zksync.dev,block,500,3,5311,0xe6ac9eccbdcfcac4ff3213aeef5a31b0341341335d7174f4573b509359ba7d06,2468664.8485,2470499.437458,1834.5889580002986,96377,25000000,,success,1,0,,,8583097
pilot_1790521581795,block_N500_c3,0,2026-09-27T15:47:32.982Z,zkSyncTestnet,300,sepolia.era.zksync.dev,block,500,3,5313,0xb54ac343cb615d5e06369f1313c0a2ad4cccd358a2018b66adc88c2d13d2a241,2470213.697708,2472104.3915,1890.6937919999473,96377,25000000,,success,1,0,,,8583099
pilot_1790521581795,block_N500_c3,0,2026-09-27T15:47:33.013Z,zkSyncTestnet,300,sepolia.era.zksync.dev,block,500,3,5312,0x6afbea5d6dad37613617f07b86484da88539c1396433545a2896b3f7368aaeda,2470209.544833,2472135.550875,1926.006042000372,96377,25000000,,success,1,0,,,8583098
pilot_1790521581795,block_N500_c3,0,2026-09-27T15:47:33.246Z,zkSyncTestnet,300,sepolia.era.zksync.dev,block,500,3,5314,0xc4cf70d1d566a250513784a1ab65d571c378cdf27c74ac47bfc1cd5954c5ab9b,2470499.524375,2472368.089875,1868.565500000026,96371,25000000,,success,1,0,,,8583099
pilot_1790521581795,block_N500_c3,0,2026-09-27T15:47:35.653Z,zkSyncTestnet,300,sepolia.era.zksync.dev,block,500,3,5315,0x3da71f9815ac76cb509c986e703a3d2ab9e0c69fc630ea26980b27efc6997909,2472104.539333,2474775.690375,2671.151041999925,96371,25000000,,success,1,0,,,8583100
pilot_1790521581795,block_N500_c3,0,2026-09-27T15:47:37.276Z,zkSyncTestnet,300,sepolia.era.zksync.dev,block,500,3,5316,0x209e4d7773cf0f36fb577297d9be28060d493ebf786ef63672e16f6837ba9d79,2472135.628292,2476398.487375,4262.859083000105,96371,25000000,,success,1,0,,,8583101
pilot_1790521581795,block_N500_c3,0,2026-09-27T15:47:37.481Z,zkSyncTestnet,300,sepolia.era.zksync.dev,block,500,3,5317,0x691c675954a4d5da8efa8062ef054115c65de376866a3c679ffab96859e981b5,2472368.237542,2476603.35,4235.11245799996,96371,25000000,,success,1,0,,,8583101
pilot_1790521581795,block_N500_c3,0,2026-09-27T15:47:38.999Z,zkSyncTestnet,300,sepolia.era.zksync.dev,block,500,3,5318,0xb3db34090673a9e3c9c79034aefd99b1b04652b39260125503f1519a71e48f96,2474775.742125,2478121.117917,3345.375791999977,96377,25000000,,success,1,0,,,8583102
pilot_1790521581795,block_N500_c3,0,2026-09-27T15:47:39.792Z,zkSyncTestnet,300,sepolia.era.zksync.dev,block,500,3,5319,0x9c39dd94d84ecdb6980f7fc1421a8596cc4d284aa528a05229ba3ba03c3cbb04,2476398.708583,2478913.972417,2515.2638340000995,96377,25000000,,success,1,0,,,8583103
pilot_1790521581795,block_N500_c3,0,2026-09-27T15:47:41.321Z,zkSyncTestnet,300,sepolia.era.zksync.dev,block,500,3,5320,0x0baf9fd539197d89e44dadf49f4a72ab9072d6dc4fce684cb8b2bd7ec131ab4d,2476603.46725,2480443.095375,3839.6281249998137,96377,25000000,,success,1,0,,,8583104
pilot_1790521581795,block_N500_c3,0,2026-09-27T15:47:41.625Z,zkSyncTestnet,300,sepolia.era.zksync.dev,block,500,3,5321,0xf3bc8315cffe937873d5b91ea8df6a925b6ec4545071b89093d78ec3c7eca5b9,2478121.251625,2480747.71475,2626.4631249997765,96377,25000000,,success,1,0,,,8583105
pilot_1790521581795,block_N500_c3,0,2026-09-27T15:47:41.844Z,zkSyncTestnet,300,sepolia.era.zksync.dev,block,500,3,5322,0x2264883756893d16b68e823bffd919502a0b545fc1d6626a5f9129613043099a,2478914.109375,2480966.695583,2052.586207999848,96377,25000000,,success,1,0,,,8583105
pilot_1790521581795,block_N500_c3,0,2026-09-27T15:47:43.238Z,zkSyncTestnet,300,sepolia.era.zksync.dev,block,500,3,5323,0x3224d1a1c4193250a44991bcdc91c225f8978c4689809f0c994ad20caf290788,2480443.218667,2482359.81475,1916.5960829998367,96371,25000000,,success,1,0,,,8583106
pilot_1790521581795,block_N500_c3,0,2026-09-27T15:47:43.544Z,zkSyncTestnet,300,sepolia.era.zksync.dev,block,500,3,5324,0x45ec736f7757701162ee700d4f43556ceed1a5a680db02cc5016f3abd356eb79,2480747.820583,2482666.113917,1918.2933340002783,96371,25000000,,success,1,0,,,8583107
pilot_1790521581795,block_N500_c3,0,2026-09-27T15:47:44.986Z,zkSyncTestnet,300,sepolia.era.zksync.dev,block,500,3,5325,0x3881d7624665893435e82adaaa0bc87f369c8bbd3edddf91c9417431142732a1,2480966.779458,2484108.11725,3141.3377920002677,96371,25000000,,success,1,0,,,8583108
pilot_1790521581795,block_N500_c3,0,2026-09-27T15:47:45.830Z,zkSyncTestnet,300,sepolia.era.zksync.dev,block,500,3,5326,0xeea570af23db37b09c2ab9fc0aae2be1a8f7b8e6b9c8c841a114a6450e1fda4e,2482360.02325,2484952.020625,2591.9973749998026,96371,25000000,,success,1,0,,,8583109
pilot_1790521581795,block_N500_c3,0,2026-09-27T15:47:46.886Z,zkSyncTestnet,300,sepolia.era.zksync.dev,block,500,3,5328,0x95226483609418e964fda44c6d61082f1cbe29c9a7e5c2b2aa3e051686f7c3a2,2484108.248875,2486008.052958,1899.8040829999372,96377,25000000,,success,1,0,,,8583110
pilot_1790521581795,block_N500_c3,0,2026-09-27T15:47:46.975Z,zkSyncTestnet,300,sepolia.era.zksync.dev,block,500,3,5327,0xdea3c77de07706371ed735fec56a3fb25ec973a5eda2024fbe46a31de6341289,2482666.256625,2486096.8295,3430.572875000071,96371,25000000,,success,1,0,,,8583109
pilot_1790521581795,block_N500_c3,0,2026-09-27T15:47:49.417Z,zkSyncTestnet,300,sepolia.era.zksync.dev,block,500,3,5330,0x1c935b2aa763927e9f81471c6a0d2cf36c06e8efb2f12812422e0288aa219c25,2486008.366083,2488539.423542,2531.0574590000324,96371,25000000,,success,1,0,,,8583111
pilot_1790521581795,block_N500_c3,0,2026-09-27T15:47:49.433Z,zkSyncTestnet,300,sepolia.era.zksync.dev,block,500,3,5329,0x59e408d3077487365d187b6e1f74412101b0250eaaa252d3eb8064b6c048b4ce,2484952.162667,2488555.405625,3603.24295799993,96371,25000000,,success,1,0,,,8583111
pilot_1790521581795,block_N500_c3,0,2026-09-27T15:47:49.526Z,zkSyncTestnet,300,sepolia.era.zksync.dev,block,500,3,5331,0x781e142dfe2019db06642ca58def11c737fe07db5e56df90a16920784d1cf650,2486096.929875,2488648.703375,2551.7735000001267,96377,25000000,,success,1,0,,,8583111
pilot_1790521581795,block_N500_c3,0,2026-09-27T15:47:52.024Z,zkSyncTestnet,300,sepolia.era.zksync.dev,block,500,3,5332,0x2b19335029148d7ebb78de031e92cafaddec5d157b88cf2ed3abb79a5b625cf5,2488539.542167,2491146.491583,2606.9494159999304,96371,25000000,,success,1,0,,,8583112
pilot_1790521581795,block_N500_c3,0,2026-09-27T15:47:53.913Z,zkSyncTestnet,300,sepolia.era.zksync.dev,block,500,3,5335,0xfea201a86178566ec1a7a34b0daed63b3e0a60e6c11f2346c9d52da64eeaf24c,2491146.535083,2493035.804208,1889.269125000108,96377,25000000,,success,1,0,,,8583113
pilot_1790521581795,block_N500_c3,0,2026-09-27T15:47:54.650Z,zkSyncTestnet,300,sepolia.era.zksync.dev,block,500,3,5334,0x394a0bb506df38625c0dc4433162c4b061c7c5bf7295820ff39c32ff4b247a98,2488648.744708,2493772.570708,5123.8259999998845,96371,25000000,,success,1,0,,,8583113
pilot_1790521581795,block_N500_c3,0,2026-09-27T15:47:54.819Z,zkSyncTestnet,300,sepolia.era.zksync.dev,block,500,3,5333,0x5755b3c0c87600a7d93d47050bf18a0c3db0eaae0495c9821d98de6a155d3caa,2488555.451167,2493940.997125,5385.545958000235,96371,25000000,,success,1,0,,,8583113
pilot_1790521581795,block_N500_c3,0,2026-09-27T15:47:55.709Z,zkSyncTestnet,300,sepolia.era.zksync.dev,block,500,3,5336,0x287a982742dd3865bae34eeff894d841c5953f51facca5ed1103c00928c7ec8f,2493035.863083,2494831.50525,1795.6421670001,96371,25000000,,success,1,0,,,8583114
pilot_1790521581795,block_N500_c3,0,2026-09-27T15:47:56.529Z,zkSyncTestnet,300,sepolia.era.zksync.dev,block,500,3,5337,0x65be451d46523ec3c3cc49731ad3f413cd82230ed1a35013ea15e852cc51a65d,2493772.696375,2495651.6635,1878.9671249999665,96377,25000000,,success,1,0,,,8583115
pilot_1790521581795,block_N500_c3,0,2026-09-27T15:47:56.786Z,zkSyncTestnet,300,sepolia.era.zksync.dev,block,500,3,5338,0xb3bc0a93e5756e87a2ee050fa41ec70351a925781b95d5566861b0e6dc454695,2493941.088708,2495908.665875,1967.577167000156,96377,25000000,,success,1,0,,,8583116
pilot_1790521581795,block_N500_c3,0,2026-09-27T15:47:59.301Z,zkSyncTestnet,300,sepolia.era.zksync.dev,block,500,3,5339,0x8f696014dfbcd08ead81cc0335d37e50318a39a4e330cb97d82ec71ae51d92e7,2494831.633333,2498423.293958,3591.6606250000186,96371,25000000,,success,1,0,,,8583117
pilot_1790521581795,block_N500_c3,0,2026-09-27T15:48:00.280Z,zkSyncTestnet,300,sepolia.era.zksync.dev,block,500,3,5340,0x64e7816ab175f721fa7b2447bf527e8971c32ad01c593299711a6403d9dfd549,2495651.796542,2499402.0485,3750.251958000008,96371,25000000,,success,1,0,,,8583118
pilot_1790521581795,block_N500_c3,0,2026-09-27T15:48:01.050Z,zkSyncTestnet,300,sepolia.era.zksync.dev,block,500,3,5341,0x83c17f8f00c2781b84ce45a59c2f9e79f5f1bd5ca0b6261c042d07eb1f6bc887,2495908.829,2500172.642208,4263.813208000269,96377,25000000,,success,1,0,,,8583119
pilot_1790521581795,block_N500_c3,0,2026-09-27T15:48:01.854Z,zkSyncTestnet,300,sepolia.era.zksync.dev,block,500,3,5342,0x0f8f3f12e40d2b0e2bf43d20bb9e5364e88578527f79c4bc690b5461fcdc3360,2498423.4305,2500976.67525,2553.244750000071,96371,25000000,,success,1,0,,,8583121
pilot_1790521581795,block_N500_c3,0,2026-09-27T15:48:02.857Z,zkSyncTestnet,300,sepolia.era.zksync.dev,block,500,3,5344,0xb9c3d819dba3021a1314fbb1b03a1ecd6b84c5e5c254c762e7b8070e2175ec98,2500172.78725,2501979.023375,1806.2361249998212,96377,25000000,,success,1,0,,,8583123
pilot_1790521581795,block_N500_c3,0,2026-09-27T15:48:02.972Z,zkSyncTestnet,300,sepolia.era.zksync.dev,block,500,3,5343,0x8a1d5ca2dee533df086277a020485ec3199239cab1edb5849f9507fcb4aaced6,2499402.160333,2502093.821125,2691.6607919996604,96450,25000000,,success,1,0,,,8583122
pilot_1790521581795,block_N500_c3,0,2026-09-27T15:48:04.386Z,zkSyncTestnet,300,sepolia.era.zksync.dev,block,500,3,5345,0x76a6eef1053abe4225e0b3338061eb079ff959adebc0fbb0b20f77bb3824bb25,2500976.935917,2503508.312708,2531.376791000366,96377,25000000,,success,1,0,,,8583124
pilot_1790521581795,block_N500_c3,0,2026-09-27T15:48:04.671Z,zkSyncTestnet,300,sepolia.era.zksync.dev,block,500,3,5346,0x13bf8e78e0d07737d7c5d70e990d98b9ecd9d013ad276ae1e17ce932e3a2d920,2501979.262,2503792.866708,1813.6047080000862,96371,25000000,,success,1,0,,,8583125
pilot_1790521581795,block_N500_c3,0,2026-09-27T15:48:04.911Z,zkSyncTestnet,300,sepolia.era.zksync.dev,block,500,3,5347,0x75131f8e320af57f1bb96825709e3108641d99d8d85db64fc00058969a6fe713,2502093.940458,2504033.026375,1939.0859169997275,96377,25000000,,success,1,0,,,8583126
pilot_1790521581795,block_N500_c3,0,2026-09-27T15:48:06.540Z,zkSyncTestnet,300,sepolia.era.zksync.dev,block,500,3,5349,0xa83eab747f266497c975e738c9716364b1df9f26e0ac5032e627ef4d48db8d13,2503792.932375,2505662.25525,1869.3228750000708,96371,25000000,,success,1,0,,,8583128
pilot_1790521581795,block_N500_c3,0,2026-09-27T15:48:07.061Z,zkSyncTestnet,300,sepolia.era.zksync.dev,block,500,3,5348,0x7386add64183ac55e844a53fc740a73f074538129419b1f888a6fca16163a405,2503508.4565,2506183.469417,2675.0129170003347,96377,25000000,,success,1,0,,,8583127
pilot_1790521581795,block_N500_c3,0,2026-09-27T15:48:08.466Z,zkSyncTestnet,300,sepolia.era.zksync.dev,block,500,3,5350,0x9eb41615c199a423b9c48669c9e41a37795b9a06b0aad8b69babac9d17236475,2504033.163167,2507587.926375,3554.7632079999894,96371,25000000,,success,1,0,,,8583129
pilot_1790521581795,block_N500_c3,0,2026-09-27T15:48:08.949Z,zkSyncTestnet,300,sepolia.era.zksync.dev,block,500,3,5351,0x9735bdb6d4686f591e07be58ab58ca938e677e987ca5e7dcb7ee3dfa01f501b9,2505662.420083,2508071.597,2409.176917000208,96377,25000000,,success,1,0,,,8583130
pilot_1790521581795,block_N500_c3,0,2026-09-27T15:48:09.467Z,zkSyncTestnet,300,sepolia.era.zksync.dev,block,500,3,5352,0xa9d876aa1caca0fb7eb6f6be27943a807c4f0b52c7217e42895068f01cda5000,2506183.598667,2508589.081125,2405.4824580000713,96371,25000000,,success,1,0,,,8583131
pilot_1790521581795,block_N500_c3,0,2026-09-27T15:48:10.485Z,zkSyncTestnet,300,sepolia.era.zksync.dev,block,500,3,5353,0x3a4a4ac8352a20615b1dc26700a94bd8ebd35ee43c7b5d25a8be9ea1fa277262,2507588.083042,2509607.777292,2019.694250000175,96371,25000000,,success,1,0,,,8583132
pilot_1790521581795,block_N500_c3,0,2026-09-27T15:48:10.763Z,zkSyncTestnet,300,sepolia.era.zksync.dev,block,500,3,5354,0xe7b4a6b8ee8d5952ebb2fbf9550de15011313ab93fecb37833777c3294698ff8,2508071.661958,2509884.984583,1813.3226250000298,96371,25000000,,success,1,0,,,8583133
pilot_1790521581795,block_N500_c3,0,2026-09-27T15:48:11.301Z,zkSyncTestnet,300,sepolia.era.zksync.dev,block,500,3,5355,0x2210c389c21250c6228a52bfc23bfd9d581774e42737c8e84c45dcd52941b5b2,2508589.166708,2510423.551333,1834.3846249999478,96371,25000000,,success,1,0,,,8583134
pilot_1790521581795,block_N500_c3,0,2026-09-27T15:48:12.999Z,zkSyncTestnet,300,sepolia.era.zksync.dev,block,500,3,5356,0xa0e1aea302382b5e6a389311b80b3ff158f101194788cb50cbbf3b0b2fe7587c,2509607.924333,2512121.284458,2513.360125000123,96258,25000000,,success,1,0,,,8583135
pilot_1790521581795,block_N500_c3,0,2026-09-27T15:48:13.111Z,zkSyncTestnet,300,sepolia.era.zksync.dev,block,500,3,5357,0x9295d3cbe758f0dddb8f04c4c0a53b2f80b5ad5d05f0cd59bb2c1c55ec9c1071,2509885.208542,2512233.689542,2348.4810000001453,96371,25000000,,success,1,0,,,8583135
pilot_1790521581795,block_N500_c3,0,2026-09-27T15:48:13.900Z,zkSyncTestnet,300,sepolia.era.zksync.dev,block,500,3,5358,0x2cf8f2c3bdf3327494b40c715872fc8ffc271d236a3545a13dce0e993ced99e6,2510423.672,2513022.207917,2598.5359170003794,96258,25000000,,success,1,0,,,8583136
pilot_1790521581795,block_N500_c3,0,2026-09-27T15:48:15.961Z,zkSyncTestnet,300,sepolia.era.zksync.dev,block,500,3,5360,0xf43cd45d557606778f5f21d966b40a864e3db7af5085352b5bb47ed23f985bc6,2512233.73475,2515083.287125,2849.55237499997,96371,25000000,,success,1,0,,,8583137
pilot_1790521581795,block_N500_c3,0,2026-09-27T15:48:16.191Z,zkSyncTestnet,300,sepolia.era.zksync.dev,block,500,3,5359,0x56b56229182ddbc894fef501f8f4a822a130d16e72256289ec0e2f50f4786fff,2512121.40225,2515313.063208,3191.660957999993,96371,25000000,,success,1,0,,,8583137
pilot_1790521581795,block_N500_c3,0,2026-09-27T15:48:16.683Z,zkSyncTestnet,300,sepolia.era.zksync.dev,block,500,3,5361,0x0a7b923c9585890f8c59ee5ebb7a3dd973f861bc580abea541787842a64ad930,2513022.388125,2515805.291458,2782.9033329999074,96371,25000000,,success,1,0,,,8583138
pilot_1790521581795,block_N500_c3,0,2026-09-27T15:48:18.541Z,zkSyncTestnet,300,sepolia.era.zksync.dev,block,500,3,5362,0x103e91e77eeb0531b9529cf17452516db37eabb871c2ab3cb0219675e9b54bd8,2515083.4175,2517663.665875,2580.2483749999665,96377,25000000,,success,1,0,,,8583139
pilot_1790521581795,block_N500_c3,0,2026-09-27T15:48:19.933Z,zkSyncTestnet,300,sepolia.era.zksync.dev,block,500,3,5363,0x0b538d2c748ef0192395dd0796d1a311accc8dacc89682f3275d7d7dbf33f78b,2515313.224208,2519055.34475,3742.120542000048,96371,25000000,,success,1,0,,,8583140
pilot_1790521581795,block_N500_c3,0,2026-09-27T15:48:20.519Z,zkSyncTestnet,300,sepolia.era.zksync.dev,block,500,3,5364,0x992f86e7b42adc30c225a2ef0f57f02140f3d991b6c1c55d90be769657dbaa2b,2515805.384708,2519641.369458,3835.9847500002943,96377,25000000,,success,1,0,,,8583141
pilot_1790521581795,block_N500_c3,0,2026-09-27T15:48:22.736Z,zkSyncTestnet,300,sepolia.era.zksync.dev,block,500,3,5366,0xf0a46a2ded379f9e28eda4c5fb50c12e6e084a70ed192ced90f6dba5527a67ea,2519055.48925,2521858.404417,2802.915166999679,96371,25000000,,success,1,0,,,8583143
pilot_1790521581795,block_N500_c3,0,2026-09-27T15:48:22.910Z,zkSyncTestnet,300,sepolia.era.zksync.dev,block,500,3,5365,0x7bc5cec7648add01a9b72843870756566ce0f0720c12797e090f55c3a2736544,2517663.789833,2522032.072375,4368.282542000059,96371,25000000,,success,1,0,,,8583142
pilot_1790521581795,block_N500_c3,0,2026-09-27T15:48:25.083Z,zkSyncTestnet,300,sepolia.era.zksync.dev,block,500,3,5367,0xf580a2c534eb8702e8409f6884f58260a7ba1baa7f4623e2c161d7ebab871072,2519641.484167,2524205.08875,4563.604583000299,96371,25000000,,success,1,0,,,8583144
pilot_1790521581795,block_N500_c3,0,2026-09-27T15:48:25.362Z,zkSyncTestnet,300,sepolia.era.zksync.dev,block,500,3,5368,0x1b2761767b1e699b6643c6e3f663b233ca2d6e3f5e95973f73fa543eddfd3b5e,2521858.531292,2524484.638417,2626.107125000097,96371,25000000,,success,1,0,,,8583145
pilot_1790521581795,block_N500_c3,0,2026-09-27T15:48:26.936Z,zkSyncTestnet,300,sepolia.era.zksync.dev,block,500,3,5369,0x417f0906fcdfbdb6a674eb01eb184cfc9c140605fe08e36c32d941631cd33cf2,2522032.167333,2526058.458375,4026.2910420000553,96371,25000000,,success,1,0,,,8583147
pilot_1790521581795,block_N500_c3,0,2026-09-27T15:48:27.819Z,zkSyncTestnet,300,sepolia.era.zksync.dev,block,500,3,5370,0x956ec7443b5b5dfdd3fc84d8c237c3af30c69d0fdf9d99a88b2b3f36e373a6f0,2524205.24075,2526941.246625,2736.0058750002645,96371,25000000,,success,1,0,,,8583148
pilot_1790521581795,block_N500_c3,0,2026-09-27T15:48:29.581Z,zkSyncTestnet,300,sepolia.era.zksync.dev,block,500,3,5372,0xccbd22e7dde1f25401bead8a2b5171d43df941a6e91c0749ad69fafb48c5f80e,2526058.564333,2528703.776,2645.2116669998504,96371,25000000,,success,1,0,,,8583150
pilot_1790521581795,block_N500_c3,0,2026-09-27T15:48:29.779Z,zkSyncTestnet,300,sepolia.era.zksync.dev,block,500,3,5371,0xbe2a791737a5c83d5276838ace9b3895c07160ffaf6a1b6eccfe23af44ea0f1d,2524484.782875,2528901.229167,4416.446291999891,96371,25000000,,success,1,0,,,8583149
pilot_1790521581795,block_N500_c3,0,2026-09-27T15:48:31.249Z,zkSyncTestnet,300,sepolia.era.zksync.dev,block,500,3,5373,0x22b1d46b133f6cee6d1fa20f3af1e7fa4a0cca20a59b442e24f914f22544aff0,2526941.362417,2530371.74925,3430.386832999997,96371,25000000,,success,1,0,,,8583151
pilot_1790521581795,block_N500_c3,0,2026-09-27T15:48:31.501Z,zkSyncTestnet,300,sepolia.era.zksync.dev,block,500,3,5374,0x8a5e582547ee7a87110751d92385c8e7179700c08126ce60ffaee808e6c476c8,2528703.89475,2530623.019958,1919.1252080001868,96371,25000000,,success,1,0,,,8583152
pilot_1790521581795,block_N500_c3,0,2026-09-27T15:48:33.236Z,zkSyncTestnet,300,sepolia.era.zksync.dev,block,500,3,5376,0x7acd6025b1f59f8afcd5bc91cb63d45d90e60904471fbc7cae49f53f43b81ddb,2530371.880042,2532357.858792,1985.9787499997765,96371,25000000,,success,1,0,,,8583154
pilot_1790521581795,block_N500_c3,0,2026-09-27T15:48:33.239Z,zkSyncTestnet,300,sepolia.era.zksync.dev,block,500,3,5375,0xcf2d458dd2df434fa805d17903bb92fbd1784755bd7e8d6afb48431fc22241b0,2528901.497333,2532361.196458,3459.6991250002757,96371,25000000,,success,1,0,,,8583153
pilot_1790521581795,block_N500_c3,0,2026-09-27T15:48:34.295Z,zkSyncTestnet,300,sepolia.era.zksync.dev,block,500,3,5377,0x57ad270ffcdf572b7c23c7f13948c0f2c58bd4734b948d1dc6f23c8af035f693,2530623.12975,2533417.182792,2794.0530420001596,96371,25000000,,success,1,0,,,8583155
pilot_1790521581795,block_N500_c3,0,2026-09-27T15:48:35.939Z,zkSyncTestnet,300,sepolia.era.zksync.dev,block,500,3,5378,0xdfa3d4cab0a870352904d59b94f03a9cf42c52d6a6a7e89a68bcddfc754951da,2532357.988125,2535061.323417,2703.335291999858,96377,25000000,,success,1,0,,,8583156
pilot_1790521581795,block_N500_c3,0,2026-09-27T15:48:35.956Z,zkSyncTestnet,300,sepolia.era.zksync.dev,block,500,3,5379,0xb0cae09f91680ff2d2da6c90390129dcfb56fa909bff10f578be27ea9453c586,2532361.210542,2535078.384625,2717.174083000049,96377,25000000,,success,1,0,,,8583157
pilot_1790521581795,block_N500_c3,0,2026-09-27T15:48:36.692Z,zkSyncTestnet,300,sepolia.era.zksync.dev,block,500,3,5380,0x7df05458a7108cdf4aac5d29e7b02eaf02d19d524a4a06ee392587baff54424d,2533417.342042,2535813.859292,2396.5172500000335,96377,25000000,,success,1,0,,,8583157
pilot_1790521581795,block_N500_c3,0,2026-09-27T15:48:38.467Z,zkSyncTestnet,300,sepolia.era.zksync.dev,block,500,3,5381,0xbbdee21deffb6a6d79db7cd5880fb5067d8fe5f34d6ce3ed95ba58ccf1787bf6,2535061.486917,2537589.206917,2527.720000000205,96371,25000000,,success,1,0,,,8583158
pilot_1790521581795,block_N500_c3,0,2026-09-27T15:48:39.903Z,zkSyncTestnet,300,sepolia.era.zksync.dev,block,500,3,5382,0x5018629f968fbae80633969095ef38240ac068cba4ac9cd516b863656d8158f0,2535078.467125,2539024.974917,3946.507792000193,96377,25000000,,success,1,0,,,8583159
pilot_1790521581795,block_N500_c3,0,2026-09-27T15:48:40.145Z,zkSyncTestnet,300,sepolia.era.zksync.dev,block,500,3,5383,0x2de63462fb5bd7cfd08ae820342d6e871584b5d86d3255bd2335d7afe6ba8227,2535814.000083,2539266.873417,3452.873333999887,96371,25000000,,success,1,0,,,8583160
pilot_1790521581795,block_N500_c3,0,2026-09-27T15:48:41.611Z,zkSyncTestnet,300,sepolia.era.zksync.dev,block,500,3,5384,0xfa7795ad9a695e3ea0f9f1ec20e1f05117f8112ecfdc0867b8c6bf0a8e74af8f,2537589.309667,2540732.846583,3143.536915999837,96371,25000000,,success,1,0,,,8583161
pilot_1790521581795,block_N500_c3,0,2026-09-27T15:48:43.180Z,zkSyncTestnet,300,sepolia.era.zksync.dev,block,500,3,5385,0x951fa20155fd07ea4891cb720e5b4946e95747e8f5efb6e765fcb38455880a0f,2539025.101083,2542301.780792,3276.6797089995816,96371,25000000,,success,1,0,,,8583162
pilot_1790521581795,block_N500_c3,0,2026-09-27T15:48:43.457Z,zkSyncTestnet,300,sepolia.era.zksync.dev,block,500,3,5387,0xd746d43e7b2ca0202fcaee82db2f2a1c18d0f853c356812cf7a8f0378a87c15b,2540733.131333,2542579.615667,1846.4843339999206,96377,25000000,,success,1,0,,,8583163
pilot_1790521581795,block_N500_c3,0,2026-09-27T15:48:43.707Z,zkSyncTestnet,300,sepolia.era.zksync.dev,block,500,3,5386,0xf1db2ec82df87ba9223c14ba319e0dbfc02ffb7cdefba4218926251586fcc8d3,2539266.987458,2542828.94925,3561.9617920001037,96377,25000000,,success,1,0,,,8583163
pilot_1790521581795,block_N500_c3,0,2026-09-27T15:48:45.806Z,zkSyncTestnet,300,sepolia.era.zksync.dev,block,500,3,5388,0x6f5417bc30be49e871a2681767f2e3ba4b50d9d6e934fc5e65917485bb514ddc,2542301.890333,2544928.00025,2626.109916999936,96371,25000000,,success,1,0,,,8583164
pilot_1790521581795,block_N500_c3,0,2026-09-27T15:48:46.735Z,zkSyncTestnet,300,sepolia.era.zksync.dev,block,500,3,5389,0xab29aa8a94ce6fb7368af15b4a5da4bba2ad91255be2d0b34ff6e931a8d1774f,2542579.73075,2545857.620042,3277.8892919998616,96377,25000000,,success,1,0,,,8583165
pilot_1790521581795,block_N500_c3,0,2026-09-27T15:48:47.696Z,zkSyncTestnet,300,sepolia.era.zksync.dev,block,500,3,5390,0x45f3e7489fa7e4d665abf791b7b2ae1f1111c8476267daa1732d07e28d5a8666,2542829.013208,2546818.7555,3989.742291999981,96377,25000000,,success,1,0,,,8583166
pilot_1790521581795,block_N500_c3,0,2026-09-27T15:48:48.425Z,zkSyncTestnet,300,sepolia.era.zksync.dev,block,500,3,5391,0x51d93b5e72be7996aac4a3d8d9741d59e842fdec4e02496344e76d89954ccda8,2544928.158417,2547547.018125,2618.8597079999745,96252,25000000,,success,1,0,,,8583167
pilot_1790521581795,block_N500_c3,0,2026-09-27T15:48:48.763Z,zkSyncTestnet,300,sepolia.era.zksync.dev,block,500,3,5392,0x23b65c40a3f3938a8da684329e0d162d5aa7a14a9cd31f36140be33f5d762a6e,2545857.908083,2547885.524,2027.6159169999883,96371,25000000,,success,1,0,,,8583168
pilot_1790521581795,block_N500_c3,0,2026-09-27T15:48:50.309Z,zkSyncTestnet,300,sepolia.era.zksync.dev,block,500,3,5393,0x7ce30f3976d2460d2cc6cc0ac0e8ddfb3c740b80cc49d3bf7e58e92f35e654a9,2546818.83525,2549431.114917,2612.2796669998206,96377,25000000,,success,1,0,,,8583169
pilot_1790521581795,block_N500_c3,0,2026-09-27T15:48:51.639Z,zkSyncTestnet,300,sepolia.era.zksync.dev,block,500,3,5394,0x8b9d249b23605195e7d3eb8bcab36a9419d70c80daba8575b7d7f4cac552ab07,2547547.073625,2550761.13575,3214.0621249997057,96377,25000000,,success,1,0,,,8583170
pilot_1790521581795,block_N500_c3,0,2026-09-27T15:48:52.621Z,zkSyncTestnet,300,sepolia.era.zksync.dev,block,500,3,5395,0x7a7a697913943239801127a3442b0067f2db4bc654827baabf4115873c819ede,2547885.628625,2551742.818917,3857.190292000305,96377,25000000,,success,1,0,,,8583171
pilot_1790521581795,block_N500_c3,0,2026-09-27T15:48:53.376Z,zkSyncTestnet,300,sepolia.era.zksync.dev,block,500,3,5396,0x6e4f7ba603804e81e827fab39e52dd22154e4d9d1070244f207e11ea02bbbd2c,2549431.269167,2552498.073083,3066.8039159998298,96371,25000000,,success,1,0,,,8583172
pilot_1790521581795,block_N500_c3,0,2026-09-27T15:48:54.541Z,zkSyncTestnet,300,sepolia.era.zksync.dev,block,500,3,5397,0x7ccf75af8e2e5051ecd05c7ed4595ecc1584b175672c680b51859f5790f022f1,2550761.285542,2553663.518542,2902.2330000000075,96371,25000000,,success,1,0,,,8583173
pilot_1790521581795,block_N500_c3,0,2026-09-27T15:48:55.242Z,zkSyncTestnet,300,sepolia.era.zksync.dev,block,500,3,5399,0xfc1e72be13fecadda3955a971b231662906c20879e92d79409033c60be3bc33f,2552498.19325,2554364.51725,1866.3240000000224,96377,25000000,,success,1,0,,,8583174
pilot_1790521581795,block_N500_c3,0,2026-09-27T15:48:55.770Z,zkSyncTestnet,300,sepolia.era.zksync.dev,block,500,3,5398,0x97f3c0622b155c8bcdb55a04b443fb9e095376c3a59d38a2e156287a3bdbde31,2551743.062625,2554892.17125,3149.1086250003427,96371,25000000,,success,1,0,,,8583174
pilot_1790521581795,block_N500_c3,0,2026-09-27T15:48:57.048Z,zkSyncTestnet,300,sepolia.era.zksync.dev,block,500,3,5400,0x73e4410811d20b1940544d658db2771d4d6b113355e0f2f52619628f73aaaee7,2553663.571,2556170.513708,2506.942708000075,96377,25000000,,success,1,0,,,8583175
pilot_1790521581795,block_N500_c3,0,2026-09-27T15:48:57.642Z,zkSyncTestnet,300,sepolia.era.zksync.dev,block,500,3,5401,0x3df9d2429da28725facdf907357b33aff1c5955c97f56b803f10bfcb0258e6c1,2554364.669042,2556764.528083,2399.859040999785,96371,25000000,,success,1,0,,,8583176
pilot_1790521581795,block_N500_c3,0,2026-09-27T15:48:58.397Z,zkSyncTestnet,300,sepolia.era.zksync.dev,block,500,3,5402,0x18fa812723f3a0138c0621381cfcb7bb9fe53ba234821f7288b4fee0119231cd,2554892.333458,2557519.126958,2626.7935000001453,96371,25000000,,success,1,0,,,8583177
pilot_1790521581795,block_N500_c3,0,2026-09-27T15:48:58.939Z,zkSyncTestnet,300,sepolia.era.zksync.dev,block,500,3,5403,0x9e789298dab314e349cf1349a39a25ed49ce86c365814268bcf7a5adc6b87141,2556170.621,2558061.705875,1891.084875000175,96371,25000000,,success,1,0,,,8583178
pilot_1790521581795,block_N500_c3,0,2026-09-27T15:48:59.465Z,zkSyncTestnet,300,sepolia.era.zksync.dev,block,500,3,5404,0x58f55e23fb4ef27642f0dbcd1cbee2bba789d94fc479a961c74ca3a20f7cff52,2556764.584875,2558587.342333,1822.7574579999782,96377,25000000,,success,1,0,,,8583179
pilot_1790521581795,block_N500_c3,0,2026-09-27T15:49:02.083Z,zkSyncTestnet,300,sepolia.era.zksync.dev,block,500,3,5405,0xc31744684bb2719a241b827d5543a65b154c29b67cff6c8bca3228cdf6b8d372,2557519.177458,2561205.408958,3686.2315000002272,96371,25000000,,success,1,0,,,8583180
pilot_1790521581795,block_N500_c3,0,2026-09-27T15:49:03.634Z,zkSyncTestnet,300,sepolia.era.zksync.dev,block,500,3,5407,0xbe572f14ead0d08e27607929c159a90263d5ad25cc61c99ac6430c38e0ea33a1,2558587.47075,2562756.188042,4168.717292000074,96377,25000000,,success,1,0,,,8583181
pilot_1790521581795,block_N500_c3,0,2026-09-27T15:49:03.855Z,zkSyncTestnet,300,sepolia.era.zksync.dev,block,500,3,5406,0x917ccceddf5b548addc9c15e8fc6ac6d01e6e7c58d04550ef81b51f9b56be179,2558061.798167,2562977.252292,4915.454125000164,96377,25000000,,success,1,0,,,8583181
pilot_1790521581795,block_N500_c3,0,2026-09-27T15:49:06.136Z,zkSyncTestnet,300,sepolia.era.zksync.dev,block,500,3,5408,0x5dc26b79545c4bdfbda6d003584d2e14cc0dd2485e0ca6e5058c3d29e4e19d45,2561205.621042,2565258.59375,4052.97270799987,96377,25000000,,success,1,0,,,8583183
pilot_1790521581795,block_N500_c3,0,2026-09-27T15:49:08.616Z,zkSyncTestnet,300,sepolia.era.zksync.dev,block,500,3,5410,0x0d6eb34a2c2baef2ddf4c667842c7710c07b061f06e2415585f319d58671bbd9,2562977.306917,2567737.779208,4760.472290999722,96371,25000000,,success,1,0,,,8583184
pilot_1790521581795,block_N500_c3,0,2026-09-27T15:49:08.869Z,zkSyncTestnet,300,sepolia.era.zksync.dev,block,500,3,5409,0x5314ff51b6659d8613e213c805e903553c3089daa59e07d2db385ad53e7493cf,2562756.332667,2567991.072333,5234.739666000009,96377,25000000,,success,1,0,,,8583184
pilot_1790521581795,block_N500_c3,0,2026-09-27T15:49:09.103Z,zkSyncTestnet,300,sepolia.era.zksync.dev,block,500,3,5411,0xbe4cbd047dd939b6340bf0b1a43cb35ed07baa8ac8b1fd3e9646aa1e958d442d,2565258.71,2568224.9685,2966.2584999999963,96371,25000000,,success,1,0,,,8583185
pilot_1790521581795,block_N500_c3,0,2026-09-27T15:49:10.620Z,zkSyncTestnet,300,sepolia.era.zksync.dev,block,500,3,5412,0x36e313e7dd62a8a2d2fdc59cb2ce26a4e7827af5358d2553ca64635d2373fd83,2567737.90675,2569742.68425,2004.777499999851,96371,25000000,,success,1,0,,,8583186
pilot_1790521581795,block_N500_c3,0,2026-09-27T15:49:11.521Z,zkSyncTestnet,300,sepolia.era.zksync.dev,block,500,3,5413,0x5792bcc4b5c3f26b0881258475cfa60849fb76e1718b1c5c05f6b6982c7db306,2567991.310083,2570643.617,2652.3069170000963,96371,25000000,,success,1,0,,,8583187
pilot_1790521581795,block_N500_c3,0,2026-09-27T15:49:12.919Z,zkSyncTestnet,300,sepolia.era.zksync.dev,block,500,3,5414,0x19184c6465aef324505c95f525c9ac26a27007de43a22f36f9f27ea436af9c03,2568225.108333,2572041.719042,3816.610708999913,96371,25000000,,success,1,0,,,8583188
pilot_1790521581795,block_N500_c3,0,2026-09-27T15:49:13.846Z,zkSyncTestnet,300,sepolia.era.zksync.dev,block,500,3,5416,0x3dd14cb17e57b7879595a8d7eedd70df16b157aba79fa29cc76d193f68499aea,2570643.87975,2572967.806708,2323.9269580002874,96377,25000000,,success,1,0,,,8583189
pilot_1790521581795,block_N500_c3,0,2026-09-27T15:49:13.918Z,zkSyncTestnet,300,sepolia.era.zksync.dev,block,500,3,5415,0x7ccfdd26b16ab7b3e7f0d94c7a2b094bc8d662e3c132763815d646303fdc4eb5,2569742.839125,2573040.683167,3297.844041999895,96377,25000000,,success,1,0,,,8583189
pilot_1790521581795,block_N500_c3,0,2026-09-27T15:49:15.761Z,zkSyncTestnet,300,sepolia.era.zksync.dev,block,500,3,5418,0xab92e5ba1129e7ce56151cce39ba1f45dbc886beabe049084ae53b30e1b1ebf9,2572967.976333,2574882.844917,1914.8685839995742,96377,25000000,,success,1,0,,,8583190
pilot_1790521581795,block_N500_c3,0,2026-09-27T15:49:16.214Z,zkSyncTestnet,300,sepolia.era.zksync.dev,block,500,3,5417,0x533b75b29e52f30c264f9aa80f114979cccfdbddc0d3923378a31758f71668a6,2572041.881333,2575336.317083,3294.435750000179,96377,25000000,,success,1,0,,,8583190
pilot_1790521581795,block_N500_c3,0,2026-09-27T15:49:17.300Z,zkSyncTestnet,300,sepolia.era.zksync.dev,block,500,3,5419,0xe39aa4dfad7d05df2527e59e2932d2a1b3ef0b48463a0250352291fc0eb7501b,2573040.742292,2576422.254208,3381.5119159999304,96371,25000000,,success,1,0,,,8583191
pilot_1790521581795,block_N500_c3,0,2026-09-27T15:49:18.309Z,zkSyncTestnet,300,sepolia.era.zksync.dev,block,500,3,5420,0xdb9d554e9e059b747c49ec354631f8051aaa3e946fa01f4ca6772b471c72bd42,2574883.03625,2577431.677375,2548.641125000082,96377,25000000,,success,1,0,,,8583192
pilot_1790521581795,block_N500_c3,0,2026-09-27T15:49:21.449Z,zkSyncTestnet,300,sepolia.era.zksync.dev,block,500,3,5422,0xafe93307354fc15c53c0b8be2b3938045171d0f1a8a1a73e7c00a18cad165068,2576422.405208,2580571.275375,4148.870167000219,96377,25000000,,success,1,0,,,8583194
pilot_1790521581795,block_N500_c3,0,2026-09-27T15:49:21.454Z,zkSyncTestnet,300,sepolia.era.zksync.dev,block,500,3,5421,0x460da709dad50adf63cc1ddcdf64c4f7f3f63261522be210f05def1424706a70,2575336.479542,2580575.89575,5239.416207999922,96371,25000000,,success,1,0,,,8583193
pilot_1790521581795,block_N500_c3,0,2026-09-27T15:49:24.075Z,zkSyncTestnet,300,sepolia.era.zksync.dev,block,500,3,5423,0x48dd3bca2564025336eb27b99ab383db346a54a1eeee52fe5bd7a0b3ad2f42e3,2577431.839625,2583197.293,5765.453375000041,96377,25000000,,success,1,0,,,8583195
pilot_1790521581795,block_N500_c3,0,2026-09-27T15:49:26.576Z,zkSyncTestnet,300,sepolia.era.zksync.dev,block,500,3,5424,0xa20b46c32287b58f5464dba093a772ef0ae068e93202977b95e8b95f689463ec,2580571.413542,2585698.439208,5127.025665999856,96377,25000000,,success,1,0,,,8583196
pilot_1790521581795,block_N500_c3,0,2026-09-27T15:49:27.788Z,zkSyncTestnet,300,sepolia.era.zksync.dev,block,500,3,5425,0xb0732a839eecbd7290ffaf29468a9e7e5c9691c40734f2c8130b98e51123f68a,2580575.924,2586909.861708,6333.937707999721,96371,25000000,,success,1,0,,,8583197
pilot_1790521581795,block_N500_c3,0,2026-09-27T15:49:28.346Z,zkSyncTestnet,300,sepolia.era.zksync.dev,block,500,3,5426,0x83a921017e89d9af15c84d8c3dd0fe7fc7dc90b11abe7f1b1d9cb74c8ab0d4b2,2583197.381875,2587468.32325,4270.941374999937,96371,25000000,,success,1,0,,,8583198
pilot_1790521581795,block_N500_c3,0,2026-09-27T15:49:29.463Z,zkSyncTestnet,300,sepolia.era.zksync.dev,block,500,3,5427,0x46d0309b0eb6ad6a37abfa6e3322c3f56d6242afdba6edcff666370196608602,2585698.591042,2588584.937,2886.345958000049,96377,25000000,,success,1,0,,,8583199
pilot_1790521581795,block_N500_c3,0,2026-09-27T15:49:30.402Z,zkSyncTestnet,300,sepolia.era.zksync.dev,block,500,3,5428,0xdbb6697fbe75e41ecce88a619dc9109f00d7382d051a806f33514eb31a29abbc,2586909.999875,2589523.788875,2613.7889999998733,96371,25000000,,success,1,0,,,8583200
pilot_1790521581795,block_N500_c3,0,2026-09-27T15:49:31.941Z,zkSyncTestnet,300,sepolia.era.zksync.dev,block,500,3,5429,0xe15dd18a294fcde81a4d4d46a132b6543e5351827f7deed11e66c5677e87eb0c,2587468.444333,2591063.589167,3595.144833999686,96377,25000000,,success,1,0,,,8583201
pilot_1790521581795,block_N500_c3,0,2026-09-27T15:49:32.722Z,zkSyncTestnet,300,sepolia.era.zksync.dev,block,500,3,5430,0x7a60110c74ec232deeacb83e2c4e5ffef825ac1c9e7ad5c8fe5c6b01d8907947,2588585.052167,2591843.963125,3258.910957999993,96377,25000000,,success,1,0,,,8583202
pilot_1790521581795,block_N500_c3,0,2026-09-27T15:49:34.315Z,zkSyncTestnet,300,sepolia.era.zksync.dev,block,500,3,5431,0x061cb5b059481b4720955e5945631cbfd8b6cdc82966a67b78b0031b79171f20,2589523.836208,2593436.927167,3913.0909589999355,96371,25000000,,success,1,0,,,8583203
pilot_1790521581795,block_N500_c3,0,2026-09-27T15:49:34.890Z,zkSyncTestnet,300,sepolia.era.zksync.dev,block,500,3,5432,0x4035c824ad0144043331af67f97cc5fdd5dd049b5341333c3d595feebce486ed,2591063.694375,2594012.289,2948.5946249999106,96371,25000000,,success,1,0,,,8583204
pilot_1790521581795,block_N500_c3,0,2026-09-27T15:49:35.991Z,zkSyncTestnet,300,sepolia.era.zksync.dev,block,500,3,5433,0x7d62d525859a57d27fc5a2f593599e9fe0e01ecbc3129f05a8ae6661b34ca55c,2591844.108,2595112.899208,3268.7912079999223,96377,25000000,,success,1,0,,,8583205
pilot_1790521581795,block_N500_c3,0,2026-09-27T15:49:36.708Z,zkSyncTestnet,300,sepolia.era.zksync.dev,block,500,3,5434,0xd1f7eadceeaba2c61aaf994efc3c6d27137fd256a29fabff57614382126c3140,2593437.078,2595830.451875,2393.3738749995828,96371,25000000,,success,1,0,,,8583206
pilot_1790521581795,block_N500_c3,0,2026-09-27T15:49:37.450Z,zkSyncTestnet,300,sepolia.era.zksync.dev,block,500,3,5435,0x5007a76d54e79a08b3551d0e2fde1467efd8b015c8b3b59ccba0a3ffd474ec97,2594012.433583,2596572.568125,2560.1345420000143,96371,25000000,,success,1,0,,,8583208
pilot_1790521581795,block_N500_c3,0,2026-09-27T15:49:37.786Z,zkSyncTestnet,300,sepolia.era.zksync.dev,block,500,3,5436,0x47f40eb25dcb88cadd669edd486bebdb8e892308413e2d2c5ec65e5b9ad3d645,2595113.022875,2596908.207708,1795.184833000414,96377,25000000,,success,1,0,,,8583209
pilot_1790521581795,block_N500_c3,0,2026-09-27T15:49:38.519Z,zkSyncTestnet,300,sepolia.era.zksync.dev,block,500,3,5437,0x1a75eb4790f2d064aa162fc07615373dbb780785236b69c391e1d16a74f2b4cc,2595830.565083,2597641.412292,1810.8472090000287,96377,25000000,,success,1,0,,,8583210
pilot_1790521581795,block_N500_c3,0,2026-09-27T15:49:40.336Z,zkSyncTestnet,300,sepolia.era.zksync.dev,block,500,3,5438,0x77bb5a1f9afe7cc30a39bf1382e76c0d15680fd03601f8d02d51c63ade5130d5,2596572.68925,2599457.922583,2885.233332999982,96377,25000000,,success,1,0,,,8583211
pilot_1790521581795,block_N500_c3,0,2026-09-27T15:49:41.843Z,zkSyncTestnet,300,sepolia.era.zksync.dev,block,500,3,5439,0xffb5ed0b6796c55df8b7f34fb39699266eff4bea3a6d6560803d900957193761,2596908.285,2600965.207083,4056.922082999721,96377,25000000,,success,1,0,,,8583212
pilot_1790521581795,block_N500_c3,0,2026-09-27T15:49:42.047Z,zkSyncTestnet,300,sepolia.era.zksync.dev,block,500,3,5440,0x2094cb748e6b4ffa3ea83d26c9f7a5bdfe3fe517d8633a7e0b3733e0db536248,2597641.49825,2601169.268667,3527.7704169997014,96371,25000000,,success,1,0,,,8583213
pilot_1790521581795,block_N500_c3,0,2026-09-27T15:49:42.157Z,zkSyncTestnet,300,sepolia.era.zksync.dev,block,500,3,5441,0x2d6f9aaf8b57afb4040b30563ec3481957b7390eed63f91544954f1b730090e8,2599458.279167,2601278.782,1820.5028329999186,96377,25000000,,success,1,0,,,8583213
pilot_1790521581795,block_N500_c3,0,2026-09-27T15:49:45.063Z,zkSyncTestnet,300,sepolia.era.zksync.dev,block,500,3,5442,0xcee7efb120b913964eefad4f9bcdff177e81393ff86e0eec5405b383586bbb3d,2600965.339792,2604185.553292,3220.213500000071,96371,25000000,,success,1,0,,,8583214
pilot_1790521581795,block_N500_c3,0,2026-09-27T15:49:46.935Z,zkSyncTestnet,300,sepolia.era.zksync.dev,block,500,3,5445,0x3d7861e36f730ae540ad93ddb81bafc24254ca9401b17fe5b8de85a002cad52c,2604185.70175,2606056.774208,1871.0724579999223,96371,25000000,,success,1,0,,,8583216
pilot_1790521581795,block_N500_c3,0,2026-09-27T15:49:47.871Z,zkSyncTestnet,300,sepolia.era.zksync.dev,block,500,3,5444,0xa413b3cf0511bc3d0987c2a7eb59b96133e126445c9cbc318e5bfbaaef186e7e,2601278.903625,2606993.050375,5714.1467500003055,96371,25000000,,success,1,0,,,8583215
pilot_1790521581795,block_N500_c3,0,2026-09-27T15:49:48.099Z,zkSyncTestnet,300,sepolia.era.zksync.dev,block,500,3,5443,0x4abbacf804d7b4dde2d9e56a0947b82cac887d36e1559f1f041c5df8749d659e,2601169.464875,2607221.042208,6051.577333000023,96371,25000000,,success,1,0,,,8583215
pilot_1790521581795,block_N500_c3,0,2026-09-27T15:49:51.647Z,zkSyncTestnet,300,sepolia.era.zksync.dev,block,500,3,5446,0x90b7349b752ee74d6be36606402cd7bc5ce0c0cb0fdcabf9ae0d942d87e409fe,2606056.917875,2610769.077458,4712.159583000001,96371,25000000,,success,1,0,,,8583217
pilot_1790521581795,block_N500_c3,0,2026-09-27T15:49:52.647Z,zkSyncTestnet,300,sepolia.era.zksync.dev,block,500,3,5448,0x3c63979465ec4f9effecde63d9c2bbde00c3353f6569defd700febf34ad3d5b2,2607221.18725,2611769.153458,4547.966208000202,96371,25000000,,success,1,0,,,8583219
pilot_1790521581795,block_N500_c3,0,2026-09-27T15:49:52.903Z,zkSyncTestnet,300,sepolia.era.zksync.dev,block,500,3,5447,0x298985d038db5ae356ffcc9419b6221a78150be34b89a3ea939c33319dbdc7b9,2606993.17375,2612025.231375,5032.057624999899,96377,25000000,,success,1,0,,,8583218
pilot_1790521581795,block_N500_c3,0,2026-09-27T15:49:55.459Z,zkSyncTestnet,300,sepolia.era.zksync.dev,block,500,3,5449,0x1e15ecd6ac34a9040a65687a3fe3e11e27ff307d7e36a8c6ac14f2df3a78bf9d,2610769.347333,2614581.573333,3812.2259999997914,96377,25000000,,success,1,0,,,8583220
pilot_1790521581795,block_N500_c3,0,2026-09-27T15:49:56.013Z,zkSyncTestnet,300,sepolia.era.zksync.dev,block,500,3,5450,0x210153cb9c93d7a776bd815ba45d42914730eaae3a61843d2d7ea45b7924eff3,2611769.287167,2615134.783125,3365.495957999956,96371,25000000,,success,1,0,,,8583221
pilot_1790521581795,block_N500_c3,0,2026-09-27T15:49:56.954Z,zkSyncTestnet,300,sepolia.era.zksync.dev,block,500,3,5451,0x0bfbbe83003958b4a29d1952d8298306291f010338d58138056661ce2bdec4f3,2612025.322833,2616076.156333,4050.833499999717,96377,25000000,,success,1,0,,,8583222
pilot_1790521581795,block_N500_c3,0,2026-09-27T15:49:57.255Z,zkSyncTestnet,300,sepolia.era.zksync.dev,block,500,3,5452,0x8e4b5d8265128fb66700368337b72b4dd9a374505851f4c0eb5085f87dfcfd79,2614581.755458,2616377.295833,1795.540374999866,96371,25000000,,success,1,0,,,8583223
pilot_1790521581795,block_N500_c3,0,2026-09-27T15:49:58.295Z,zkSyncTestnet,300,sepolia.era.zksync.dev,block,500,3,5453,0x178a50618c9c7accfe3a1807354b7e5c16a492fa7953d2fc35b9fb273a806c9e,2615135.078958,2617417.234167,2282.1552089997567,96377,25000000,,success,1,0,,,8583224
pilot_1790521581795,block_N500_c3,0,2026-09-27T15:50:01.928Z,zkSyncTestnet,300,sepolia.era.zksync.dev,block,500,3,5454,0xa5116a476c950ba485295c88198b14d98e466a0df8fbc21d8a69bbaa87bb2e92,2616076.340417,2621050.24275,4973.902333000209,96371,25000000,,success,1,0,,,8583225
pilot_1790521581795,block_N500_c3,0,2026-09-27T15:50:02.150Z,zkSyncTestnet,300,sepolia.era.zksync.dev,block,500,3,5455,0x63afbc919694e564fce18f813ef5b2dc44777a24d6f2fb1f6b50d4e2404527d5,2616377.459667,2621272.507625,4895.047958000097,96371,25000000,,success,1,0,,,8583226
pilot_1790521581795,block_N500_c3,0,2026-09-27T15:50:02.179Z,zkSyncTestnet,300,sepolia.era.zksync.dev,block,500,3,5456,0x7cc4ec840f6434b4587c8b871ddddf52b7df1ebcec0ab835ba16f7223bc45097,2617417.467875,2621301.027542,3883.5596670000814,96371,25000000,,success,1,0,,,8583226
pilot_1790521581795,block_N500_c3,0,2026-09-27T15:50:03.669Z,zkSyncTestnet,300,sepolia.era.zksync.dev,block,500,3,5457,0x8ef9c77ef1fb15dd6a6f73af042b7b2876bca93d48339a47f5f63cbf998dc115,2621050.34,2622791.127792,1740.7877919999883,96377,25000000,,success,1,0,,,8583227
pilot_1790521581795,block_N500_c3,0,2026-09-27T15:50:04.787Z,zkSyncTestnet,300,sepolia.era.zksync.dev,block,500,3,5458,0x3d5dd0941705474395d225f8192712291797e9b7593408e66ee7ca6c068d651d,2621272.699417,2623908.928458,2636.229040999897,96377,25000000,,success,1,0,,,8583227
pilot_1790521581795,block_N500_c3,0,2026-09-27T15:50:04.789Z,zkSyncTestnet,300,sepolia.era.zksync.dev,block,500,3,5459,0xe5bc681d9f8ecccd5cad6f1d15b94a32c7cfb06560feef61d07dcfffdab542fe,2621301.088833,2623911.29025,2610.201417000033,96371,25000000,,success,1,0,,,8583228
pilot_1790521581795,block_N500_c3,0,2026-09-27T15:50:08.684Z,zkSyncTestnet,300,sepolia.era.zksync.dev,block,500,3,5460,0xa968a34694d4bfeec37b19310aa9366ce85a0a65c6464fc2d23de237e0a4cdaf,2622791.369875,2627806.67825,5015.308375000022,96371,25000000,,success,1,0,,,8583229
pilot_1790521581795,block_N500_c3,0,2026-09-27T15:50:08.908Z,zkSyncTestnet,300,sepolia.era.zksync.dev,block,500,3,5462,0x9ad695b239070cabf4e14eedf5764b2b73495868995931de3748dadcdc0f7768,2623911.30325,2628029.929,4118.625750000123,96371,25000000,,success,1,0,,,8583230
pilot_1790521581795,block_N500_c3,0,2026-09-27T15:50:08.968Z,zkSyncTestnet,300,sepolia.era.zksync.dev,block,500,3,5461,0xa87b0036f3d2762e331069a679b3b19c4de1026f796dd491883aedfa1ffea121,2623908.982292,2628090.035708,4181.053415999748,96371,25000000,,success,1,0,,,8583230
pilot_1790521581795,block_N500_c3,0,2026-09-27T15:50:10.929Z,zkSyncTestnet,300,sepolia.era.zksync.dev,block,500,3,5463,0xd9523a3ca9c0a7617d7700b8d69f7eb72fa456bc8ba620cc766ea9aa2e277480,2627806.734833,2630049.060958,2242.326124999672,96377,25000000,,success,1,0,,,8583231
pilot_1790521581795,block_N500_c3,0,2026-09-27T15:50:11.708Z,zkSyncTestnet,300,sepolia.era.zksync.dev,block,500,3,5465,0x525614c5434d7233b69207181f9ae59bd6f2e51386671c5fd388af56faa53d5e,2628090.173583,2630830.532458,2740.358874999918,96377,25000000,,success,1,0,,,8583233
pilot_1790521581795,block_N500_c3,0,2026-09-27T15:50:11.712Z,zkSyncTestnet,300,sepolia.era.zksync.dev,block,500,3,5464,0xc64e2e711a1f5d9102ccc2de4e0ef81be74aba2d84d78043c47fbe0929bfb5e8,2628030.016042,2630833.717625,2803.7015829999,96371,25000000,,success,1,0,,,8583232
pilot_1790521581795,block_N500_c3,0,2026-09-27T15:50:13.059Z,zkSyncTestnet,300,sepolia.era.zksync.dev,block,500,3,5466,0x540b26d3d1a6ff97b1a28332afd2563ec851b297ea46f9887e599b8e4ddcba2b,2630101.44375,2632181.276292,2079.832541999873,96377,25000000,,success,1,0,,,8583234
pilot_1790521581795,block_N500_c3,0,2026-09-27T15:50:13.590Z,zkSyncTestnet,300,sepolia.era.zksync.dev,block,500,3,5467,0xd5a55d7af5791dc4d9fbacf5f27f19382f2b6e7727d54fbfccf058f2d2ba1f19,2630830.60975,2632712.07725,1881.4675000002608,96371,25000000,,success,1,0,,,8583235
pilot_1790521581795,block_N500_c3,0,2026-09-27T15:50:14.909Z,zkSyncTestnet,300,sepolia.era.zksync.dev,block,500,3,5468,0xd1814897f02bc6b38f74200ad902ef0fbbb053ec0da52cc631e85d9df94ba3f1,2630833.748458,2634030.975708,3197.2272499999963,96377,25000000,,success,1,0,,,8583236
pilot_1790521581795,block_N500_c3,0,2026-09-27T15:50:17.002Z,zkSyncTestnet,300,sepolia.era.zksync.dev,block,500,3,5469,0x53799928d30893177dc28919676ef3ab9972543746682517689159690311d732,2632181.417417,2636124.511042,3943.0936249997467,96371,25000000,,success,1,0,,,8583237
pilot_1790521581795,block_N500_c3,0,2026-09-27T15:50:17.010Z,zkSyncTestnet,300,sepolia.era.zksync.dev,block,500,3,5470,0x0c9c7f43ee550feec9aca78d224fe2fb42e22325daf31d22d95635fdd38ad8ee,2632712.235208,2636132.338667,3420.103459000122,96377,25000000,,success,1,0,,,8583237
pilot_1790521581795,block_N500_c3,0,2026-09-27T15:50:17.566Z,zkSyncTestnet,300,sepolia.era.zksync.dev,block,500,3,5471,0x33ae8155fcf3fd0e4896f5016f90a673cfe4f789b6cbed2b79f05343847fa60d,2634031.0105,2636687.856208,2656.845708000008,96377,25000000,,success,1,0,,,8583238
pilot_1790521581795,block_N500_c3,0,2026-09-27T15:50:19.460Z,zkSyncTestnet,300,sepolia.era.zksync.dev,block,500,3,5474,0xb63896be77e5fff883a9add36bf39438ca642277c96887d791992389e6abd672,2636688.000917,2638582.357292,1894.356374999974,96377,25000000,,success,1,0,,,8583240
pilot_1790521581795,block_N500_c3,0,2026-09-27T15:50:19.764Z,zkSyncTestnet,300,sepolia.era.zksync.dev,block,500,3,5472,0x048c95624b278bf77e7a5c92ddd45ae30af400ed23a38a2cf955ad86a6f5bb97,2636124.647208,2638886.621792,2761.9745839997195,96377,25000000,,success,1,0,,,8583239
pilot_1790521581795,block_N500_c3,0,2026-09-27T15:50:19.767Z,zkSyncTestnet,300,sepolia.era.zksync.dev,block,500,3,5473,0xf045c918b69d64ea7e13e058752e8dfc3db92c288a443ad889abf600602a9eef,2636132.377583,2638889.227417,2756.849834000226,96371,25000000,,success,1,0,,,8583240
pilot_1790521581795,block_N500_c3,0,2026-09-27T15:50:21.453Z,zkSyncTestnet,300,sepolia.era.zksync.dev,block,500,3,5475,0xa01c3c9a3fc770954502a85de64bf64e2278995c6f5d61af89320f8d004d0d01,2638582.499708,2640575.165167,1992.6654590000398,96371,25000000,,success,1,0,,,8583241
pilot_1790521581795,block_N500_c3,0,2026-09-27T15:50:21.704Z,zkSyncTestnet,300,sepolia.era.zksync.dev,block,500,3,5476,0x38bf0df6f73e73895842e4fc3a7c921d451012f8be73c21b17df66b62e87fbf4,2638886.681792,2640826.527958,1939.8461660002358,96371,25000000,,success,1,0,,,8583241
pilot_1790521581795,block_N500_c3,0,2026-09-27T15:50:23.281Z,zkSyncTestnet,300,sepolia.era.zksync.dev,block,500,3,5478,0xcc774ecd3a6ad4ce10af723754c8ba01c381f515c9cd625fa032d9c1a25be013,2640575.297708,2642403.387125,1828.0894169998355,96377,25000000,,success,1,0,,,8583243
pilot_1790521581795,block_N500_c3,0,2026-09-27T15:50:23.769Z,zkSyncTestnet,300,sepolia.era.zksync.dev,block,500,3,5477,0x4a86cae1bbb5d2592b7aae3ba6486ce175c6dcf90b6281c560bd0f0edd239205,2638889.241125,2642891.592792,4002.351666999981,96377,25000000,,success,1,0,,,8583242
pilot_1790521581795,block_N500_c3,0,2026-09-27T15:50:24.067Z,zkSyncTestnet,300,sepolia.era.zksync.dev,block,500,3,5479,0x24777444b6fe4dabd236c3ec66e5caccbbc85277c17c567031226834f1e0271f,2640826.655292,2643189.208958,2362.553665999789,96377,25000000,,success,1,0,,,8583244
pilot_1790521581795,block_N500_c3,0,2026-09-27T15:50:25.120Z,zkSyncTestnet,300,sepolia.era.zksync.dev,block,500,3,5480,0xdef4a5a2d4e760a64be1628adc4353ee43b325756e3fb890e989b713390ac2f3,2642403.51725,2644241.826708,1838.3094580001198,96377,25000000,,success,1,0,,,8583246
pilot_1790521581795,block_N500_c3,0,2026-09-27T15:50:25.639Z,zkSyncTestnet,300,sepolia.era.zksync.dev,block,500,3,5481,0xcd8bace45179c771b49fc98e7358780c6399f516b77e3142fbf50b56f9ce1fc0,2642891.746833,2644761.497042,1869.7502089999616,96377,25000000,,success,1,0,,,8583247
pilot_1790521581795,block_N500_c3,0,2026-09-27T15:50:25.879Z,zkSyncTestnet,300,sepolia.era.zksync.dev,block,500,3,5482,0x4c5c57ccca86d72662a3d5e2fdee73c5d671f6004579d37c67be3c9b81fcec06,2643189.267958,2645001.187333,1811.9193750000559,96371,25000000,,success,1,0,,,8583248
pilot_1790521581795,block_N500_c3,0,2026-09-27T15:50:27.456Z,zkSyncTestnet,300,sepolia.era.zksync.dev,block,500,3,5483,0xda472dbf5bf62f2da810fee52c0a8ed3940c1a7bd4e0511561a912c745bef12d,2644241.942417,2646578.184417,2336.2420000000857,96377,25000000,,success,1,0,,,8583249
pilot_1790521581795,block_N500_c3,0,2026-09-27T15:50:27.583Z,zkSyncTestnet,300,sepolia.era.zksync.dev,block,500,3,5484,0x227634534af3e9e95aa5059d747bdf8cf2ad0763d5f5ae1e67ffa9f022dbf182,2644761.553875,2646705.551833,1943.997957999818,96377,25000000,,success,1,0,,,8583249
pilot_1790521581795,block_N500_c3,0,2026-09-27T15:50:29.016Z,zkSyncTestnet,300,sepolia.era.zksync.dev,block,500,3,5485,0x205c60da0f5945593ea43a88ebca4533b81ab869f405994c0dc213e07c3b5c50,2645001.259583,2648138.371542,3137.111959000118,96371,25000000,,success,1,0,,,8583250
pilot_1790521581795,block_N500_c3,0,2026-09-27T15:50:30.359Z,zkSyncTestnet,300,sepolia.era.zksync.dev,block,500,3,5486,0xfaacba1dd1ba41a323966c625fc8ba90a9245d651043873e8b5fd4952810458b,2646578.24575,2649480.95575,2902.7100000004284,96371,25000000,,success,1,0,,,8583251
pilot_1790521581795,block_N500_c3,0,2026-09-27T15:50:31.414Z,zkSyncTestnet,300,sepolia.era.zksync.dev,block,500,3,5487,0x1adcd53cde7c8f81f0036738802b1617495f67eed2a90e021f39f11f122f0fba,2646705.679042,2650536.343167,3830.6641250001267,96377,25000000,,success,1,0,,,8583252
pilot_1790521581795,block_N500_c3,0,2026-09-27T15:50:32.307Z,zkSyncTestnet,300,sepolia.era.zksync.dev,block,500,3,5489,0xde0ede457ebe5376d21ecfc661b2a2cfb320d3eba93bc4591bb4930132207d04,2649481.079292,2651429.118333,1948.0390410004184,96377,25000000,,success,1,0,,,8583254
pilot_1790521581795,block_N500_c3,0,2026-09-27T15:50:32.457Z,zkSyncTestnet,300,sepolia.era.zksync.dev,block,500,3,5488,0x8ba97bc72e65cfd3a97efc08a6f2f10380bde9ee22b4d8e6641e9bad768aab4c,2648138.509375,2651579.6925,3441.1831249999814,96377,25000000,,success,1,0,,,8583253
pilot_1790521581795,block_N500_c3,0,2026-09-27T15:50:34.114Z,zkSyncTestnet,300,sepolia.era.zksync.dev,block,500,3,5491,0x2fa080643faa28d56a6f72feffd5205086abfe78421ec7fdca145a28e3e5651e,2651429.236208,2653235.899208,1806.6629999997094,96377,25000000,,success,1,0,,,8583257
pilot_1790521581795,block_N500_c3,0,2026-09-27T15:50:34.284Z,zkSyncTestnet,300,sepolia.era.zksync.dev,block,500,3,5492,0x71832a1e01ea71af2d9031cfde294b37e712a708005fe64294f311632e2e836b,2651579.80575,2653405.789125,1825.9833750003017,96371,25000000,,success,1,0,,,8583258
pilot_1790521581795,block_N500_c3,0,2026-09-27T15:50:34.555Z,zkSyncTestnet,300,sepolia.era.zksync.dev,block,500,3,5490,0xaf2f343f30b85f87664d0e8223b500f9471e33d35653d5a106924b2fa7a3923a,2650536.451417,2653676.859417,3140.407999999821,96377,25000000,,success,1,0,,,8583257
pilot_1790521581795,block_N500_c3,0,2026-09-27T15:50:35.930Z,zkSyncTestnet,300,sepolia.era.zksync.dev,block,500,3,5493,0xd0b58cd665bafca80a819ee974f2b3b1c0214822ad4c55d7a2e60754cdb87ea3,2653236.143708,2655051.800125,1815.6564170001075,96371,25000000,,success,1,0,,,8583260
pilot_1790521581795,block_N500_c3,0,2026-09-27T15:50:36.128Z,zkSyncTestnet,300,sepolia.era.zksync.dev,block,500,3,5494,0x2fbac24a2308faa0ca16f3561034f043022a46f6242f67ce0a0a1a4b2d7610dc,2653405.900833,2655249.8485,1843.947666999884,96377,25000000,,success,1,0,,,8583261
pilot_1790521581795,block_N500_c3,0,2026-09-27T15:50:36.385Z,zkSyncTestnet,300,sepolia.era.zksync.dev,block,500,3,5495,0x3324765cb1df2ad34edbcbd02e49d96bfdc4eb0251ba977fa43a105e26690c26,2653676.964167,2655507.365083,1830.4009160003625,96371,25000000,,success,1,0,,,8583262
pilot_1790521581795,block_N500_c3,0,2026-09-27T15:50:37.703Z,zkSyncTestnet,300,sepolia.era.zksync.dev,block,500,3,5496,0x7e81f4436531d31fe651b23e7be1d87f4bdc3c6baf6cd84b67c35dc445512e7a,2655051.924417,2656824.883958,1772.9595410004258,96371,25000000,,success,1,0,,,8583263
pilot_1790521581795,block_N500_c3,0,2026-09-27T15:50:38.751Z,zkSyncTestnet,300,sepolia.era.zksync.dev,block,500,3,5497,0x8bb182330c41df744c2d258208b250ebb544fc810db2861b032d0bde32fe6d46,2655250.000333,2657872.787792,2622.7874590000138,96371,25000000,,success,1,0,,,8583264
pilot_1790521581795,block_N500_c3,0,2026-09-27T15:50:38.977Z,zkSyncTestnet,300,sepolia.era.zksync.dev,block,500,3,5498,0xaddd4ba28af1dc44c38194cae90ce17dbacda6555b3c708da381c4007aa5ca4e,2655507.426208,2658098.897292,2591.4710839996114,96377,25000000,,success,1,0,,,8583264
pilot_1790521581795,block_N500_c3,0,2026-09-27T15:50:39.559Z,zkSyncTestnet,300,sepolia.era.zksync.dev,block,500,3,5499,0xe484f9ccd17320183d6994605285d9484b130dfcd62c4f3048ad7a640bac89e0,2656825.032667,2658681.261792,1856.2291250000708,96377,25000000,,success,1,0,,,8583265
pilot_1790521581795,block_N500_c3,0,2026-09-27T15:50:40.597Z,zkSyncTestnet,300,sepolia.era.zksync.dev,block,500,3,5500,0xc89614a6edd9d9e3ba3df1af84d4af23c282e4db720fe6a3e3e7216cc1a6bf45,2657873.045917,2659718.862625,1845.8167079999112,96371,25000000,,success,1,0,,,8583266
pilot_1790521581795,block_N500_c3,0,2026-09-27T15:50:40.872Z,zkSyncTestnet,300,sepolia.era.zksync.dev,block,500,3,5501,0x05fda9815cff3f85911f3bd4dadcd9ee38a947d93a3b5a64f3784252289c41f8,2658098.947792,2659993.815875,1894.8680829997174,96377,25000000,,success,1,0,,,8583266
pilot_1790521581795,block_N500_c3,0,2026-09-27T15:50:41.410Z,zkSyncTestnet,300,sepolia.era.zksync.dev,block,500,3,5502,0x6cb0511c00d434abd63b1b3ca094ed6c02f4c788be6e46df90363f8c6a5f29da,2658681.395583,2660531.910458,1850.514874999877,96371,25000000,,success,1,0,,,8583267
pilot_1790521581795,block_N500_c3,0,2026-09-27T15:50:42.417Z,zkSyncTestnet,300,sepolia.era.zksync.dev,block,500,3,5503,0xbd567cc037ab62ce0ff7de04c17f231a3ff68b11e099b5c95a348c568df8505f,2659718.971333,2661539.44325,1820.4719170001335,96371,25000000,,success,1,0,,,8583268
pilot_1790521581795,block_N500_c3,0,2026-09-27T15:50:42.708Z,zkSyncTestnet,300,sepolia.era.zksync.dev,block,500,3,5504,0x1f1afcb545498d655b7412950a0edd529b6fc323138ab98ac10ba38d45bdad8a,2659993.940875,2661830.310625,1836.3697500000708,96377,25000000,,success,1,0,,,8583268
pilot_1790521581795,block_N500_c3,0,2026-09-27T15:50:43.170Z,zkSyncTestnet,300,sepolia.era.zksync.dev,block,500,3,5505,0x836c7a23739efff42b89a6d9e93ba6e4ff4dff80083893be419cbc754094cf83,2660532.020833,2662292.490333,1760.469500000123,96377,25000000,,success,1,0,,,8583269
pilot_1790521581795,block_N500_c3,0,2026-09-27T15:50:44.269Z,zkSyncTestnet,300,sepolia.era.zksync.dev,block,500,3,5506,0x323ec2125ec0ac74a2c3efc60a41de3964930f731c356d38bcda85e1c8f1cb49,2661539.559833,2663391.550458,1851.9906250000931,96377,25000000,,success,1,0,,,8583270
pilot_1790521581795,block_N500_c3,0,2026-09-27T15:50:44.600Z,zkSyncTestnet,300,sepolia.era.zksync.dev,block,500,3,5507,0x5a3dab3a22c0f1d9de25cca9f7f69af4b920a0c0262fec80ad8ea5d781f7d373,2661830.431833,2663722.060458,1891.6286249998957,96377,25000000,,success,1,0,,,8583270
pilot_1790521581795,block_N500_c3,0,2026-09-27T15:50:45.086Z,zkSyncTestnet,300,sepolia.era.zksync.dev,block,500,3,5508,0x16abb53f4340454b47d3c27fe3d223fc8873805b74100c9fec1091ddd4bf1d9d,2662292.651042,2664208.377042,1915.726000000257,96377,25000000,,success,1,0,,,8583271
pilot_1790521581795,block_N500_c3,0,2026-09-27T15:50:46.188Z,zkSyncTestnet,300,sepolia.era.zksync.dev,block,500,3,5509,0x6b226f899519e4400ba681b8c58847c9ede30479435d759546635422915a0a19,2663391.697708,2665310.220833,1918.5231249998324,96371,25000000,,success,1,0,,,8583273
pilot_1790521581795,block_N500_c3,0,2026-09-27T15:50:46.421Z,zkSyncTestnet,300,sepolia.era.zksync.dev,block,500,3,5510,0xa2684092819edfed58319f9bd26e6be8aef66634d66739d6ee7fc2f196eb80e0,2663722.151458,2665542.859708,1820.7082500001416,96377,25000000,,success,1,0,,,8583274
pilot_1790521581795,block_N500_c3,0,2026-09-27T15:50:46.987Z,zkSyncTestnet,300,sepolia.era.zksync.dev,block,500,3,5511,0xd0aa0aed662e695edc8d7110d58cc4ee32d0c38063fb5eceab6b366aba181399,2664208.531958,2666109.452417,1900.9204590003937,96371,25000000,,success,1,0,,,8583275
pilot_1790521581795,block_N500_c3,0,2026-09-27T15:50:47.985Z,zkSyncTestnet,300,sepolia.era.zksync.dev,block,500,3,5512,0x98f0c65d3a899af3c76059e31d40f5064c5eb4b9ef0726ffc8e43f5d62d5a616,2665310.363583,2667106.899375,1796.535792000126,96377,25000000,,success,1,0,,,8583276
pilot_1790521581795,block_N500_c3,0,2026-09-27T15:50:48.248Z,zkSyncTestnet,300,sepolia.era.zksync.dev,block,500,3,5513,0xa72b08f0079e3cbf03b21bdd3ced0acad4adc6e8740eadd80390d63326f12020,2665542.941917,2667370.59075,1827.6488330001011,96377,25000000,,success,1,0,,,8583276
pilot_1790521581795,block_N500_c3,0,2026-09-27T15:50:48.778Z,zkSyncTestnet,300,sepolia.era.zksync.dev,block,500,3,5514,0x13812724d70252922b687aa58fd24fc224269fcdfde833b997ea95f014e0881f,2666109.576167,2667899.889292,1790.3131249998696,96371,25000000,,success,1,0,,,8583277
pilot_1790521581795,block_N500_c3,0,2026-09-27T15:50:49.761Z,zkSyncTestnet,300,sepolia.era.zksync.dev,block,500,3,5515,0x36ed20c285d95ea2d47407e86801468b00396fdb4c575934ed0e8e7055ed469d,2667107.035333,2668882.859042,1775.823708999902,96371,25000000,,success,1,0,,,8583278
pilot_1790521581795,block_N500_c3,0,2026-09-27T15:50:50.080Z,zkSyncTestnet,300,sepolia.era.zksync.dev,block,500,3,5516,0x1ba5c784194b45f1e5fa5db2adbd0f1a86e4f561bc071b02751e47299d89747e,2667370.73175,2669202.1745,1831.4427500003949,96377,25000000,,success,1,0,,,8583278
pilot_1790521581795,block_N500_c3,0,2026-09-27T15:50:50.554Z,zkSyncTestnet,300,sepolia.era.zksync.dev,block,500,3,5517,0xc667c3ea3e1c7b88dfae2d866aa89415d9ecf5c720990470faaad011c5dfee2c,2667900.021333,2669676.092583,1776.0712500000373,96371,25000000,,success,1,0,,,8583279
pilot_1790521581795,block_N500_c3,0,2026-09-27T15:50:52.382Z,zkSyncTestnet,300,sepolia.era.zksync.dev,block,500,3,5518,0x49a2826f261a8259fdd7d64aa34ebbd786af3de760d00541ecde61a0e7d48481,2668883.012542,2671504.547042,2621.534500000067,96377,25000000,,success,1,0,,,8583280
pilot_1790521581795,block_N500_c3,0,2026-09-27T15:50:53.260Z,zkSyncTestnet,300,sepolia.era.zksync.dev,block,500,3,5520,0x97c52d9192737685d494c87212eb79d6c9e2aaaebe981b819c28dbbd85be61e0,2669676.240875,2672381.875083,2705.6342079997994,96377,25000000,,success,1,0,,,8583281
pilot_1790521581795,block_N500_c3,0,2026-09-27T15:50:53.952Z,zkSyncTestnet,300,sepolia.era.zksync.dev,block,500,3,5519,0x4de23ae403d1a6788f0ef9b65735bda84d56e5725666a800abaf72455b927e6e,2669202.306583,2673074.669167,3872.3625839999877,96377,25000000,,success,1,0,,,8583281
pilot_1790521581795,block_N500_c3,0,2026-09-27T15:50:54.209Z,zkSyncTestnet,300,sepolia.era.zksync.dev,block,500,3,5521,0x535b85ed9e6d5573abd33546651b1ba40850abec95cf61ffcdd7295e9f0c57cd,2671504.6895,2673331.586542,1826.8970420002006,96371,25000000,,success,1,0,,,8583282
pilot_1790521581795,block_N500_c3,0,2026-09-27T15:50:56.089Z,zkSyncTestnet,300,sepolia.era.zksync.dev,block,500,3,5522,0xdb998b60c36726b5dab6b4c56e4d2c04488a713a0ca4454ed40572418abfac03,2672382.017958,2675211.214167,2829.196208999958,96371,25000000,,success,1,0,,,8583283
pilot_1790521581795,block_N500_c3,0,2026-09-27T15:50:56.596Z,zkSyncTestnet,300,sepolia.era.zksync.dev,block,500,3,5523,0x5d83e0d75507fe2f41869e831b932be670496a74e326ea94bcf5fac3eacad068,2673074.72425,2675718.275417,2643.551167000085,96371,25000000,,success,1,0,,,8583284
pilot_1790521581795,block_N500_c3,0,2026-09-27T15:50:57.621Z,zkSyncTestnet,300,sepolia.era.zksync.dev,block,500,3,5524,0x1f6f9faee5bc0feeedea2cd13d8dc80a7722cd37a45192e5a37963c76f4b4f72,2673331.7085,2676743.084083,3411.3755830000155,96371,25000000,,success,1,0,,,8583285
pilot_1790521581795,block_N500_c3,0,2026-09-27T15:50:57.947Z,zkSyncTestnet,300,sepolia.era.zksync.dev,block,500,3,5525,0xbda5848caac1467f8ebd10a21486e6df7a6dc2caf21e1634305f9d3ca094c945,2675211.262917,2677068.810958,1857.548041000031,96377,25000000,,success,1,0,,,8583286
pilot_1790521581795,block_N500_c3,0,2026-09-27T15:50:58.429Z,zkSyncTestnet,300,sepolia.era.zksync.dev,block,500,3,5526,0x7a1c422f8e9d693952eacaf8968aff852a3c767be529fbbb80e582e7339d32ff,2675718.437958,2677551.23525,1832.7972919996828,96377,25000000,,success,1,0,,,8583287
pilot_1790521581795,block_N500_c3,0,2026-09-27T15:51:00.293Z,zkSyncTestnet,300,sepolia.era.zksync.dev,block,500,3,5527,0xcb50bd004011c956832a500af6abe49346bde8b4cfcd73b057531d447b2c6f27,2676743.215958,2679415.167167,2671.951208999846,96377,25000000,,success,1,0,,,8583288
pilot_1790521581795,block_N500_c3,0,2026-09-27T15:51:00.842Z,zkSyncTestnet,300,sepolia.era.zksync.dev,block,500,3,5528,0x758e44566ded49061089c919f5ba5d7bf396a25588aaf5f80d2a3473ac226d83,2677068.912708,2679964.616167,2895.703459000215,96377,25000000,,success,1,0,,,8583289
pilot_1790521581795,block_N500_c3,0,2026-09-27T15:51:02.120Z,zkSyncTestnet,300,sepolia.era.zksync.dev,block,500,3,5530,0x15ef06dc989bebb5a81ecc1052060e72b09bd1ddfd4c19f494e8972a0fe64d08,2679415.376083,2681242.617708,1827.2416249997914,96377,25000000,,success,1,0,,,8583291
pilot_1790521581795,block_N500_c3,0,2026-09-27T15:51:02.945Z,zkSyncTestnet,300,sepolia.era.zksync.dev,block,500,3,5529,0x88d3c6a6c0d4d735aaccced39eb4a965302fd3bc35a51343c481d8104ec2ed92,2677551.386583,2682067.235,4515.848416999914,96377,25000000,,success,1,0,,,8583290
pilot_1790521581795,block_N500_c3,0,2026-09-27T15:51:04.004Z,zkSyncTestnet,300,sepolia.era.zksync.dev,block,500,3,5532,0xaff720501bc67514a4468f70685fa220b92e85e7ac047f3b56320281f389334b,2681242.885,2683126.670333,1883.7853330001235,96371,25000000,,success,1,0,,,8583293
pilot_1790521581795,block_N500_c3,0,2026-09-27T15:51:04.446Z,zkSyncTestnet,300,sepolia.era.zksync.dev,block,500,3,5531,0x211e0066301bab7934ebac0fe1cfd73efd104d275efe4b7ea9015eb33bde8c9b,2679964.763958,2683567.985417,3603.2214589999057,96377,25000000,,success,1,0,,,8583292
pilot_1790521581795,block_N500_c3,0,2026-09-27T15:51:05.743Z,zkSyncTestnet,300,sepolia.era.zksync.dev,block,500,3,5533,0x068eca5b30b999536c0e8ea222f7e29210e181f1cf21dae9f4b277f026cac9e9,2682067.539208,2684864.802875,2797.263666999992,96377,25000000,,success,1,0,,,8583294
pilot_1790521581795,block_N500_c3,0,2026-09-27T15:51:06.268Z,zkSyncTestnet,300,sepolia.era.zksync.dev,block,500,3,5535,0x497dc77417eac03c52555c388f47d2e6196c1cac2f7dc18a50dd9751c230d3e3,2683568.099958,2685389.857292,1821.757334000431,96371,25000000,,success,1,0,,,8583295
pilot_1790521581795,block_N500_c3,0,2026-09-27T15:51:06.350Z,zkSyncTestnet,300,sepolia.era.zksync.dev,block,500,3,5534,0x3800ab7df467ea259a14951f920e147b23295a85c09fa348aaf3d86b32e7ea95,2683126.8505,2685471.748708,2344.898207999766,96377,25000000,,success,1,0,,,8583295
pilot_1790521581795,block_N500_c3,0,2026-09-27T15:51:07.615Z,zkSyncTestnet,300,sepolia.era.zksync.dev,block,500,3,5536,0x2b45b96cab21c6afb49f0d67a72b610fb1556e53ff148cc49311052042e7fe77,2684864.948125,2686736.919458,1871.9713329998776,96371,25000000,,success,1,0,,,8583296
pilot_1790521581795,block_N500_c3,0,2026-09-27T15:51:08.110Z,zkSyncTestnet,300,sepolia.era.zksync.dev,block,500,3,5537,0x29bfb4d5c8c68ebfb2eddfe14b809f83490323bb8e708151adc80d028c226a5a,2685389.944958,2687231.82775,1841.8827920001931,96371,25000000,,success,1,0,,,8583297
pilot_1790521581795,block_N500_c3,0,2026-09-27T15:51:09.053Z,zkSyncTestnet,300,sepolia.era.zksync.dev,block,500,3,5538,0x6f203a0d687769583242a2d68b77440ef145d220591f19aa23abb06f9e456508,2685471.829833,2688174.929625,2703.0997919999063,96377,25000000,,success,1,0,,,8583298
pilot_1790521581795,block_N500_c3,0,2026-09-27T15:51:10.479Z,zkSyncTestnet,300,sepolia.era.zksync.dev,block,500,3,5539,0x79978db9190f51521f3d43fb8fb55165f9bbf1a5e884b89508eeceecfce4bee9,2686737.054042,2689601.196833,2864.142791000195,96371,25000000,,success,1,0,,,8583299
pilot_1790521581795,block_N500_c3,0,2026-09-27T15:51:11.354Z,zkSyncTestnet,300,sepolia.era.zksync.dev,block,500,3,5540,0xac6b86733591e08e62251cededdf2a1a63aa6e8e68d5816534d9be6478db6df0,2687231.959625,2690475.898083,3243.938457999844,96371,25000000,,success,1,0,,,8583300
pilot_1790521581795,block_N500_c3,0,2026-09-27T15:51:12.405Z,zkSyncTestnet,300,sepolia.era.zksync.dev,block,500,3,5541,0x26e371eddf5ad0c99054aee6dc9354338334fc9a5c65fc452f83179d7cac7917,2688174.995167,2691527.66,3352.66483299993,96377,25000000,,success,1,0,,,8583301
pilot_1790521581795,block_N500_c3,0,2026-09-27T15:51:13.344Z,zkSyncTestnet,300,sepolia.era.zksync.dev,block,500,3,5542,0x05e740631eeb3d4d9fa0e4fe8f7f42c40cf0d8df6f9f13d16c09e36e55e8faef,2689601.4045,2692465.898333,2864.4938329998404,96377,25000000,,success,1,0,,,8583302
pilot_1790521581795,block_N500_c3,0,2026-09-27T15:51:14.929Z,zkSyncTestnet,300,sepolia.era.zksync.dev,block,500,3,5544,0xcac3a858c5b84c9e723a2757f0aa32325abadb663c9df88d6ac416a80dcb501a,2691527.834083,2694051.350792,2523.516708999872,96371,25000000,,success,1,0,,,8583304
pilot_1790521581795,block_N500_c3,0,2026-09-27T15:51:14.934Z,zkSyncTestnet,300,sepolia.era.zksync.dev,block,500,3,5543,0xb3cc3e1c8fc049cc9489a56e4097128c591f483db488719d3443f9324686042f,2690476.0645,2694055.774833,3579.7103329999372,96377,25000000,,success,1,0,,,8583303
pilot_1790521581795,block_N500_c3,0,2026-09-27T15:51:15.246Z,zkSyncTestnet,300,sepolia.era.zksync.dev,block,500,3,5545,0x10393a88e8d2228af19426feda90b8aa02e613a87fc2e40042d3908e7e8c2cbb,2692466.020167,2694368.19125,1902.171083000023,96377,25000000,,success,1,0,,,8583304
pilot_1790521581795,block_N500_c3,0,2026-09-27T15:51:16.833Z,zkSyncTestnet,300,sepolia.era.zksync.dev,block,500,3,5546,0x9333172838d8156462af6a719af2fd186edffae3d41e190aab4cd10f5dba372a,2694051.65525,2695954.835167,1903.1799170002341,96371,25000000,,success,1,0,,,8583305
pilot_1790521581795,block_N500_c3,0,2026-09-27T15:51:18.410Z,zkSyncTestnet,300,sepolia.era.zksync.dev,block,500,3,5547,0xfa89ae2f3eb818d16151b7ddbecae4e23e70d654af728517d0d2d829900d02be,2694055.814167,2697532.240833,3476.4266659999266,96377,25000000,,success,1,0,,,8583306
pilot_1790521581795,block_N500_c3,0,2026-09-27T15:51:18.671Z,zkSyncTestnet,300,sepolia.era.zksync.dev,block,500,3,5548,0x9b055f60c761cd2dbc10b1bce88c046781d936dc41f18c95b54daa2c2356ebbd,2694368.309875,2697792.82225,3424.5123750003986,96377,25000000,,success,1,0,,,8583307
pilot_1790521581795,block_N500_c3,0,2026-09-27T15:51:18.932Z,zkSyncTestnet,300,sepolia.era.zksync.dev,block,500,3,5549,0x683c2bca4a797f010d2b7360adb542a0e9a6d85e64543c5e8d7bbc48256de97d,2695954.949417,2698054.047208,2099.0977909998037,96377,25000000,,success,1,0,,,8583308
pilot_1790521581795,block_N500_c3,0,2026-09-27T15:51:20.237Z,zkSyncTestnet,300,sepolia.era.zksync.dev,block,500,3,5550,0x42505ffd3b02649c6a861d5b3c8113affc740ed681b444ee727bf2547cd0323e,2697532.379958,2699358.976208,1826.5962499999441,96377,25000000,,success,1,0,,,8583309
pilot_1790521581795,block_N500_c3,0,2026-09-27T15:51:20.694Z,zkSyncTestnet,300,sepolia.era.zksync.dev,block,500,3,5551,0x0cadc336103b408397d79a93846c8655bbcf19b11cfca4a527c5016f99d61b80,2697792.901542,2699815.920667,2023.019125000108,96371,25000000,,success,1,0,,,8583310
pilot_1790521581795,block_N500_c3,0,2026-09-27T15:51:20.763Z,zkSyncTestnet,300,sepolia.era.zksync.dev,block,500,3,5552,0x3132e6006196980b6d1a43cd212a12d3cd74af7fd37982002b071121bd3d21c5,2698054.192958,2699885.072292,1830.8793339999393,96371,25000000,,success,1,0,,,8583311
pilot_1790521581795,block_N500_c3,0,2026-09-27T15:51:22.026Z,zkSyncTestnet,300,sepolia.era.zksync.dev,block,500,3,5553,0x4421ce58e33937444362376cfaef3840d68f8836be1d981baf2d861f5a567add,2699359.126917,2701147.931375,1788.8044580002315,96377,25000000,,success,1,0,,,8583312
pilot_1790521581795,block_N500_c3,0,2026-09-27T15:51:22.505Z,zkSyncTestnet,300,sepolia.era.zksync.dev,block,500,3,5554,0x5b97ed572fae3477261327812b22e771572a79f4ddd02e876c59be58aa847670,2699816.067125,2701627.492792,1811.4256670000032,96377,25000000,,success,1,0,,,8583313
pilot_1790521581795,block_N500_c3,0,2026-09-27T15:51:23.840Z,zkSyncTestnet,300,sepolia.era.zksync.dev,block,500,3,5555,0x1da2b43d9687c954ac21cd7d6c8a4198c64f17756932a537be9830c849cb9e53,2699885.134958,2702962.198458,3077.063500000164,96377,25000000,,success,1,0,,,8583314
pilot_1790521581795,block_N500_c3,0,2026-09-27T15:51:23.845Z,zkSyncTestnet,300,sepolia.era.zksync.dev,block,500,3,5556,0x8f63ceca34301d1ea5f17d7e0b3f965feb8fbbca8279d13bb48bd30737de603a,2701148.0485,2702966.953792,1818.905292000156,96371,25000000,,success,1,0,,,8583315
pilot_1790521581795,block_N500_c3,0,2026-09-27T15:51:25.411Z,zkSyncTestnet,300,sepolia.era.zksync.dev,block,500,3,5557,0x737a8677eca6734271df60ea2a59f00a806af2c3004d9ea710b9f1eae6cdefae,2701627.6295,2704533.158958,2905.5294580003247,96377,25000000,,success,1,0,,,8583316
pilot_1790521581795,block_N500_c3,0,2026-09-27T15:51:26.838Z,zkSyncTestnet,300,sepolia.era.zksync.dev,block,500,3,5558,0xe5d038e03f1647cc58500914696884774da8492f422a65fb39de7e5e16f38ce0,2702962.344667,2705960.420542,2998.075874999631,96377,25000000,,success,1,0,,,8583317
pilot_1790521581795,block_N500_c3,0,2026-09-27T15:51:27.756Z,zkSyncTestnet,300,sepolia.era.zksync.dev,block,500,3,5559,0x0eed4e817fa008f253e34e91fe529a0faf29a34b5d12a06f94cb0c0e20af2f32,2702966.977792,2706877.823667,3910.8458750001155,96371,25000000,,success,1,0,,,8583318
pilot_1790521581795,block_N500_c3,0,2026-09-27T15:51:28.065Z,zkSyncTestnet,300,sepolia.era.zksync.dev,block,500,3,5560,0x9f27340478c3d1a0ed22725f97f8ffda0feae12b59ec3d23fcb8e6619ee087f2,2704533.199417,2707187.351875,2654.152457999997,96377,25000000,,success,1,0,,,8583319
pilot_1790521581795,block_N500_c3,0,2026-09-27T15:51:28.833Z,zkSyncTestnet,300,sepolia.era.zksync.dev,block,500,3,5561,0x66cc1647f5165b76d15fe36567696c48c78bb2b51a8e2041ef95b322bccceff2,2705960.511917,2707955.127583,1994.6156659997068,96371,25000000,,success,1,0,,,8583320
pilot_1790521581795,block_N500_c3,0,2026-09-27T15:51:29.787Z,zkSyncTestnet,300,sepolia.era.zksync.dev,block,500,3,5562,0xe935da27ac9c6c113c12ceab8ffa5713c410698854c7acd4af4820b6d00698fc,2706877.965875,2708908.721292,2030.755416999571,96377,25000000,,success,1,0,,,8583321
pilot_1790521581795,block_N500_c3,0,2026-09-27T15:51:30.018Z,zkSyncTestnet,300,sepolia.era.zksync.dev,block,500,3,5563,0x14bddcae7581241ecdbd5c6382d5b2f0a2fe00ac139d36748c3e531928f17c25,2707187.433042,2709140.336125,1952.9030829998665,96371,25000000,,success,1,0,,,8583322
pilot_1790521581795,block_N500_c3,0,2026-09-27T15:51:31.784Z,zkSyncTestnet,300,sepolia.era.zksync.dev,block,500,3,5565,0x7e12d24ef0060d29ab43c26459e5e93beac467efbd0a85ca516b2ff6f59231aa,2708908.956583,2710906.298292,1997.3417090000585,96371,25000000,,success,1,0,,,8583324
pilot_1790521581795,block_N500_c3,0,2026-09-27T15:51:32.299Z,zkSyncTestnet,300,sepolia.era.zksync.dev,block,500,3,5564,0x0bfdff2fa6e2603e968976f0e403ec655d77aa6d3ce12643a1651930d2d24402,2707955.325458,2711421.314,3465.988541999832,96377,25000000,,success,1,0,,,8583323
pilot_1790521581795,block_N500_c3,0,2026-09-27T15:51:33.623Z,zkSyncTestnet,300,sepolia.era.zksync.dev,block,500,3,5566,0x539327036ba2476d9a9d4261f2075772aa09784d2446a3aaa58200aa6657278f,2709140.468625,2712744.863958,3604.395332999993,96377,25000000,,success,1,0,,,8583325
pilot_1790521581795,block_N500_c3,0,2026-09-27T15:51:35.213Z,zkSyncTestnet,300,sepolia.era.zksync.dev,block,500,3,5567,0xb943722c5aa5456a7c1a6875b1f105f3847cf812049a3b144aed96ed3c38a0f7,2710906.464917,2714335.25125,3428.7863330002874,96377,25000000,,success,1,0,,,8583326
pilot_1790521581795,block_N500_c3,0,2026-09-27T15:51:36.265Z,zkSyncTestnet,300,sepolia.era.zksync.dev,block,500,3,5568,0xf54e456100ae4cb24bbb9fc7769b07bca2bc8d2ca17a88e12ad760c28fd2ec3f,2711421.401458,2715386.755583,3965.354125000071,96371,25000000,,success,1,0,,,8583327
pilot_1790521581795,block_N500_c3,0,2026-09-27T15:51:37.743Z,zkSyncTestnet,300,sepolia.era.zksync.dev,block,500,3,5569,0x5311ac5c9d9f512ff2fd5bcf691c5571a99f9fb256a7782bbd5708500615f1c9,2712744.984083,2716865.086667,4120.102583999746,96377,25000000,,success,1,0,,,8583328
pilot_1790521581795,block_N500_c3,0,2026-09-27T15:51:37.993Z,zkSyncTestnet,300,sepolia.era.zksync.dev,block,500,3,5570,0xd07b5ee5fb6e9de090ab8929e6d42f3bca7956fbc2914f1d0442caab0961b51a,2714335.419,2717115.626167,2780.2071669995785,96377,25000000,,success,1,0,,,8583329
pilot_1790521581795,block_N500_c3,0,2026-09-27T15:51:39.386Z,zkSyncTestnet,300,sepolia.era.zksync.dev,block,500,3,5571,0x9558c052accd4bbaf19fef2063a7bba40dedf9da14edea29cc9c83c775716b57,2715386.86775,2718508.527542,3121.659791999962,96371,25000000,,success,1,0,,,8583330
pilot_1790521581795,block_N500_c3,0,2026-09-27T15:51:40.129Z,zkSyncTestnet,300,sepolia.era.zksync.dev,block,500,3,5572,0x159221820afb72733d5e25337b1db4c91f3075f188f0a3d0d3fb7b794ab97ec3,2716865.252708,2719251.085542,2385.832833999768,96371,25000000,,success,1,0,,,8583331
pilot_1790521581795,block_N500_c3,0,2026-09-27T15:51:42.233Z,zkSyncTestnet,300,sepolia.era.zksync.dev,block,500,3,5574,0xaa13e9ad2aafbd4e71c0c3d7d347bbaa0d129bb341625638f6044bc91b2474d8,2718508.662208,2721355.224375,2846.5621670000255,96371,25000000,,success,1,0,,,8583333
pilot_1790521581795,block_N500_c3,0,2026-09-27T15:51:42.469Z,zkSyncTestnet,300,sepolia.era.zksync.dev,block,500,3,5573,0x4c8c873a0a65737864e047960c6516648454c947a98203d4087522effd77e52e,2717115.685083,2721590.708167,4475.023084000219,96377,25000000,,success,1,0,,,8583332
pilot_1790521581795,block_N500_c3,0,2026-09-27T15:51:43.761Z,zkSyncTestnet,300,sepolia.era.zksync.dev,block,500,3,5575,0xad7b3773a6e9e28193ef1066c9f1bbbba37920bd688da8f93c8bfb059a998c40,2719251.24325,2722882.769625,3631.526375000365,96377,25000000,,success,1,0,,,8583334
pilot_1790521581795,block_N500_c3,0,2026-09-27T15:51:44.285Z,zkSyncTestnet,300,sepolia.era.zksync.dev,block,500,3,5576,0xe809e50700316cdf353973274e6add4504143e8f3518b41682d4542657727194,2721355.358292,2723407.615958,2052.257666000165,96371,25000000,,success,1,0,,,8583335
pilot_1790521581795,block_N500_c3,0,2026-09-27T15:51:44.613Z,zkSyncTestnet,300,sepolia.era.zksync.dev,block,500,3,5577,0xbd707cab216324370b69a8131b30b325fc801f4a25d191e7c60f007f2f3b6dcb,2721590.7635,2723735.485125,2144.7216250002384,96371,25000000,,success,1,0,,,8583335
pilot_1790521581795,block_N500_c3,0,2026-09-27T15:51:46.529Z,zkSyncTestnet,300,sepolia.era.zksync.dev,block,500,3,5579,0x2d4f91ef839779dc9b35359b3bf1e482da0431ebbdb97683d7027e250601f2db,2723407.778292,2725650.927042,2243.1487500001676,96371,25000000,,success,1,0,,,8583336
pilot_1790521581795,block_N500_c3,0,2026-09-27T15:51:46.905Z,zkSyncTestnet,300,sepolia.era.zksync.dev,block,500,3,5578,0x931ab9a3fca881813621ca90cbb0ca74e9a192df676cdfada394fb4b6bba68da,2722882.892583,2726026.908,3144.015416999813,96377,25000000,,success,1,0,,,8583336
pilot_1790521581795,block_N500_c3,0,2026-09-27T15:51:47.958Z,zkSyncTestnet,300,sepolia.era.zksync.dev,block,500,3,5580,0xff8e7aca038a01952f9ce75ebfe00306e5fa7868172fef556f671471d6bd0935,2723735.620458,2727080.600417,3344.979958999902,96377,25000000,,success,1,0,,,8583337
pilot_1790521581795,block_N500_c3,0,2026-09-27T15:51:48.325Z,zkSyncTestnet,300,sepolia.era.zksync.dev,block,500,3,5581,0x3e37520a39899436b2d81e9eedfc71470b8e1529a732025c35a078c4360d903c,2725651.078625,2727447.479375,1796.4007500000298,96371,25000000,,success,1,0,,,8583338
pilot_1790521581795,block_N500_c3,0,2026-09-27T15:51:48.711Z,zkSyncTestnet,300,sepolia.era.zksync.dev,block,500,3,5582,0x23f8bd4af6b80a84d410db1b088f9d313691e78a1cffa0c6a490e122fc8d799d,2726027.016833,2727833.107292,1806.0904590003192,96371,25000000,,success,1,0,,,8583339
pilot_1790521581795,block_N500_c3,0,2026-09-27T15:51:50.054Z,zkSyncTestnet,300,sepolia.era.zksync.dev,block,500,3,5583,0x56d2e09e8554eec51afcd51d1f9da7ce4f822660cfcf1c878a024d55ac183d0e,2727080.721458,2729176.580458,2095.8589999997057,96371,25000000,,success,1,0,,,8583340
pilot_1790521581795,block_N500_c3,0,2026-09-27T15:51:50.576Z,zkSyncTestnet,300,sepolia.era.zksync.dev,block,500,3,5584,0x1eba8f098e1e80302de5987e26bfa2c40e8fbf072c80667bc298451e9ede2947,2727447.637583,2729698.046917,2250.4093339997344,96371,25000000,,success,1,0,,,8583341
pilot_1790521581795,block_N500_c3,0,2026-09-27T15:51:50.930Z,zkSyncTestnet,300,sepolia.era.zksync.dev,block,500,3,5585,0x0b797578874e456c055914b495b3cc02779a02ecfd34bdbb2638c3bc024c567d,2727833.195958,2730052.570708,2219.374749999959,96377,25000000,,success,1,0,,,8583342
pilot_1790521581795,block_N500_c3,0,2026-09-27T15:51:52.215Z,zkSyncTestnet,300,sepolia.era.zksync.dev,block,500,3,5586,0xa4021a3087cbe11f800f6cb826da787932f5504a0f8c5a68c17039a027d45d4e,2729176.740542,2731337.028875,2160.288332999684,96377,25000000,,success,1,0,,,8583343
pilot_1790521581795,block_N500_c3,0,2026-09-27T15:51:52.676Z,zkSyncTestnet,300,sepolia.era.zksync.dev,block,500,3,5587,0x421c72fcff08feb7d3ba77c8178e1bdcb6eae81d67316e7d600456bdf8ede1b1,2729698.176042,2731798.535,2100.358958000317,96377,25000000,,success,1,0,,,8583344
pilot_1790521581795,block_N500_c3,0,2026-09-27T15:51:53.951Z,zkSyncTestnet,300,sepolia.era.zksync.dev,block,500,3,5588,0xa41b5e37eed8edc6f0024513749c31ccd8fccbd0919aca0dde0c448d0e4edb09,2730052.718625,2733073.1645,3020.445874999743,88997,25000000,,success,1,0,,,8583345
pilot_1790521581795,block_N500_c3,0,2026-09-27T15:51:54.093Z,zkSyncTestnet,300,sepolia.era.zksync.dev,block,500,3,5589,0xf457c2fecdd0e6637b8e362a0671313cb83e0e6f4f417d5e17322b9e8bd23030,2731337.395167,2733215.284667,1877.8895000000484,88991,25000000,,success,1,0,,,8583346
pilot_1790521581795,block_N500_c3,0,2026-09-27T15:51:54.480Z,zkSyncTestnet,300,sepolia.era.zksync.dev,block,500,3,5590,0x848b46fb09e5bbc0fee5981c4b4f624780228b7b35e96cb78ba5311eb9fe34cc,2731798.803,2733602.174667,1803.3716669999994,88991,25000000,,success,1,0,,,8583347
pilot_1790521581795,block_N500_c3,0,2026-09-27T15:51:55.818Z,zkSyncTestnet,300,sepolia.era.zksync.dev,block,500,3,5591,0x680a26d964565dc0d4f606029ce4807dc46d9817a3eeb405aff3809f59b6490b,2733073.217583,2734940.330375,1867.1127919997089,88997,25000000,,success,1,0,,,8583348
pilot_1790521581795,block_N500_c3,0,2026-09-27T15:51:57.918Z,zkSyncTestnet,300,sepolia.era.zksync.dev,block,500,3,5592,0x9c4c05c69c4a17b89dab8cdfbbf6e2f7184cd966a03f0184cfa7dd6bb3ad961e,2733215.530583,2737040.480708,3824.950124999974,88991,25000000,,success,1,0,,,8583349
pilot_1790521581795,block_N500_c3,0,2026-09-27T15:51:58.777Z,zkSyncTestnet,300,sepolia.era.zksync.dev,block,500,3,5594,0x4eaa48d79203e49c5986c3af93d99015114b1fafb1cc366842281dd2aeef8099,2734940.558083,2737898.787333,2958.2292499998584,88991,25000000,,success,1,0,,,8583351
pilot_1790521581795,block_N500_c3,0,2026-09-27T15:51:58.781Z,zkSyncTestnet,300,sepolia.era.zksync.dev,block,500,3,5593,0x7a6b406f92061786ed2ee149ade3bf0bf04ec9d109d5b605225ee793c5189bb0,2733602.302917,2737902.953625,4300.650708000176,88991,25000000,,success,1,0,,,8583350
pilot_1790521581795,block_N500_c3,0,2026-09-27T15:52:00.660Z,zkSyncTestnet,300,sepolia.era.zksync.dev,block,500,3,5596,0x37b08f7d52288d1c897d92d222522eec71aa7754e38b7b6845e0f57d07c3f712,2737898.92875,2739782.415,1883.4862500000745,88997,25000000,,success,1,0,,,8583352
pilot_1790521581795,block_N500_c3,0,2026-09-27T15:52:01.061Z,zkSyncTestnet,300,sepolia.era.zksync.dev,block,500,3,5595,0xec0472614a005e7403b8724ee32caee65eb5d855f0801b8c7b962b1e93439630,2737040.6455,2740183.044792,3142.3992920001037,88997,25000000,,success,1,0,,,8583352
pilot_1790521581795,block_N500_c3,0,2026-09-27T15:52:01.946Z,zkSyncTestnet,300,sepolia.era.zksync.dev,block,500,3,5597,0x298b2bc12f33f0534d426a4030e9a3af042d78014fb4f0da66d44fabffa7541d,2737902.979792,2741067.822917,3164.8431250001304,88991,25000000,,success,1,0,,,8583353
pilot_1790521581795,block_N500_c3,0,2026-09-27T15:52:03.475Z,zkSyncTestnet,300,sepolia.era.zksync.dev,block,500,3,5598,0xfc327712fc71b000f9d1cd7e1e0ce6d0126331348168e1fbca633f4a3eb94b0f,2739782.596125,2742596.935458,2814.3393329996616,88997,25000000,,success,1,0,,,8583354
pilot_1790521581795,block_N500_c3,0,2026-09-27T15:52:03.818Z,zkSyncTestnet,300,sepolia.era.zksync.dev,block,500,3,5600,0x8c2acfcd5aa1d6e5ddc82ed4f459796c67aaf7f6bc85538b57ed86fb268d52bb,2741068.040958,2742939.927958,1871.8870000001043,88991,25000000,,success,1,0,,,8583355
pilot_1790521581795,block_N500_c3,0,2026-09-27T15:52:04.207Z,zkSyncTestnet,300,sepolia.era.zksync.dev,block,500,3,5599,0x14a0d2c6958abb3fced74837cb7f04a4a3451613ab4ae61a987f346cf9f0855d,2740183.194083,2743328.878458,3145.6843749997206,88997,25000000,,success,1,0,,,8583355
pilot_1790521581795,block_N500_c3,0,2026-09-27T15:52:05.315Z,zkSyncTestnet,300,sepolia.era.zksync.dev,block,500,3,5601,0xfd856295dad7ebc80097a5f49892f0a170c55329237d695825ba46259a07bb3d,2742597.107042,2744437.467917,1840.3608749997802,88997,25000000,,success,1,0,,,8583356
pilot_1790521581795,block_N500_c3,0,2026-09-27T15:52:05.585Z,zkSyncTestnet,300,sepolia.era.zksync.dev,block,500,3,5602,0x9519c332e5fe6467cf8aa70f30321b0cd3f586a2607957c8d2462d56942ec8b7,2742940.081333,2744707.324667,1767.2433339999989,88997,25000000,,success,1,0,,,8583357
pilot_1790521581795,block_N500_c3,0,2026-09-27T15:52:06.887Z,zkSyncTestnet,300,sepolia.era.zksync.dev,block,500,3,5603,0x1e2f0558d9415f9777a493b9e1bed977cfe281ab5caa85370bf792119e7786a7,2743329.009083,2746009.59225,2680.583167000208,88991,25000000,,success,1,0,,,8583358
pilot_1790521581795,block_N500_c3,0,2026-09-27T15:52:08.401Z,zkSyncTestnet,300,sepolia.era.zksync.dev,block,500,3,5604,0xc855918771c003fbb12abdb964baee078f5c306d682b79f32320c9d17b9de66b,2744437.596,2747523.036042,3085.440042000264,88997,25000000,,success,1,0,,,8583359
pilot_1790521581795,block_N500_c3,0,2026-09-27T15:52:08.490Z,zkSyncTestnet,300,sepolia.era.zksync.dev,block,500,3,5605,0x919d5eacae79d3773f2d4a9f494bdafade0570c704774881bde7ead276ea663b,2744707.452625,2747612.499042,2905.046417000238,88997,25000000,,success,1,0,,,8583360
pilot_1790521581795,block_N500_c3,0,2026-09-27T15:52:09.617Z,zkSyncTestnet,300,sepolia.era.zksync.dev,block,500,3,5606,0xd0a5b00e59eaa895c586cc81b5710a3900f63700df70cc48339548d40d8fb8e7,2746009.723125,2748739.502333,2729.779207999818,88997,25000000,,success,1,0,,,8583361
pilot_1790521581795,block_N500_c3,0,2026-09-27T15:52:10.542Z,zkSyncTestnet,300,sepolia.era.zksync.dev,block,500,3,5607,0xd5779d08fd3885e7805f5e35b723f8a4e0196f1e7ef36e86a8ffb1531439ec38,2747523.161833,2749663.747542,2140.5857090000063,88991,25000000,,success,1,0,,,8583362
pilot_1790521581795,block_N500_c3,0,2026-09-27T15:52:11.328Z,zkSyncTestnet,300,sepolia.era.zksync.dev,block,500,3,5608,0xad00ef61e0e8752cecf5c44dd36d35de5b91977bd3decb17cb0403ea4c013c2e,2747612.646917,2750450.127125,2837.480208000168,88991,25000000,,success,1,0,,,8583363
pilot_1790521581795,block_N500_c3,0,2026-09-27T15:52:11.631Z,zkSyncTestnet,300,sepolia.era.zksync.dev,block,500,3,5609,0x068ef7e6db627775e8bc63566e62a19802c9241272013176e0e3dee806e7b8e1,2748739.558833,2750753.402042,2013.8432090003043,88997,25000000,,success,1,0,,,8583363
pilot_1790521581795,block_N500_c3,0,2026-09-27T15:52:13.375Z,zkSyncTestnet,300,sepolia.era.zksync.dev,block,500,3,5610,0x8eb9eede821df2114142149bd121d3ed52c8298e23d5411b58a5d65c0a3692a2,2749663.888125,2752497.391958,2833.5038330000825,88997,25000000,,success,1,0,,,8583364
pilot_1790521581795,block_N500_c3,0,2026-09-27T15:52:14.169Z,zkSyncTestnet,300,sepolia.era.zksync.dev,block,500,3,5611,0xacf2fbf184b4a9312ab0b35e546f84106ba87612693f986d8e1436e33f03ff9f,2750450.220292,2753290.976417,2840.75612499984,88997,25000000,,success,1,0,,,8583365
pilot_1790521581795,block_N500_c3,0,2026-09-27T15:52:15.543Z,zkSyncTestnet,300,sepolia.era.zksync.dev,block,500,3,5612,0xe9838c36ee94ab2951f8db0f16ffb2a5a1c69fdf7793b3077a1a8eae0e239638,2750753.55175,2754664.872917,3911.3211670001037,88991,25000000,,success,1,0,,,8583366
pilot_1790521581795,block_N500_c3,0,2026-09-27T15:52:16.794Z,zkSyncTestnet,300,sepolia.era.zksync.dev,block,500,3,5613,0x521cfe84166036890355018b97a1455f06df811917dc278fa00e790c3a4932c8,2752497.515292,2755915.74725,3418.2319579999894,88991,25000000,,success,1,0,,,8583367
pilot_1790521581795,block_N500_c3,0,2026-09-27T15:52:17.019Z,zkSyncTestnet,300,sepolia.era.zksync.dev,block,500,3,5614,0x623c6615ffa32ac3f7b09b03a3f87b4c2dc1d04e071952e84a49f1e34198623e,2753291.125625,2756140.774625,2849.6490000002086,88997,25000000,,success,1,0,,,8583368
pilot_1790521581795,block_N500_c3,0,2026-09-27T15:52:17.580Z,zkSyncTestnet,300,sepolia.era.zksync.dev,block,500,3,5615,0xde2901012a6b84320ff70fe7964ab40ee584644c5ba841a4bfbf2493ccd7e759,2754664.979542,2756701.731958,2036.7524159997702,88991,25000000,,success,1,0,,,8583369
pilot_1790521581795,block_N500_c3,0,2026-09-27T15:52:18.681Z,zkSyncTestnet,300,sepolia.era.zksync.dev,block,500,3,5616,0xf1e80352147d00439c11346612aeaf0c64a436cc86be857b55afa25edfa9994d,2755915.86475,2757802.8945,1887.0297499997541,88997,25000000,,success,1,0,,,8583370
pilot_1790521581795,block_N500_c3,0,2026-09-27T15:52:19.007Z,zkSyncTestnet,300,sepolia.era.zksync.dev,block,500,3,5617,0x4ddbdde3e44aa452f7f2a93f17c5cf04564b4f02885f2c8e907384e08f62d91a,2756140.833208,2758129.355125,1988.5219169999473,88997,25000000,,success,1,0,,,8583370
pilot_1790521581795,block_N500_c3,0,2026-09-27T15:52:19.650Z,zkSyncTestnet,300,sepolia.era.zksync.dev,block,500,3,5618,0xa9e4f81b6b3abe0426e214609e913653c8609029baa334d42c8fd524c3ae33a4,2756701.855208,2758771.725,2069.869791999925,88991,25000000,,success,1,0,,,8583371
pilot_1790521581795,block_N500_c3,0,2026-09-27T15:52:20.984Z,zkSyncTestnet,300,sepolia.era.zksync.dev,block,500,3,5619,0x62d184f83b3418a1e84009ab69a4b2e1b1f17a969601ed76a8723e4b5d3b64bc,2757803.039917,2760106.531333,2303.4914159998298,88991,25000000,,success,1,0,,,8583372
pilot_1790521581795,block_N500_c3,0,2026-09-27T15:52:21.503Z,zkSyncTestnet,300,sepolia.era.zksync.dev,block,500,3,5621,0x4df06bc2fa0a92e9f0571a357a297a3dc94811df2d8bd12e1889b83671d8ba61,2758771.783458,2760625.368333,1853.584875000175,88991,25000000,,success,1,0,,,8583374
pilot_1790521581795,block_N500_c3,0,2026-09-27T15:52:21.581Z,zkSyncTestnet,300,sepolia.era.zksync.dev,block,500,3,5620,0xd662b7cc459ebf668820f9503cf8545d5b1727d39afe0cee947881dfab37613e,2758129.45475,2760702.989917,2573.535166999791,88997,25000000,,success,1,0,,,8583373
pilot_1790521581795,block_N500_c3,0,2026-09-27T15:52:23.345Z,zkSyncTestnet,300,sepolia.era.zksync.dev,block,500,3,5622,0x1b485f4226b7ae78978ba9b16d45c4c50c78218c48a4986ee1f3e71e8ca03fd4,2760106.686208,2762466.817042,2360.130834000185,88997,25000000,,success,1,0,,,8583375
pilot_1790521581795,block_N500_c3,0,2026-09-27T15:52:24.136Z,zkSyncTestnet,300,sepolia.era.zksync.dev,block,500,3,5623,0xea7aa3c598731a9b7554424213b0bd13750989beeb0596bd2eb466550aa8a081,2760625.48225,2763258.467458,2632.9852080000564,88991,25000000,,success,1,0,,,8583376
pilot_1790521581795,block_N500_c3,0,2026-09-27T15:52:25.527Z,zkSyncTestnet,300,sepolia.era.zksync.dev,block,500,3,5624,0x3a4326be602e4fdadacf45dba6c95050e8ce050ae4a2f0e12a86bba42c913584,2760703.116958,2764649.56725,3946.4502919996157,88991,25000000,,success,1,0,,,8583377
pilot_1790521581795,block_N500_c3,0,2026-09-27T15:52:25.961Z,zkSyncTestnet,300,sepolia.era.zksync.dev,block,500,3,5626,0x03a166480bb66e727ecccca174839a9fb01d48a9538606a85e11f80cddd6ef2c,2763258.761625,2765082.92925,1824.1676250002347,88991,25000000,,success,1,0,,,8583378
pilot_1790521581795,block_N500_c3,0,2026-09-27T15:52:25.987Z,zkSyncTestnet,300,sepolia.era.zksync.dev,block,500,3,5625,0x947283badc252271ae77cc3069ab019dcfec94bc16d6dfcbabfd089e1665a96c,2762466.956292,2765109.2015,2642.245207999833,88991,25000000,,success,1,0,,,8583378
pilot_1790521581795,block_N500_c3,0,2026-09-27T15:52:27.801Z,zkSyncTestnet,300,sepolia.era.zksync.dev,block,500,3,5628,0xf2363c5da8cae725ac79b4498fbfd0492e24d248dc1b6c33123882c4e7eb02f6,2765083.083792,2766922.657667,1839.573874999769,88991,25000000,,success,1,0,,,8583380
pilot_1790521581795,block_N500_c3,0,2026-09-27T15:52:28.371Z,zkSyncTestnet,300,sepolia.era.zksync.dev,block,500,3,5627,0xae0362bbdbcf6728a71048b80533597abab5344d171f84d0935525a2af67beb2,2764649.671375,2767492.969792,2843.2984170001,88991,25000000,,success,1,0,,,8583379
pilot_1790521581795,block_N500_c3,0,2026-09-27T15:52:28.611Z,zkSyncTestnet,300,sepolia.era.zksync.dev,block,500,3,5629,0x62fc2a443defffdf76c8a79a0f7828f19cd13279ee489c121f892e902785e62d,2765109.252083,2767733.35075,2624.0986670004204,88991,25000000,,success,1,0,,,8583381
pilot_1790521581795,block_N500_c3,0,2026-09-27T15:52:30.267Z,zkSyncTestnet,300,sepolia.era.zksync.dev,block,500,3,5630,0x19726b180ef3e09ed92ed035835951ecc24173f46a5e0c9857c0f8394399168c,2766922.79525,2769389.429667,2466.6344170002267,88991,25000000,,success,1,0,,,8583382
pilot_1790521581795,block_N500_c3,0,2026-09-27T15:52:30.471Z,zkSyncTestnet,300,sepolia.era.zksync.dev,block,500,3,5631,0x4613c82a5f5034373ee98d3fa14c195083624859b08b8afbde38e76f52399d3a,2767493.074458,2769592.818083,2099.743625000119,88997,25000000,,success,1,0,,,8583383
pilot_1790521581795,block_N500_c3,0,2026-09-27T15:52:31.587Z,zkSyncTestnet,300,sepolia.era.zksync.dev,block,500,3,5632,0x4744ee05c18ba9e90d002cb6a7d65852568c50613565319f5d98ee06a0551d95,2767733.481333,2770709.298583,2975.8172499998473,88991,25000000,,success,1,0,,,8583384
pilot_1790521581795,block_N1000_c3,0,2026-09-27T16:49:35.487Z,zkSyncTestnet,300,sepolia.era.zksync.dev,block,1000,3,5633,0xec6f3cdf96914fa992cccf00f49ab8acf45c7d10864f4beec514944397c23288,6192083.081708,6194646.537417,2563.455709000118,88991,25000000,,success,1,0,,,8584705
pilot_1790521581795,block_N1000_c3,0,2026-09-27T16:49:37.328Z,zkSyncTestnet,300,sepolia.era.zksync.dev,block,1000,3,5636,0xd298c4e0f25f8fdab45b4bc22a739c8cb9ec8a5ff05bdd49dcd309777aa5348a,6194646.801708,6196487.421125,1840.619417000562,88997,25000000,,success,1,0,,,8584708
pilot_1790521581795,block_N1000_c3,0,2026-09-27T16:49:37.655Z,zkSyncTestnet,300,sepolia.era.zksync.dev,block,1000,3,5634,0xb9d952c64a8a3077132434cb6ba6342c8651577a1f8ff246373bd28759d0078e,6192083.340667,6196813.743417,4730.402750000358,88997,25000000,,success,1,0,,,8584707
pilot_1790521581795,block_N1000_c3,0,2026-09-27T16:49:38.620Z,zkSyncTestnet,300,sepolia.era.zksync.dev,block,1000,3,5635,0x3b7478d6030fda4e77c2e0e7594228bfb7167a8af47fe2eefbd9a85c828a8415,6192083.387583,6197779.637208,5696.249625000171,88991,25000000,,success,1,0,,,8584708
pilot_1790521581795,block_N1000_c3,0,2026-09-27T16:49:39.978Z,zkSyncTestnet,300,sepolia.era.zksync.dev,block,1000,3,5637,0xccad62e81934dfb9ecb223fb38fd6fef75d7055e389d559b43f46eead76f3587,6196487.525458,6199137.436083,2649.9106250004843,88991,25000000,,success,1,0,,,8584710
pilot_1790521581795,block_N1000_c3,0,2026-09-27T16:49:40.974Z,zkSyncTestnet,300,sepolia.era.zksync.dev,block,1000,3,5638,0xea13fcde5e88a45de0478c11caa0fe22dcee3f574ab97ade795d0047fb4107c4,6196813.845625,6200133.090708,3319.2450829995796,88997,25000000,,success,1,0,,,8584711
pilot_1790521581795,block_N1000_c3,0,2026-09-27T16:49:41.337Z,zkSyncTestnet,300,sepolia.era.zksync.dev,block,1000,3,5639,0x339e3eb50a0681386cf0c1e334333e3fce463abced776cf8a548b2815f956fef,6197779.733208,6200495.918625,2716.1854170002043,88991,25000000,,success,1,0,,,8584711
pilot_1790521581795,block_N1000_c3,0,2026-09-27T16:49:42.327Z,zkSyncTestnet,300,sepolia.era.zksync.dev,block,1000,3,5640,0x8628b89ab11ceb937fbeefcd3dac4a299b237e1e11b31cee56f9650d69317f70,6199137.53025,6201486.358833,2348.828583000228,88991,25000000,,success,1,0,,,8584713
pilot_1790521581795,block_N1000_c3,0,2026-09-27T16:49:42.897Z,zkSyncTestnet,300,sepolia.era.zksync.dev,block,1000,3,5641,0x31bc417af634bca2bfb01bb4ede6adec6df4be53bc83a3961b93f24d41a54638,6200133.187417,6202056.664125,1923.4767080005258,88997,25000000,,success,1,0,,,8584715
pilot_1790521581795,block_N1000_c3,0,2026-09-27T16:49:44.285Z,zkSyncTestnet,300,sepolia.era.zksync.dev,block,1000,3,5643,0x98426940f51686b90365bbb5fb899a9b5b422da4191c5ac49558b8ffd566fc33,6201486.521333,6203444.393625,1957.872291999869,88997,25000000,,success,1,0,,,8584717
pilot_1790521581795,block_N1000_c3,0,2026-09-27T16:49:44.304Z,zkSyncTestnet,300,sepolia.era.zksync.dev,block,1000,3,5642,0x8e3e1172bc7ac0a76a4f18c746d9ed4b4f1b8bdc5da1e08d4c007278b070bd18,6200496.0445,6203463.431542,2967.3870419999585,88997,25000000,,success,1,0,,,8584716
pilot_1790521581795,block_N1000_c3,0,2026-09-27T16:49:45.398Z,zkSyncTestnet,300,sepolia.era.zksync.dev,block,1000,3,5644,0xe5f3cd4289cfd33972fc8f7aad15c70246bad94e66308d79e163dc6871991808,6202056.820917,6204557.450458,2500.6295410003513,88997,25000000,,success,1,0,,,8584718
pilot_1790521581795,block_N1000_c3,0,2026-09-27T16:49:46.275Z,zkSyncTestnet,300,sepolia.era.zksync.dev,block,1000,3,5645,0xd44f1490ab8da25e1a0129bd53a11403a09d8b37b30d89a0cebe6e3775329c6c,6203444.559167,6205434.601542,1990.0423749992624,88991,25000000,,success,1,0,,,8584719
pilot_1790521581795,block_N1000_c3,0,2026-09-27T16:49:47.495Z,zkSyncTestnet,300,sepolia.era.zksync.dev,block,1000,3,5646,0x3aa03b556329fd28a92905f7d4105baf2a74b968f1a8935267b20f284cee4668,6203463.494083,6206654.254542,3190.7604589993134,88997,25000000,,success,1,0,,,8584720
pilot_1790521581795,block_N1000_c3,0,2026-09-27T16:49:50.438Z,zkSyncTestnet,300,sepolia.era.zksync.dev,block,1000,3,5647,0x113708fdce958233dd94eb22207da798a0689ed728efa5c8ff81c6c2fd33b157,6204557.543208,6209597.03375,5039.49054200016,88991,25000000,,success,1,0,,,8584721
pilot_1790521581795,block_N1000_c3,0,2026-09-27T16:49:51.539Z,zkSyncTestnet,300,sepolia.era.zksync.dev,block,1000,3,5648,0x67c10d8e66bacda58cf540fd4af9aaa904a21e01e4d258bcbdf16a8c1e69b123,6205434.757917,6210697.827375,5263.069458000362,88997,25000000,,success,1,0,,,8584722
pilot_1790521581795,block_N1000_c3,0,2026-09-27T16:49:52.666Z,zkSyncTestnet,300,sepolia.era.zksync.dev,block,1000,3,5649,0x55b4b92f656a074a6bc5a3089303355d7de6335e67fa04da03297e41ca06b03b,6206654.36775,6211825.086333,5170.7185829998925,88997,25000000,,success,1,0,,,8584723
pilot_1790521581795,block_N1000_c3,0,2026-09-27T16:49:53.791Z,zkSyncTestnet,300,sepolia.era.zksync.dev,block,1000,3,5650,0x22a160990654200b22413bd223a7c5503339aaaf8ff864a12315faa865c6b35b,6209597.195333,6212949.807792,3352.6124589992687,88997,25000000,,success,1,0,,,8584724
pilot_1790521581795,block_N1000_c3,0,2026-09-27T16:49:54.109Z,zkSyncTestnet,300,sepolia.era.zksync.dev,block,1000,3,5651,0xfac328292acdcc7c5973bb7bbb28e87231209be04821ef8c3bf009c144a5e0c1,6210697.925458,6213268.75225,2570.8267919998616,88997,25000000,,success,1,0,,,8584725
pilot_1790521581795,block_N1000_c3,0,2026-09-27T16:49:55.424Z,zkSyncTestnet,300,sepolia.era.zksync.dev,block,1000,3,5652,0x83568b18a1bd0910627538269def651f939a93cb5d4413e5b525c43c9301dc14,6211825.21375,6214583.143958,2757.930207999423,88991,25000000,,success,1,0,,,8584726
pilot_1790521581795,block_N1000_c3,0,2026-09-27T16:49:57.011Z,zkSyncTestnet,300,sepolia.era.zksync.dev,block,1000,3,5653,0x4c01433b56d40491cad37a286ad7a2d47917a28b335101b888c48067b3db0b15,6212949.904417,6216170.800958,3220.896541000344,88991,25000000,,success,1,0,,,8584727
pilot_1790521581795,block_N1000_c3,0,2026-09-27T16:49:58.032Z,zkSyncTestnet,300,sepolia.era.zksync.dev,block,1000,3,5654,0x79f2d395d34ca0ffc7ee1bef344d1498aa60426c2d3c479b24609c5185b6323c,6213268.815625,6217191.08725,3922.271625000052,88991,25000000,,success,1,0,,,8584727
pilot_1790521581795,block_N1000_c3,0,2026-09-27T16:49:58.508Z,zkSyncTestnet,300,sepolia.era.zksync.dev,block,1000,3,5655,0x1c87cf1c3dc8e3bb84e323418f972df1acc9fe19e6a5fc61f13b4e5ee8a8a0c8,6214583.265417,6217667.266042,3084.000624999404,88997,25000000,,success,1,0,,,8584728
pilot_1790521581795,block_N1000_c3,0,2026-09-27T16:50:01.148Z,zkSyncTestnet,300,sepolia.era.zksync.dev,block,1000,3,5656,0xfa12637a3302978fba5d0f7261e07ecf8a7b86526fa82fb0d188e4719d5d91f6,6216170.915042,6220307.0875,4136.172458000481,88997,25000000,,success,1,0,,,8584729
pilot_1790521581795,block_N1000_c3,0,2026-09-27T16:50:01.152Z,zkSyncTestnet,300,sepolia.era.zksync.dev,block,1000,3,5657,0xb33e2c459d727df4dcccb86c68d6d900af8a49481f99d1ce92cbb81e09bed57b,6217191.19075,6220311.644833,3120.4540830003098,88997,25000000,,success,1,0,,,8584729
pilot_1790521581795,block_N1000_c3,0,2026-09-27T16:50:01.155Z,zkSyncTestnet,300,sepolia.era.zksync.dev,block,1000,3,5658,0xa5080e6bb8ecafbf23e233a2cd6169eddfdc3a5161bd3eb1f89e0a733831ce6c,6217667.464417,6220314.648375,2647.183957999572,88997,25000000,,success,1,0,,,8584729
pilot_1790521581795,block_N1000_c3,0,2026-09-27T16:50:03.015Z,zkSyncTestnet,300,sepolia.era.zksync.dev,block,1000,3,5659,0x6f0fcc37a04e0f6142c3a006e9a76c69a16cd2a55fa0041ad49bc4b99562a8fb,6220307.21525,6222174.246083,1867.030832999386,88991,25000000,,success,1,0,,,8584730
pilot_1790521581795,block_N1000_c3,0,2026-09-27T16:50:04.798Z,zkSyncTestnet,300,sepolia.era.zksync.dev,block,1000,3,5661,0x911acae13f36f7c8244b72ad4dccf3c27fb3be1026dba8d7333377054e8ce031,6220314.666375,6223957.628667,3642.96229199972,88991,25000000,,success,1,0,,,8584732
pilot_1790521581795,block_N1000_c3,0,2026-09-27T16:50:04.801Z,zkSyncTestnet,300,sepolia.era.zksync.dev,block,1000,3,5660,0x4074b170be468ed11b726beb83a79b511ed079838d1553cf769e57c78282b0e6,6220311.686375,6223960.193208,3648.5068330001086,88991,25000000,,success,1,0,,,8584731
pilot_1790521581795,block_N1000_c3,0,2026-09-27T16:50:04.870Z,zkSyncTestnet,300,sepolia.era.zksync.dev,block,1000,3,5662,0x38df01837a5fd806defee6a344f379376636e09eb1d7ab14f82ff38630fc7799,6222174.373333,6224029.032792,1854.6594590004534,88997,25000000,,success,1,0,,,8584732
pilot_1790521581795,block_N1000_c3,0,2026-09-27T16:50:06.727Z,zkSyncTestnet,300,sepolia.era.zksync.dev,block,1000,3,5663,0xdd3fbe39408d67e2d1f7d70187f45376930d390a9d8c86016b46ab3133c5d6a3,6223957.689333,6225886.673875,1928.9845420001075,88991,25000000,,success,1,0,,,8584733
pilot_1790521581795,block_N1000_c3,0,2026-09-27T16:50:07.575Z,zkSyncTestnet,300,sepolia.era.zksync.dev,block,1000,3,5664,0xd9cf1cd1f47fd07dedff2e9752fa2233cb7c04f776cc7e5386a57fa673024fc8,6223960.215792,6226734.527208,2774.311416000128,88997,25000000,,success,1,0,,,8584734
pilot_1790521581795,block_N1000_c3,0,2026-09-27T16:50:08.772Z,zkSyncTestnet,300,sepolia.era.zksync.dev,block,1000,3,5665,0xe8f59b2b5e81e9c3a7ca5277c6294d2f56595c724a12a82f301ec3fe21d67300,6224029.082917,6227931.138875,3902.0559580000117,88991,25000000,,success,1,0,,,8584735
pilot_1790521581795,block_N1000_c3,0,2026-09-27T16:50:10.420Z,zkSyncTestnet,300,sepolia.era.zksync.dev,block,1000,3,5667,0x9aed94e3d5f0143306ab9910bd9b21fbeff0826b0a17c41dee6a123abc45649c,6226734.643292,6229578.977417,2844.334125000052,88997,25000000,,success,1,0,,,8584736
pilot_1790521581795,block_N1000_c3,0,2026-09-27T16:50:10.725Z,zkSyncTestnet,300,sepolia.era.zksync.dev,block,1000,3,5666,0x5ba2c109987c854ed1f1555ddbb0bebcf60edf161daa83b5ff6268bd82522ba0,6225886.7645,6229884.839125,3998.0746250003576,88991,25000000,,success,1,0,,,8584736
pilot_1790521581795,block_N1000_c3,0,2026-09-27T16:50:10.961Z,zkSyncTestnet,300,sepolia.era.zksync.dev,block,1000,3,5668,0x25a737ba603fb5fcccf51effab68d11ab3922898419e81dd023b0448b326323d,6227931.236625,6230120.685292,2189.448667000048,88997,25000000,,success,1,0,,,8584737
pilot_1790521581795,block_N1000_c3,0,2026-09-27T16:50:12.670Z,zkSyncTestnet,300,sepolia.era.zksync.dev,block,1000,3,5669,0x18512742e16279625394a4dea95f46c761c372a40e75d9069b9a45ff165a31d6,6229579.108875,6231829.421792,2250.312916999683,88991,25000000,,success,1,0,,,8584738
pilot_1790521581795,block_N1000_c3,0,2026-09-27T16:50:14.129Z,zkSyncTestnet,300,sepolia.era.zksync.dev,block,1000,3,5670,0xfb425ff28a399a4c322108e8877e79fffb293e4a9f4e2aed05b2961ee6f34fa4,6229884.893625,6233288.226833,3403.3332080002874,88997,25000000,,success,1,0,,,8584739
pilot_1790521581795,block_N1000_c3,0,2026-09-27T16:50:14.959Z,zkSyncTestnet,300,sepolia.era.zksync.dev,block,1000,3,5672,0xcfbd2703fcebe932f079eb8f9658724f456ac51868df56081340e5bb322bda33,6231829.533292,6234118.42625,2288.892957999371,88997,25000000,,success,1,0,,,8584740
pilot_1790521581795,block_N1000_c3,0,2026-09-27T16:50:15.336Z,zkSyncTestnet,300,sepolia.era.zksync.dev,block,1000,3,5671,0x0bb08435ee987f9800892c8c9f9f3e34b35fc7d731350428600b2dc4dfc9650a,6230120.731042,6234495.64675,4374.91570799984,88997,25000000,,success,1,0,,,8584740
pilot_1790521581795,block_N1000_c3,0,2026-09-27T16:50:16.634Z,zkSyncTestnet,300,sepolia.era.zksync.dev,block,1000,3,5673,0x1b5ec60a035b4bd5f8c8eac66cc65c0b9a4f3800475f4bc87f7fe2a1aa4f4497,6233288.297875,6235792.938625,2504.6407500002533,88997,25000000,,success,1,0,,,8584741
pilot_1790521581795,block_N1000_c3,0,2026-09-27T16:50:17.408Z,zkSyncTestnet,300,sepolia.era.zksync.dev,block,1000,3,5674,0x718df49a15cd642007073f5065b42200f9243cbb4859c97173ce0e35045ec299,6234118.516917,6236567.387083,2448.870165999979,88997,25000000,,success,1,0,,,8584742
pilot_1790521581795,block_N1000_c3,0,2026-09-27T16:50:18.464Z,zkSyncTestnet,300,sepolia.era.zksync.dev,block,1000,3,5675,0x041dd2189b6fa436199e76598c2f92689857be25356bfda5afd6343366702817,6234495.768417,6237623.851625,3128.0832080002874,88991,25000000,,success,1,0,,,8584743
pilot_1790521581795,block_N1000_c3,0,2026-09-27T16:50:19.308Z,zkSyncTestnet,300,sepolia.era.zksync.dev,block,1000,3,5677,0x75d010f344fef55fe0ce1e567e046d0f36da3ed6c2fc0ab10ddae1c5ff5a526e,6236567.496583,6238467.699417,1900.2028339998797,88991,25000000,,success,1,0,,,8584744
pilot_1790521581795,block_N1000_c3,0,2026-09-27T16:50:19.314Z,zkSyncTestnet,300,sepolia.era.zksync.dev,block,1000,3,5676,0xee052585595c986c6a49356d051bd1e37a84507046ad8b81766dd4ed691150c9,6235793.054167,6238473.503708,2680.4495410006493,88991,25000000,,success,1,0,,,8584744
pilot_1790521581795,block_N1000_c3,0,2026-09-27T16:50:23.324Z,zkSyncTestnet,300,sepolia.era.zksync.dev,block,1000,3,5678,0x0d06344a16d1267aeafa091b7d6ddb33e0128c2ddb2d7ae20a9ba107190dd20d,6237624.079208,6242483.354917,4859.275709000416,88997,25000000,,success,1,0,,,8584745
pilot_1790521581795,block_N1000_c3,0,2026-09-27T16:50:23.559Z,zkSyncTestnet,300,sepolia.era.zksync.dev,block,1000,3,5679,0x38332edebf85f95f2d0858764db6428deef894fbef95589b261d5afd3c8efdd4,6238467.828458,6242718.759417,4250.930959000252,88991,25000000,,success,1,0,,,8584746
pilot_1790521581795,block_N1000_c3,0,2026-09-27T16:50:23.832Z,zkSyncTestnet,300,sepolia.era.zksync.dev,block,1000,3,5680,0x3dd2b2e80ea365eff6df5d80c84bc0698cfda1bd9faa355a20fd9c71c7b48862,6238473.548583,6242991.904583,4518.35599999968,88997,25000000,,success,1,0,,,8584746
pilot_1790521581795,block_N1000_c3,0,2026-09-27T16:50:26.074Z,zkSyncTestnet,300,sepolia.era.zksync.dev,block,1000,3,5681,0x1e57f26925b718ad200f4d1ae7ced4ada5cc81bd9027348c55ecd9a6549f359d,6242483.551125,6245233.88925,2750.3381249997765,88997,25000000,,success,1,0,,,8584747
pilot_1790521581795,block_N1000_c3,0,2026-09-27T16:50:27.120Z,zkSyncTestnet,300,sepolia.era.zksync.dev,block,1000,3,5683,0xbf70fc32afdf803a4f5992b8d184725a2a323ea58bea38de70570e6b7a8aa37a,6242992.028542,6246279.180083,3287.151541000232,88997,25000000,,success,1,0,,,8584748
pilot_1790521581795,block_N1000_c3,0,2026-09-27T16:50:27.397Z,zkSyncTestnet,300,sepolia.era.zksync.dev,block,1000,3,5682,0x97a4247552e3a0d4782336109f01f1511d24f2691b6870a878873129e0e27099,6242718.848042,6246556.689708,3837.841665999964,88991,25000000,,success,1,0,,,8584748
pilot_1790521581795,block_N1000_c3,0,2026-09-27T16:50:27.874Z,zkSyncTestnet,300,sepolia.era.zksync.dev,block,1000,3,5684,0xd2a08825275a4d7512516dce207c98f824312edf6b847eded2a73c659d893d57,6245234.067958,6247032.974458,1798.9064999995753,88878,25000000,,success,1,0,,,8584749
pilot_1790521581795,block_N1000_c3,0,2026-09-27T16:50:28.919Z,zkSyncTestnet,300,sepolia.era.zksync.dev,block,1000,3,5685,0xc3b80a9813fe554a255b3658753e1d7df7a653c6dffffacccee3682c32cbd3b7,6246279.276375,6248078.054417,1798.778041999787,88991,25000000,,success,1,0,,,8584750
pilot_1790521581795,block_N1000_c3,0,2026-09-27T16:50:29.232Z,zkSyncTestnet,300,sepolia.era.zksync.dev,block,1000,3,5686,0x406a7ab1e733511079ddcd3dbb5fa0b4cda2b674ad298aff85b6aa89d42c15ae,6246556.778583,6248391.445208,1834.6666249996051,88991,25000000,,success,1,0,,,8584750
pilot_1790521581795,block_N1000_c3,0,2026-09-27T16:50:29.794Z,zkSyncTestnet,300,sepolia.era.zksync.dev,block,1000,3,5687,0x5139714abc3351edbd359bb60946edd0838acefe62abec4d79d5e07daeedc3cc,6247033.138208,6248953.052375,1919.9141669999808,88991,25000000,,success,1,0,,,8584751
pilot_1790521581795,block_N1000_c3,0,2026-09-27T16:50:31.699Z,zkSyncTestnet,300,sepolia.era.zksync.dev,block,1000,3,5688,0x59f823cf7030a19cdf7ebac260e023cefd2a912e97d9c17c6ff70c6bb2f5fab8,6248078.152667,6250858.107042,2779.9543749997392,88991,25000000,,success,1,0,,,8584752
pilot_1790521581795,block_N1000_c3,0,2026-09-27T16:50:31.716Z,zkSyncTestnet,300,sepolia.era.zksync.dev,block,1000,3,5689,0xf1920838312c466ff077e39dfc4ae55e662d06532887fba165a829c627b1bd21,6248391.566625,6250875.097333,2483.530708000064,88991,25000000,,success,1,0,,,8584752
pilot_1790521581795,block_N1000_c3,0,2026-09-27T16:50:34.264Z,zkSyncTestnet,300,sepolia.era.zksync.dev,block,1000,3,5690,0x7f466c5be4600ddd0a8546151d589c392eb9121f69ceb22737ca07475534d683,6248953.160958,6253423.477542,4470.316583999433,88997,25000000,,success,1,0,,,8584754
pilot_1790521581795,block_N1000_c3,0,2026-09-27T16:50:36.558Z,zkSyncTestnet,300,sepolia.era.zksync.dev,block,1000,3,5691,0x9467ce8574940f105cc6bd26ff8ea8e7c16e2d2c744d45e80d784186c0757272,6250858.285125,6255717.514292,4859.229166999459,88991,25000000,,success,1,0,,,8584755
pilot_1790521581795,block_N1000_c3,0,2026-09-27T16:50:36.742Z,zkSyncTestnet,300,sepolia.era.zksync.dev,block,1000,3,5692,0x754fb1c1aa4df746810684a39d8b36cbd09bcfb28fbea79a7cdc0796225cd261,6250875.150583,6255901.171625,5026.021042000502,88991,25000000,,success,1,0,,,8584755
pilot_1790521581795,block_N1000_c3,0,2026-09-27T16:50:38.457Z,zkSyncTestnet,300,sepolia.era.zksync.dev,block,1000,3,5693,0xcf4af4619fffb01e58bc3409d6edb2546995931a2edebfe51931d62bb6592059,6253423.594,6257616.837125,4193.243125000037,88991,25000000,,success,1,0,,,8584756
pilot_1790521581795,block_N1000_c3,0,2026-09-27T16:50:40.223Z,zkSyncTestnet,300,sepolia.era.zksync.dev,block,1000,3,5694,0xf549f1ab49ee38b0a0c06229ff9c07bf2e22000e21412f7dbfa8d3f3bb79abb2,6255717.616833,6259382.256417,3664.639583999291,88878,25000000,,success,1,0,,,8584757
pilot_1790521581795,block_N1000_c3,0,2026-09-27T16:50:40.453Z,zkSyncTestnet,300,sepolia.era.zksync.dev,block,1000,3,5696,0xa273999004ef71231d1b9162d578553b039e35f6c558dc02cae675af5305644c,6257617.016625,6259612.308458,1995.2918330002576,88997,25000000,,success,1,0,,,8584758
pilot_1790521581795,block_N1000_c3,0,2026-09-27T16:50:40.470Z,zkSyncTestnet,300,sepolia.era.zksync.dev,block,1000,3,5695,0x742128251ac1db1203af63bbe38513da6ee3a1c242f88a3c8b1d414cb2ae209f,6255901.318958,6259629.327167,3728.0082089994103,88997,25000000,,success,1,0,,,8584757
pilot_1790521581795,block_N1000_c3,0,2026-09-27T16:50:43.388Z,zkSyncTestnet,300,sepolia.era.zksync.dev,block,1000,3,5697,0xe7b145ca8e43af2cdf3143456a4ca3ef5a2c9e1f417b3b92ccca109e9c2fcd7e,6259382.337208,6262547.963792,3165.626583999954,88991,25000000,,success,1,0,,,8584759
pilot_1790521581795,block_N1000_c3,0,2026-09-27T16:50:43.894Z,zkSyncTestnet,300,sepolia.era.zksync.dev,block,1000,3,5698,0x719432e69e1e6d0399955c69d986842d33f2ec7c5e706a60148a790633507761,6259612.478625,6263054.021958,3441.543332999572,88997,25000000,,success,1,0,,,8584760
pilot_1790521581795,block_N1000_c3,0,2026-09-27T16:50:44.731Z,zkSyncTestnet,300,sepolia.era.zksync.dev,block,1000,3,5699,0x18f052eae3f7a5224cac52ac0e1ddd0814f7a00181a88ea7621ced1dfbb2f61d,6259629.36925,6263890.074125,4260.704874999821,88991,25000000,,success,1,0,,,8584761
pilot_1790521581795,block_N1000_c3,0,2026-09-27T16:50:47.109Z,zkSyncTestnet,300,sepolia.era.zksync.dev,block,1000,3,5701,0x9b3851c97cabd8b2faff8f40373babb31c3f637639266fb4e40a01e7f98ce2ba,6263054.200625,6266268.6545,3214.4538750005886,88991,25000000,,success,1,0,,,8584763
pilot_1790521581795,block_N1000_c3,0,2026-09-27T16:50:47.113Z,zkSyncTestnet,300,sepolia.era.zksync.dev,block,1000,3,5700,0x1f1fd0b66f3caf68e5ab8223f2180181d355bf97c9141f8f000c057809398558,6262548.049333,6266272.706583,3724.657250000164,88991,25000000,,success,1,0,,,8584762
pilot_1790521581795,block_N1000_c3,0,2026-09-27T16:50:47.131Z,zkSyncTestnet,300,sepolia.era.zksync.dev,block,1000,3,5702,0x31dc5c4598ed21e8a73306f1eb7a10480c6af937874f3dd571da75d10c5c4a22,6263890.219833,6266290.169042,2399.949208999984,88997,25000000,,success,1,0,,,8584764
pilot_1790521581795,block_N1000_c3,0,2026-09-27T16:50:49.841Z,zkSyncTestnet,300,sepolia.era.zksync.dev,block,1000,3,5703,0x3ff6c474753a0bfc660036eae1c1faebe8ee88fb0c04022587e2ec582ddece81,6266268.855083,6269000.174083,2731.319000000134,88997,25000000,,success,1,0,,,8584765
pilot_1790521581795,block_N1000_c3,0,2026-09-27T16:50:50.252Z,zkSyncTestnet,300,sepolia.era.zksync.dev,block,1000,3,5704,0x21a599c7f13626e56663beb8058602bb80a8cc70c8632cd241eb77031f53e3ee,6266272.745708,6269411.884833,3139.139124999754,88997,25000000,,success,1,0,,,8584765
pilot_1790521581795,block_N1000_c3,0,2026-09-27T16:50:50.258Z,zkSyncTestnet,300,sepolia.era.zksync.dev,block,1000,3,5705,0x753709ccb45c4a960f2fc533c7f1d337ac956ed1be6bfc99df784680a62a57f3,6266290.216208,6269417.285667,3127.0694590006024,88991,25000000,,success,1,0,,,8584765
pilot_1790521581795,block_N1000_c3,0,2026-09-27T16:50:52.556Z,zkSyncTestnet,300,sepolia.era.zksync.dev,block,1000,3,5707,0x0310a73722b5fd716d4475f5a68378d55eda3d56454bec4a9f43049529dc6014,6269412.06925,6271715.709792,2303.640542000532,88991,25000000,,success,1,0,,,8584766
pilot_1790521581795,block_N1000_c3,0,2026-09-27T16:50:52.602Z,zkSyncTestnet,300,sepolia.era.zksync.dev,block,1000,3,5706,0xa7be5709f5bf87fe146696e2dbc8ad671b6701c53cdffbac9e2b8b3490316c09,6269000.251417,6271761.175333,2760.9239159999415,88991,25000000,,success,1,0,,,8584766
pilot_1790521581795,block_N1000_c3,0,2026-09-27T16:50:54.086Z,zkSyncTestnet,300,sepolia.era.zksync.dev,block,1000,3,5708,0xb312f056416e256f4b67790ddfb777aba01303b0e9a7a3ff3cf0ff5b7fdac27d,6269417.323542,6273245.940292,3828.6167500000447,88997,25000000,,success,1,0,,,8584767
pilot_1790521581795,block_N1000_c3,0,2026-09-27T16:50:55.960Z,zkSyncTestnet,300,sepolia.era.zksync.dev,block,1000,3,5709,0x788f8d980567d63090b54e6f7a140fd253fc9f6c1a6bdaf0dd8aeba067ab966f,6271715.822458,6275119.670042,3403.8475839998573,88997,25000000,,success,1,0,,,8584768
pilot_1790521581795,block_N1000_c3,0,2026-09-27T16:50:57.011Z,zkSyncTestnet,300,sepolia.era.zksync.dev,block,1000,3,5711,0x84450c211d2a7ac0dc8c73d0240c9f7b752f0922d72a72360ccfe45c37f1986a,6273246.037667,6276170.206792,2924.169125000015,88997,25000000,,success,1,0,,,8584769
pilot_1790521581795,block_N1000_c3,0,2026-09-27T16:50:57.289Z,zkSyncTestnet,300,sepolia.era.zksync.dev,block,1000,3,5710,0xaad0e2fa31dacbe195e585bf54cd4e7aaaa153b29a1a71c6eb28e705d007574f,6271761.299625,6276448.938792,4687.639166999608,88997,25000000,,success,1,0,,,8584769
pilot_1790521581795,block_N1000_c3,0,2026-09-27T16:50:57.835Z,zkSyncTestnet,300,sepolia.era.zksync.dev,block,1000,3,5712,0x0ad19849b9ababf0a26dfcb64e10d5ceb0a85efe6784ba3daba5078f4ca5187c,6275119.781667,6276994.982917,1875.2012499999255,88991,25000000,,success,1,0,,,8584770
pilot_1790521581795,block_N1000_c3,0,2026-09-27T16:50:58.829Z,zkSyncTestnet,300,sepolia.era.zksync.dev,block,1000,3,5713,0x2924966c600a2c812a0a010f5f382c6565a131a03e49d11e36e637b831cdf47b,6276170.269625,6277988.125083,1817.8554580006748,88997,25000000,,success,1,0,,,8584771
pilot_1790521581795,block_N1000_c3,0,2026-09-27T16:50:59.142Z,zkSyncTestnet,300,sepolia.era.zksync.dev,block,1000,3,5714,0x0410d83269eb6d16be138ef6bd811978983db178969d361348347f7856533fed,6276449.103,6278301.835667,1852.732667000033,88991,25000000,,success,1,0,,,8584772
pilot_1790521581795,block_N1000_c3,0,2026-09-27T16:50:59.732Z,zkSyncTestnet,300,sepolia.era.zksync.dev,block,1000,3,5715,0x589fa9e7798a014c99ff4affe4b2c7023afc9efa3a2c3bd18e275595a0f25f9b,6276995.079583,6278891.412833,1896.3332499992102,88997,25000000,,success,1,0,,,8584773
pilot_1790521581795,block_N1000_c3,0,2026-09-27T16:51:01.251Z,zkSyncTestnet,300,sepolia.era.zksync.dev,block,1000,3,5716,0x7e1354d42913f7bf6b4f42d8654b23aa6c184ac29528bb5e44b0585f5e89b9bc,6277988.2705,6280410.596542,2422.3260420002043,88991,25000000,,success,1,0,,,8584774
pilot_1790521581795,block_N1000_c3,0,2026-09-27T16:51:02.850Z,zkSyncTestnet,300,sepolia.era.zksync.dev,block,1000,3,5717,0x0b44aa9ea63715e3465180dff323b0dba67c77a600d88830e992f57b0599b9a7,6278301.926792,6282010.022708,3708.0959159992635,88997,25000000,,success,1,0,,,8584775
pilot_1790521581795,block_N1000_c3,0,2026-09-27T16:51:03.362Z,zkSyncTestnet,300,sepolia.era.zksync.dev,block,1000,3,5718,0x5ca797bbdb96e67576b032a8c360a6877c0ec1b35f4819c3c87123babfd8f43e,6278891.5285,6282521.788708,3630.260208000429,88991,25000000,,success,1,0,,,8584776
pilot_1790521581795,block_N1000_c3,0,2026-09-27T16:51:03.908Z,zkSyncTestnet,300,sepolia.era.zksync.dev,block,1000,3,5719,0xf9a87ddef6b07ce185425c919999c34f2b0145696527d0bce7979f3351fab22c,6280410.7775,6283067.383,2656.605500000529,88997,25000000,,success,1,0,,,8584777
pilot_1790521581795,block_N1000_c3,0,2026-09-27T16:51:05.397Z,zkSyncTestnet,300,sepolia.era.zksync.dev,block,1000,3,5721,0xb01e87d0a97ee563f530b2e89c4d647a62593c40b36bb9cbcf0a8c523b46263c,6282521.899958,6284556.775958,2034.876000000164,88991,25000000,,success,1,0,,,8584779
pilot_1790521581795,block_N1000_c3,0,2026-09-27T16:51:05.418Z,zkSyncTestnet,300,sepolia.era.zksync.dev,block,1000,3,5720,0x0bcaedc8da371657f57fef55d3eb4868dc3df8e539342c78f687d9f9293b99d0,6282010.125,6284577.61925,2567.4942500004545,88997,25000000,,success,1,0,,,8584778
pilot_1790521581795,block_N1000_c3,0,2026-09-27T16:51:06.330Z,zkSyncTestnet,300,sepolia.era.zksync.dev,block,1000,3,5722,0xc9c4025510bea59debb3bd48addc5c45087fce6fce158d88627ca7fc3b2e2062,6283067.450458,6285489.806417,2422.3559589991346,88997,25000000,,success,1,0,,,8584780
pilot_1790521581795,block_N1000_c3,0,2026-09-27T16:51:08.127Z,zkSyncTestnet,300,sepolia.era.zksync.dev,block,1000,3,5723,0xa7c985991e37635c946835c469ba209c018be49b77f39872b94b4542527b49fc,6284556.882458,6287286.402708,2729.5202499991283,88997,25000000,,success,1,0,,,8584781
pilot_1790521581795,block_N1000_c3,0,2026-09-27T16:51:09.585Z,zkSyncTestnet,300,sepolia.era.zksync.dev,block,1000,3,5724,0x219a4917b7604c050d9cd8032f06805b7e4f1a5d5d759d55d232bc36043f2ac2,6284577.662458,6288744.629167,4166.9667090000585,88991,25000000,,success,1,0,,,8584782
pilot_1790521581795,block_N1000_c3,0,2026-09-27T16:51:10.433Z,zkSyncTestnet,300,sepolia.era.zksync.dev,block,1000,3,5725,0x29308f2000e1ebeb75ce120aebd2663867c0d7714420633cb28ff5e664c2d5c0,6285489.904792,6289592.836583,4102.931791000068,88991,25000000,,success,1,0,,,8584783
pilot_1790521581795,block_N1000_c3,0,2026-09-27T16:51:11.384Z,zkSyncTestnet,300,sepolia.era.zksync.dev,block,1000,3,5726,0xcceff71544fd457a0aead22e25ad90b12ef3896b657cc6b228a01a380d6e5978,6287286.528667,6290544.08375,3257.555083000101,88997,25000000,,success,1,0,,,8584784
pilot_1790521581795,block_N1000_c3,0,2026-09-27T16:51:11.687Z,zkSyncTestnet,300,sepolia.era.zksync.dev,block,1000,3,5727,0x627ba86a05fbbb84f39c096a53625707fe3f14c2090feae59aaed77385b40a08,6288744.816292,6290847.091833,2102.275541000068,88997,25000000,,success,1,0,,,8584784
pilot_1790521581795,block_N1000_c3,0,2026-09-27T16:51:12.218Z,zkSyncTestnet,300,sepolia.era.zksync.dev,block,1000,3,5728,0x131d4fdb5a5acb90f2f5d027c5a9c93795dc9028e6254a460a200911f2e0736a,6289592.967083,6291377.516625,1784.5495420005172,88997,25000000,,success,1,0,,,8584785
pilot_1790521581795,block_N1000_c3,0,2026-09-27T16:51:13.584Z,zkSyncTestnet,300,sepolia.era.zksync.dev,block,1000,3,5730,0xee546f77ea17b783136b2f82bae3659d86cd218cd6b6513c21f12917fe797611,6290847.183042,6292744.028542,1896.8454999998212,88991,25000000,,success,1,0,,,8584786
pilot_1790521581795,block_N1000_c3,0,2026-09-27T16:51:14.311Z,zkSyncTestnet,300,sepolia.era.zksync.dev,block,1000,3,5729,0xfb9bf5ea59b1def320847bedb978201e8af3d719f5ff3e7db175d04eb0717dfe,6290544.173,6293470.634,2926.4609999991953,88991,25000000,,success,1,0,,,8584786
pilot_1790521581795,block_N1000_c3,0,2026-09-27T16:51:15.416Z,zkSyncTestnet,300,sepolia.era.zksync.dev,block,1000,3,5732,0xf1828a98d2938d36434b253472ae43870e6c6e7708d05a25f2da2d60d901a63b,6292744.161708,6294575.561042,1831.3993339994922,88991,25000000,,success,1,0,,,8584789
pilot_1790521581795,block_N1000_c3,0,2026-09-27T16:51:15.794Z,zkSyncTestnet,300,sepolia.era.zksync.dev,block,1000,3,5731,0xe3de3ab4c4714f391e263162c5371b10c0cf0e4fc21242b1bb7eeed6fc0ff543,6291377.601792,6294953.273,3575.6712079998106,88997,25000000,,success,1,0,,,8584788
pilot_1790521581795,block_N1000_c3,0,2026-09-27T16:51:16.122Z,zkSyncTestnet,300,sepolia.era.zksync.dev,block,1000,3,5733,0x2962d434a942251211f674f9f49b7d35b8bb3e1f73bb9aac852102f38021962d,6293470.731083,6295282.133,1811.4019170003012,88997,25000000,,success,1,0,,,8584790
pilot_1790521581795,block_N1000_c3,0,2026-09-27T16:51:19.886Z,zkSyncTestnet,300,sepolia.era.zksync.dev,block,1000,3,5734,0xf18ad7df20d2cb657f1a798b8c1c80b88b0eb69113cb2240b6bdc17a8896d077,6294575.668208,6299046.094208,4470.425999999978,88991,25000000,,success,1,0,,,8584791
pilot_1790521581795,block_N1000_c3,0,2026-09-27T16:51:20.176Z,zkSyncTestnet,300,sepolia.era.zksync.dev,block,1000,3,5735,0xe8f9f655f68c6842e751b513c2c3c1a6f8b7e489bc4154e4bcdc5d829d1cb6dc,6294953.449375,6299335.747667,4382.298291999847,88991,25000000,,success,1,0,,,8584791
pilot_1790521581795,block_N1000_c3,0,2026-09-27T16:51:20.969Z,zkSyncTestnet,300,sepolia.era.zksync.dev,block,1000,3,5736,0xba4ac5eb64f99ca894dc1b3c46b62cd030390fdd133d5bfe290086e65bd554f5,6295282.240875,6300128.810958,4846.570082999766,88997,25000000,,success,1,0,,,8584791
pilot_1790521581795,block_N1000_c3,0,2026-09-27T16:51:22.247Z,zkSyncTestnet,300,sepolia.era.zksync.dev,block,1000,3,5737,0x02ff389cb0f8b2e311aabe80f544f542fe4ad8646a2e58a1fb648cfdce2f0b82,6299046.186583,6301406.673458,2360.4868749994785,88991,25000000,,success,1,0,,,8584792
pilot_1790521581795,block_N1000_c3,0,2026-09-27T16:51:22.695Z,zkSyncTestnet,300,sepolia.era.zksync.dev,block,1000,3,5738,0xd6092cf354c321b6b7a23f13317471631e0b018bf82743f1cb17253c81e6d4f4,6299335.8605,6301854.508458,2518.6479579992592,88991,25000000,,success,1,0,,,8584793
pilot_1790521581795,block_N1000_c3,0,2026-09-27T16:51:23.616Z,zkSyncTestnet,300,sepolia.era.zksync.dev,block,1000,3,5739,0xae0945537883ae752e4723a0e97d145c15f9b1c2459b805f9909106f8b061f8d,6300128.981042,6302776.217042,2647.235999999568,88997,25000000,,success,1,0,,,8584793
pilot_1790521581795,block_N1000_c3,0,2026-09-27T16:51:25.037Z,zkSyncTestnet,300,sepolia.era.zksync.dev,block,1000,3,5740,0xe3b3e29b1d6b7487cfb19c6bdbbcafeacb3a64a751db91fe0f716a55b0e049a4,6301406.840083,6304196.866542,2790.0264590000734,88991,25000000,,success,1,0,,,8584794
pilot_1790521581795,block_N1000_c3,0,2026-09-27T16:51:25.147Z,zkSyncTestnet,300,sepolia.era.zksync.dev,block,1000,3,5741,0x09b6e8cac2578a27dedb37f6ba13ac56244cadae89ae2e15b2afcf6212d90d03,6301854.6725,6304306.607,2451.9344999995083,88997,25000000,,success,1,0,,,8584795
pilot_1790521581795,block_N1000_c3,0,2026-09-27T16:51:25.354Z,zkSyncTestnet,300,sepolia.era.zksync.dev,block,1000,3,5742,0x09ed0a2ce6afd67cd36a73d4893436968bd854c78661dd98ba8a226e28934025,6302776.41125,6304513.872167,1737.4609169997275,88991,25000000,,success,1,0,,,8584795
pilot_1790521581795,block_N1000_c3,0,2026-09-27T16:51:27.774Z,zkSyncTestnet,300,sepolia.era.zksync.dev,block,1000,3,5743,0xa9979ee82ff8bb7f4aa70c0b4f4a01dd017955bca78defb5ab061a421593587c,6304197.059333,6306933.74975,2736.6904170000926,88991,25000000,,success,1,0,,,8584796
pilot_1790521581795,block_N1000_c3,0,2026-09-27T16:51:28.990Z,zkSyncTestnet,300,sepolia.era.zksync.dev,block,1000,3,5745,0x76731db3a4d789755746f0ce1c36022eed273229c4c7c8abc7df400a02989011,6304513.977792,6308149.28775,3635.309957999736,88991,25000000,,success,1,0,,,8584797
pilot_1790521581795,block_N1000_c3,0,2026-09-27T16:51:28.993Z,zkSyncTestnet,300,sepolia.era.zksync.dev,block,1000,3,5744,0xb0d11882b79382b01305902b6b2bf62741df92692a08ed9f8b95d6b4e4fdf546,6304306.695958,6308153.216917,3846.520959000103,88991,25000000,,success,1,0,,,8584797
pilot_1790521581795,block_N1000_c3,0,2026-09-27T16:51:32.652Z,zkSyncTestnet,300,sepolia.era.zksync.dev,block,1000,3,5746,0xb5545758d841d5b36fef122ba5a9e1b745b30c1740f91c3b14326c663155ac30,6306933.850375,6311811.699917,4877.8495419994,88991,25000000,,success,1,0,,,8584798
pilot_1790521581795,block_N1000_c3,0,2026-09-27T16:51:32.656Z,zkSyncTestnet,300,sepolia.era.zksync.dev,block,1000,3,5747,0x7801ea42716b063f4bec408fd7dbb0f8c8725fcfd6cefaa2790608f8e48e3636,6308149.394042,6311815.745458,3666.351416000165,88997,25000000,,success,1,0,,,8584798
pilot_1790521581795,block_N1000_c3,0,2026-09-27T16:51:33.975Z,zkSyncTestnet,300,sepolia.era.zksync.dev,block,1000,3,5748,0xe140f6a0506a99f64a4a5d48c870fc3eda02137fd1e8641637df97b8315fe26b,6308153.237875,6313135.199875,4981.962000000291,88997,25000000,,success,1,0,,,8584799
pilot_1790521581795,block_N1000_c3,0,2026-09-27T16:51:35.893Z,zkSyncTestnet,300,sepolia.era.zksync.dev,block,1000,3,5749,0x9ea65e62b79f175f338287979f8327235c10a15b2513774cfd2d6f34dc7271bd,6311811.797542,6315052.919583,3241.1220410000533,88997,25000000,,success,1,0,,,8584800
pilot_1790521581795,block_N1000_c3,0,2026-09-27T16:51:36.745Z,zkSyncTestnet,300,sepolia.era.zksync.dev,block,1000,3,5751,0xae2966f51968339bf45ca5fff3306c8418b48337e272fede16fd9d5c3dd391b6,6313135.378542,6315904.80825,2769.429707999341,88997,25000000,,success,1,0,,,8584801
pilot_1790521581795,block_N1000_c3,0,2026-09-27T16:51:37.375Z,zkSyncTestnet,300,sepolia.era.zksync.dev,block,1000,3,5750,0x79da1ce140756ac3fd13e62071820e735f8d207d0b299334b7189d20b98d6377,6311815.766667,6316534.631167,4718.864500000142,88997,25000000,,success,1,0,,,8584801
pilot_1790521581795,block_N1000_c3,0,2026-09-27T16:51:38.424Z,zkSyncTestnet,300,sepolia.era.zksync.dev,block,1000,3,5752,0x330740a48ae7bc1480954f73e448adb270bfea44f8c174bcf34d78724abf5c33,6315053.033333,6317583.55875,2530.5254170000553,88997,25000000,,success,1,0,,,8584802
pilot_1790521581795,block_N1000_c3,0,2026-09-27T16:51:38.655Z,zkSyncTestnet,300,sepolia.era.zksync.dev,block,1000,3,5753,0xa349b72c9a31cb84c234eabd696ff00bb20821cba8484928694c866e65940dbd,6315904.919375,6317814.665333,1909.7459580004215,88997,25000000,,success,1,0,,,8584803
pilot_1790521581795,block_N1000_c3,0,2026-09-27T16:51:39.218Z,zkSyncTestnet,300,sepolia.era.zksync.dev,block,1000,3,5754,0x589a83aa8e38d2f6a1bfa68c8d6a19a1bf72e44b258f0762a11661483a6a1642,6316534.739208,6318377.966792,1843.2275840006769,88991,25000000,,success,1,0,,,8584804
pilot_1790521581795,block_N1000_c3,0,2026-09-27T16:51:41.246Z,zkSyncTestnet,300,sepolia.era.zksync.dev,block,1000,3,5755,0xd94a83c56d07e2887b95e16fcb8ac3d13da71e4df63029debc5b79626022a479,6317583.682292,6320405.555375,2821.8730830000713,88991,25000000,,success,1,0,,,8584805
pilot_1790521581795,block_N1000_c3,0,2026-09-27T16:51:41.570Z,zkSyncTestnet,300,sepolia.era.zksync.dev,block,1000,3,5756,0xc570f0be65d425cb69dd70f72fff43c8f6eadf0847a0c79578ec986b0b211778,6317814.736417,6320729.813167,2915.0767500000075,88997,25000000,,success,1,0,,,8584806
pilot_1790521581795,block_N1000_c3,0,2026-09-27T16:51:42.499Z,zkSyncTestnet,300,sepolia.era.zksync.dev,block,1000,3,5757,0x3c248455649fd8447fde6c01283baaf73481e8e597cbf48b37f3e7ca779e31f9,6318378.056333,6321658.694875,3280.6385420002043,88997,25000000,,success,1,0,,,8584806
pilot_1790521581795,block_N1000_c3,0,2026-09-27T16:51:43.147Z,zkSyncTestnet,300,sepolia.era.zksync.dev,block,1000,3,5758,0x04429b05a45c07e59e8e12006833d72f4b4c9d569512038fc1b6f070692a3b05,6320405.642167,6322306.64225,1901.0000829994678,88991,25000000,,success,1,0,,,8584807
pilot_1790521581795,block_N1000_c3,0,2026-09-27T16:51:43.397Z,zkSyncTestnet,300,sepolia.era.zksync.dev,block,1000,3,5759,0x39d29237cdfb96436c02a49922b235428913dca44aa226b24e71e6dc064ba6f8,6320729.963042,6322557.165083,1827.2020410001278,88997,25000000,,success,1,0,,,8584808
pilot_1790521581795,block_N1000_c3,0,2026-09-27T16:51:45.474Z,zkSyncTestnet,300,sepolia.era.zksync.dev,block,1000,3,5760,0xcff47712487ba379b346dca18fc52cc039eecd5c6593aa706cf3f5e55e34a0be,6321658.80825,6324633.886792,2975.078542000614,88991,25000000,,success,1,0,,,8584810
pilot_1790521581795,block_N1000_c3,0,2026-09-27T16:51:46.477Z,zkSyncTestnet,300,sepolia.era.zksync.dev,block,1000,3,5761,0x2856171c52fa248e979c361d775ab27afbf5ac059b29908a9c996a1171cbce9a,6322306.758792,6325637.341458,3330.5826660003513,88991,25000000,,success,1,0,,,8584811
pilot_1790521581795,block_N1000_c3,0,2026-09-27T16:51:47.048Z,zkSyncTestnet,300,sepolia.era.zksync.dev,block,1000,3,5762,0x234ab57bd363baa61ee282fd989241ec9b6246efbd0a98897e51f2a778ffee6b,6322557.255417,6326207.624833,3650.3694160003215,88991,25000000,,success,1,0,,,8584812
pilot_1790521581795,block_N1000_c3,0,2026-09-27T16:51:49.437Z,zkSyncTestnet,300,sepolia.era.zksync.dev,block,1000,3,5763,0x495090e731445f0b676a526c8fe9f03533d4160ff0e3615c9f155a440aa735fc,6324633.980375,6328596.833958,3962.853582999669,88991,25000000,,success,1,0,,,8584813
pilot_1790521581795,block_N1000_c3,0,2026-09-27T16:51:49.440Z,zkSyncTestnet,300,sepolia.era.zksync.dev,block,1000,3,5764,0x771ae9c62cc5d1ac42de29ca82a1eca0b4b7ef4802dbd0f0fb2a65f556284a8d,6325637.486,6328600.275875,2962.7898750007153,88997,25000000,,success,1,0,,,8584814
pilot_1790521581795,block_N1000_c3,0,2026-09-27T16:51:53.364Z,zkSyncTestnet,300,sepolia.era.zksync.dev,block,1000,3,5765,0x915e5aa072623cb056e6c418d7d686b7bd77d45bbc0ed452c0a752f784679002,6326207.707875,6332523.923875,6316.216000000015,88997,25000000,,success,1,0,,,8584815
pilot_1790521581795,block_N1000_c3,0,2026-09-27T16:51:54.905Z,zkSyncTestnet,300,sepolia.era.zksync.dev,block,1000,3,5766,0xb8a2f6eeb5538ac077679037699f5db62a24d758f04e43d644984f6346359471,6328596.925667,6334065.122875,5468.197208000347,88991,25000000,,success,1,0,,,8584817
pilot_1790521581795,block_N1000_c3,0,2026-09-27T16:51:55.726Z,zkSyncTestnet,300,sepolia.era.zksync.dev,block,1000,3,5767,0xbc850eb857d2b2760190dc2aee336a59433052da6d6dbbfe92e73727f0255ed1,6328600.295208,6334885.50975,6285.2145420005545,88991,25000000,,success,1,0,,,8584817
pilot_1790521581795,block_N1000_c3,0,2026-09-27T16:51:55.844Z,zkSyncTestnet,300,sepolia.era.zksync.dev,block,1000,3,5768,0x62cea19ae601860c81f71b8e33880a6384e3635355efb753d12c574541d0c048,6332524.102458,6335003.617583,2479.515124999918,88997,25000000,,success,1,0,,,8584818
pilot_1790521581795,block_N1000_c3,0,2026-09-27T16:51:58.873Z,zkSyncTestnet,300,sepolia.era.zksync.dev,block,1000,3,5769,0x640da4260c7d4e717f39416d81cdfdda1a1cb262c976f59cc6b048d266115ed5,6334065.203792,6338033.177125,3967.9733330002055,88878,25000000,,success,1,0,,,8584819
pilot_1790521581795,block_N1000_c3,0,2026-09-27T16:51:59.141Z,zkSyncTestnet,300,sepolia.era.zksync.dev,block,1000,3,5771,0xfd11e3e47c81380ca735208153f5823a3b189d3d65a548ff9d30992d4d2b96da,6335003.660292,6338300.422583,3296.7622910002246,88997,25000000,,success,1,0,,,8584820
pilot_1790521581795,block_N1000_c3,0,2026-09-27T16:51:59.653Z,zkSyncTestnet,300,sepolia.era.zksync.dev,block,1000,3,5770,0x442df359f2643aef740402cb024d58a2a2153b8548c3ec7d66673ee8400c79e4,6334885.633583,6338812.656833,3927.02324999962,88991,25000000,,success,1,0,,,8584820
pilot_1790521581795,block_N1000_c3,0,2026-09-27T16:52:00.705Z,zkSyncTestnet,300,sepolia.era.zksync.dev,block,1000,3,5772,0x392efd057732045967169100bf98c356f671c63cb7cbba661bd4835872ff98a1,6338033.300667,6339864.47275,1831.1720829997212,88997,25000000,,success,1,0,,,8584821
pilot_1790521581795,block_N1000_c3,0,2026-09-27T16:52:01.022Z,zkSyncTestnet,300,sepolia.era.zksync.dev,block,1000,3,5773,0xab492bfe3540cf3fa20fc3cd72aff61ebb3a939856e5e971a2d95ad8606a6d1b,6338300.579792,6340182.315625,1881.7358329994604,88991,25000000,,success,1,0,,,8584822
pilot_1790521581795,block_N1000_c3,0,2026-09-27T16:52:02.447Z,zkSyncTestnet,300,sepolia.era.zksync.dev,block,1000,3,5774,0xae93be12bb98252ff1e8c5b1a5f9e880dc04ad942f9ee3042d4b5986c442cace,6338812.844458,6341606.976042,2794.1315839998424,88991,25000000,,success,1,0,,,8584823
pilot_1790521581795,block_N1000_c3,0,2026-09-27T16:52:03.818Z,zkSyncTestnet,300,sepolia.era.zksync.dev,block,1000,3,5776,0xaa7eadd46d35b74dcfa964921de7e514f31dfb1fbcef0283b9485ed44852ed00,6340182.386917,6342977.715375,2795.3284579999745,88997,25000000,,success,1,0,,,8584824
pilot_1790521581795,block_N1000_c3,0,2026-09-27T16:52:03.936Z,zkSyncTestnet,300,sepolia.era.zksync.dev,block,1000,3,5775,0x49e30202c4f1b00187fa35f0374bfce327838dd556d7ec3d2932675e55d7030f,6339864.5495,6343095.85525,3231.3057500002906,88997,25000000,,success,1,0,,,8584824
pilot_1790521581795,block_N1000_c3,0,2026-09-27T16:52:04.340Z,zkSyncTestnet,300,sepolia.era.zksync.dev,block,1000,3,5777,0x1495233a66082271f4d7a9c95dd21cd3c6d461590e9db5ed035df55c17b21822,6341607.077958,6343500.201083,1893.1231249999255,88991,25000000,,success,1,0,,,8584825
pilot_1790521581795,block_N1000_c3,0,2026-09-27T16:52:06.645Z,zkSyncTestnet,300,sepolia.era.zksync.dev,block,1000,3,5778,0x72b6dc13792bb8aa8c63dec5ac6ce82efca70d2dd4bb5e129d859d0627d19061,6342977.809125,6345805.016292,2827.20716700051,88991,25000000,,success,1,0,,,8584826
pilot_1790521581795,block_N1000_c3,0,2026-09-27T16:52:07.286Z,zkSyncTestnet,300,sepolia.era.zksync.dev,block,1000,3,5780,0x750022039ee8e3ec2f7879b4b48cdb0cce0c947bf2b8dbe825d82a2ee5236826,6343500.259333,6346445.847042,2945.587709000334,88997,25000000,,success,1,0,,,8584828
pilot_1790521581795,block_N1000_c3,0,2026-09-27T16:52:07.643Z,zkSyncTestnet,300,sepolia.era.zksync.dev,block,1000,3,5779,0x59e64ec24fe10d5fc2377c83a842637b117cb3607bea49cdf404e3bc316a8c9d,6343095.962625,6346802.502875,3706.540250000544,88997,25000000,,success,1,0,,,8584827
pilot_1790521581795,block_N1000_c3,0,2026-09-27T16:52:09.362Z,zkSyncTestnet,300,sepolia.era.zksync.dev,block,1000,3,5781,0xb6869d8cd257ccaf1d5837f56be5b05351c23d150767cd967c75dce1b53e4990,6345805.174625,6348522.137083,2716.962457999587,88997,25000000,,success,1,0,,,8584829
pilot_1790521581795,block_N1000_c3,0,2026-09-27T16:52:09.655Z,zkSyncTestnet,300,sepolia.era.zksync.dev,block,1000,3,5782,0xd862dbef38facdd7b2b8b05f134b5710997f074b3fb12451c20b00dcbb3f2f17,6346445.942542,6348814.806375,2368.863832999952,88991,25000000,,success,1,0,,,8584830
pilot_1790521581795,block_N1000_c3,0,2026-09-27T16:52:10.463Z,zkSyncTestnet,300,sepolia.era.zksync.dev,block,1000,3,5783,0x6013d71d73df4694f06187b7c98e96ce9871b28e212a340303b480ed77f6bb03,6346802.569333,6349622.900375,2820.3310420000926,88997,25000000,,success,1,0,,,8584830
pilot_1790521581795,block_N1000_c3,0,2026-09-27T16:52:12.499Z,zkSyncTestnet,300,sepolia.era.zksync.dev,block,1000,3,5785,0x49efd34d3f7be6bfa7bfbf93a0b65d2a6c521fbc71fd3fa0c2da092ef42a19d0,6348814.95325,6351659.095583,2844.142332999967,88991,25000000,,success,1,0,,,8584832
pilot_1790521581795,block_N1000_c3,0,2026-09-27T16:52:13.029Z,zkSyncTestnet,300,sepolia.era.zksync.dev,block,1000,3,5784,0x4f9397fefb48b9727cdcb6e4a9a2f5ff23765100a2b06d92f672033e4bb1b32b,6348522.236333,6352189.195125,3666.9587920000777,88991,25000000,,success,1,0,,,8584831
pilot_1790521581795,block_N1000_c3,0,2026-09-27T16:52:14.073Z,zkSyncTestnet,300,sepolia.era.zksync.dev,block,1000,3,5786,0x452b0121df8eb209fbadfb09d4c0ae1b2bb09207508f47dc51775ecad0a36c4f,6349622.991833,6353232.860458,3609.868624999188,88991,25000000,,success,1,0,,,8584833
pilot_1790521581795,block_N1000_c3,0,2026-09-27T16:52:14.429Z,zkSyncTestnet,300,sepolia.era.zksync.dev,block,1000,3,5787,0x40950e998eff9d0fdbbb89883b6056191a4e97e1d7b2bcd4521f011c3d4968a1,6351659.204417,6353589.090792,1929.8863750007004,88872,25000000,,success,1,0,,,8584834
pilot_1790521581795,block_N1000_c3,0,2026-09-27T16:52:15.556Z,zkSyncTestnet,300,sepolia.era.zksync.dev,block,1000,3,5788,0xda6bce7b8e7dcc12f866b6871077a4588239cfc36d0ad3507b860cc84df72a00,6352189.340375,6354716.253417,2526.913042000495,88991,25000000,,success,1,0,,,8584835
pilot_1790521581795,block_N1000_c3,0,2026-09-27T16:52:16.990Z,zkSyncTestnet,300,sepolia.era.zksync.dev,block,1000,3,5789,0x81fbe855e1773c88a503204d1f919bc5b6acb13eea0cede556f542007a8b53b0,6353233.042042,6356149.646125,2916.604082999751,88997,25000000,,success,1,0,,,8584836
pilot_1790521581795,block_N1000_c3,0,2026-09-27T16:52:17.460Z,zkSyncTestnet,300,sepolia.era.zksync.dev,block,1000,3,5791,0xed449c59b15cbf8109f57bb6bbb8ca0ca13fe684aa9c037e58c2ce8495c5918a,6354716.364583,6356620.141125,1903.7765420004725,88997,25000000,,success,1,0,,,8584837
pilot_1790521581795,block_N1000_c3,0,2026-09-27T16:52:18.030Z,zkSyncTestnet,300,sepolia.era.zksync.dev,block,1000,3,5790,0xc484819b09f2150014ab174058c71783b98f8983d9ed7b779401e6fdf44c787c,6353589.199292,6357190.406292,3601.206999999471,88991,25000000,,success,1,0,,,8584836
pilot_1790521581795,block_N1000_c3,0,2026-09-27T16:52:19.553Z,zkSyncTestnet,300,sepolia.era.zksync.dev,block,1000,3,5792,0x1a0de411ab7116b0fca166b395bc93b20a2243f9dce5d62748b461d025ad5652,6356149.763083,6358712.643,2562.8799170004204,88991,25000000,,success,1,0,,,8584838
pilot_1790521581795,block_N1000_c3,0,2026-09-27T16:52:20.100Z,zkSyncTestnet,300,sepolia.era.zksync.dev,block,1000,3,5793,0xb981334d1c1168c613626ab32863fcec29014f020a423eab20b1852ca76912cc,6356620.246833,6359260.273625,2640.026792000048,88997,25000000,,success,1,0,,,8584839
pilot_1790521581795,block_N1000_c3,0,2026-09-27T16:52:21.118Z,zkSyncTestnet,300,sepolia.era.zksync.dev,block,1000,3,5794,0xf15c316fb28c4dc2222edf1dd41de93e58ca50da7d850ffaa6718bc5767ed58c,6357190.447417,6360278.362917,3087.915500000119,88991,25000000,,success,1,0,,,8584840
pilot_1790521581795,block_N1000_c3,0,2026-09-27T16:52:22.312Z,zkSyncTestnet,300,sepolia.era.zksync.dev,block,1000,3,5795,0x4052eb149deb3c24ffbbf7267fb1f8ce0fd342549b672b64a0378e97d797bd47,6358712.747417,6361472.053208,2759.3057909999043,88991,25000000,,success,1,0,,,8584841
pilot_1790521581795,block_N1000_c3,0,2026-09-27T16:52:22.772Z,zkSyncTestnet,300,sepolia.era.zksync.dev,block,1000,3,5796,0x7cdd3f9e4bf43e4c4967ac8f5da21e251162896e07ba1838fa556e3e5d01d5c2,6359260.438958,6361930.759042,2670.3200840000063,88991,25000000,,success,1,0,,,8584842
pilot_1790521581795,block_N1000_c3,0,2026-09-27T16:52:23.554Z,zkSyncTestnet,300,sepolia.era.zksync.dev,block,1000,3,5797,0x8f0f4886fc1a5e2010e84276086e3e145570d44d505103ec0f2ddb20619d29b8,6360278.521125,6362712.943917,2434.4227919997647,88997,25000000,,success,1,0,,,8584843
pilot_1790521581795,block_N1000_c3,0,2026-09-27T16:52:24.134Z,zkSyncTestnet,300,sepolia.era.zksync.dev,block,1000,3,5798,0x5dbbcdde654f4e5feeaa4040de7528f6203608ee306ea3c3b1df8f33ea781e7f,6361472.160667,6363291.61475,1819.4540829993784,88997,25000000,,success,1,0,,,8584844
pilot_1790521581795,block_N1000_c3,0,2026-09-27T16:52:24.578Z,zkSyncTestnet,300,sepolia.era.zksync.dev,block,1000,3,5799,0x761f415a56a8a0ec6630d0a707322eff042f205b66e6e8606cf77f80b6e8bcdd,6361930.85025,6363735.513458,1804.6632079994306,88991,25000000,,success,1,0,,,8584845
pilot_1790521581795,block_N1000_c3,0,2026-09-27T16:52:25.385Z,zkSyncTestnet,300,sepolia.era.zksync.dev,block,1000,3,5800,0xf009bb3b3c4b60de3a66454be18a9021a680e9bad7a3354dc6490ef57cddd134,6362713.071083,6364541.980333,1828.9092500004917,88997,25000000,,success,1,0,,,8584846
pilot_1790521581795,block_N1000_c3,0,2026-09-27T16:52:25.864Z,zkSyncTestnet,300,sepolia.era.zksync.dev,block,1000,3,5801,0xaf89e188e00191d14692abdd742a4b990687f4a1d09d1f29347a0c7b8160dd02,6363291.695208,6365020.733917,1729.038708999753,88991,25000000,,success,1,0,,,8584847
pilot_1790521581795,block_N1000_c3,0,2026-09-27T16:52:27.520Z,zkSyncTestnet,300,sepolia.era.zksync.dev,block,1000,3,5802,0xb6010d6dab25c7678b962f62d73eb08f4783c1656a4bbbc02b90d6dde6a48da0,6363735.642625,6366674.923417,2939.280791999772,88991,25000000,,success,1,0,,,8584848
pilot_1790521581795,block_N1000_c3,0,2026-09-27T16:52:28.761Z,zkSyncTestnet,300,sepolia.era.zksync.dev,block,1000,3,5804,0xe2a99d995e7aea56f29bdcce33718998b7e817659ac4609f4841bba8813d754e,6365020.883208,6367915.074125,2894.1909170001745,88991,25000000,,success,1,0,,,8584849
pilot_1790521581795,block_N1000_c3,0,2026-09-27T16:52:29.909Z,zkSyncTestnet,300,sepolia.era.zksync.dev,block,1000,3,5803,0x82c67206ae9946c3be2db7e447e76927a0600d053bfb1445af60d4d6def661ba,6364542.081542,6369062.62925,4520.547708000056,88991,25000000,,success,1,0,,,8584849
pilot_1790521581795,block_N1000_c3,0,2026-09-27T16:52:31.652Z,zkSyncTestnet,300,sepolia.era.zksync.dev,block,1000,3,5806,0x5abe00ada21c7fb1a29562732ff7008071d9f809601dfa5fe858ffdc391eba59,6367915.171667,6370805.275,2890.1033330000937,88997,25000000,,success,1,0,,,8584850
pilot_1790521581795,block_N1000_c3,0,2026-09-27T16:52:32.785Z,zkSyncTestnet,300,sepolia.era.zksync.dev,block,1000,3,5805,0x8bc3603644cf784ef15b25c4520532d6766832cd532a530213bd72dcc8e2231c,6366675.139542,6371936.85075,5261.711207999848,88991,25000000,,success,1,0,,,8584850
pilot_1790521581795,block_N1000_c3,0,2026-09-27T16:52:33.020Z,zkSyncTestnet,300,sepolia.era.zksync.dev,block,1000,3,5807,0x93b8f69f3e653712b17db044857406f7776f4a5abeca95a74549f14ae73deb90,6369062.823375,6372171.806833,3108.9834580002353,88997,25000000,,success,1,0,,,8584851
pilot_1790521581795,block_N1000_c3,0,2026-09-27T16:52:35.581Z,zkSyncTestnet,300,sepolia.era.zksync.dev,block,1000,3,5808,0x5847ee98ae182a2101b213c2e2507320984b62dce152238a5f3cf04b7ca5d635,6370805.388,6374731.80525,3926.4172499999404,88991,25000000,,success,1,0,,,8584852
pilot_1790521581795,block_N1000_c3,0,2026-09-27T16:52:36.172Z,zkSyncTestnet,300,sepolia.era.zksync.dev,block,1000,3,5809,0x428df79e747d4b93f2ec161eb966920a6953a8dd920e5670a407a96634f13597,6371936.928667,6375323.015583,3386.0869160005823,88997,25000000,,success,1,0,,,8584853
pilot_1790521581795,block_N1000_c3,0,2026-09-27T16:52:36.855Z,zkSyncTestnet,300,sepolia.era.zksync.dev,block,1000,3,5810,0x8047143168c869985158350f90c54075f7064ccfe475cc71b7e1128dcbda60ae,6372171.894917,6376005.637458,3833.742541000247,88991,25000000,,success,1,0,,,8584854
pilot_1790521581795,block_N1000_c3,0,2026-09-27T16:52:38.435Z,zkSyncTestnet,300,sepolia.era.zksync.dev,block,1000,3,5811,0xa3555cb8bb78bc5ece84393a85759523b653b08b5d5af1c5593fee135439e952,6374731.943542,6377585.000667,2853.057125000283,88991,25000000,,success,1,0,,,8584855
pilot_1790521581795,block_N1000_c3,0,2026-09-27T16:52:39.249Z,zkSyncTestnet,300,sepolia.era.zksync.dev,block,1000,3,5812,0x4359efa7addf27ae20132d55448b73426a533ba043ee6e3c14821c191684fbe5,6375323.130875,6378398.201167,3075.070292000659,88991,25000000,,success,1,0,,,8584856
pilot_1790521581795,block_N1000_c3,0,2026-09-27T16:52:40.584Z,zkSyncTestnet,300,sepolia.era.zksync.dev,block,1000,3,5813,0x59c47e18d8eba7e0115dee5ff099abf07f98aedc7e25e0ceb2aad31d4e4f7606,6376005.7925,6379733.32975,3727.537249999121,88997,25000000,,success,1,0,,,8584857
pilot_1790521581795,block_N1000_c3,0,2026-09-27T16:52:41.164Z,zkSyncTestnet,300,sepolia.era.zksync.dev,block,1000,3,5814,0xebb97a0dc7ec31e6361ca9fc83bb6aa67fd7f9eb44d81dfcfa62d6749878ac8b,6377585.099375,6380313.173292,2728.073916999623,88991,25000000,,success,1,0,,,8584858
pilot_1790521581795,block_N1000_c3,0,2026-09-27T16:52:43.071Z,zkSyncTestnet,300,sepolia.era.zksync.dev,block,1000,3,5817,0x294ef7e66603a7986469515750de860a7bc234a68c13c3ccb97b827440dab1c0,6380313.278875,6382219.204833,1905.9259580001235,88991,25000000,,success,1,0,,,8584861
pilot_1790521581795,block_N1000_c3,0,2026-09-27T16:52:44.134Z,zkSyncTestnet,300,sepolia.era.zksync.dev,block,1000,3,5815,0x8d02dbdd0d122afb542ce646d13d0d029210b5e52b7886c43cb57ebd585f5c23,6378398.2925,6383282.005792,4883.713291999884,88991,25000000,,success,1,0,,,8584859
pilot_1790521581795,block_N1000_c3,0,2026-09-27T16:52:44.139Z,zkSyncTestnet,300,sepolia.era.zksync.dev,block,1000,3,5816,0xc8ddfb432df3b57b53f662f473a0b8471e4eaabba0ef8f538d5072f1e02295c3,6379733.411167,6383286.769208,3553.358040999621,88997,25000000,,success,1,0,,,8584860
pilot_1790521581795,block_N1000_c3,0,2026-09-27T16:52:45.547Z,zkSyncTestnet,300,sepolia.era.zksync.dev,block,1000,3,5818,0x4056fea0758a1bd1e17d0dad6fc81b3ee45b18df63fd818e375c5469915e7e9b,6382219.384167,6384694.375917,2474.9917500000447,88997,25000000,,success,1,0,,,8584862
pilot_1790521581795,block_N1000_c3,0,2026-09-27T16:52:46.929Z,zkSyncTestnet,300,sepolia.era.zksync.dev,block,1000,3,5819,0x608d0fe4edfd91ec654f79f24a493885eeae0f1e9c0dd140d8b0bc8228bb86e2,6383282.181875,6386076.606,2794.424124999903,88997,25000000,,success,1,0,,,8584863
pilot_1790521581795,block_N1000_c3,0,2026-09-27T16:52:47.701Z,zkSyncTestnet,300,sepolia.era.zksync.dev,block,1000,3,5820,0xc875f5c0c9d19fbd0ef21708afe6675744767622d118a5c5ef2454d4986f425c,6383286.816083,6386848.549792,3561.733709000051,88991,25000000,,success,1,0,,,8584864
pilot_1790521581795,block_N1000_c3,0,2026-09-27T16:52:48.700Z,zkSyncTestnet,300,sepolia.era.zksync.dev,block,1000,3,5821,0x2101ca331655450bcde494dcff8fb1d2edd9ebbb28eb41b3b46a14fa9e92be95,6384694.454792,6387847.467667,3153.012875000015,88991,25000000,,success,1,0,,,8584865
pilot_1790521581795,block_N1000_c3,0,2026-09-27T16:52:49.503Z,zkSyncTestnet,300,sepolia.era.zksync.dev,block,1000,3,5823,0x6cfd5b5a91e9bd265f7c6a83a69ba1b23b6560f82b3974e925249fd1d58c7d15,6386848.667958,6388649.9525,1801.2845419999212,88991,25000000,,success,1,0,,,8584866
pilot_1790521581795,block_N1000_c3,0,2026-09-27T16:52:49.969Z,zkSyncTestnet,300,sepolia.era.zksync.dev,block,1000,3,5822,0x05b677696f4dae5e60da2222de4740d126645d533dc2f0cfcdbeb83079d8c27e,6386076.68375,6389116.042042,3039.3582920003682,88997,25000000,,success,1,0,,,8584866
pilot_1790521581795,block_N1000_c3,0,2026-09-27T16:52:50.502Z,zkSyncTestnet,300,sepolia.era.zksync.dev,block,1000,3,5824,0x59f7c0f7b8876458d509961a45d94bf4751674a27a90ac6982b43a84348b0077,6387847.629042,6389648.639208,1801.0101660005748,88997,25000000,,success,1,0,,,8584867
pilot_1790521581795,block_N1000_c3,0,2026-09-27T16:52:51.331Z,zkSyncTestnet,300,sepolia.era.zksync.dev,block,1000,3,5825,0x4791b1c8055b17c0bd86204c776426fd554f15bb39e7300968b8d7436fc22249,6388650.073458,6390477.871375,1827.797917000018,88991,25000000,,success,1,0,,,8584868
pilot_1790521581795,block_N1000_c3,0,2026-09-27T16:52:52.396Z,zkSyncTestnet,300,sepolia.era.zksync.dev,block,1000,3,5827,0x5c50d4690dfdd47e6a34e3cb1e4b402072b567a47345d5df7ce9553b6d9f04f7,6389648.752417,6391543.05275,1894.3003329997882,88997,25000000,,success,1,0,,,8584870
pilot_1790521581795,block_N1000_c3,0,2026-09-27T16:52:52.462Z,zkSyncTestnet,300,sepolia.era.zksync.dev,block,1000,3,5826,0x718766f5e4a0719f9539559ed18e541073702a9e199632c538e44aa598b0c2c1,6389116.132167,6391608.619667,2492.4874999998137,88991,25000000,,success,1,0,,,8584869
pilot_1790521581795,block_N1000_c3,0,2026-09-27T16:52:54.185Z,zkSyncTestnet,300,sepolia.era.zksync.dev,block,1000,3,5828,0xa7f38faefe14a7bfa1ad867eb3fd0081b6e3b631a33f120e663bc6816001fc29,6390478.028083,6393330.941583,2852.9134999997914,88991,25000000,,success,1,0,,,8584871
pilot_1790521581795,block_N1000_c3,0,2026-09-27T16:52:55.742Z,zkSyncTestnet,300,sepolia.era.zksync.dev,block,1000,3,5829,0xa383a1ff2d356809b4887bb5700a56bbad8660f34463f903c4f87f280901aa4b,6391543.165,6394888.471875,3345.3068749997765,88991,25000000,,success,1,0,,,8584872
pilot_1790521581795,block_N1000_c3,0,2026-09-27T16:52:56.036Z,zkSyncTestnet,300,sepolia.era.zksync.dev,block,1000,3,5830,0xca0650f6cc7b5c049de1633d61706f567f15ccd9550cc8a60f726638acf26dc2,6391608.721917,6395182.598792,3573.8768750000745,88997,25000000,,success,1,0,,,8584872
pilot_1790521581795,block_N1000_c3,0,2026-09-27T16:52:56.669Z,zkSyncTestnet,300,sepolia.era.zksync.dev,block,1000,3,5831,0x32221a9bb5382051f668bf307746ee20145c8035274f8c040f49b8021fba907d,6393331.024625,6395814.955208,2483.930583000183,88997,25000000,,success,1,0,,,8584873
pilot_1790521581795,block_N1000_c3,0,2026-09-27T16:52:57.610Z,zkSyncTestnet,300,sepolia.era.zksync.dev,block,1000,3,5832,0x928a2f96a96bc812b643dea189d582ecadf3df2847d0a13bdc3657578236bb33,6394888.623917,6396755.932042,1867.3081249995157,88997,25000000,,success,1,0,,,8584874
pilot_1790521581795,block_N1000_c3,0,2026-09-27T16:52:57.841Z,zkSyncTestnet,300,sepolia.era.zksync.dev,block,1000,3,5833,0x2347e2584a2fbdd5dbccca1ab8bbf09a464e03d88ab2e8f9c10885f0b036fa1b,6395182.715292,6396987.029458,1804.314166000113,88991,25000000,,success,1,0,,,8584875
pilot_1790521581795,block_N1000_c3,0,2026-09-27T16:52:59.316Z,zkSyncTestnet,300,sepolia.era.zksync.dev,block,1000,3,5834,0x7a8a7a73520935a102a8a3d1fd4cfae9dd6dc8ec09ebdee791ba414050aed776,6395815.039208,6398461.974875,2646.935667000711,88997,25000000,,success,1,0,,,8584876
pilot_1790521581795,block_N1000_c3,0,2026-09-27T16:53:02.069Z,zkSyncTestnet,300,sepolia.era.zksync.dev,block,1000,3,5835,0x727f62e7f9e896a6500647201c6dbcecf625de4ba1b441af06a576385039dade,6396756.089,6401214.952083,4458.863083000295,88991,25000000,,success,1,0,,,8584877
pilot_1790521581795,block_N1000_c3,0,2026-09-27T16:53:03.375Z,zkSyncTestnet,300,sepolia.era.zksync.dev,block,1000,3,5836,0xdabbb964e589a3e3fc56c8ecd177b1e6dcfd0fd3a3229cf136543d8c95084b07,6396987.209333,6402520.294875,5533.085541999899,88997,25000000,,success,1,0,,,8584878
pilot_1790521581795,block_N1000_c3,0,2026-09-27T16:53:03.716Z,zkSyncTestnet,300,sepolia.era.zksync.dev,block,1000,3,5837,0xe0af7533388f3a9f510a45721656715a0c173bb083eccd25bc9c3a76cfbf9d3d,6398462.157958,6402861.485,4399.327042000368,88997,25000000,,success,1,0,,,8584879
pilot_1790521581795,block_N1000_c3,0,2026-09-27T16:53:06.359Z,zkSyncTestnet,300,sepolia.era.zksync.dev,block,1000,3,5839,0x9ede8c2e9405e065b9349c5c64fa6d44d43850f418d82eb91a8b2e60a3cf1453,6402520.421708,6405504.476792,2984.0550840003416,88991,25000000,,success,1,0,,,8584881
pilot_1790521581795,block_N1000_c3,0,2026-09-27T16:53:06.363Z,zkSyncTestnet,300,sepolia.era.zksync.dev,block,1000,3,5838,0xefa22ef3928f71300b151a524d8a71ef436b88c7c4e0e5bbc8600ca6359925e5,6401215.144167,6405508.54,4293.395832999609,88991,25000000,,success,1,0,,,8584880
pilot_1790521581795,block_N1000_c3,0,2026-09-27T16:53:08.715Z,zkSyncTestnet,300,sepolia.era.zksync.dev,block,1000,3,5840,0x2826c7be58dd68514bb31329f785c8e52a01a4c64f0f600ddc8cc037b6be86ad,6402861.561375,6407860.330708,4998.769333000295,88991,25000000,,success,1,0,,,8584882
pilot_1790521581795,block_N1000_c3,0,2026-09-27T16:53:09.179Z,zkSyncTestnet,300,sepolia.era.zksync.dev,block,1000,3,5841,0xfcdce41148cdd854f7f6cd597a374b836dec03dfa5a83d60df3ff5be84779d37,6405504.602708,6408324.235583,2819.6328750001267,88991,25000000,,success,1,0,,,8584883
pilot_1790521581795,block_N1000_c3,0,2026-09-27T16:53:09.940Z,zkSyncTestnet,300,sepolia.era.zksync.dev,block,1000,3,5842,0xe11ed497542518660cec31a6fd4a754f0aa32eabcee67d842f403bf7f6dacc29,6405508.559333,6409084.944333,3576.3849999997765,88997,25000000,,success,1,0,,,8584884
pilot_1790521581795,block_N1000_c3,0,2026-09-27T16:53:10.559Z,zkSyncTestnet,300,sepolia.era.zksync.dev,block,1000,3,5843,0x8d2580faeabaa58f19bbf59a7b1eb9cac14b09cd10bdedde750f3e6edb0aff1c,6407860.453292,6409704.259583,1843.8062909999862,88991,25000000,,success,1,0,,,8584885
pilot_1790521581795,block_N1000_c3,0,2026-09-27T16:53:11.052Z,zkSyncTestnet,300,sepolia.era.zksync.dev,block,1000,3,5844,0x9c941fe5fdb84f54bb94431012d2ae20dc3f312b0dd91d568f43764592906bd6,6408324.330458,6410197.616583,1873.286124999635,88997,25000000,,success,1,0,,,8584886
pilot_1790521581795,block_N1000_c3,0,2026-09-27T16:53:11.785Z,zkSyncTestnet,300,sepolia.era.zksync.dev,block,1000,3,5845,0x646d431e4a78eb531356d3139bd23ffd7545b403f57469bd2c6e44f00d28a99c,6409085.055833,6410929.709875,1844.654041999951,88997,25000000,,success,1,0,,,8584887
pilot_1790521581795,block_N1000_c3,0,2026-09-27T16:53:13.111Z,zkSyncTestnet,300,sepolia.era.zksync.dev,block,1000,3,5846,0x33f506115b5083fed08f39404caba2222c7485b669ce482dee0f00676bd75488,6409704.382667,6412256.499792,2552.1171249998733,88991,25000000,,success,1,0,,,8584888
pilot_1790521581795,block_N1000_c3,0,2026-09-27T16:53:13.868Z,zkSyncTestnet,300,sepolia.era.zksync.dev,block,1000,3,5847,0x0208cbcaf5b0344bd68e91dc8a8d0821b6b2b1d53893707dc476310ff0ef9f65,6410197.673667,6413012.754208,2815.0805410007015,88991,25000000,,success,1,0,,,8584889
pilot_1790521581795,block_N1000_c3,0,2026-09-27T16:53:14.396Z,zkSyncTestnet,300,sepolia.era.zksync.dev,block,1000,3,5848,0xeb62f67ea814503e82f8b2307f71d0e2a2eda474ccea45938fc30aab6be4f5b1,6410929.810083,6413540.8565,2611.046416999772,88997,25000000,,success,1,0,,,8584890
pilot_1790521581795,block_N1000_c3,0,2026-09-27T16:53:14.911Z,zkSyncTestnet,300,sepolia.era.zksync.dev,block,1000,3,5849,0x765e34ff7bb763492c37ff98f5329935d1e7bdd1243f45215fd55d783d0033b3,6412256.592208,6414056.237375,1799.6451669996604,88997,25000000,,success,1,0,,,8584891
pilot_1790521581795,block_N1000_c3,0,2026-09-27T16:53:15.660Z,zkSyncTestnet,300,sepolia.era.zksync.dev,block,1000,3,5850,0x626d1abd238d090e8dd669fa97d9aaaf493bddfa39c65311a6145ebdf7d3336e,6413012.842,6414804.8495,1792.0074999993667,88991,25000000,,success,1,0,,,8584892
pilot_1790521581795,block_N1000_c3,0,2026-09-27T16:53:17.098Z,zkSyncTestnet,300,sepolia.era.zksync.dev,block,1000,3,5851,0xd683df123448bb39c28dfb184847aac5bf90526d245592a81c593042d0b69bde,6413541.032833,6416242.953375,2701.9205419998616,88997,25000000,,success,1,0,,,8584893
pilot_1790521581795,block_N1000_c3,0,2026-09-27T16:53:17.532Z,zkSyncTestnet,300,sepolia.era.zksync.dev,block,1000,3,5852,0x749d2fac42ed24e61cb42da93f5b5431b4f84b00c4277defca7a0b29c01708a0,6414056.343667,6416677.053,2620.7093330007046,88991,25000000,,success,1,0,,,8584894
pilot_1790521581795,block_N1000_c3,0,2026-09-27T16:53:18.851Z,zkSyncTestnet,300,sepolia.era.zksync.dev,block,1000,3,5853,0xcdd94510ac9118cbe045900b27247084118124dde4fbdd24c839ad98094be259,6414804.926458,6417995.482667,3190.5562089998275,88991,25000000,,success,1,0,,,8584895
pilot_1790521581795,block_N1000_c3,0,2026-09-27T16:53:19.857Z,zkSyncTestnet,300,sepolia.era.zksync.dev,block,1000,3,5854,0xb44181cd90cc86087cf9c14d55b0c3cec787b8e0ab0dd988696dd532b8904104,6416243.114125,6419001.5535,2758.4393750000745,88997,25000000,,success,1,0,,,8584896
pilot_1790521581795,block_N1000_c3,0,2026-09-27T16:53:20.674Z,zkSyncTestnet,300,sepolia.era.zksync.dev,block,1000,3,5855,0xc4ade003301974dcb86ddaaa5b415bc36f3dfe839e0beb382cc45105f5a7dd8e,6416677.158708,6419818.757708,3141.599000000395,88991,25000000,,success,1,0,,,8584897
pilot_1790521581795,block_N1000_c3,0,2026-09-27T16:53:20.710Z,zkSyncTestnet,300,sepolia.era.zksync.dev,block,1000,3,5856,0xe55f4b85072c2a5fe8a302cfb640cf06fbaaea74be07e498b975a965bac55d15,6417995.5785,6419854.67225,1859.09375,88997,25000000,,success,1,0,,,8584897
pilot_1790521581795,block_N1000_c3,0,2026-09-27T16:53:22.481Z,zkSyncTestnet,300,sepolia.era.zksync.dev,block,1000,3,5858,0x5b76cd761c8dc4f46a49775aa20d584ee381d2bd7359c2ac06955cc289b45239,6419818.842917,6421626.224667,1807.3817499997094,88997,25000000,,success,1,0,,,8584898
pilot_1790521581795,block_N1000_c3,0,2026-09-27T16:53:23.003Z,zkSyncTestnet,300,sepolia.era.zksync.dev,block,1000,3,5857,0x7a740d5c76390cf200122e3d6bafae421478f0149a42800cbab14a006cbf1b62,6419001.674208,6422147.504917,3145.830709000118,88997,25000000,,success,1,0,,,8584898
pilot_1790521581795,block_N1000_c3,0,2026-09-27T16:53:24.873Z,zkSyncTestnet,300,sepolia.era.zksync.dev,block,1000,3,5859,0xd1a6f0c280964746d75f3c121372d21003ff46c1a78e44e5ab5af8c022124616,6419854.76325,6424017.9875,4163.22424999997,88997,25000000,,success,1,0,,,8584899
pilot_1790521581795,block_N1000_c3,0,2026-09-27T16:53:25.212Z,zkSyncTestnet,300,sepolia.era.zksync.dev,block,1000,3,5860,0xaab4bc3dd964c32436fd2938d259d80f45b7370d13eb771b67f29638bc5d1054,6421626.40475,6424357.043333,2730.638582999818,88991,25000000,,success,1,0,,,8584900
pilot_1790521581795,block_N1000_c3,0,2026-09-27T16:53:25.751Z,zkSyncTestnet,300,sepolia.era.zksync.dev,block,1000,3,5861,0x21580dbced9ec5e0fdb26bc1f9a7578ef120924faff11710045187303b9582ee,6422147.652,6424895.499208,2747.847207999788,88991,25000000,,success,1,0,,,8584901
pilot_1790521581795,block_N1000_c3,0,2026-09-27T16:53:26.689Z,zkSyncTestnet,300,sepolia.era.zksync.dev,block,1000,3,5862,0x4dc547067a6b9cdb0cc13dec5c27d93b322ae18ddcbd5ad4705538b2d72717dc,6424018.178167,6425834.154375,1815.9762079995126,88991,25000000,,success,1,0,,,8584902
pilot_1790521581795,block_N1000_c3,0,2026-09-27T16:53:29.076Z,zkSyncTestnet,300,sepolia.era.zksync.dev,block,1000,3,5863,0x8c30322a6e2ac7b51415a3d3d984c08c76ffd8d5358c2dfd14eb54f06872dff5,6424357.2085,6428221.021125,3863.8126250002533,88997,25000000,,success,1,0,,,8584903
pilot_1790521581795,block_N1000_c3,0,2026-09-27T16:53:29.310Z,zkSyncTestnet,300,sepolia.era.zksync.dev,block,1000,3,5864,0x54b1d458d6bca4b58c61b4f7427f40e2bfcca8afb59a3accc8e01efdacd45124,6424895.597167,6428454.821583,3559.224415999837,88878,25000000,,success,1,0,,,8584904
pilot_1790521581795,block_N1000_c3,0,2026-09-27T16:53:29.321Z,zkSyncTestnet,300,sepolia.era.zksync.dev,block,1000,3,5865,0x87b049736116e4cd6704d59add2bf9697f28eb1d0336134cdd3a127ba75d597d,6425834.261292,6428465.719708,2631.4584160000086,88991,25000000,,success,1,0,,,8584905
pilot_1790521581795,block_N1000_c3,0,2026-09-27T16:53:31.012Z,zkSyncTestnet,300,sepolia.era.zksync.dev,block,1000,3,5866,0x61dc5d462294db6fa2a3f0b3d88b5cca6f1c81019b48ed441541c04ff5169782,6428221.152667,6430156.613458,1935.460791000165,88991,25000000,,success,1,0,,,8584906
pilot_1790521581795,block_N1000_c3,0,2026-09-27T16:53:32.268Z,zkSyncTestnet,300,sepolia.era.zksync.dev,block,1000,3,5868,0x9aea44668b4eff227cc212f35e0bb19e60d746190af3f3769bfff9ed860bbe0d,6428465.763083,6431412.448917,2946.685833999887,88997,25000000,,success,1,0,,,8584908
pilot_1790521581795,block_N1000_c3,0,2026-09-27T16:53:32.528Z,zkSyncTestnet,300,sepolia.era.zksync.dev,block,1000,3,5867,0x1b224f38b4642d93a84aafbc21aa199c6bc5577d43d0717882c1bffd257d0dfd,6428454.917458,6431672.187833,3217.270375000313,88997,25000000,,success,1,0,,,8584907
pilot_1790521581795,block_N1000_c3,0,2026-09-27T16:53:37.338Z,zkSyncTestnet,300,sepolia.era.zksync.dev,block,1000,3,5869,0xe361496bc19b4a49057cc8d5cf451b6b4df559eb698f710ace341041bbcd228a,6430156.776958,6436482.628417,6325.85145900026,88997,25000000,,success,1,0,,,8584909
pilot_1790521581795,block_N1000_c3,0,2026-09-27T16:53:37.550Z,zkSyncTestnet,300,sepolia.era.zksync.dev,block,1000,3,5871,0xf3bb967dce0ce49d3428ea59c040ddfc9eae6238c188491f5084c7538f9d74a1,6431672.344833,6436695.037167,5022.692334000021,88997,25000000,,success,1,0,,,8584910
pilot_1790521581795,block_N1000_c3,0,2026-09-27T16:53:38.496Z,zkSyncTestnet,300,sepolia.era.zksync.dev,block,1000,3,5870,0x04ae91514bbfe5847f3a7e296001d9d072e0098a90c98791a3733af3cd2fbc21,6431412.533292,6437640.424167,6227.890874999575,88997,25000000,,success,1,0,,,8584910
pilot_1790521581795,block_N1000_c3,0,2026-09-27T16:53:40.939Z,zkSyncTestnet,300,sepolia.era.zksync.dev,block,1000,3,5872,0xf5a5de8c4f2d6a2342a726640779be8240e71bfddc68d34a0420bbcba6b85367,6436482.748958,6440083.221958,3600.473000000231,88997,25000000,,success,1,0,,,8584911
pilot_1790521581795,block_N1000_c3,0,2026-09-27T16:53:41.128Z,zkSyncTestnet,300,sepolia.era.zksync.dev,block,1000,3,5873,0xe180a4ccc2517275933fed04d2deb02f900171ab0aa7926d4befc32cbe1205dc,6436695.17775,6440272.818,3577.6402500001714,88991,25000000,,success,1,0,,,8584912
pilot_1790521581795,block_N1000_c3,0,2026-09-27T16:53:41.176Z,zkSyncTestnet,300,sepolia.era.zksync.dev,block,1000,3,5874,0x02ab5c4f5eea57c1c56ac30bc73f761aadb54ba653a5043f2527496091b30ccd,6437640.518042,6440320.335917,2679.817874999717,88991,25000000,,success,1,0,,,8584912
pilot_1790521581795,block_N1000_c3,0,2026-09-27T16:53:44.146Z,zkSyncTestnet,300,sepolia.era.zksync.dev,block,1000,3,5875,0xf7e73e4a4a128e36d6633264247818585ced058fc567e7b0a5c3fd6a56a85ace,6440083.347042,6443290.168292,3206.8212500000373,88997,25000000,,success,1,0,,,8584913
pilot_1790521581795,block_N1000_c3,0,2026-09-27T16:53:45.630Z,zkSyncTestnet,300,sepolia.era.zksync.dev,block,1000,3,5876,0x772815a163f55c26c661f12599f2baff55d765f2e48d322b705a2dc034d7cff9,6440272.907625,6444774.055792,4501.148167000152,88997,25000000,,success,1,0,,,8584914
pilot_1790521581795,block_N1000_c3,0,2026-09-27T16:53:46.110Z,zkSyncTestnet,300,sepolia.era.zksync.dev,block,1000,3,5877,0xe1a370122b264432c04e00bc33b81e7c1f03675193cf2c1126142e53b586d2e2,6440320.437292,6445254.32525,4933.887957999483,88991,25000000,,success,1,0,,,8584915
pilot_1790521581795,block_N1000_c3,0,2026-09-27T16:53:46.689Z,zkSyncTestnet,300,sepolia.era.zksync.dev,block,1000,3,5878,0x34094d0648f727dee22d13a6b6928c692bed843f06b8c9904864ecfa069caa9f,6443290.280583,6445833.469708,2543.189125000499,88991,25000000,,success,1,0,,,8584916
pilot_1790521581795,block_N1000_c3,0,2026-09-27T16:53:47.465Z,zkSyncTestnet,300,sepolia.era.zksync.dev,block,1000,3,5879,0x3e5f16e1e3e2ddb8e9decc99796c5b3951295c92bfb78410dd663508eb7b6680,6444774.179333,6446609.933958,1835.7546249991283,88997,25000000,,success,1,0,,,8584917
pilot_1790521581795,block_N1000_c3,0,2026-09-27T16:53:48.005Z,zkSyncTestnet,300,sepolia.era.zksync.dev,block,1000,3,5880,0x55dbd3f1187612dba852dd9071ce657a7b949f673b8cac035747d5769986e45c,6445254.489125,6447149.81125,1895.3221249999478,88997,25000000,,success,1,0,,,8584918
pilot_1790521581795,block_N1000_c3,0,2026-09-27T16:53:49.552Z,zkSyncTestnet,300,sepolia.era.zksync.dev,block,1000,3,5881,0x6d25f871fd1f4db287017d67a7d6e64857fb508b0e7a8bfae8ba3c7a017515c5,6445833.568333,6448696.181167,2862.6128340000287,88991,25000000,,success,1,0,,,8584919
pilot_1790521581795,block_N1000_c3,0,2026-09-27T16:53:50.095Z,zkSyncTestnet,300,sepolia.era.zksync.dev,block,1000,3,5882,0x405c22a5f81394281508e0e04931247d07a4971a92222943b027bd3b02d905cb,6446610.023583,6449240.022875,2629.999292000197,88991,25000000,,success,1,0,,,8584920
pilot_1790521581795,block_N1000_c3,0,2026-09-27T16:53:50.903Z,zkSyncTestnet,300,sepolia.era.zksync.dev,block,1000,3,5883,0xb7bca5f63e07fc675db98194fdaba25875718b2b5b3e17c1be2294feff427f5a,6447149.91025,6450047.1215,2897.2112500006333,88991,25000000,,success,1,0,,,8584921
pilot_1790521581795,block_N1000_c3,0,2026-09-27T16:53:52.264Z,zkSyncTestnet,300,sepolia.era.zksync.dev,block,1000,3,5884,0x42412373a428b1f7b0c8751c8e0cefdb143f143d7fa364e14f5526e29eb28456,6448696.338458,6451408.231583,2711.89312500041,88991,25000000,,success,1,0,,,8584922
pilot_1790521581795,block_N1000_c3,0,2026-09-27T16:53:52.797Z,zkSyncTestnet,300,sepolia.era.zksync.dev,block,1000,3,5885,0xcac506298d599963536fc1c122536e4affa26496acb4e47efb003e9ab00d860b,6449240.116375,6451941.642375,2701.525999999605,88997,25000000,,success,1,0,,,8584923
pilot_1790521581795,block_N1000_c3,0,2026-09-27T16:53:53.940Z,zkSyncTestnet,300,sepolia.era.zksync.dev,block,1000,3,5886,0x3ceebff3926abe14357c566d5414b0cf89c1c1e6939704040b20d38128cb7d1f,6450047.295208,6453084.411125,3037.1159169999883,88991,25000000,,success,1,0,,,8584924
pilot_1790521581795,block_N1000_c3,0,2026-09-27T16:53:54.228Z,zkSyncTestnet,300,sepolia.era.zksync.dev,block,1000,3,5887,0x27e0bf4be5366b82ffaa4d537cd4abaf1d344d340f1865cf984175b3548a49b6,6451408.2845,6453372.688917,1964.4044169997796,88997,25000000,,success,1,0,,,8584925
pilot_1790521581795,block_N1000_c3,0,2026-09-27T16:53:57.113Z,zkSyncTestnet,300,sepolia.era.zksync.dev,block,1000,3,5888,0xb3914f565ee0aac80809212bed3df8003a6ad0ad5535033b700d1bcf87f4e2cd,6451941.725042,6456257.4475,4315.7224579993635,88991,25000000,,success,1,0,,,8584926
pilot_1790521581795,block_N1000_c3,0,2026-09-27T16:53:57.902Z,zkSyncTestnet,300,sepolia.era.zksync.dev,block,1000,3,5889,0x5ae70aa54d99c74cf15808e48a026cba4fbc845a923c0f167f12a9d1f9a82ef4,6453084.479833,6457046.6205,3962.140666999854,88997,25000000,,success,1,0,,,8584927
pilot_1790521581795,block_N1000_c3,0,2026-09-27T16:53:58.786Z,zkSyncTestnet,300,sepolia.era.zksync.dev,block,1000,3,5890,0x460de3adf3d167f9a67473a5d516a20d3770a97e7d0a4c660f2a515cbd3be22e,6453372.736083,6457930.30325,4557.567166999914,88997,25000000,,success,1,0,,,8584928
pilot_1790521581795,block_N1000_c3,0,2026-09-27T16:53:59.718Z,zkSyncTestnet,300,sepolia.era.zksync.dev,block,1000,3,5892,0xed463f8e671b3a160091b1a5a7c620bcb00f52bcef1a03233afaaea48c31b5f1,6457046.753,6458862.083875,1815.330874999985,88997,25000000,,success,1,0,,,8584929
pilot_1790521581795,block_N1000_c3,0,2026-09-27T16:54:00.229Z,zkSyncTestnet,300,sepolia.era.zksync.dev,block,1000,3,5891,0xc23d5923737d6bfe90ba13461a488c21c829687d23e3f5b231fcbc697161f9f7,6456257.572417,6459373.64075,3116.0683329999447,88997,25000000,,success,1,0,,,8584929
pilot_1790521581795,block_N1000_c3,0,2026-09-27T16:54:00.557Z,zkSyncTestnet,300,sepolia.era.zksync.dev,block,1000,3,5893,0x1e343d7bf8300770bff66f5bd062059e5cf92fde1c096e790b095b58d1db0595,6457930.391625,6459701.195792,1770.8041669996455,88991,25000000,,success,1,0,,,8584930
pilot_1790521581795,block_N1000_c3,0,2026-09-27T16:54:02.376Z,zkSyncTestnet,300,sepolia.era.zksync.dev,block,1000,3,5894,0x5b61e4371754133862bc0387d6e882e9efe79bb666904351dc5f1c3a0d16de2e,6458862.187292,6461520.912958,2658.7256659995764,88991,25000000,,success,1,0,,,8584931
pilot_1790521581795,block_N1000_c3,0,2026-09-27T16:54:02.622Z,zkSyncTestnet,300,sepolia.era.zksync.dev,block,1000,3,5895,0x2615b1ab9051cbe5140b1db7c566aeb73a1b88312f976ec476717e5fe2967d49,6459373.749792,6461766.746333,2392.9965409999713,88991,25000000,,success,1,0,,,8584932
pilot_1790521581795,block_N1000_c3,0,2026-09-27T16:54:03.744Z,zkSyncTestnet,300,sepolia.era.zksync.dev,block,1000,3,5896,0xa517a249d0c95052fc8f3090ea31435d4edcb9a4ab2f55a31c582e1d02d3876a,6459701.302833,6462888.564958,3187.2621249994263,88997,25000000,,success,1,0,,,8584933
pilot_1790521581795,block_N1000_c3,0,2026-09-27T16:54:05.082Z,zkSyncTestnet,300,sepolia.era.zksync.dev,block,1000,3,5897,0x3dc25a490925bbd053ea82f8739b63b003a58333bbaf4803a402941910b6aafc,6461521.005208,6464226.367958,2705.3627500003204,88991,25000000,,success,1,0,,,8584935
pilot_1790521581795,block_N1000_c3,0,2026-09-27T16:54:06.697Z,zkSyncTestnet,300,sepolia.era.zksync.dev,block,1000,3,5898,0x217ca4df5bfbf0627bddd843dc2e0b69bda7dd1ac8848ea7feec09f283649332,6461766.833708,6465841.630792,4074.7970839999616,88997,25000000,,success,1,0,,,8584936
pilot_1790521581795,block_N1000_c3,0,2026-09-27T16:54:07.697Z,zkSyncTestnet,300,sepolia.era.zksync.dev,block,1000,3,5899,0x6c79d71730a6b58c9a079150066b41abaa92774ce2b64006c1f746f04b307034,6462888.812,6466841.644208,3952.8322080001235,88997,25000000,,success,1,0,,,8584936
pilot_1790521581795,block_N1000_c3,0,2026-09-27T16:54:08.708Z,zkSyncTestnet,300,sepolia.era.zksync.dev,block,1000,3,5900,0x55f3b0276620d2fb1982d2b46271bbdaf18eb56ed1dc39bda6c474d691a0ce11,6464226.462792,6467852.505583,3626.0427910005674,88991,25000000,,success,1,0,,,8584937
pilot_1790521581795,block_N1000_c3,0,2026-09-27T16:54:09.154Z,zkSyncTestnet,300,sepolia.era.zksync.dev,block,1000,3,5901,0xddda87154cee09476643a8955f047cb1f8d627252c411693278b943e75ba9484,6465841.743708,6468298.618167,2456.8744590003043,88997,25000000,,success,1,0,,,8584938
pilot_1790521581795,block_N1000_c3,0,2026-09-27T16:54:09.439Z,zkSyncTestnet,300,sepolia.era.zksync.dev,block,1000,3,5902,0x343d6ad422c21c3dc69bf2b30e783140de44b782bf7777cd82d7e70283180ae4,6466841.767125,6468583.016208,1741.249082999304,88991,25000000,,success,1,0,,,8584939
pilot_1790521581795,block_N1000_c3,0,2026-09-27T16:54:11.288Z,zkSyncTestnet,300,sepolia.era.zksync.dev,block,1000,3,5903,0xcf5fc1c689acc917ae2316fccb9f17ae663807d69305d1802b0959afb2341fe8,6467852.666083,6470432.993083,2580.327000000514,88991,25000000,,success,1,0,,,8584940
pilot_1790521581795,block_N1000_c3,0,2026-09-27T16:54:11.828Z,zkSyncTestnet,300,sepolia.era.zksync.dev,block,1000,3,5904,0x3fd71e444265437b8bf7405ade485e54b7572a7602bd84869aa6253afeeb6d4e,6468298.732583,6470972.664167,2673.931583999656,88991,25000000,,success,1,0,,,8584941
pilot_1790521581795,block_N1000_c3,0,2026-09-27T16:54:13.453Z,zkSyncTestnet,300,sepolia.era.zksync.dev,block,1000,3,5905,0x59e991ff8dabbdd2b08581b8bad2dfce73efb7eff3502350f11a879150016460,6468583.133333,6472597.28175,4014.1484169997275,88991,25000000,,success,1,0,,,8584942
pilot_1790521581795,block_N1000_c3,0,2026-09-27T16:54:13.766Z,zkSyncTestnet,300,sepolia.era.zksync.dev,block,1000,3,5906,0x3c72bb6144487cd80b23181188885a4c056a7408642750af5bf4839cffb795fe,6470433.088792,6472910.744542,2477.655749999918,88997,25000000,,success,1,0,,,8584943
pilot_1790521581795,block_N1000_c3,0,2026-09-27T16:54:15.894Z,zkSyncTestnet,300,sepolia.era.zksync.dev,block,1000,3,5907,0xd9544a123215ad81aa1248633bd94e87051184bfdba5b6eda301faa5d79c9b4a,6470972.77525,6475038.824917,4066.0496669998392,88991,25000000,,success,1,0,,,8584944
pilot_1790521581795,block_N1000_c3,0,2026-09-27T16:54:18.350Z,zkSyncTestnet,300,sepolia.era.zksync.dev,block,1000,3,5908,0x97b49eefc4b13057754d80f655245c6d3dc75358ff1b933a714dc9da2d25d6d9,6472597.379167,6477494.905208,4897.52604100015,88991,25000000,,success,1,0,,,8584945
pilot_1790521581795,block_N1000_c3,0,2026-09-27T16:54:18.355Z,zkSyncTestnet,300,sepolia.era.zksync.dev,block,1000,3,5909,0x1e432aa66402b41b7339b0abe7a6069323e83622dc589681e6a0abba81a7fcfb,6472910.913208,6477499.257667,4588.344459000044,88997,25000000,,success,1,0,,,8584945
pilot_1790521581795,block_N1000_c3,0,2026-09-27T16:54:19.396Z,zkSyncTestnet,300,sepolia.era.zksync.dev,block,1000,3,5910,0xae473c3a336f57708568798ff8404c04311753874d917474e7a783de535f5d22,6475038.917625,6478540.946083,3502.0284580001608,88991,25000000,,success,1,0,,,8584946
pilot_1790521581795,block_N1000_c3,0,2026-09-27T16:54:20.176Z,zkSyncTestnet,300,sepolia.era.zksync.dev,block,1000,3,5911,0x1373f4d24942692b5f7bf9f1281425041728f1e4c75eb3801236dffcd6d431a1,6477495.031583,6479320.377417,1825.3458340000361,88997,25000000,,success,1,0,,,8584947
pilot_1790521581795,block_N1000_c3,0,2026-09-27T16:54:22.341Z,zkSyncTestnet,300,sepolia.era.zksync.dev,block,1000,3,5912,0x5bb275e2bf14376df92f852c1f701164c5241cae374924142cf2e39bf30ebb96,6477499.280375,6481485.183042,3985.9026669999585,88991,25000000,,success,1,0,,,8584948
pilot_1790521581795,block_N1000_c3,0,2026-09-27T16:54:22.617Z,zkSyncTestnet,300,sepolia.era.zksync.dev,block,1000,3,5914,0x4191c942093016352c811f724b874ce85f211801bfee50da743a790d9d6c275b,6479320.491583,6481761.343875,2440.852292000316,88997,25000000,,success,1,0,,,8584949
pilot_1790521581795,block_N1000_c3,0,2026-09-27T16:54:22.621Z,zkSyncTestnet,300,sepolia.era.zksync.dev,block,1000,3,5913,0x90dc53875785d462b9f80954e539f6421e34ba497c422c3cef77a30b6214cc01,6478541.049542,6481765.321875,3224.2723330007866,88991,25000000,,success,1,0,,,8584949
pilot_1790521581795,block_N1000_c3,0,2026-09-27T16:54:24.997Z,zkSyncTestnet,300,sepolia.era.zksync.dev,block,1000,3,5915,0x5a53812a6a343d771ac4a03148b9d1bad33ddf5e0b17d7df5f12038d6adf6306,6481485.244042,6484141.31075,2656.066708000377,88991,25000000,,success,1,0,,,8584952
pilot_1790521581795,block_N1000_c3,0,2026-09-27T16:54:25.170Z,zkSyncTestnet,300,sepolia.era.zksync.dev,block,1000,3,5916,0xd48902d0a77e4fe25e1e170fcc97511f6bedfcc4d78479cc7eb012b015a5c166,6481761.47125,6484314.260208,2552.788958000019,88991,25000000,,success,1,0,,,8584953
pilot_1790521581795,block_N1000_c3,0,2026-09-27T16:54:26.603Z,zkSyncTestnet,300,sepolia.era.zksync.dev,block,1000,3,5917,0x633c02881fc42042aed2ef6d97d2133f58e19ed966d302f1396d01078fd96da4,6481765.342625,6485747.150083,3981.8074580002576,88991,25000000,,success,1,0,,,8584954
pilot_1790521581795,block_N1000_c3,0,2026-09-27T16:54:28.537Z,zkSyncTestnet,300,sepolia.era.zksync.dev,block,1000,3,5918,0x5690943c718cf553dd6189012e7f118f7249931a3d08cd65a2ced7eaafea3a32,6484141.411458,6487681.527958,3540.1165000004694,88991,25000000,,success,1,0,,,8584955
pilot_1790521581795,block_N1000_c3,0,2026-09-27T16:54:28.957Z,zkSyncTestnet,300,sepolia.era.zksync.dev,block,1000,3,5919,0xa44c8411fa42bddb16c36bd6230f88f0b1175715cffdbfb3bed87de9c46f02c9,6484314.333125,6488101.360083,3787.026957999915,88991,25000000,,success,1,0,,,8584956
pilot_1790521581795,block_N1000_c3,0,2026-09-27T16:54:30.937Z,zkSyncTestnet,300,sepolia.era.zksync.dev,block,1000,3,5921,0xc3bb909b52b751df1d1fc06fd757128961b6b0f0a20107a642e5f071cbc3e940,6487681.6165,6490081.432333,2399.8158330004662,88997,25000000,,success,1,0,,,8584958
pilot_1790521581795,block_N1000_c3,0,2026-09-27T16:54:30.941Z,zkSyncTestnet,300,sepolia.era.zksync.dev,block,1000,3,5920,0x5ad1d110bd725e545218217b949bc6d8ae77d1a8f5308fc6f030ef19819251d0,6485747.322083,6490085.259292,4337.93720899988,88991,25000000,,success,1,0,,,8584957
pilot_1790521581795,block_N1000_c3,0,2026-09-27T16:54:32.618Z,zkSyncTestnet,300,sepolia.era.zksync.dev,block,1000,3,5922,0x9312afd5fbe225ec9066f199d59213ba6f7fa24d6986f234f673cf34c9eb846f,6488101.469625,6491762.212958,3660.7433329997584,88997,25000000,,success,1,0,,,8584959
pilot_1790521581795,block_N1000_c3,0,2026-09-27T16:54:34.314Z,zkSyncTestnet,300,sepolia.era.zksync.dev,block,1000,3,5923,0x8c53c88e34c1ab21ab9b4d799a4cdb6bddc2924b7d441b6e320f988dc4ab5f9b,6490081.529958,6493458.842,3377.312041999772,88991,25000000,,success,1,0,,,8584960
pilot_1790521581795,block_N1000_c3,0,2026-09-27T16:54:35.830Z,zkSyncTestnet,300,sepolia.era.zksync.dev,block,1000,3,5924,0x3907624eb1b8ddea617f033d9098104b03831016f08e650c6046b4637b62d27f,6490085.276125,6494974.920375,4889.644249999896,88991,25000000,,success,1,0,,,8584961
pilot_1790521581795,block_N1000_c3,0,2026-09-27T16:54:36.178Z,zkSyncTestnet,300,sepolia.era.zksync.dev,block,1000,3,5926,0x5e37836ad6282d6eee621c749af00b7c34459c78a3a3316dd8a46bad17c30a6f,6493459.010208,6495322.932375,1863.9221669994295,88997,25000000,,success,1,0,,,8584962
pilot_1790521581795,block_N1000_c3,0,2026-09-27T16:54:36.472Z,zkSyncTestnet,300,sepolia.era.zksync.dev,block,1000,3,5925,0x2387b558e71d25dfe84a2bce940ae7d87d71e3ccde60a746d71ccb82d9a0876a,6491762.323208,6495616.313208,3853.9900000002235,88997,25000000,,success,1,0,,,8584962
pilot_1790521581795,block_N1000_c3,0,2026-09-27T16:54:38.801Z,zkSyncTestnet,300,sepolia.era.zksync.dev,block,1000,3,5927,0x2a23d174ec9684bdb4e00a30fb6ef015b13b8476773b99ad96bab9c61d8af78f,6494975.014708,6497945.857375,2970.842666999437,88997,25000000,,success,1,0,,,8584963
pilot_1790521581795,block_N1000_c3,0,2026-09-27T16:54:39.135Z,zkSyncTestnet,300,sepolia.era.zksync.dev,block,1000,3,5928,0x2720e5483af35eef81196a0439819d129c36d24656be7af0626f9307282cebd9,6495323.056,6498279.801708,2956.745707999915,88997,25000000,,success,1,0,,,8584964
pilot_1790521581795,block_N1000_c3,0,2026-09-27T16:54:40.371Z,zkSyncTestnet,300,sepolia.era.zksync.dev,block,1000,3,5929,0xb654d87dd9c46b8567e1fabfc1b803f8b8c3de1bb7b4c3722f564459c4e51b3b,6495616.370917,6499515.505042,3899.134124999866,88997,25000000,,success,1,0,,,8584965
pilot_1790521581795,block_N1000_c3,0,2026-09-27T16:54:40.895Z,zkSyncTestnet,300,sepolia.era.zksync.dev,block,1000,3,5930,0xaf2c5cd7dda455eb0694d934a63f4e0ba9169d8078cfafe306fc0c1e6544a44b,6497945.945583,6500039.22525,2093.2796670002863,88997,25000000,,success,1,0,,,8584966
pilot_1790521581795,block_N1000_c3,0,2026-09-27T16:54:41.771Z,zkSyncTestnet,300,sepolia.era.zksync.dev,block,1000,3,5931,0x51816a393ff9e1140762fce58219014c4233745396daf04f2240b8fa1a9e08cc,6498279.934417,6500915.021375,2635.086957999505,88997,25000000,,success,1,0,,,8584967
pilot_1790521581795,block_N1000_c3,0,2026-09-27T16:54:43.052Z,zkSyncTestnet,300,sepolia.era.zksync.dev,block,1000,3,5932,0x665953c53ceb750319a45a4063fe3401838d4a5c34b836c4b69d77f9a501dd51,6499515.668292,6502196.733958,2681.0656660003588,88997,25000000,,success,1,0,,,8584968
pilot_1790521581795,block_N1000_c3,0,2026-09-27T16:54:45.384Z,zkSyncTestnet,300,sepolia.era.zksync.dev,block,1000,3,5933,0xcb3405178bb75dc65a6b5e683fd178fd0c779830f5675ec87b03e51c6ffb291e,6500039.333833,6504528.284083,4488.950250000693,88991,25000000,,success,1,0,,,8584969
pilot_1790521581795,block_N1000_c3,0,2026-09-27T16:54:45.611Z,zkSyncTestnet,300,sepolia.era.zksync.dev,block,1000,3,5934,0x74909c20993bc623a63c64fb2c84b675d24b41ef7f4760bf5bd08880b5a76a3b,6500915.205625,6504755.724167,3840.5185419991612,88991,25000000,,success,1,0,,,8584970
pilot_1790521581795,block_N1000_c3,0,2026-09-27T16:54:47.252Z,zkSyncTestnet,300,sepolia.era.zksync.dev,block,1000,3,5935,0x101a1a30e35f1d48bcd9e8140c6946f949909ac7b1c1f2e974bf04e98c818389,6502196.853125,6506396.187167,4199.334041999653,88997,25000000,,success,1,0,,,8584971
pilot_1790521581795,block_N1000_c3,0,2026-09-27T16:54:47.800Z,zkSyncTestnet,300,sepolia.era.zksync.dev,block,1000,3,5936,0x8589a6b706de93b6a734f1f4f51a19a811783c88f18cd8faeeccb18f9b2fe928,6504528.400875,6506944.4845,2416.08362499997,88997,25000000,,success,1,0,,,8584972
pilot_1790521581795,block_N1000_c3,0,2026-09-27T16:54:48.252Z,zkSyncTestnet,300,sepolia.era.zksync.dev,block,1000,3,5937,0x6316617a245e290e1bfb28f3b3d234fe255cb05b1210246bda357db155ebc293,6504755.8035,6507396.554125,2640.750624999404,88997,25000000,,success,1,0,,,8584973
pilot_1790521581795,block_N1000_c3,0,2026-09-27T16:54:49.094Z,zkSyncTestnet,300,sepolia.era.zksync.dev,block,1000,3,5938,0x4de42057d38ddc6b01826afa9557dc93728901f16dce80e93461d3f9ce2da43f,6506396.284542,6508238.186292,1841.9017500001937,88997,25000000,,success,1,0,,,8584974
pilot_1790521581795,block_N1000_c3,0,2026-09-27T16:54:49.592Z,zkSyncTestnet,300,sepolia.era.zksync.dev,block,1000,3,5939,0xd5fd7701410f4f5d80b5a27cd72fbeae875f76800f4e704962c5ee841b400c62,6506944.639083,6508736.13075,1791.4916669996455,88991,25000000,,success,1,0,,,8584975
pilot_1790521581795,block_N1000_c3,0,2026-09-27T16:54:50.197Z,zkSyncTestnet,300,sepolia.era.zksync.dev,block,1000,3,5940,0x1bd30f44e69b97a316d808aafff0052614f79f63db8446946a76c30311f1b77b,6507396.74775,6509341.171458,1944.4237080002204,88991,25000000,,success,1,0,,,8584976
pilot_1790521581795,block_N1000_c3,0,2026-09-27T16:54:50.965Z,zkSyncTestnet,300,sepolia.era.zksync.dev,block,1000,3,5941,0x9049e2d8fc8805d441c4b19f39f92617897a2901e5ee9795fc3673143d7b03da,6508238.378625,6510109.411083,1871.032457999885,88997,25000000,,success,1,0,,,8584977
pilot_1790521581795,block_N1000_c3,0,2026-09-27T16:54:51.449Z,zkSyncTestnet,300,sepolia.era.zksync.dev,block,1000,3,5942,0xe6f726c10f21e3e52d309740a39632412b8f04ebdf8efcada9572a26e840b0fd,6508736.210125,6510593.542333,1857.3322080001235,88991,25000000,,success,1,0,,,8584978
pilot_1790521581795,block_N1000_c3,0,2026-09-27T16:54:51.999Z,zkSyncTestnet,300,sepolia.era.zksync.dev,block,1000,3,5943,0xb88333ecc65a55b76a0a3a3580dacf99da19896d7bc5d59d70f00b479e1bd064,6509341.292792,6511143.923458,1802.6306659998372,88997,25000000,,success,1,0,,,8584979
pilot_1790521581795,block_N1000_c3,0,2026-09-27T16:54:52.742Z,zkSyncTestnet,300,sepolia.era.zksync.dev,block,1000,3,5944,0x51a4b0db8363527eb445ffb7b77f1fb9ef0cb44879a5f5574f0d8c2dcec88398,6510109.520833,6511886.632667,1777.111834000796,88997,25000000,,success,1,0,,,8584980
pilot_1790521581795,block_N1000_c3,0,2026-09-27T16:54:54.111Z,zkSyncTestnet,300,sepolia.era.zksync.dev,block,1000,3,5945,0x05355cb5d6ec6d51132bd7f2a056787db5eef39df5e394f74cc4fd4b524efbe9,6510593.853083,6513255.636792,2661.783709000796,88997,25000000,,success,1,0,,,8584981
pilot_1790521581795,block_N1000_c3,0,2026-09-27T16:54:54.646Z,zkSyncTestnet,300,sepolia.era.zksync.dev,block,1000,3,5946,0x42f4048e11e43b8ba0c0ebadbd23ecf6e1682edf6dc313132bd6606d0245e9bb,6511143.997583,6513790.830208,2646.8326249998063,88997,25000000,,success,1,0,,,8584982
pilot_1790521581795,block_N1000_c3,0,2026-09-27T16:54:55.466Z,zkSyncTestnet,300,sepolia.era.zksync.dev,block,1000,3,5947,0xca998a4b5f59b513e335f033d2da3102e3d788db585c0ad7a70d6e83aec0108d,6511886.791,6514610.870708,2724.0797079997137,88997,25000000,,success,1,0,,,8584983
pilot_1790521581795,block_N1000_c3,0,2026-09-27T16:54:55.923Z,zkSyncTestnet,300,sepolia.era.zksync.dev,block,1000,3,5948,0x03c166b08643d28cad4fe9a45de2632da0c10b37e6252cd19e458aaee16a9994,6513255.758208,6515067.563042,1811.804833999835,88991,25000000,,success,1,0,,,8584984
pilot_1790521581795,block_N1000_c3,0,2026-09-27T16:54:56.457Z,zkSyncTestnet,300,sepolia.era.zksync.dev,block,1000,3,5949,0xa5307bd3db89125eb1b64a8368ef166737f4b783419ed9cc22aa92bb75bb0dcc,6513790.918958,6515601.825042,1810.906084000133,88991,25000000,,success,1,0,,,8584985
pilot_1790521581795,block_N1000_c3,0,2026-09-27T16:54:57.255Z,zkSyncTestnet,300,sepolia.era.zksync.dev,block,1000,3,5950,0x85414b83b866225be5cde7c2fa24044fcd5d401581310c2ee5c7fc5f12834e84,6514610.97725,6516399.789083,1788.8118329998106,88991,25000000,,success,1,0,,,8584986
pilot_1790521581795,block_N1000_c3,0,2026-09-27T16:54:58.988Z,zkSyncTestnet,300,sepolia.era.zksync.dev,block,1000,3,5951,0xf11ec7d06b43ddf27c7aae886e85099bab785b59c3055c31317c37e7ee74317a,6515067.662333,6518132.959042,3065.2967089992017,88991,25000000,,success,1,0,,,8584987
pilot_1790521581795,block_N1000_c3,0,2026-09-27T16:54:59.046Z,zkSyncTestnet,300,sepolia.era.zksync.dev,block,1000,3,5953,0x758b59fa4101cc619310204eb8df242c6d29dc123d3c611d61da4e25ce9e60c8,6516399.96175,6518190.724542,1790.762792000547,88991,25000000,,success,1,0,,,8584987
pilot_1790521581795,block_N1000_c3,0,2026-09-27T16:54:59.247Z,zkSyncTestnet,300,sepolia.era.zksync.dev,block,1000,3,5952,0xed6e492d73d488e44849608e091e9311e5a721180477354fff8dea67e1177dab,6515601.877083,6518391.992708,2790.115625000559,88991,25000000,,success,1,0,,,8584987
pilot_1790521581795,block_N1000_c3,0,2026-09-27T16:55:00.816Z,zkSyncTestnet,300,sepolia.era.zksync.dev,block,1000,3,5954,0x04373ca1e657881b54a59871b7577066644948e771233c0e833d749bd83fbb82,6518133.0695,6519960.730042,1827.6605420000851,88997,25000000,,success,1,0,,,8584988
pilot_1790521581795,block_N1000_c3,0,2026-09-27T16:55:00.840Z,zkSyncTestnet,300,sepolia.era.zksync.dev,block,1000,3,5955,0x257cca7048e31a1a12334a82007f43f97889a259e92d7a8978721badfe86c6d9,6518190.831292,6519984.453292,1793.6220000004396,88991,25000000,,success,1,0,,,8584989
pilot_1790521581795,block_N1000_c3,0,2026-09-27T16:55:01.154Z,zkSyncTestnet,300,sepolia.era.zksync.dev,block,1000,3,5956,0xb25e6f5d51f8de860568c9ba957252282514ba2fd6624f5449c8b01c1db23900,6518392.092625,6520298.045917,1905.9532920001075,88997,25000000,,success,1,0,,,8584989
pilot_1790521581795,block_N1000_c3,0,2026-09-27T16:55:05.615Z,zkSyncTestnet,300,sepolia.era.zksync.dev,block,1000,3,5959,0x6e879091bfbabbf6ba5f7ebfe2e2fe07c6cbb0805aa5c08b8bd1d1ee205e6d78,6520298.145167,6524759.908042,4461.762875000015,88997,25000000,,success,1,0,,,8584990
pilot_1790521581795,block_N1000_c3,0,2026-09-27T16:55:05.883Z,zkSyncTestnet,300,sepolia.era.zksync.dev,block,1000,3,5957,0xb4bfd22fc4ce4afcf97c7b000281863656b16b3569af07b6b255769ba7bd1f78,6519960.818208,6525027.958375,5067.1401670007035,88991,25000000,,success,1,0,,,8584990
pilot_1790521581795,block_N1000_c3,0,2026-09-27T16:55:06.061Z,zkSyncTestnet,300,sepolia.era.zksync.dev,block,1000,3,5958,0xa5743b46ca7fb2759f86ec14f5ec4cbc9aa58a53b5f4b47cc10b1f19e254c83b,6519984.503458,6525205.643,5221.139542000368,88991,25000000,,success,1,0,,,8584990
pilot_1790521581795,block_N1000_c3,0,2026-09-27T16:55:08.285Z,zkSyncTestnet,300,sepolia.era.zksync.dev,block,1000,3,5960,0xab284be1a38d42088a593b370d3c6a97c958b5ba97ae2cf4984b5dee00c00ff8,6524760.025125,6527429.538667,2669.5135420002043,88997,25000000,,success,1,0,,,8584991
pilot_1790521581795,block_N1000_c3,0,2026-09-27T16:55:08.679Z,zkSyncTestnet,300,sepolia.era.zksync.dev,block,1000,3,5961,0xc726fc6f2f8b6da4a4dea8672585238c0e4f4479cd3ff0f7595ac5f2bf46e36e,6525028.0685,6527823.8795,2795.810999999754,88997,25000000,,success,1,0,,,8584992
pilot_1790521581795,block_N1000_c3,0,2026-09-27T16:55:09.981Z,zkSyncTestnet,300,sepolia.era.zksync.dev,block,1000,3,5962,0x50213bc890e140485c59140e9e31ffe69652314b60b422662ee1b358bd60073d,6525205.687667,6529125.647708,3919.9600409995764,88991,25000000,,success,1,0,,,8584993
pilot_1790521581795,block_N1000_c3,0,2026-09-27T16:55:11.011Z,zkSyncTestnet,300,sepolia.era.zksync.dev,block,1000,3,5963,0x38c659bb404a09f50ef99506fc223a7eda1fa1862e4f8ad28d113db60f98e2cc,6527429.654083,6530155.327708,2725.6736250007525,88997,25000000,,success,1,0,,,8584994
pilot_1790521581795,block_N1000_c3,0,2026-09-27T16:55:11.821Z,zkSyncTestnet,300,sepolia.era.zksync.dev,block,1000,3,5964,0x3ace53c9677ecefbcd1a12fc9b2720dffcb84b05756ba03ad7abee266aba17fe,6527823.923833,6530965.901542,3141.977708999999,88997,25000000,,success,1,0,,,8584995
pilot_1790521581795,block_N1000_c3,0,2026-09-27T16:55:12.556Z,zkSyncTestnet,300,sepolia.era.zksync.dev,block,1000,3,5965,0x5a3f0d9248b9997160e60de50dfbcf9609e264397bfb8110b5ab56a6f7990462,6529125.750833,6531700.37525,2574.624416999519,88991,25000000,,success,1,0,,,8584995
pilot_1790521581795,block_N1000_c3,0,2026-09-27T16:55:13.647Z,zkSyncTestnet,300,sepolia.era.zksync.dev,block,1000,3,5967,0x9c107b4fe88de5163cdb581e5569699f96d18bc7007cd4c8c9c6ff97a28b4860,6530966.010917,6532791.911333,1825.9004160007462,88991,25000000,,success,1,0,,,8584996
pilot_1790521581795,block_N1000_c3,0,2026-09-27T16:55:14.157Z,zkSyncTestnet,300,sepolia.era.zksync.dev,block,1000,3,5966,0x4a5877734397905f98dfe6218229a0333b2c17de071161f6e5b2f802ecce0c55,6530155.448375,6533301.276375,3145.828000000678,88997,25000000,,success,1,0,,,8584996
pilot_1790521581795,block_N1000_c3,0,2026-09-27T16:55:14.453Z,zkSyncTestnet,300,sepolia.era.zksync.dev,block,1000,3,5968,0xab0dc71ff47f1a46506e2fdce3a64f68a0ebc133bb25f20af72ee5b0629d25fb,6531700.48775,6533597.536208,1897.0484579997137,88991,25000000,,success,1,0,,,8584997
pilot_1790521581795,block_N1000_c3,0,2026-09-27T16:55:16.719Z,zkSyncTestnet,300,sepolia.era.zksync.dev,block,1000,3,5970,0x6b31584f88444df05cc74a7d85b697cde9755d781dcaf047acb2ddc837c1b469,6533301.3695,6535863.131042,2561.7615419998765,88997,25000000,,success,1,0,,,8584998
pilot_1790521581795,block_N1000_c3,0,2026-09-27T16:55:16.939Z,zkSyncTestnet,300,sepolia.era.zksync.dev,block,1000,3,5969,0x35c70c7f5e7c705f73c3b77242a32dc739db2b3f8239e6d480fd48c7e2ba8da8,6532791.987875,6536083.76925,3291.7813750002533,88991,25000000,,success,1,0,,,8584998
pilot_1790521581795,block_N1000_c3,0,2026-09-27T16:55:17.300Z,zkSyncTestnet,300,sepolia.era.zksync.dev,block,1000,3,5971,0x8ad6cdcfd6e8a3e96d0a3dbe5500d3a2e4af5eb4d2ca98cb71239873e7ee5f11,6533597.583583,6536444.231958,2846.6483749998733,88991,25000000,,success,1,0,,,8584999
pilot_1790521581795,block_N1000_c3,0,2026-09-27T16:55:21.392Z,zkSyncTestnet,300,sepolia.era.zksync.dev,block,1000,3,5972,0xbbf75c0a1a02fb46c259f9708d6a4707183d2cc35bd8ff213a68f4ecd3ab9026,6535863.228292,6540536.82925,4673.600958000869,88997,25000000,,success,1,0,,,8585000
pilot_1790521581795,block_N1000_c3,0,2026-09-27T16:55:21.788Z,zkSyncTestnet,300,sepolia.era.zksync.dev,block,1000,3,5974,0xb7ad39af1a584c326aec0306783a046357453aa7c8f68a6b6ee74769fcf188b6,6536444.425667,6540932.8675,4488.441832999699,88997,25000000,,success,1,0,,,8585000
pilot_1790521581795,block_N1000_c3,0,2026-09-27T16:55:22.561Z,zkSyncTestnet,300,sepolia.era.zksync.dev,block,1000,3,5973,0xf8f1ef5f4ea4fcad15a93e12518f80314c49d0c7ba084bb982b32152151c70fa,6536083.876875,6541705.986333,5622.109457999468,88991,25000000,,success,1,0,,,8585000
pilot_1790521581795,block_N1000_c3,0,2026-09-27T16:55:24.117Z,zkSyncTestnet,300,sepolia.era.zksync.dev,block,1000,3,5975,0xe5d00d6f30d3361a50e89d85df83a8c6297131202da29fa07e1aad88a6ff6eb3,6540536.9415,6543261.739542,2724.7980420002714,88997,25000000,,success,1,0,,,8585001
pilot_1790521581795,block_N1000_c3,0,2026-09-27T16:55:24.935Z,zkSyncTestnet,300,sepolia.era.zksync.dev,block,1000,3,5976,0x6c4a3f0a6387718145b9f99fc73db15b4d8aef334455adb8180fc2b3580789ef,6540932.966792,6544079.578,3146.611207999289,88991,25000000,,success,1,0,,,8585002
pilot_1790521581795,block_N1000_c3,0,2026-09-27T16:55:25.229Z,zkSyncTestnet,300,sepolia.era.zksync.dev,block,1000,3,5977,0x88a890c4cc10a029eecc7a1b41d4bbc7a075507b5a603329660e3beb59536569,6541706.081708,6544373.658583,2667.5768750002608,88991,25000000,,success,1,0,,,8585003
pilot_1790521581795,block_N1000_c3,0,2026-09-27T16:55:25.984Z,zkSyncTestnet,300,sepolia.era.zksync.dev,block,1000,3,5978,0x815a82864c46ec9647eed36f81248c0ff02244062a33b2468e47098fd4de7873,6543261.8365,6545128.389,1866.5525000002235,88991,25000000,,success,1,0,,,8585004
pilot_1790521581795,block_N1000_c3,0,2026-09-27T16:55:26.736Z,zkSyncTestnet,300,sepolia.era.zksync.dev,block,1000,3,5979,0x65ebbefb6920ffd962783c17d33b7907661ac88572def5f699af8592d1b17108,6544079.662667,6545880.761,1801.0983330002055,88991,25000000,,success,1,0,,,8585005
pilot_1790521581795,block_N1000_c3,0,2026-09-27T16:55:27.036Z,zkSyncTestnet,300,sepolia.era.zksync.dev,block,1000,3,5980,0xf5ee3cf243b7f888cd7a1eeb8a414d00bd99b1600e46e4ef82bd8e61d3587086,6544373.74775,6546181.012,1807.2642500000075,88997,25000000,,success,1,0,,,8585006
pilot_1790521581795,block_N1000_c3,0,2026-09-27T16:55:27.819Z,zkSyncTestnet,300,sepolia.era.zksync.dev,block,1000,3,5981,0x79a62e9828f48ac54f480c9ffa5e196a804ac5cf558bc66357ae9e97560a8b97,6545128.516542,6546963.7275,1835.2109580002725,88997,25000000,,success,1,0,,,8585007
pilot_1790521581795,block_N1000_c3,0,2026-09-27T16:55:28.944Z,zkSyncTestnet,300,sepolia.era.zksync.dev,block,1000,3,5983,0xdb5e814ad039785b5cbbb13975b589bc11a29a75ccad422eb8c7c0f2d0878756,6546181.109333,6548088.063208,1906.9538749996573,88997,25000000,,success,1,0,,,8585009
pilot_1790521581795,block_N1000_c3,0,2026-09-27T16:55:29.361Z,zkSyncTestnet,300,sepolia.era.zksync.dev,block,1000,3,5982,0xc1d5988e29450552fb2acf71f3e15ccc59c258b3b24b17bacd826d2c3a0fde3c,6545880.941167,6548505.231208,2624.2900410005823,88997,25000000,,success,1,0,,,8585008
pilot_1790521581795,block_N1000_c3,0,2026-09-27T16:55:30.543Z,zkSyncTestnet,300,sepolia.era.zksync.dev,block,1000,3,5984,0xb516b42dc0e56ef98aacdfc97aafb9d6917dc7b89ea25009cf17cce476f43514,6546963.822292,6549687.644042,2723.821750000119,88991,25000000,,success,1,0,,,8585010
pilot_1790521581795,block_N1000_c3,0,2026-09-27T16:55:31.278Z,zkSyncTestnet,300,sepolia.era.zksync.dev,block,1000,3,5985,0xbb72ca4451824055ee1cda8d72025e2930ee9bfbfe671efbaec58543835dc8b8,6548088.251208,6550422.616292,2334.365083999932,88991,25000000,,success,1,0,,,8585011
pilot_1790521581795,block_N1000_c3,0,2026-09-27T16:55:32.042Z,zkSyncTestnet,300,sepolia.era.zksync.dev,block,1000,3,5986,0x5e85ac3d6ad6dff9340d4afc8506d5abcdddf6d400af49cab261dea49703289a,6548505.396792,6551186.812125,2681.4153330000117,88997,25000000,,success,1,0,,,8585012
pilot_1790521581795,block_N1000_c3,0,2026-09-27T16:55:32.337Z,zkSyncTestnet,300,sepolia.era.zksync.dev,block,1000,3,5987,0x6b2e2aab11b20cd43bc0cc5db4ca82eb20b9b0a5b7655d446e8497aa0764fbac,6549687.765542,6551481.654125,1793.8885830007493,88997,25000000,,success,1,0,,,8585013
pilot_1790521581795,block_N1000_c3,0,2026-09-27T16:55:33.326Z,zkSyncTestnet,300,sepolia.era.zksync.dev,block,1000,3,5988,0x2e36ff1fd47f87ce638eefbcafc0006537cde510507699650b89341961b8dcd5,6550422.724667,6552470.921167,2048.196500000544,88997,25000000,,success,1,0,,,8585014
pilot_1790521581795,block_N1000_c3,0,2026-09-27T16:55:33.845Z,zkSyncTestnet,300,sepolia.era.zksync.dev,block,1000,3,5989,0xfab8ca0adeef9b7e384f94ca9ecb2cbb7a6c6a3b679111ea0c7e0d7a9a3ad7c7,6551186.97825,6552989.1935,1802.2152500003576,88991,25000000,,success,1,0,,,8585015
pilot_1790521581795,block_N1000_c3,0,2026-09-27T16:55:34.139Z,zkSyncTestnet,300,sepolia.era.zksync.dev,block,1000,3,5990,0xdf975b5ac6144983ef424f1e93d1e43f930e14fd9a1da98d0d7c89c04acce88b,6551481.815125,6553284.013042,1802.1979170003906,88991,25000000,,success,1,0,,,8585016
pilot_1790521581795,block_N1000_c3,0,2026-09-27T16:55:36.239Z,zkSyncTestnet,300,sepolia.era.zksync.dev,block,1000,3,5991,0x3d8a5eb9a54cf278b80d98fa49b8ac5f79bf239665eccc62669faf58a5a946b7,6552471.053042,6555383.349417,2912.296374999918,88997,25000000,,success,1,0,,,8585018
pilot_1790521581795,block_N1000_c3,0,2026-09-27T16:55:36.472Z,zkSyncTestnet,300,sepolia.era.zksync.dev,block,1000,3,5992,0x4120d58ce38d86aacd45f99e11c631fe411a3e189fb8e494b12a153a941ad13a,6552989.28375,6555617.035917,2627.752166999504,88997,25000000,,success,1,0,,,8585018
pilot_1790521581795,block_N1000_c3,0,2026-09-27T16:55:37.743Z,zkSyncTestnet,300,sepolia.era.zksync.dev,block,1000,3,5993,0xdb504f9c9fc393571e5317545385ce12e06424b4ea3591178397061271a3157f,6553284.169208,6556887.283458,3603.114249999635,88997,25000000,,success,1,0,,,8585019
pilot_1790521581795,block_N1000_c3,0,2026-09-27T16:55:40.401Z,zkSyncTestnet,300,sepolia.era.zksync.dev,block,1000,3,5994,0x31a67d3c305e6efe3cb5526dbc63d77578cf0c20e39e431aaff77096c15c4792,6555383.448042,6559545.993917,4162.545874999836,88991,25000000,,success,1,0,,,8585020
pilot_1790521581795,block_N1000_c3,0,2026-09-27T16:55:41.184Z,zkSyncTestnet,300,sepolia.era.zksync.dev,block,1000,3,5995,0x1b8cae4d29e083184c680a8494689e0a571c54766091a66cbad11522941f8de8,6555617.146208,6560328.450958,4711.304749999195,88997,25000000,,success,1,0,,,8585021
pilot_1790521581795,block_N1000_c3,0,2026-09-27T16:55:42.833Z,zkSyncTestnet,300,sepolia.era.zksync.dev,block,1000,3,5996,0x9bb9f3ef1600831b5dcfbe9e0675b5c70ec05b77654032728c98045277516664,6556887.471042,6561977.11225,5089.641208000481,88991,25000000,,success,1,0,,,8585022
pilot_1790521581795,block_N1000_c3,0,2026-09-27T16:55:44.188Z,zkSyncTestnet,300,sepolia.era.zksync.dev,block,1000,3,5997,0xdf465dbe9e47908bfc103df75f5e90f695e1b323364aec6167aad488394d19d8,6559546.178083,6563332.207875,3786.0297920005396,88991,25000000,,success,1,0,,,8585023
pilot_1790521581795,block_N1000_c3,0,2026-09-27T16:55:45.727Z,zkSyncTestnet,300,sepolia.era.zksync.dev,block,1000,3,5998,0xdefc136afe04a611796e1ff1de3ce14271a577e044a2a53be56e207e01a7488b,6560328.562958,6564871.328917,4542.765959000215,88991,25000000,,success,1,0,,,8585024
pilot_1790521581795,block_N1000_c3,0,2026-09-27T16:55:48.004Z,zkSyncTestnet,300,sepolia.era.zksync.dev,block,1000,3,6000,0xfc2ae929676edb5a4d2b490e958c1970056f7b2ed404e642ea49f052047c2b40,6563332.302375,6567148.481917,3816.1795420004055,88997,25000000,,success,1,0,,,8585025
pilot_1790521581795,block_N1000_c3,0,2026-09-27T16:55:48.752Z,zkSyncTestnet,300,sepolia.era.zksync.dev,block,1000,3,5999,0x753e9674445f8edecac938266b6c216468ca958664ee5e66a1fa2be72a3fd8f6,6561977.223292,6567896.480708,5919.25741600059,88997,25000000,,success,1,0,,,8585025
pilot_1790521581795,block_N1000_c3,0,2026-09-27T16:55:49.055Z,zkSyncTestnet,300,sepolia.era.zksync.dev,block,1000,3,6001,0x25c3481e473c0e90b44d50639affa1f2ba6cc9232509fe5ff3d5f579457e9747,6564871.442792,6568199.882917,3328.440124999732,88991,25000000,,success,1,0,,,8585026
pilot_1790521581795,block_N1000_c3,0,2026-09-27T16:55:52.972Z,zkSyncTestnet,300,sepolia.era.zksync.dev,block,1000,3,6002,0x3584159cd95e7e69becc3cbce1c320975f44a94f6db6fae289a7681f958cc2e8,6567148.582833,6572116.592042,4968.009208999574,88997,25000000,,success,1,0,,,8585027
pilot_1790521581795,block_N1000_c3,0,2026-09-27T16:55:53.250Z,zkSyncTestnet,300,sepolia.era.zksync.dev,block,1000,3,6003,0xff9acec1ca176daf238bfadbfd3d4238f5d4ed7f47a2230dff7fea57fa3f7b07,6567896.610417,6572394.067208,4497.456791000441,88991,25000000,,success,1,0,,,8585028
pilot_1790521581795,block_N1000_c3,0,2026-09-27T16:55:54.299Z,zkSyncTestnet,300,sepolia.era.zksync.dev,block,1000,3,6004,0x2a197c5ebc9aa484ff417c691364c20e600943023b4017493b708166bd27af42,6568199.943667,6573443.679792,5243.736124999821,88997,25000000,,success,1,0,,,8585028
pilot_1790521581795,block_N1000_c3,0,2026-09-27T16:55:55.630Z,zkSyncTestnet,300,sepolia.era.zksync.dev,block,1000,3,6005,0x64ee2aa366024bbae2c1a3446727347ab336224116e2e48699c4057fbcec050e,6572116.70825,6574774.442458,2657.7342079998925,88997,25000000,,success,1,0,,,8585029
pilot_1790521581795,block_N1000_c3,0,2026-09-27T16:55:55.898Z,zkSyncTestnet,300,sepolia.era.zksync.dev,block,1000,3,6006,0xfe74e756f49870263db45aa9d7e4f2bf2f454c17854eee1718afce63eb9a034d,6572394.167625,6575042.477667,2648.3100420003757,88997,25000000,,success,1,0,,,8585030
pilot_1790521581795,block_N1000_c3,0,2026-09-27T16:55:56.100Z,zkSyncTestnet,300,sepolia.era.zksync.dev,block,1000,3,6007,0x52db9a3872e6e9ca734db3595abb6ae7fbe0315a9a50fa3005cc7602082cbc8b,6573443.776083,6575244.214292,1800.4382090000436,88991,25000000,,success,1,0,,,8585031
pilot_1790521581795,block_N1000_c3,0,2026-09-27T16:55:57.504Z,zkSyncTestnet,300,sepolia.era.zksync.dev,block,1000,3,6008,0xe0a1fa6fb0a42fa90d9eba3ffafc537835c2a2c3e6584a86156fd8ccc913b997,6574774.54175,6576648.712208,1874.1704580001533,88997,25000000,,success,1,0,,,8585032
pilot_1790521581795,block_N1000_c3,0,2026-09-27T16:55:57.678Z,zkSyncTestnet,300,sepolia.era.zksync.dev,block,1000,3,6009,0x6492e807cf2b079d28f2e2ffcc4a8d76a0b4e3d5dfc1a92fe45be691ca103203,6575042.591,6576822.444792,1779.8537919996306,88991,25000000,,success,1,0,,,8585033
pilot_1790521581795,block_N1000_c3,0,2026-09-27T16:55:58.213Z,zkSyncTestnet,300,sepolia.era.zksync.dev,block,1000,3,6010,0x9661a3eb3eef87d530f3e93272ce4ae7bce9906252f1e398519f5b4cb49f4d4b,6575244.321792,6577357.32225,2113.000458000228,88997,25000000,,success,1,0,,,8585034
pilot_1790521581795,block_N1000_c3,0,2026-09-27T16:56:00.918Z,zkSyncTestnet,300,sepolia.era.zksync.dev,block,1000,3,6011,0xe489cbaa1b0280112726a46e9c96b794b47a0f4a44189eee79cd818cf238f315,6576648.894292,6580062.322667,3413.428375000134,88997,25000000,,success,1,0,,,8585035
pilot_1790521581795,block_N1000_c3,0,2026-09-27T16:56:02.215Z,zkSyncTestnet,300,sepolia.era.zksync.dev,block,1000,3,6013,0x288372b1abe010baf81087b4aed93b4892bc7cd281920f886c6e73d932afa12e,6577357.457125,6581359.479875,4002.0227500004694,88991,25000000,,success,1,0,,,8585036
pilot_1790521581795,block_N1000_c3,0,2026-09-27T16:56:02.922Z,zkSyncTestnet,300,sepolia.era.zksync.dev,block,1000,3,6012,0xf8259172581aa5d0dffe27be511d076e84aaa3ffc0b3a0b2458e9037e29a5509,6576822.58925,6582066.881708,5244.292457999662,88991,25000000,,success,1,0,,,8585036
pilot_1790521581795,block_N1000_c3,0,2026-09-27T16:56:04.003Z,zkSyncTestnet,300,sepolia.era.zksync.dev,block,1000,3,6014,0x49e38a81b0a3f4d4d3696ccd15bad52cc429f4d496b8746aefbee6f7f870b2a0,6580062.509083,6583147.798958,3085.289874999784,88991,25000000,,success,1,0,,,8585037
pilot_1790521581795,block_N1000_c3,0,2026-09-27T16:56:04.897Z,zkSyncTestnet,300,sepolia.era.zksync.dev,block,1000,3,6015,0x95b0da03b592dd1ff1c7df6cb9e75d2a267a59dc1c6d9a98b0711f5c6a75122c,6581359.591875,6584041.344292,2681.7524170000106,88991,25000000,,success,1,0,,,8585038
pilot_1790521581795,block_N1000_c3,0,2026-09-27T16:56:06.060Z,zkSyncTestnet,300,sepolia.era.zksync.dev,block,1000,3,6016,0xfbb63a756face372f31863f05d67eb8094f54d844abead12417d17f8819ab298,6582066.936083,6585204.567667,3137.6315839998424,88997,25000000,,success,1,0,,,8585039
pilot_1790521581795,block_N1000_c3,0,2026-09-27T16:56:06.672Z,zkSyncTestnet,300,sepolia.era.zksync.dev,block,1000,3,6017,0x4fe2b0d1e73794f10c11d0d6b962554a690a4d453362e1c27eeb8109fa3608f5,6583147.902875,6585816.557167,2668.6542920004576,88997,25000000,,success,1,0,,,8585040
pilot_1790521581795,block_N1000_c3,0,2026-09-27T16:56:07.511Z,zkSyncTestnet,300,sepolia.era.zksync.dev,block,1000,3,6018,0x3c4e0bbff8c7e98c50d1b7db5e00d780ecfa2b47ee5795100d5af4a83f29c5ec,6584041.448458,6586655.653917,2614.2054589996114,88991,25000000,,success,1,0,,,8585041
pilot_1790521581795,block_N1000_c3,0,2026-09-27T16:56:08.612Z,zkSyncTestnet,300,sepolia.era.zksync.dev,block,1000,3,6019,0xbbb9d839fd8a564a9f4887f2b13a5ae295c97eb1c5e95fb83e17d1b02577291a,6585204.640167,6587756.849083,2552.2089160000905,88997,25000000,,success,1,0,,,8585042
pilot_1790521581795,block_N1000_c3,0,2026-09-27T16:56:09.314Z,zkSyncTestnet,300,sepolia.era.zksync.dev,block,1000,3,6020,0x9b14b3f0e004ed598c3cec7376c74308318b89639e056ad9bcd93b725e518f38,6585816.667417,6588458.740042,2642.07262500003,88997,25000000,,success,1,0,,,8585043
pilot_1790521581795,block_N1000_c3,0,2026-09-27T16:56:10.295Z,zkSyncTestnet,300,sepolia.era.zksync.dev,block,1000,3,6021,0xab1917fb832b6e5bba53892baf2b22d469d3db05e12d7c7f10e2662d3a29a08f,6586655.755042,6589439.417708,2783.662666000426,88997,25000000,,success,1,0,,,8585044
pilot_1790521581795,block_N1000_c3,0,2026-09-27T16:56:10.552Z,zkSyncTestnet,300,sepolia.era.zksync.dev,block,1000,3,6022,0x17ddb0bbe6c11ee505d2e6ddb943556d5e3134123f3932e53d9387e94b44e42f,6587756.999292,6589696.446458,1939.4471659995615,88991,25000000,,success,1,0,,,8585045
pilot_1790521581795,block_N1000_c3,0,2026-09-27T16:56:11.895Z,zkSyncTestnet,300,sepolia.era.zksync.dev,block,1000,3,6023,0x6cafa8e2e650abe4eae6f1cd88e49a7a7c379aa94d06039d6eefb0bbcba9e1a8,6588458.830333,6591039.067083,2580.2367500001565,88991,25000000,,success,1,0,,,8585046
pilot_1790521581795,block_N1000_c3,0,2026-09-27T16:56:12.747Z,zkSyncTestnet,300,sepolia.era.zksync.dev,block,1000,3,6024,0x14a5f6ffaa71731d380879351f292698fab4d2cc9ec780c6227dd0a23cbb5339,6589439.50825,6591891.185083,2451.676833000034,88997,25000000,,success,1,0,,,8585047
pilot_1790521581795,block_N1000_c3,0,2026-09-27T16:56:12.926Z,zkSyncTestnet,300,sepolia.era.zksync.dev,block,1000,3,6025,0x5b49613acda5910e653bf48529ac7ac70c410b1ebad5e0dbe4083af93b7f999a,6589696.502708,6592070.456375,2373.953666999936,88997,25000000,,success,1,0,,,8585048
pilot_1790521581795,block_N1000_c3,0,2026-09-27T16:56:14.220Z,zkSyncTestnet,300,sepolia.era.zksync.dev,block,1000,3,6026,0xbac3c68efc0bc8641cd814b8f6e7c003dac60ffb765d4d3fbbc98af6ceed9644,6591039.183792,6593364.657875,2325.4740829998627,88997,25000000,,success,1,0,,,8585049
pilot_1790521581795,block_N1000_c3,0,2026-09-27T16:56:15.448Z,zkSyncTestnet,300,sepolia.era.zksync.dev,block,1000,3,6027,0xcaa954b4012654b99703ea998f6fd90b9fdadbed91d66cf24604ed78cde01b76,6591891.338625,6594592.750875,2701.412250000052,88997,25000000,,success,1,0,,,8585050
pilot_1790521581795,block_N1000_c3,0,2026-09-27T16:56:16.429Z,zkSyncTestnet,300,sepolia.era.zksync.dev,block,1000,3,6028,0xabc9720d449375a90759a99a115f31908e8bdeb3266779a1ef8d5cc3fa508f4a,6592070.590333,6595574.026583,3503.4362500002608,88878,25000000,,success,1,0,,,8585051
pilot_1790521581795,block_N1000_c3,0,2026-09-27T16:56:17.069Z,zkSyncTestnet,300,sepolia.era.zksync.dev,block,1000,3,6029,0x49e7c674d98e6f7d84746d02ba2ec01ffc6ac59be3d93c63b343ce66773974b9,6593364.825958,6596213.982833,2849.1568750003353,88991,25000000,,success,1,0,,,8585052
pilot_1790521581795,block_N1000_c3,0,2026-09-27T16:56:18.783Z,zkSyncTestnet,300,sepolia.era.zksync.dev,block,1000,3,6030,0x84465c1b96ba4229bcab1780e2f336ab65eed39995eebf697e6f28e659310d0c,6594592.820833,6597927.644583,3334.8237499995157,88997,25000000,,success,1,0,,,8585053
pilot_1790521581795,block_N1000_c3,0,2026-09-27T16:56:20.515Z,zkSyncTestnet,300,sepolia.era.zksync.dev,block,1000,3,6031,0x0c3a6ea7f917e45874b059ae327e9c1cafedd24c81d469665b147fdc82941109,6595574.109,6599659.933958,4085.824957999401,88997,25000000,,success,1,0,,,8585054
pilot_1790521581795,block_N1000_c3,0,2026-09-27T16:56:20.792Z,zkSyncTestnet,300,sepolia.era.zksync.dev,block,1000,3,6032,0x6ec2e52f78180da195de1a67688f15369b50ddacd582fc05e8dc69a9cbcc3c1d,6596214.155958,6599936.785333,3722.6293750004843,88997,25000000,,success,1,0,,,8585054
pilot_1790521581795,block_N1000_c3,0,2026-09-27T16:56:22.111Z,zkSyncTestnet,300,sepolia.era.zksync.dev,block,1000,3,6033,0xa8580691eebd9634c43630a8fab79f3fc00cf3271d88feab4695c79cf8c469f9,6597927.821583,6601255.628542,3327.806959000416,88997,25000000,,success,1,0,,,8585055
pilot_1790521581795,block_N1000_c3,0,2026-09-27T16:56:23.995Z,zkSyncTestnet,300,sepolia.era.zksync.dev,block,1000,3,6034,0xf86e23f231af3a4f3e20a83ca3d1bb41dbd51fd22390de729b330d074ef5985a,6599660.042833,6603139.763875,3479.7210419997573,88991,25000000,,success,1,0,,,8585056
pilot_1790521581795,block_N1000_c3,0,2026-09-27T16:56:24.948Z,zkSyncTestnet,300,sepolia.era.zksync.dev,block,1000,3,6036,0x36fdc016f99500cb5b2e2605c99819c4b9b9bda29e13fcf33583c3a4fee4963e,6601255.718833,6604092.429875,2836.711041999981,88997,25000000,,success,1,0,,,8585057
pilot_1790521581795,block_N1000_c3,0,2026-09-27T16:56:24.995Z,zkSyncTestnet,300,sepolia.era.zksync.dev,block,1000,3,6035,0xf87fd6fda877d162954624e81714353cf703751fcaf8c7b6110475ba01fbf20d,6599936.904667,6604139.169958,4202.265290999785,88997,25000000,,success,1,0,,,8585057
pilot_1790521581795,block_N1000_c3,0,2026-09-27T16:56:26.278Z,zkSyncTestnet,300,sepolia.era.zksync.dev,block,1000,3,6037,0xbf28431d6cd7171cd49c818abcdd40f3e2c884753f65290f7e6104202d5627e4,6603139.895083,6605422.900625,2283.0055419998243,88991,25000000,,success,1,0,,,8585059
pilot_1790521581795,block_N1000_c3,0,2026-09-27T16:56:26.802Z,zkSyncTestnet,300,sepolia.era.zksync.dev,block,1000,3,6038,0x0a8fa845431b999cd32f1db0832df03936d08cd0d7a6435e8e41d289880319ec,6604092.528708,6605946.227292,1853.69858400058,88997,25000000,,success,1,0,,,8585060
pilot_1790521581795,block_N1000_c3,0,2026-09-27T16:56:27.559Z,zkSyncTestnet,300,sepolia.era.zksync.dev,block,1000,3,6039,0xfb02886ef8c427c7a79d2a0257086d63794862e6f0d9467ce9981b481474f29f,6604139.209958,6606703.622958,2564.4129999997094,88997,25000000,,success,1,0,,,8585061
pilot_1790521581795,block_N1000_c3,0,2026-09-27T16:56:29.564Z,zkSyncTestnet,300,sepolia.era.zksync.dev,block,1000,3,6040,0x3eace31c7c0bd2b7d3e29449ee53d68df8ce68b1a2cb217c05ac7a09345a5f49,6605423.094208,6608708.962875,3285.8686669999734,88991,25000000,,success,1,0,,,8585062
pilot_1790521581795,block_N1000_c3,0,2026-09-27T16:56:30.997Z,zkSyncTestnet,300,sepolia.era.zksync.dev,block,1000,3,6041,0xb055300f145ba2e12aad830ef6f4236d48e6a485ffbc4ccea0834a7527fde2ed,6605946.344458,6610141.892667,4195.548209000379,88991,25000000,,success,1,0,,,8585063
pilot_1790521581795,block_N1000_c3,0,2026-09-27T16:56:31.275Z,zkSyncTestnet,300,sepolia.era.zksync.dev,block,1000,3,6042,0x50d4114f4d18279025125af9ef1ee481b5865a54be8ff899dd94b80c02e8adf1,6606703.705792,6610419.863375,3716.1575830001384,88997,25000000,,success,1,0,,,8585063
pilot_1790521581795,block_N1000_c3,0,2026-09-27T16:56:31.523Z,zkSyncTestnet,300,sepolia.era.zksync.dev,block,1000,3,6043,0xded3b19e788c06963f804eff3c9f313575a872253bb62062c9347d5c5156165a,6608709.068833,6610667.185542,1958.116709000431,88991,25000000,,success,1,0,,,8585064
pilot_1790521581795,block_N1000_c3,0,2026-09-27T16:56:32.855Z,zkSyncTestnet,300,sepolia.era.zksync.dev,block,1000,3,6044,0xc26a13122cc6776c5d030c4c9ec44a059c7934707485d147ab45f394a72d2cee,6610142.010583,6611999.806708,1857.7961249994114,88997,25000000,,success,1,0,,,8585065
pilot_1790521581795,block_N1000_c3,0,2026-09-27T16:56:35.334Z,zkSyncTestnet,300,sepolia.era.zksync.dev,block,1000,3,6045,0x0af23a183c3de21d65b0dc3ffd42110acf2d42153f8101d07547ea784a5e89ee,6610419.971292,6614479.00875,4059.0374579997733,88991,25000000,,success,1,0,,,8585066
pilot_1790521581795,block_N1000_c3,0,2026-09-27T16:56:35.717Z,zkSyncTestnet,300,sepolia.era.zksync.dev,block,1000,3,6047,0x7a866e8f8d6e4e4ba12745268d4b7ccfcad7cd60ff00061c1c0f8cf2ab416f68,6611999.884292,6614861.430292,2861.5460000000894,88997,25000000,,success,1,0,,,8585067
pilot_1790521581795,block_N1000_c3,0,2026-09-27T16:56:36.245Z,zkSyncTestnet,300,sepolia.era.zksync.dev,block,1000,3,6046,0x3267c01ba561b1eb890c845240ccc2ee2663bdd8486cfdf55ba70f4ee402d733,6610667.350417,6615389.463792,4722.113374999724,88997,25000000,,success,1,0,,,8585067
pilot_1790521581795,block_N1000_c3,0,2026-09-27T16:56:38.124Z,zkSyncTestnet,300,sepolia.era.zksync.dev,block,1000,3,6048,0x60ed023bd2627875d9a366be5ecbce239beb7e619b7f8099656c091581e4f943,6614479.115208,6617268.971458,2789.8562500001863,88991,25000000,,success,1,0,,,8585068
pilot_1790521581795,block_N1000_c3,0,2026-09-27T16:56:39.415Z,zkSyncTestnet,300,sepolia.era.zksync.dev,block,1000,3,6050,0x7d981d48f80a2d1aa9ab9de4f89147c272ad56e55ff181274c34e2c3380d36ac,6615390.08675,6618559.300417,3169.213667000644,88991,25000000,,success,1,0,,,8585069
pilot_1790521581795,block_N1000_c3,0,2026-09-27T16:56:39.629Z,zkSyncTestnet,300,sepolia.era.zksync.dev,block,1000,3,6049,0xbf87c612846841466214320d4903f1b23944acd88b34ef06f90028c63a2859bb,6614861.543333,6618774.016083,3912.4727500006557,88991,25000000,,success,1,0,,,8585069
pilot_1790521581795,block_N1000_c3,0,2026-09-27T16:56:41.221Z,zkSyncTestnet,300,sepolia.era.zksync.dev,block,1000,3,6051,0x6a642be96b822a6bb15fee14c44826ff0abebf990fcae703ab9b55f0c9006e8e,6617269.052125,6620365.12925,3096.077124999836,88991,25000000,,success,1,0,,,8585070
pilot_1790521581795,block_N1000_c3,0,2026-09-27T16:56:42.008Z,zkSyncTestnet,300,sepolia.era.zksync.dev,block,1000,3,6052,0xbe6d3213db8beff4d5da3afefef5afc9d28e75002ef25ebf1ef839ffb6ec77f4,6618559.397625,6621152.919167,2593.521541999653,88991,25000000,,success,1,0,,,8585071
pilot_1790521581795,block_N1000_c3,0,2026-09-27T16:56:43.092Z,zkSyncTestnet,300,sepolia.era.zksync.dev,block,1000,3,6054,0x9085a3114ddf8a781224277e9f5b4fded454b27646d33db12aa14fa688dcd2c7,6620365.19225,6622236.215375,1871.0231249993667,88997,25000000,,success,1,0,,,8585072
pilot_1790521581795,block_N1000_c3,0,2026-09-27T16:56:43.420Z,zkSyncTestnet,300,sepolia.era.zksync.dev,block,1000,3,6053,0x3c58256d7ab8bb387070f78cafffaa315694aa2332e8d54ca5d1d88c9eb725a0,6618774.082292,6622564.97125,3790.888958000578,88997,25000000,,success,1,0,,,8585072
pilot_1790521581795,block_N1000_c3,0,2026-09-27T16:56:43.847Z,zkSyncTestnet,300,sepolia.era.zksync.dev,block,1000,3,6055,0xe72a2a644a6b15819f6571c7835aaf6dfa9ef546e0e07ee5cf70a005374383c4,6621153.113833,6622991.336417,1838.2225839998573,88997,25000000,,success,1,0,,,8585073
pilot_1790521581795,block_N1000_c3,0,2026-09-27T16:56:45.739Z,zkSyncTestnet,300,sepolia.era.zksync.dev,block,1000,3,6056,0x4e8fbf8527226bf774e1ea5aaf677e0a1e48673750a706223d0d38306039e850,6622236.315792,6624884.040667,2647.7248750003055,88997,25000000,,success,1,0,,,8585074
pilot_1790521581795,block_N1000_c3,0,2026-09-27T16:56:46.430Z,zkSyncTestnet,300,sepolia.era.zksync.dev,block,1000,3,6057,0x6b67cf2bc874b6fc210c99a0fc92b3c77103928800fe65f66966cfecf63c961e,6622565.083625,6625574.240542,3009.1569170001894,88991,25000000,,success,1,0,,,8585075
pilot_1790521581795,block_N1000_c3,0,2026-09-27T16:56:47.253Z,zkSyncTestnet,300,sepolia.era.zksync.dev,block,1000,3,6058,0x4f004b4e0364a84052a58e27f1cb850baf200044a269650930229603d87a4ce8,6622991.410542,6626397.857083,3406.4465410001576,88991,25000000,,success,1,0,,,8585075
pilot_1790521581795,block_N1000_c3,0,2026-09-27T16:56:49.054Z,zkSyncTestnet,300,sepolia.era.zksync.dev,block,1000,3,6060,0xc9e1c92f6bd8614f1995761a8493f614f30c8a1e78c3e17f3b0d5488f539827a,6625574.404375,6628198.471042,2624.066666999832,88997,25000000,,success,1,0,,,8585076
pilot_1790521581795,block_N1000_c3,0,2026-09-27T16:56:49.085Z,zkSyncTestnet,300,sepolia.era.zksync.dev,block,1000,3,6061,0x5b426a8af4f528cf313e3896cee136b56919373d73c3bdbb3db1ce3db3b4c1f7,6626397.973917,6628229.81875,1831.8448329996318,88997,25000000,,success,1,0,,,8585076
pilot_1790521581795,block_N1000_c3,0,2026-09-27T16:56:49.926Z,zkSyncTestnet,300,sepolia.era.zksync.dev,block,1000,3,6059,0x7f4ead3516a0345ad6d966768808a3481a4eac3374dbea75a3862ce02b698d29,6624884.105458,6629070.962583,4186.857125000097,88991,25000000,,success,1,0,,,8585076
pilot_1790521581795,block_N1000_c3,0,2026-09-27T16:56:52.356Z,zkSyncTestnet,300,sepolia.era.zksync.dev,block,1000,3,6062,0x3430c2d74cc6075e2d613f249737638cc2b435a6e92882e5e11ae1f0ad7fb21f,6628198.575958,6631500.33,3301.75404200051,88991,25000000,,success,1,0,,,8585077
pilot_1790521581795,block_N1000_c3,0,2026-09-27T16:56:53.547Z,zkSyncTestnet,300,sepolia.era.zksync.dev,block,1000,3,6063,0xdf8df356ecbd2b863c3bb66cb702c87d5478e2fe0ce330634d9ace3fb05ed377,6628229.922,6632691.250125,4461.328125,88997,25000000,,success,1,0,,,8585078
pilot_1790521581795,block_N1000_c3,0,2026-09-27T16:56:53.774Z,zkSyncTestnet,300,sepolia.era.zksync.dev,block,1000,3,6064,0x415ad73a58d477c1d67cc90214c6b7793a604a4b5a5984dbe2759e7478f81c3b,6629071.071083,6632918.129708,3847.058625000529,88991,25000000,,success,1,0,,,8585078
pilot_1790521581795,block_N1000_c3,0,2026-09-27T16:56:55.390Z,zkSyncTestnet,300,sepolia.era.zksync.dev,block,1000,3,6066,0x4cace9aef1313ea46c0b6574c6f9fba49cec7f34c2f18e18733103f9641ef9fd,6632691.360292,6634534.449958,1843.0896660005674,88991,25000000,,success,1,0,,,8585079
pilot_1790521581795,block_N1000_c3,0,2026-09-27T16:56:55.637Z,zkSyncTestnet,300,sepolia.era.zksync.dev,block,1000,3,6065,0x8d2f9f7fbf7c14883914b8831725956877a5998d38d0572617fc4bc95a6557f6,6631500.534792,6634781.835958,3281.3011659998447,88997,25000000,,success,1,0,,,8585079
pilot_1790521581795,block_N1000_c3,0,2026-09-27T16:56:56.689Z,zkSyncTestnet,300,sepolia.era.zksync.dev,block,1000,3,6067,0x624564d801bcfb8d848592e875274a26abc9bf8b5e6bdc1de52f786ed16fdd34,6632918.209583,6635833.87175,2915.662166999653,88991,25000000,,success,1,0,,,8585080
pilot_1790521581795,block_N1000_c3,0,2026-09-27T16:56:59.328Z,zkSyncTestnet,300,sepolia.era.zksync.dev,block,1000,3,6068,0x51f6152108f2cd21425dc725a9bbac1002e26b63bf2072721d6829b84de3f049,6634534.566458,6638472.596542,3938.030083999969,88997,25000000,,success,1,0,,,8585081
pilot_1790521581795,block_N1000_c3,0,2026-09-27T16:57:00.359Z,zkSyncTestnet,300,sepolia.era.zksync.dev,block,1000,3,6069,0x2efb84338af48a43bb9ba84502399e52f1265d3e9d13c82397497781575e2bf6,6634781.893417,6639503.999208,4722.105790999718,88997,25000000,,success,1,0,,,8585082
pilot_1790521581795,block_N1000_c3,0,2026-09-27T16:57:00.765Z,zkSyncTestnet,300,sepolia.era.zksync.dev,block,1000,3,6070,0x305d116ebc47b49e5a836050d8fc2057caf1762c44d1a0da3068da5e233c9729,6635833.978458,6639909.856125,4075.877666999586,88997,25000000,,success,1,0,,,8585082
pilot_1790521581795,block_N1000_c3,0,2026-09-27T16:57:02.969Z,zkSyncTestnet,300,sepolia.era.zksync.dev,block,1000,3,6071,0xb221b1b560628b9e0b87887cb697249b6f299a0e34f9946462712a462261a458,6638472.758667,6642113.83125,3641.0725830001757,88997,25000000,,success,1,0,,,8585083
pilot_1790521581795,block_N1000_c3,0,2026-09-27T16:57:03.264Z,zkSyncTestnet,300,sepolia.era.zksync.dev,block,1000,3,6072,0xfedda4aef9e29859876c1b5f992ad09e1e3e0dbccb0e44f3bbea882f46454f4e,6639504.186208,6642408.272333,2904.0861249994487,88997,25000000,,success,1,0,,,8585084
pilot_1790521581795,block_N1000_c3,0,2026-09-27T16:57:03.551Z,zkSyncTestnet,300,sepolia.era.zksync.dev,block,1000,3,6073,0x0c08f1523a46202e41bf234c3003c67b465c367aa7d1c00187b1064623a6fc7d,6639909.936542,6642696.084292,2786.1477500004694,88991,25000000,,success,1,0,,,8585085
pilot_1790521581795,block_N1000_c3,0,2026-09-27T16:57:05.841Z,zkSyncTestnet,300,sepolia.era.zksync.dev,block,1000,3,6075,0x18ae56f1d7c3295822e5fd28e4c18066f0ecc7aee3668bbfd28a1330bc25b8c7,6642408.429625,6644985.106417,2576.6767920004204,88997,25000000,,success,1,0,,,8585087
pilot_1790521581795,block_N1000_c3,0,2026-09-27T16:57:06.122Z,zkSyncTestnet,300,sepolia.era.zksync.dev,block,1000,3,6074,0xf0646091e46808424a7e83d4fb2a3865a6215bf523442e0ea449b9d0a19bc46e,6642113.911667,6645266.401667,3152.4900000002235,88991,25000000,,success,1,0,,,8585086
pilot_1790521581795,block_N1000_c3,0,2026-09-27T16:57:06.126Z,zkSyncTestnet,300,sepolia.era.zksync.dev,block,1000,3,6076,0xd14208cf9c26b43946e7712b65b26f5812773cd78107d543d194672dbd3a8443,6642696.171333,6645270.135833,2573.964499999769,88991,25000000,,success,1,0,,,8585087
pilot_1790521581795,block_N1000_c3,0,2026-09-27T16:57:08.027Z,zkSyncTestnet,300,sepolia.era.zksync.dev,block,1000,3,6078,0x950f8dfb45bf54b3923d8bd7eed57dce6432b66f2abc8f1adbd091c26104efde,6645266.538333,6647171.436292,1904.897959000431,88997,25000000,,success,1,0,,,8585089
pilot_1790521581795,block_N1000_c3,0,2026-09-27T16:57:08.433Z,zkSyncTestnet,300,sepolia.era.zksync.dev,block,1000,3,6077,0xb514f6751618377cce44569f7aacbbdc672872e644a20b827b5268a3ceef3dce,6644985.21875,6647577.690417,2592.4716670000926,88997,25000000,,success,1,0,,,8585088
pilot_1790521581795,block_N1000_c3,0,2026-09-27T16:57:08.746Z,zkSyncTestnet,300,sepolia.era.zksync.dev,block,1000,3,6079,0xcacc65e891c6b2452d822772f6cebc930dd14ea2a2f34c8c64e5c682699aa851,6645270.152667,6647890.637917,2620.4852499999106,88991,25000000,,success,1,0,,,8585090
pilot_1790521581795,block_N1000_c3,0,2026-09-27T16:57:10.321Z,zkSyncTestnet,300,sepolia.era.zksync.dev,block,1000,3,6081,0x83b57659633b0361037a24b842a1eb914ecd0446c8ae09222f9f1509e0818a32,6647577.782375,6649465.442458,1887.6600829996169,88991,25000000,,success,1,0,,,8585092
pilot_1790521581795,block_N1000_c3,0,2026-09-27T16:57:10.325Z,zkSyncTestnet,300,sepolia.era.zksync.dev,block,1000,3,6080,0x520e831caf1ff6f3e000a0c40b59b3de35907ad1467781d88ed5a74fcd9a9d40,6647171.575042,6649470.050792,2298.475750000216,88997,25000000,,success,1,0,,,8585092
pilot_1790521581795,block_N1000_c3,0,2026-09-27T16:57:10.572Z,zkSyncTestnet,300,sepolia.era.zksync.dev,block,1000,3,6082,0xafcf7ed3c6184fbe3eda996e2220d6982075f3a8c0b1e3bc6fad138d2167dda0,6647890.70075,6649716.73875,1826.0379999997094,88997,25000000,,success,1,0,,,8585093
pilot_1790521581795,block_N1000_c3,0,2026-09-27T16:57:12.417Z,zkSyncTestnet,300,sepolia.era.zksync.dev,block,1000,3,6085,0xf88bd730320e16cd2553b8329350c966c639db3525fa9a35d4ea1679503af234,6649716.845583,6651561.255417,1844.4098339993507,88997,25000000,,success,1,0,,,8585095
pilot_1790521581795,block_N1000_c3,0,2026-09-27T16:57:12.949Z,zkSyncTestnet,300,sepolia.era.zksync.dev,block,1000,3,6083,0x47798639734320b7c27f3a4a97eb7c35205e783541033df2ae2e57e66c80a228,6649465.630542,6652093.40075,2627.7702080002055,88997,25000000,,success,1,0,,,8585094
pilot_1790521581795,block_N1000_c3,0,2026-09-27T16:57:12.960Z,zkSyncTestnet,300,sepolia.era.zksync.dev,block,1000,3,6084,0x47489d4df2604bf54b3b0b1c7de9c8032f872ad244ca83979d7de9242c1a16d2,6649470.087583,6652104.601708,2634.514124999754,88991,25000000,,success,1,0,,,8585095
pilot_1790521581795,block_N1000_c3,0,2026-09-27T16:57:15.054Z,zkSyncTestnet,300,sepolia.era.zksync.dev,block,1000,3,6086,0x91f5c83d718533ac0f2110ed2125cb07c538b6797f7dd71640779fbc987976f4,6651561.375875,6654198.302417,2636.9265419999138,88991,25000000,,success,1,0,,,8585096
pilot_1790521581795,block_N1000_c3,0,2026-09-27T16:57:15.273Z,zkSyncTestnet,300,sepolia.era.zksync.dev,block,1000,3,6088,0xb3616ed8a8dafd6eb6b611b36797b60a3b1071c471a737412da08edf2c63b961,6652104.640375,6654417.59925,2312.9588749995455,88991,25000000,,success,1,0,,,8585097
pilot_1790521581795,block_N1000_c3,0,2026-09-27T16:57:16.837Z,zkSyncTestnet,300,sepolia.era.zksync.dev,block,1000,3,6087,0x9b83b7fd4f38d0950adc78385b4b9f3c9c8fa00f4ed9fc1476d135a9e74b71d2,6652093.461,6655981.16075,3887.6997499996796,88997,25000000,,success,1,0,,,8585097
pilot_1790521581795,block_N1000_c3,0,2026-09-27T16:57:18.276Z,zkSyncTestnet,300,sepolia.era.zksync.dev,block,1000,3,6089,0x6429d5f43a62df57d6c01f222d36f6cff945ecb7d16deaed184ae3052152444d,6654198.475625,6657420.131375,3221.655749999918,88997,25000000,,success,1,0,,,8585098
pilot_1790521581795,block_N1000_c3,0,2026-09-27T16:57:19.229Z,zkSyncTestnet,300,sepolia.era.zksync.dev,block,1000,3,6090,0x984c9ec3a4ae966d2083fa6a86c95a6e4ca15b90a6fceccc16b056af93185b36,6654417.693042,6658373.801792,3956.108750000596,88997,25000000,,success,1,0,,,8585099
pilot_1790521581795,block_N1000_c3,0,2026-09-27T16:57:19.838Z,zkSyncTestnet,300,sepolia.era.zksync.dev,block,1000,3,6091,0x7db49e8c3cb01caa6d4e53fb2f08b1d9f28b0278e9614aad7565a79192151849,6655981.283542,6658982.305083,3001.021541000344,88991,25000000,,success,1,0,,,8585100
pilot_1790521581795,block_N1000_c3,0,2026-09-27T16:57:20.095Z,zkSyncTestnet,300,sepolia.era.zksync.dev,block,1000,3,6092,0x8a69c22cc84021c6fbfe9ad149ac4af83c94152f57889ef97cd2f3ce4f7d676b,6657420.231792,6659239.435333,1819.2035409994423,88991,25000000,,success,1,0,,,8585101
pilot_1790521581795,block_N1000_c3,0,2026-09-27T16:57:21.077Z,zkSyncTestnet,300,sepolia.era.zksync.dev,block,1000,3,6093,0x2a03daf20e110f64e39736a89eb48a55938b678577577c2e4aede559ffad7660,6658373.917125,6660221.932667,1848.0155420005322,88997,25000000,,success,1,0,,,8585102
pilot_1790521581795,block_N1000_c3,0,2026-09-27T16:57:21.635Z,zkSyncTestnet,300,sepolia.era.zksync.dev,block,1000,3,6094,0x2e74402e3ac031b6851d0c42c63afc831b7599a6456fbb41e0c7ee1088f61b6c,6658982.421542,6660779.642083,1797.2205410003662,88991,25000000,,success,1,0,,,8585103
pilot_1790521581795,block_N1000_c3,0,2026-09-27T16:57:21.852Z,zkSyncTestnet,300,sepolia.era.zksync.dev,block,1000,3,6095,0x2f93d0f67ba6c428d815bb1837b921557fe54c43f93d57c101a5dad0cf0f8f06,6659239.493292,6660996.441125,1756.947832999751,88991,25000000,,success,1,0,,,8585104
pilot_1790521581795,block_N1000_c3,0,2026-09-27T16:57:23.955Z,zkSyncTestnet,300,sepolia.era.zksync.dev,block,1000,3,6096,0xe9cb40833f7bee26709096fbaef45e65329f8367217fb058c32d954352ea9050,6660222.039833,6663099.125208,2877.0853749997914,88991,25000000,,success,1,0,,,8585105
pilot_1790521581795,block_N1000_c3,0,2026-09-27T16:57:24.476Z,zkSyncTestnet,300,sepolia.era.zksync.dev,block,1000,3,6097,0x522b63422d054dfc15e12d9dfd78a98510b9ce64c9d011f15bb7aa6722bc55d9,6660779.746958,6663620.662792,2840.915834000334,88997,25000000,,success,1,0,,,8585106
pilot_1790521581795,block_N1000_c3,0,2026-09-27T16:57:25.757Z,zkSyncTestnet,300,sepolia.era.zksync.dev,block,1000,3,6098,0x8d7932bd593f475037340504dcbd2a11eeff03433a67de93d3af7acdfe6ced36,6660996.532833,6664901.126042,3904.5932090003043,88991,25000000,,success,1,0,,,8585107
pilot_1790521581795,block_N1000_c3,0,2026-09-27T16:57:34.688Z,zkSyncTestnet,300,sepolia.era.zksync.dev,block,1000,3,6099,0x40279be2566ea837ab57f55c903e89b75ee2571cb333cd825d8311c995c586e4,6663099.21975,6673832.454208,10733.234457999468,88872,25000000,,success,1,0,,,8585108
pilot_1790521581795,block_N1000_c3,0,2026-09-27T16:57:34.962Z,zkSyncTestnet,300,sepolia.era.zksync.dev,block,1000,3,6100,0x59640f19a0d7fb53f92677ab88e4fa06a0dec5a9171f32d00ce8c285fc01b845,6663620.766708,6674106.970875,10486.204167000018,88997,25000000,,success,1,0,,,8585109
pilot_1790521581795,block_N1000_c3,0,2026-09-27T16:57:35.523Z,zkSyncTestnet,300,sepolia.era.zksync.dev,block,1000,3,6101,0x25763f5e99181c5827f392f861370c121d20b8c3fc5dfd34b88ebbb6918dd8af,6664901.233667,6674667.539292,9766.305625000037,88991,25000000,,success,1,0,,,8585110
pilot_1790521581795,block_N1000_c3,0,2026-09-27T16:57:36.603Z,zkSyncTestnet,300,sepolia.era.zksync.dev,block,1000,3,6102,0xc3486dff44767a582a3ca6e19568126415c088c5f15c5f170f80f6140741fd48,6673832.661,6675747.899542,1915.2385419998318,88991,25000000,,success,1,0,,,8585111
pilot_1790521581795,block_N1000_c3,0,2026-09-27T16:57:36.888Z,zkSyncTestnet,300,sepolia.era.zksync.dev,block,1000,3,6103,0x26c262eed61768ea763660ccec1df63e63e017ba0284a99b6352d7bb0eef8345,6674107.077833,6676032.632583,1925.5547500001267,88997,25000000,,success,1,0,,,8585111
pilot_1790521581795,block_N1000_c3,0,2026-09-27T16:57:37.332Z,zkSyncTestnet,300,sepolia.era.zksync.dev,block,1000,3,6104,0xd6125171d8f8a16d583644b3c6f31c10015ffe2dc1808f107ad2d3ad850b0912,6674667.658917,6676476.222625,1808.5637080008164,88991,25000000,,success,1,0,,,8585112
pilot_1790521581795,block_N1000_c3,0,2026-09-27T16:57:38.422Z,zkSyncTestnet,300,sepolia.era.zksync.dev,block,1000,3,6105,0xfd7736a051ced9e7d3230263aa052ff41bb572675854708bb4a4c4b7fa059ac5,6675748.058667,6677566.924917,1818.8662499999627,88991,25000000,,success,1,0,,,8585113
pilot_1790521581795,block_N1000_c3,0,2026-09-27T16:57:38.752Z,zkSyncTestnet,300,sepolia.era.zksync.dev,block,1000,3,6106,0xacff5c2c4cacd9f9069f70de3a9a754c93fe56771bde086546108d331617abd3,6676032.776833,6677896.690417,1863.913584000431,88991,25000000,,success,1,0,,,8585113
pilot_1790521581795,block_N1000_c3,0,2026-09-27T16:57:39.166Z,zkSyncTestnet,300,sepolia.era.zksync.dev,block,1000,3,6107,0x3a6558d665be9c9577853c8ccb6625e5b053aa29833a7c9e092a71fad8e24651,6676476.322583,6678311.091917,1834.769333999604,88991,25000000,,success,1,0,,,8585114
pilot_1790521581795,block_N1000_c3,0,2026-09-27T16:57:40.209Z,zkSyncTestnet,300,sepolia.era.zksync.dev,block,1000,3,6108,0x730ebb4099045e692f4423fb484f32ae2897fdb761e1c36755c5c063616f89d0,6677567.029167,6679353.535583,1786.5064159994945,88997,25000000,,success,1,0,,,8585115
pilot_1790521581795,block_N1000_c3,0,2026-09-27T16:57:40.540Z,zkSyncTestnet,300,sepolia.era.zksync.dev,block,1000,3,6109,0x5d2811ee0b4e7f400a1b78be5340dea4e21d888fbc9cad059705ff9ed78b4fb8,6677896.764,6679684.50275,1787.738749999553,88991,25000000,,success,1,0,,,8585115
pilot_1790521581795,block_N1000_c3,0,2026-09-27T16:57:40.998Z,zkSyncTestnet,300,sepolia.era.zksync.dev,block,1000,3,6110,0xcab6f165faa637e8d86674bc0a1a2fb06e74cdbe52a00ec4da44720d3d5adbb0,6678311.198375,6680142.4465,1831.2481249999255,88997,25000000,,success,1,0,,,8585116
pilot_1790521581795,block_N1000_c3,0,2026-09-27T16:57:42.072Z,zkSyncTestnet,300,sepolia.era.zksync.dev,block,1000,3,6111,0x2348ec279906c6e8c2a83bfdb4028691ef9e3080aecf01525cfe3c000996222f,6679353.616833,6681216.945125,1863.3282919991761,88997,25000000,,success,1,0,,,8585117
pilot_1790521581795,block_N1000_c3,0,2026-09-27T16:57:42.403Z,zkSyncTestnet,300,sepolia.era.zksync.dev,block,1000,3,6112,0xc1dbabb570d575f004da6a7d2ca9ebd44e3884f5691a1bbbbb23cce26d317346,6679684.558917,6681547.308917,1862.75,88991,25000000,,success,1,0,,,8585117
pilot_1790521581795,block_N1000_c3,0,2026-09-27T16:57:42.877Z,zkSyncTestnet,300,sepolia.era.zksync.dev,block,1000,3,6113,0xc7cb240f77b583531b561b4b252ef7eff4d237fbf7ab7b550fa662cdb0dd7d4e,6680142.546125,6682021.497125,1878.9509999994189,88997,25000000,,success,1,0,,,8585118
pilot_1790521581795,block_N1000_c3,0,2026-09-27T16:57:44.232Z,zkSyncTestnet,300,sepolia.era.zksync.dev,block,1000,3,6115,0x878c60c1a0c15305d24b9ffcb6bb83bab6cabf7b0a684eeb2866b6694caf1aff,6681547.373583,6683376.376667,1829.0030840002,88997,25000000,,success,1,0,,,8585119
pilot_1790521581795,block_N1000_c3,0,2026-09-27T16:57:44.398Z,zkSyncTestnet,300,sepolia.era.zksync.dev,block,1000,3,6114,0x3c30f81a7ecd10c0d019b7cf509d31cf2d5aaf8565c00dcb3c252662befdf8ce,6681217.047958,6683542.152667,2325.1047090003267,88997,25000000,,success,1,0,,,8585119
pilot_1790521581795,block_N1000_c3,0,2026-09-27T16:57:44.659Z,zkSyncTestnet,300,sepolia.era.zksync.dev,block,1000,3,6116,0xa9f764da7510c19930a386eb6ecb1edd52c22b4a1fb30843b985c2f245d25d3e,6682021.612083,6683803.158458,1781.546374999918,88997,25000000,,success,1,0,,,8585120
pilot_1790521581795,block_N1000_c3,0,2026-09-27T16:57:46.099Z,zkSyncTestnet,300,sepolia.era.zksync.dev,block,1000,3,6117,0x2a531b3ef4b53c714150dc18ff508630485cdc8ad19948277f61dd510e830d76,6683376.547667,6685244.070292,1867.5226249992847,88872,25000000,,success,1,0,,,8585121
pilot_1790521581795,block_N1000_c3,0,2026-09-27T16:57:46.208Z,zkSyncTestnet,300,sepolia.era.zksync.dev,block,1000,3,6118,0x7ea5a420ed8786da526bdef767ab58c8c25cd022e505a373f5ba41d7c61a3ee8,6683542.27125,6685352.257917,1809.9866669997573,88991,25000000,,success,1,0,,,8585122
pilot_1790521581795,block_N1000_c3,0,2026-09-27T16:57:46.500Z,zkSyncTestnet,300,sepolia.era.zksync.dev,block,1000,3,6119,0xdf86a7d69edcb65d5fc7916b9fdc84400b49afac9d0608f6ad4bbec13dd361c0,6683803.259333,6685644.638958,1841.3796250000596,88991,25000000,,success,1,0,,,8585122
pilot_1790521581795,block_N1000_c3,0,2026-09-27T16:57:47.874Z,zkSyncTestnet,300,sepolia.era.zksync.dev,block,1000,3,6120,0x2f3d4af74c2a96c5c79a0acdf0256007bd55a1a18b66a70ee6b0fa0830076903,6685244.174875,6687018.851917,1774.6770419999957,88991,25000000,,success,1,0,,,8585123
pilot_1790521581795,block_N1000_c3,0,2026-09-27T16:57:48.070Z,zkSyncTestnet,300,sepolia.era.zksync.dev,block,1000,3,6121,0xa5427c035d1321ac3b06f5f5dad215941509b8682252776dd68ade10a5ad961d,6685352.4255,6687214.546167,1862.1206670003012,88991,25000000,,success,1,0,,,8585124
pilot_1790521581795,block_N1000_c3,0,2026-09-27T16:57:48.335Z,zkSyncTestnet,300,sepolia.era.zksync.dev,block,1000,3,6122,0xab2971d28f45f1e23ba9a14572d37d610d4ccd4a9e4f86a3c92013e72a13b1d8,6685644.697833,6687479.853958,1835.156125000678,88997,25000000,,success,1,0,,,8585125
pilot_1790521581795,block_N1000_c3,0,2026-09-27T16:57:49.667Z,zkSyncTestnet,300,sepolia.era.zksync.dev,block,1000,3,6123,0x81255766117b76ce20a321d6400432fd54a1d433c8dc330e037745ab1f94009e,6687019.018833,6688811.387667,1792.3688340000808,88997,25000000,,success,1,0,,,8585126
pilot_1790521581795,block_N1000_c3,0,2026-09-27T16:57:49.892Z,zkSyncTestnet,300,sepolia.era.zksync.dev,block,1000,3,6124,0x7179c79b9e6b2faaf527733831be7e8fbe5564bf3ad59cd30fdea63049dea8d7,6687214.661792,6689036.606625,1821.9448330001906,88997,25000000,,success,1,0,,,8585127
pilot_1790521581795,block_N1000_c3,0,2026-09-27T16:57:50.192Z,zkSyncTestnet,300,sepolia.era.zksync.dev,block,1000,3,6125,0x712ecf8d51ec566ffc63a419803d38495c02c571af7f0cf85d1d1e4e307b80ba,6687479.971917,6689336.705208,1856.7332910001278,88997,25000000,,success,1,0,,,8585128
pilot_1790521581795,block_N1000_c3,0,2026-09-27T16:57:51.571Z,zkSyncTestnet,300,sepolia.era.zksync.dev,block,1000,3,6126,0xe30733ae816e96ad772cf02e38689c10c7231e1f18a3f4c9dbd25be26122535f,6688811.554375,6690715.700333,1904.1459579998627,88997,25000000,,success,1,0,,,8585129
pilot_1790521581795,block_N1000_c3,0,2026-09-27T16:57:51.786Z,zkSyncTestnet,300,sepolia.era.zksync.dev,block,1000,3,6127,0xe94ef42fd4907c92a860f1cd8f5180af1c7de6de82b4615a9b96e2e903efa52e,6689036.690958,6690930.250375,1893.5594170000404,88997,25000000,,success,1,0,,,8585130
pilot_1790521581795,block_N1000_c3,0,2026-09-27T16:57:52.061Z,zkSyncTestnet,300,sepolia.era.zksync.dev,block,1000,3,6128,0xf529e9a31b5c6038916c1748eb0b509aa9ebc3a21e681275708b4daf3744cad9,6689336.763458,6691206.029333,1869.2658750005066,88997,25000000,,success,1,0,,,8585131
pilot_1790521581795,block_N1000_c3,0,2026-09-27T16:57:53.353Z,zkSyncTestnet,300,sepolia.era.zksync.dev,block,1000,3,6129,0x192d658dd5e56f4b83de8efbf668d5345f4283c1c29f2f1b51789628830b3cb7,6690715.807083,6692497.2905,1781.4834169996902,88997,25000000,,success,1,0,,,8585132
pilot_1790521581795,block_N1000_c3,0,2026-09-27T16:57:53.566Z,zkSyncTestnet,300,sepolia.era.zksync.dev,block,1000,3,6130,0x111c4362de6e2435fd8cf7c6c8b286bbe1229cc9e7101e94f17cb398c397c256,6690930.289083,6692710.485625,1780.1965419994667,88997,25000000,,success,1,0,,,8585133
pilot_1790521581795,block_N1000_c3,0,2026-09-27T16:57:53.837Z,zkSyncTestnet,300,sepolia.era.zksync.dev,block,1000,3,6131,0xc69bd2df086d91152536cb8c68861a9e9c6ee6d1701ff82b38b0aceb6dcc4c6f,6691206.101875,6692981.649542,1775.5476670004427,88997,25000000,,success,1,0,,,8585134
pilot_1790521581795,block_N1000_c3,0,2026-09-27T16:57:55.440Z,zkSyncTestnet,300,sepolia.era.zksync.dev,block,1000,3,6132,0x536b8ecd90b5644604a96cc30b2bcf79578141a7a89275259b9db0803934f52a,6692497.398458,6694584.133042,2086.7345839999616,88991,25000000,,success,1,0,,,8585135
pilot_1790521581795,block_N1000_c3,0,2026-09-27T16:57:55.747Z,zkSyncTestnet,300,sepolia.era.zksync.dev,block,1000,3,6133,0x6cdf869ae7bd40bf835077d8b805769e52415d9067bb54bc2c3ec70b2cf55145,6692710.521792,6694891.319542,2180.7977499999106,88997,25000000,,success,1,0,,,8585136
pilot_1790521581795,block_N1000_c3,0,2026-09-27T16:57:55.986Z,zkSyncTestnet,300,sepolia.era.zksync.dev,block,1000,3,6134,0x45a11c4a0afd711a6d0dc3798c02ef8efef5041b961096c39928f4110afa563b,6692981.687917,6695130.929958,2149.242041000165,88997,25000000,,success,1,0,,,8585137
pilot_1790521581795,block_N1000_c3,0,2026-09-27T16:57:57.318Z,zkSyncTestnet,300,sepolia.era.zksync.dev,block,1000,3,6135,0x929f3effd24e234e23f2659be48594188a0d243a310e535be63032a346838a8b,6694584.231125,6696462.471042,1878.2399169998243,88991,25000000,,success,1,0,,,8585138
pilot_1790521581795,block_N1000_c3,0,2026-09-27T16:57:57.613Z,zkSyncTestnet,300,sepolia.era.zksync.dev,block,1000,3,6136,0x4d7d52594c01f3081ff25d5d1a090ac31f45f54d931db5323867cbad33fd331d,6694891.369583,6696757.807583,1866.4379999991506,88997,25000000,,success,1,0,,,8585139
pilot_1790521581795,block_N1000_c3,0,2026-09-27T16:57:57.869Z,zkSyncTestnet,300,sepolia.era.zksync.dev,block,1000,3,6137,0xebb9488679734c05caac7eda000febc40f0e609382441ffb69d8a7b0693aab5e,6695130.986042,6697013.687333,1882.7012909995392,88997,25000000,,success,1,0,,,8585140
pilot_1790521581795,block_N1000_c3,0,2026-09-27T16:57:59.078Z,zkSyncTestnet,300,sepolia.era.zksync.dev,block,1000,3,6138,0x658275abd0b82eb2f9ad5dc1db52bb788acaddf83a7ffb322599276e7890dd9c,6696462.600333,6698222.973125,1760.372791999951,88997,25000000,,success,1,0,,,8585141
pilot_1790521581795,block_N1000_c3,0,2026-09-27T16:57:59.650Z,zkSyncTestnet,300,sepolia.era.zksync.dev,block,1000,3,6139,0x91d350c557e12827c9a51bb9aa8dc6ba59caf9e69d8e121bf07d92a7fc3d1a6c,6696757.878,6698795.057917,2037.1799170002341,88997,25000000,,success,1,0,,,8585142
pilot_1790521581795,block_N1000_c3,0,2026-09-27T16:58:00.879Z,zkSyncTestnet,300,sepolia.era.zksync.dev,block,1000,3,6140,0xf189e4a495abb1f8b5ab7bd722b197bf9f8dc376be42b298eb13a0310510e8be,6697013.782833,6700023.429208,3009.646375000477,88997,25000000,,success,1,0,,,8585143
pilot_1790521581795,block_N1000_c3,0,2026-09-27T16:58:00.931Z,zkSyncTestnet,300,sepolia.era.zksync.dev,block,1000,3,6141,0x26dd2891b9bab4bd5ea2748597187a31067a01863c72e758c8ef48c5adac73bc,6698223.063083,6700075.381875,1852.318792000413,88991,25000000,,success,1,0,,,8585144
pilot_1790521581795,block_N1000_c3,0,2026-09-27T16:58:01.480Z,zkSyncTestnet,300,sepolia.era.zksync.dev,block,1000,3,6142,0xb2c84860ec2d890b013f7b1973e18e609d2e8771ace9d70134b859447a67518b,6698795.156958,6700624.683625,1829.5266669997945,88997,25000000,,success,1,0,,,8585145
pilot_1790521581795,block_N1000_c3,0,2026-09-27T16:58:02.751Z,zkSyncTestnet,300,sepolia.era.zksync.dev,block,1000,3,6143,0x6f00c0a3744b7d11c7acd0fdef81b0cecb13e22398dea341820bbb468f4b4612,6700023.495042,6701895.728833,1872.2337910002097,88997,25000000,,success,1,0,,,8585146
pilot_1790521581795,block_N1000_c3,0,2026-09-27T16:58:03.273Z,zkSyncTestnet,300,sepolia.era.zksync.dev,block,1000,3,6144,0x8d36a17cf2b71d7d15cbcc1ced44801105e7f6aa7770e9d0192a38abe09c1f04,6700075.423875,6702417.8095,2342.3856250001118,88997,25000000,,success,1,0,,,8585147
pilot_1790521581795,block_N1000_c3,0,2026-09-27T16:58:03.322Z,zkSyncTestnet,300,sepolia.era.zksync.dev,block,1000,3,6145,0xdd994bcd4d3d933ed91617f58de2efada848662d154ad11eb57b4a54dd19e3c5,6700624.786917,6702466.556667,1841.7697499999776,88997,25000000,,success,1,0,,,8585147
pilot_1790521581795,block_N1000_c3,0,2026-09-27T16:58:04.556Z,zkSyncTestnet,300,sepolia.era.zksync.dev,block,1000,3,6146,0xa8e2e8a966a6b45dbcb7667619bbbe6a2a3ee29fc0a0d1c1f46a3bd36ab8ef4d,6701895.808208,6703700.638625,1804.8304169997573,88997,25000000,,success,1,0,,,8585148
pilot_1790521581795,block_N1000_c3,0,2026-09-27T16:58:05.071Z,zkSyncTestnet,300,sepolia.era.zksync.dev,block,1000,3,6147,0xe7abe9fb90768cdcbd15b1e33abb7aab25fc01e8ac32d48fe1c4f9e42565a56c,6702418.003917,6704215.860625,1797.8567079994828,88997,25000000,,success,1,0,,,8585149
pilot_1790521581795,block_N1000_c3,0,2026-09-27T16:58:06.421Z,zkSyncTestnet,300,sepolia.era.zksync.dev,block,1000,3,6148,0xb8684529ecc4cc5409a879a04e5e7b773e7ba6d6681ae361ca8ff5898846da0f,6702466.627292,6705565.190917,3098.5636250004172,88991,25000000,,success,1,0,,,8585150
pilot_1790521581795,block_N1000_c3,0,2026-09-27T16:58:06.426Z,zkSyncTestnet,300,sepolia.era.zksync.dev,block,1000,3,6149,0xeeb24f282da1331efc2ac300d842df6b12e3941db9ee5bce202b7b5ff0750aac,6703700.766417,6705570.162833,1869.3964159991592,88991,25000000,,success,1,0,,,8585151
pilot_1790521581795,block_N1000_c3,0,2026-09-27T16:58:06.944Z,zkSyncTestnet,300,sepolia.era.zksync.dev,block,1000,3,6150,0xe3213fc501ae74f4ac61420936c21010a45109827aacef69514dd215c3c04139,6704216.018792,6706088.461667,1872.4428750006482,88997,25000000,,success,1,0,,,8585152
pilot_1790521581795,block_N1000_c3,0,2026-09-27T16:58:08.321Z,zkSyncTestnet,300,sepolia.era.zksync.dev,block,1000,3,6151,0xa0b5924f03fdde7776da4718698c05fee74ffda8d6f6f5233ef435f8b4591072,6705565.369417,6707465.121708,1899.7522910004482,88997,25000000,,success,1,0,,,8585153
pilot_1790521581795,block_N1000_c3,0,2026-09-27T16:58:09.567Z,zkSyncTestnet,300,sepolia.era.zksync.dev,block,1000,3,6152,0xedd20e107ce165fb4ac2f86460119befa951b72896ee932c00a80a605b47cc9c,6705570.200333,6708711.554125,3141.3537919996306,88997,25000000,,success,1,0,,,8585154
pilot_1790521581795,block_N1000_c3,0,2026-09-27T16:58:09.578Z,zkSyncTestnet,300,sepolia.era.zksync.dev,block,1000,3,6153,0x71fd55beaf4f2b782724dad6097e49974ba66c79783f0a744a88d23a6975e143,6706088.575667,6708722.58,2634.004332999699,88991,25000000,,success,1,0,,,8585155
pilot_1790521581795,block_N1000_c3,0,2026-09-27T16:58:10.136Z,zkSyncTestnet,300,sepolia.era.zksync.dev,block,1000,3,6154,0xb23de2e89b5fa0bd82f48aff12208259dcda17a1ea97f220aa584712caa92235,6707465.295875,6709280.566542,1815.2706669997424,88991,25000000,,success,1,0,,,8585156
pilot_1790521581795,block_N1000_c3,0,2026-09-27T16:58:11.496Z,zkSyncTestnet,300,sepolia.era.zksync.dev,block,1000,3,6155,0x4f1bfd57bdf71b055ca5f5f8f36969ccec78575d2976a35efb02380b2e109079,6708711.740708,6710640.901917,1929.1612090002745,88991,25000000,,success,1,0,,,8585157
pilot_1790521581795,block_N1000_c3,0,2026-09-27T16:58:11.963Z,zkSyncTestnet,300,sepolia.era.zksync.dev,block,1000,3,6156,0xaae38fb1d6905c88149cd9d15a054d3877e7315b7eeb1f5ae03e47b1d40ff6c0,6708722.642208,6711107.810958,2385.1687500001863,88997,25000000,,success,1,0,,,8585158
pilot_1790521581795,block_N1000_c3,0,2026-09-27T16:58:11.990Z,zkSyncTestnet,300,sepolia.era.zksync.dev,block,1000,3,6157,0x433f49edc26a59b9e46cd7cf6e0ed42082d4d04c2201bfce22ddd0a6822132f0,6709280.613917,6711135.040375,1854.4264580002055,88997,25000000,,success,1,0,,,8585158
pilot_1790521581795,block_N1000_c3,0,2026-09-27T16:58:13.288Z,zkSyncTestnet,300,sepolia.era.zksync.dev,block,1000,3,6158,0xc397f4def9f5060d7e183344810d22458d6901314769a3715cc388b0c5b628b7,6710641.023458,6712432.164792,1791.1413340000436,88991,25000000,,success,1,0,,,8585159
pilot_1790521581795,block_N1000_c3,0,2026-09-27T16:58:13.761Z,zkSyncTestnet,300,sepolia.era.zksync.dev,block,1000,3,6159,0x863bcdcbf07ce1eae25be77439e1f5ebe2034a6d158c3e8a2a67b8fe2747a42d,6711107.911083,6712905.634083,1797.723000000231,88991,25000000,,success,1,0,,,8585160
pilot_1790521581795,block_N1000_c3,0,2026-09-27T16:58:15.036Z,zkSyncTestnet,300,sepolia.era.zksync.dev,block,1000,3,6160,0x0c3ce8a202707ca95952b08897d6b4eece9793a15806ac19147596f2b48ae380,6711135.165083,6714180.426333,3045.2612499995157,88997,25000000,,success,1,0,,,8585161
pilot_1790521581795,block_N1000_c3,0,2026-09-27T16:58:15.091Z,zkSyncTestnet,300,sepolia.era.zksync.dev,block,1000,3,6161,0x798f2a2766e731535397317bdde815c78aad83982027b7839f1d6279c1683063,6712432.32575,6714235.490875,1803.1651250002906,88991,25000000,,success,1,0,,,8585162
pilot_1790521581795,block_N1000_c3,0,2026-09-27T16:58:16.221Z,zkSyncTestnet,300,sepolia.era.zksync.dev,block,1000,3,6162,0x2162f65046934e08cba1228edf724d87408a7e698001e906832c72a2461f33ae,6712905.698125,6715366.001417,2460.303291999735,88997,25000000,,success,1,0,,,8585163
pilot_1790521581795,block_N1000_c3,0,2026-09-27T16:58:16.940Z,zkSyncTestnet,300,sepolia.era.zksync.dev,block,1000,3,6163,0x42b54c5f2be22ab288bd789b2d3000517f867872b28c84e221c872fad5228b86,6714180.532792,6716085.036458,1904.5036659995094,88997,25000000,,success,1,0,,,8585164
pilot_1790521581795,block_N1000_c3,0,2026-09-27T16:58:18.185Z,zkSyncTestnet,300,sepolia.era.zksync.dev,block,1000,3,6164,0x3864506b06ee0d8dc2e0751d9da8689296e778c2fd14361b97df067dc1d22ccf,6714235.550875,6717329.175875,3093.625,88997,25000000,,success,1,0,,,8585165
pilot_1790521581795,block_N1000_c3,0,2026-09-27T16:58:18.756Z,zkSyncTestnet,300,sepolia.era.zksync.dev,block,1000,3,6165,0x415c01e74ff9e5acda8e5b8d81567955bd70214c5e51992f85a07a6e550717cf,6715366.090708,6717900.583583,2534.492875000462,88997,25000000,,success,1,0,,,8585166
pilot_1790521581795,block_N1000_c3,0,2026-09-27T16:58:19.369Z,zkSyncTestnet,300,sepolia.era.zksync.dev,block,1000,3,6166,0xdfd3c1c104f3ec123da950c9f7df1f41e2333d44d974174b680ff2225b52cb58,6716085.112,6718513.361667,2428.2496670000255,88997,25000000,,success,1,0,,,8585166
pilot_1790521581795,block_N1000_c3,0,2026-09-27T16:58:20.065Z,zkSyncTestnet,300,sepolia.era.zksync.dev,block,1000,3,6167,0x0db4bbafc85f7af6a7381100b31d05928a500c42936e00fd5e30c64c8aa9820d,6717329.270125,6719209.694208,1880.424083000049,88991,25000000,,success,1,0,,,8585167
pilot_1790521581795,block_N1000_c3,0,2026-09-27T16:58:20.576Z,zkSyncTestnet,300,sepolia.era.zksync.dev,block,1000,3,6168,0xbae6ba8726b90ba1925bea564153fb37b80dd5f413b27b31adf0329d0aab1c9f,6717900.720708,6719720.781458,1820.0607500001788,88991,25000000,,success,1,0,,,8585168
pilot_1790521581795,block_N1000_c3,0,2026-09-27T16:58:21.142Z,zkSyncTestnet,300,sepolia.era.zksync.dev,block,1000,3,6169,0x7d072b97f8b60eed3e9ceea0542d6139e3869914794a0fae8919ba16b947a0ec,6718513.461833,6720286.320625,1772.8587919995189,88997,25000000,,success,1,0,,,8585169
pilot_1790521581795,block_N1000_c3,0,2026-09-27T16:58:21.852Z,zkSyncTestnet,300,sepolia.era.zksync.dev,block,1000,3,6170,0x047645d47a1ebb5ece23d12ee4f50020beebfd993889147f7fd16eab74d081ba,6719209.938208,6720996.813875,1786.8756670001894,88991,25000000,,success,1,0,,,8585170
pilot_1790521581795,block_N1000_c3,0,2026-09-27T16:58:22.382Z,zkSyncTestnet,300,sepolia.era.zksync.dev,block,1000,3,6171,0xb5b2937bd716bd145a8da228c7457650745f1fdddcb3a91f69f4ee6fcecf5aa0,6719720.889542,6721526.746917,1805.8573749996722,88991,25000000,,success,1,0,,,8585171
pilot_1790521581795,block_N1000_c3,0,2026-09-27T16:58:22.924Z,zkSyncTestnet,300,sepolia.era.zksync.dev,block,1000,3,6172,0x64d9147da433206dbe0ec64178875f4b147bf0ef86b5c1ea553dbdc6923009f1,6720286.41575,6722068.212375,1781.7966250004247,88991,25000000,,success,1,0,,,8585172
pilot_1790521581795,block_N1000_c3,0,2026-09-27T16:58:23.767Z,zkSyncTestnet,300,sepolia.era.zksync.dev,block,1000,3,6173,0x6af066f85008e4f366eb87e76a5e7cc6800fff2ac25c64bf764069e48b210e44,6720996.891625,6722912.02625,1915.1346249999478,88997,25000000,,success,1,0,,,8585173
pilot_1790521581795,block_N1000_c3,0,2026-09-27T16:58:24.769Z,zkSyncTestnet,300,sepolia.era.zksync.dev,block,1000,3,6174,0x0dbee0323bd96a3ee776aa6a0f00fcf0829c74c64be93b7be481d942ca1bf968,6721526.844542,6723914,2387.1554579995573,88878,25000000,,success,1,0,,,8585175
pilot_1790521581795,block_N1000_c3,0,2026-09-27T16:58:24.774Z,zkSyncTestnet,300,sepolia.era.zksync.dev,block,1000,3,6175,0xc302775cdc37ad8ae9a8d25167192a1eb49158d188f5299081a6e3dc578f7910,6722068.310417,6723918.322125,1850.0117079997435,88997,25000000,,success,1,0,,,8585175
pilot_1790521581795,block_N1000_c3,0,2026-09-27T16:58:25.536Z,zkSyncTestnet,300,sepolia.era.zksync.dev,block,1000,3,6176,0x22de634387e313651f1ba3f4f69836c497b3e2bcc880e142de50a3b9e59b3b1c,6722912.1255,6724680.250625,1768.1251250002533,88997,25000000,,success,1,0,,,8585176
pilot_1790521581795,block_N1000_c3,0,2026-09-27T16:58:27.418Z,zkSyncTestnet,300,sepolia.era.zksync.dev,block,1000,3,6178,0x98fdd26fbe5e8b629a48908077e8308528cb0fd33da222cf615824f6e27f5be1,6723918.344917,6726562.483417,2644.138499999419,88991,25000000,,success,1,0,,,8585177
pilot_1790521581795,block_N1000_c3,0,2026-09-27T16:58:27.926Z,zkSyncTestnet,300,sepolia.era.zksync.dev,block,1000,3,6177,0xafa668795e46db7e6628f2dd3e4a188339ce9908fd3b48fcbeea0df1c43dda4a,6723914.116208,6727070.1975,3156.081291999668,88991,25000000,,success,1,0,,,8585177
pilot_1790521581795,block_N1000_c3,0,2026-09-27T16:58:28.217Z,zkSyncTestnet,300,sepolia.era.zksync.dev,block,1000,3,6179,0x21ece2ba3523965aefcaf51afa8b005e92ef17863a62caaa58f13e0fc3f3ebdb,6724680.333708,6727361.547458,2681.2137499991804,88997,25000000,,success,1,0,,,8585178
pilot_1790521581795,block_N1000_c3,0,2026-09-27T16:58:29.278Z,zkSyncTestnet,300,sepolia.era.zksync.dev,block,1000,3,6180,0x79baebb3da0cc67bfcc60faa7292936962557d9f7a0d6ca2381c5d7c36f91dba,6726562.570333,6728422.852292,1860.2819590000436,88991,25000000,,success,1,0,,,8585179
pilot_1790521581795,block_N1000_c3,0,2026-09-27T16:58:29.805Z,zkSyncTestnet,300,sepolia.era.zksync.dev,block,1000,3,6181,0x0af1dab5ca524da2d78e08837e7a30963868cf34a92650abe7f590758e5b0057,6727070.291125,6728949.56375,1879.2726249992847,88991,25000000,,success,1,0,,,8585180
pilot_1790521581795,block_N1000_c3,0,2026-09-27T16:58:30.060Z,zkSyncTestnet,300,sepolia.era.zksync.dev,block,1000,3,6182,0xb78d8543311bcb396709dbdc47c4e96dbea8a10965582999a7bcb2c0cf2acd0a,6727361.68125,6729204.993375,1843.31212499924,88991,25000000,,success,1,0,,,8585181
pilot_1790521581795,block_N1000_c3,0,2026-09-27T16:58:31.587Z,zkSyncTestnet,300,sepolia.era.zksync.dev,block,1000,3,6183,0x783b4be64ce7823a96681095537d864bc9076ea98f482f482f87d65706e8872c,6728422.962458,6730731.955,2308.9925420004874,88997,25000000,,success,1,0,,,8585182
pilot_1790521581795,block_N1000_c3,0,2026-09-27T16:58:31.598Z,zkSyncTestnet,300,sepolia.era.zksync.dev,block,1000,3,6184,0xb12e1d85cbc8ff0ed8d25b55be27bfefe3f575428fd061efd58da078999d15b8,6728949.668208,6730742.296625,1792.6284170001745,88997,25000000,,success,1,0,,,8585182
pilot_1790521581795,block_N1000_c3,0,2026-09-27T16:58:31.819Z,zkSyncTestnet,300,sepolia.era.zksync.dev,block,1000,3,6185,0x44f05e7004f569fce362d80a8b77678866794baa6ff93f8cfdccb3cd9f4c87ae,6729205.045833,6730963.283083,1758.2372500002384,88997,25000000,,success,1,0,,,8585183
pilot_1790521581795,block_N1000_c3,0,2026-09-27T16:58:33.387Z,zkSyncTestnet,300,sepolia.era.zksync.dev,block,1000,3,6186,0xb4a042dad94149a0c26f7029dfc8519629500c8a21349f5a859f4f50dd68814b,6730732.081875,6732531.516917,1799.4350419994444,88997,25000000,,success,1,0,,,8585184
pilot_1790521581795,block_N1000_c3,0,2026-09-27T16:58:33.480Z,zkSyncTestnet,300,sepolia.era.zksync.dev,block,1000,3,6187,0x4f41c875a7f857c40232a991df652f4e1b6969c2a375d69f0a6815d9e770aa21,6730742.337458,6732624.323458,1881.9860000004992,88991,25000000,,success,1,0,,,8585185
pilot_1790521581795,block_N1000_c3,0,2026-09-27T16:58:33.684Z,zkSyncTestnet,300,sepolia.era.zksync.dev,block,1000,3,6188,0x3f7e3cc736e6e9c2221f5c88d36021ef2845ba30f1e7b4875de91fe83cf009e6,6730963.323333,6732828.197083,1864.8737500002608,88991,25000000,,success,1,0,,,8585185
pilot_1790521581795,block_N1000_c3,0,2026-09-27T16:58:35.480Z,zkSyncTestnet,300,sepolia.era.zksync.dev,block,1000,3,6189,0x351799c606c61cedad8386c3e760aca4f52506d181a683fd4eb8bfaee3d6cfbf,6732531.621833,6734624.311,2092.689166999422,88991,25000000,,success,1,0,,,8585186
pilot_1790521581795,block_N1000_c3,0,2026-09-27T16:58:37.085Z,zkSyncTestnet,300,sepolia.era.zksync.dev,block,1000,3,6190,0xfaefa02770b8bd01f420795f238f9b8688ac37daec6527aaf2577146d9c673a0,6732624.368875,6736229.944792,3605.575916999951,88997,25000000,,success,1,0,,,8585187
pilot_1790521581795,block_N1000_c3,0,2026-09-27T16:58:37.347Z,zkSyncTestnet,300,sepolia.era.zksync.dev,block,1000,3,6191,0xc380f54fff78ad2a53b5017e20c9ea07b6111ca7b78aac46b3cf948f4f043511,6732828.288042,6736491.393958,3663.1059159999713,88991,25000000,,success,1,0,,,8585187
pilot_1790521581795,block_N1000_c3,0,2026-09-27T16:58:37.392Z,zkSyncTestnet,300,sepolia.era.zksync.dev,block,1000,3,6192,0x77e40f95cfe9d1d9f775c40216db0f3991e7edf77bb6033b1db83d6c73edbded,6734624.402542,6736536.502875,1912.1003330005333,88991,25000000,,success,1,0,,,8585188
pilot_1790521581795,block_N1000_c3,0,2026-09-27T16:58:38.929Z,zkSyncTestnet,300,sepolia.era.zksync.dev,block,1000,3,6193,0x91c6481cdbea483e5894b5095f5495fb30efb4c30a9c399ce5a5e235239e3719,6736230.038125,6738073.329583,1843.291458000429,88997,25000000,,success,1,0,,,8585189
pilot_1790521581795,block_N1000_c3,0,2026-09-27T16:58:39.167Z,zkSyncTestnet,300,sepolia.era.zksync.dev,block,1000,3,6194,0x17e01ffe56e4a72aa8963a40be28ee93785e5ba0497603dea05b6c08fff64f7b,6736491.482958,6738312.139167,1820.656208999455,88997,25000000,,success,1,0,,,8585190
pilot_1790521581795,block_N1000_c3,0,2026-09-27T16:58:40.498Z,zkSyncTestnet,300,sepolia.era.zksync.dev,block,1000,3,6195,0xe8a17071ffdfed8e99d38018e318f6b1071d276007c04393dd7408569c8c85b2,6736536.540792,6739643.05875,3106.5179580003023,88997,25000000,,success,1,0,,,8585191
pilot_1790521581795,block_N1000_c3,0,2026-09-27T16:58:40.835Z,zkSyncTestnet,300,sepolia.era.zksync.dev,block,1000,3,6196,0xd774cd19ed92088fbb671e48d9b93f09c962461d340f030fd6a900fdcf0fd72e,6738073.414458,6739979.296583,1905.882124999538,88991,25000000,,success,1,0,,,8585192
pilot_1790521581795,block_N1000_c3,0,2026-09-27T16:58:41.025Z,zkSyncTestnet,300,sepolia.era.zksync.dev,block,1000,3,6197,0xe4fb05996b32d30d61a4e73706085f2ee76ea74ffeff90181b74886b4c38c2a7,6738312.253,6740169.534792,1857.2817920008674,88991,25000000,,success,1,0,,,8585193
pilot_1790521581795,block_N1000_c3,0,2026-09-27T16:58:42.306Z,zkSyncTestnet,300,sepolia.era.zksync.dev,block,1000,3,6198,0x5f2b310caed832c0dee27d319352fe9dcea79e883f6d53a21c78c00f31f6030b,6739643.234208,6741451.050583,1807.8163750004023,88997,25000000,,success,1,0,,,8585194
pilot_1790521581795,block_N1000_c3,0,2026-09-27T16:58:42.631Z,zkSyncTestnet,300,sepolia.era.zksync.dev,block,1000,3,6199,0x6e0ad0007cc1545258e709514917cc77f32b966077b5530833c21cbfd848d245,6739979.380042,6741775.889,1796.5089580006897,88991,25000000,,success,1,0,,,8585195
pilot_1790521581795,block_N1000_c3,0,2026-09-27T16:58:42.906Z,zkSyncTestnet,300,sepolia.era.zksync.dev,block,1000,3,6200,0x8e74070d5ec928d7f7cc2ddf0833c0de81cacd543577f7857b0f692bdb3640b6,6740169.590292,6742050.508417,1880.918124999851,88991,25000000,,success,1,0,,,8585196
pilot_1790521581795,block_N1000_c3,0,2026-09-27T16:58:44.237Z,zkSyncTestnet,300,sepolia.era.zksync.dev,block,1000,3,6201,0x497ce4ee6d4a126d3f17358aa34ea29075e8e31174254ba906946558b5b9f9e3,6741451.169167,6743381.521208,1930.3520410005003,88991,25000000,,success,1,0,,,8585197
pilot_1790521581795,block_N1000_c3,0,2026-09-27T16:58:44.465Z,zkSyncTestnet,300,sepolia.era.zksync.dev,block,1000,3,6202,0xe9b5e17a438821019bacbf19a58d325161b1f85c078f6fc5aa1bc385987e18b1,6741776.014542,6743609.68175,1833.6672080000862,88991,25000000,,success,1,0,,,8585198
pilot_1790521581795,block_N1000_c3,0,2026-09-27T16:58:44.811Z,zkSyncTestnet,300,sepolia.era.zksync.dev,block,1000,3,6203,0x0272141ffb7b5d80fbea7b5a59b3910606e77e6402a01f4d3e339b691a43b8bc,6742050.570583,6743955.321333,1904.7507500005886,88997,25000000,,success,1,0,,,8585199
pilot_1790521581795,block_N1000_c3,0,2026-09-27T16:58:45.977Z,zkSyncTestnet,300,sepolia.era.zksync.dev,block,1000,3,6204,0x633841c51005e756c75895c95d5f170aa80826b76e38e3bc56a83e7605d787c4,6743381.622667,6745121.5265,1739.9038329999894,88997,25000000,,success,1,0,,,8585200
pilot_1790521581795,block_N1000_c3,0,2026-09-27T16:58:46.267Z,zkSyncTestnet,300,sepolia.era.zksync.dev,block,1000,3,6205,0x1de90ea0730ff0319fe657c4cbf231203827fa1f6ba3fd87cbef853bee278f1b,6743609.745708,6745412.020833,1802.2751249996945,88997,25000000,,success,1,0,,,8585201
pilot_1790521581795,block_N1000_c3,0,2026-09-27T16:58:46.615Z,zkSyncTestnet,300,sepolia.era.zksync.dev,block,1000,3,6206,0x2e2bbe08264d26374e17f3f03fb2bce3e796f8bc09d19aaf9244202e42c9644c,6743955.374708,6745759.205,1803.8302920004353,88991,25000000,,success,1,0,,,8585202
pilot_1790521581795,block_N1000_c3,0,2026-09-27T16:58:47.841Z,zkSyncTestnet,300,sepolia.era.zksync.dev,block,1000,3,6207,0x5347bf93179b88a283d7c45ee98828c8a420b3d4e6a1eb17f11b2f236790dc5e,6745121.628708,6746985.966708,1864.3379999995232,88997,25000000,,success,1,0,,,8585203
pilot_1790521581795,block_N1000_c3,0,2026-09-27T16:58:48.072Z,zkSyncTestnet,300,sepolia.era.zksync.dev,block,1000,3,6208,0x8c0480f8887047147c61b93f05472fdf01018a4615aec8057ffa869481fd3469,6745412.105292,6747216.873208,1804.7679160004482,88997,25000000,,success,1,0,,,8585204
pilot_1790521581795,block_N1000_c3,0,2026-09-27T16:58:48.389Z,zkSyncTestnet,300,sepolia.era.zksync.dev,block,1000,3,6209,0x190ce7207b985304414f467ad8a45c983b4d048f635106571f8b46d15195961c,6745759.26275,6747533.501,1774.2382500004023,88997,25000000,,success,1,0,,,8585205
pilot_1790521581795,block_N1000_c3,0,2026-09-27T16:58:49.692Z,zkSyncTestnet,300,sepolia.era.zksync.dev,block,1000,3,6210,0xcadc4b381bd82430a4f52372db0a1c8f1c1079eadd23c1d095a5ae8e974865b2,6746986.069625,6748836.763417,1850.693792000413,88997,25000000,,success,1,0,,,8585206
pilot_1790521581795,block_N1000_c3,0,2026-09-27T16:58:49.940Z,zkSyncTestnet,300,sepolia.era.zksync.dev,block,1000,3,6211,0x7e61a4ea5c1f7c41c89f24e2ddfd8314ba79addc1189d492b7bf57c1c2862f97,6747216.9725,6749084.534167,1867.5616669999436,88991,25000000,,success,1,0,,,8585207
pilot_1790521581795,block_N1000_c3,0,2026-09-27T16:58:50.281Z,zkSyncTestnet,300,sepolia.era.zksync.dev,block,1000,3,6212,0x2f978e86e021a9e7fdce76c2a76cfc83fc88b11a336c7de8790927de2719de73,6747533.599083,6749426.081333,1892.4822500003502,88997,25000000,,success,1,0,,,8585208
pilot_1790521581795,block_N1000_c3,0,2026-09-27T16:58:51.519Z,zkSyncTestnet,300,sepolia.era.zksync.dev,block,1000,3,6213,0x35b4894968fe2b2d254e18d2d21a37fb483a544c1f81f83615ba7372fa060b6e,6748836.924625,6750663.3915,1826.4668749999255,88991,25000000,,success,1,0,,,8585209
pilot_1790521581795,block_N1000_c3,0,2026-09-27T16:58:51.739Z,zkSyncTestnet,300,sepolia.era.zksync.dev,block,1000,3,6214,0xf1e76d199ea2fc31c107380be365748da93a27ec70f6e28eb870c4979884aaf0,6749084.621542,6750883.919375,1799.2978329993784,88991,25000000,,success,1,0,,,8585210
pilot_1790521581795,block_N1000_c3,0,2026-09-27T16:58:52.091Z,zkSyncTestnet,300,sepolia.era.zksync.dev,block,1000,3,6215,0x364fb0138d0467dbd6b6fdc32862657b6a2651d5ab46d724633aaac476dd6e89,6749426.165958,6751235.786917,1809.6209589997306,88997,25000000,,success,1,0,,,8585211
pilot_1790521581795,block_N1000_c3,0,2026-09-27T16:58:53.324Z,zkSyncTestnet,300,sepolia.era.zksync.dev,block,1000,3,6216,0x8d5aecbf730ac21e4d2b024828487b5780e2203ef166292f54f434762d4e63ac,6750663.54475,6752469.084917,1805.5401669992134,88991,25000000,,success,1,0,,,8585212
pilot_1790521581795,block_N1000_c3,0,2026-09-27T16:58:53.609Z,zkSyncTestnet,300,sepolia.era.zksync.dev,block,1000,3,6217,0xac393e69f42a933890bc43643f6b28114d2ef11855cf5bc180bab0183fb7a867,6750884.004083,6752753.389042,1869.3849590001628,88991,25000000,,success,1,0,,,8585213
pilot_1790521581795,block_N1000_c3,0,2026-09-27T16:58:53.911Z,zkSyncTestnet,300,sepolia.era.zksync.dev,block,1000,3,6218,0x0b075eac32fa650dbfaec9cfaa5d1c74505701b44cb8057758f4191e434c93e3,6751235.848583,6753055.347833,1819.4992500003427,88878,25000000,,success,1,0,,,8585214
pilot_1790521581795,block_N1000_c3,0,2026-09-27T16:58:55.178Z,zkSyncTestnet,300,sepolia.era.zksync.dev,block,1000,3,6219,0x20ee7de2bd7285b5915faad3fbac31ff51a9bfa16800bb50356bff4baa22381f,6752469.18475,6754322.171542,1852.9867920000106,88991,25000000,,success,1,0,,,8585215
pilot_1790521581795,block_N1000_c3,0,2026-09-27T16:58:55.440Z,zkSyncTestnet,300,sepolia.era.zksync.dev,block,1000,3,6220,0x69c9dfd8f84a1c07f4a6f93d65dffab4c5b6c2edd5c170c56a3b02ab73047752,6752753.47125,6754584.363625,1830.8923749998212,88991,25000000,,success,1,0,,,8585216
pilot_1790521581795,block_N1000_c3,0,2026-09-27T16:58:55.707Z,zkSyncTestnet,300,sepolia.era.zksync.dev,block,1000,3,6221,0xd6a94661dbda2c5c336e4aad0e237f0c842c4b454b63123985d69c5c78eb9650,6753055.4035,6754851.330417,1795.9269169997424,88997,25000000,,success,1,0,,,8585217
pilot_1790521581795,block_N1000_c3,0,2026-09-27T16:58:57.007Z,zkSyncTestnet,300,sepolia.era.zksync.dev,block,1000,3,6222,0x949b3f7ab14c0b12015b6233f8ca7d15a630bf482a6807f3c2c360bb16b8dd43,6754322.267375,6756151.664417,1829.397041999735,88991,25000000,,success,1,0,,,8585218
pilot_1790521581795,block_N1000_c3,0,2026-09-27T16:58:57.278Z,zkSyncTestnet,300,sepolia.era.zksync.dev,block,1000,3,6223,0x73113cbda3bfe08a9388561fcae0fbc571c16e78abf9aad9b1cd0a6ebf67fdd1,6754584.447167,6756422.2045,1837.7573330001906,88991,25000000,,success,1,0,,,8585219
pilot_1790521581795,block_N1000_c3,0,2026-09-27T16:58:57.535Z,zkSyncTestnet,300,sepolia.era.zksync.dev,block,1000,3,6224,0x27546e2baa111ca94baea8e7d7f653fe17d4482b94d37359f39a0a517fa96d22,6754851.499708,6756679.525583,1828.0258750002831,88997,25000000,,success,1,0,,,8585220
pilot_1790521581795,block_N1000_c3,0,2026-09-27T16:58:58.850Z,zkSyncTestnet,300,sepolia.era.zksync.dev,block,1000,3,6225,0xdd8fb79d0d1210aa8ec5ca28d7fd04c463e3a814e23c7167ee8718d1efa327ca,6756151.762625,6757994.113125,1842.3504999997094,88991,25000000,,success,1,0,,,8585221
pilot_1790521581795,block_N1000_c3,0,2026-09-27T16:58:59.084Z,zkSyncTestnet,300,sepolia.era.zksync.dev,block,1000,3,6226,0x45c4ae352a638577a8389d7616c8656d892bc72e5674061d6852e1e4dbf8a383,6756422.287292,6758228.421125,1806.1338330004364,88991,25000000,,success,1,0,,,8585222
pilot_1790521581795,block_N1000_c3,0,2026-09-27T16:58:59.375Z,zkSyncTestnet,300,sepolia.era.zksync.dev,block,1000,3,6227,0x9424023d3dd120241f86cba44c84b88312937fe8042f6fc8f335293844163a79,6756679.756,6758519.663083,1839.9070830000564,88997,25000000,,success,1,0,,,8585223
pilot_1790521581795,block_N1000_c3,0,2026-09-27T16:59:00.662Z,zkSyncTestnet,300,sepolia.era.zksync.dev,block,1000,3,6228,0x8d49d2baf8e0e3af60c976f72dcff447787185f9ea1797ae8c60f36c471a2bea,6757994.331875,6759806.654958,1812.3230830002576,88991,25000000,,success,1,0,,,8585224
pilot_1790521581795,block_N1000_c3,0,2026-09-27T16:59:00.944Z,zkSyncTestnet,300,sepolia.era.zksync.dev,block,1000,3,6229,0x19f49656e17de4db6c54effc92920560ee6d108f31763d960a6a433c4a3755b5,6758228.502708,6760088.554417,1860.0517090000212,88991,25000000,,success,1,0,,,8585225
pilot_1790521581795,block_N1000_c3,0,2026-09-27T16:59:01.191Z,zkSyncTestnet,300,sepolia.era.zksync.dev,block,1000,3,6230,0x9ae365d75851d7daa1b448e710d7137a6c9e66328fe2119679500c01646e7eee,6758519.745458,6760335.464792,1815.7193339997903,88991,25000000,,success,1,0,,,8585226
pilot_1790521581795,block_N1000_c3,0,2026-09-27T16:59:03.132Z,zkSyncTestnet,300,sepolia.era.zksync.dev,block,1000,3,6231,0x0ab9a50ba814bb71c8914a827108509792645dcc54a795a2d76d7df0e410d9a2,6759806.756583,6762276.157958,2469.401375000365,88997,25000000,,success,1,0,,,8585227
pilot_1790521581795,block_N1000_c3,0,2026-09-27T16:59:03.569Z,zkSyncTestnet,300,sepolia.era.zksync.dev,block,1000,3,6232,0x0c9bdad2042d6ee55efb901bfe0fc91e970d43ff7443492aeb19da8dc0d84208,6760088.637125,6762713.190708,2624.5535829998553,88991,25000000,,success,1,0,,,8585228
pilot_1790521581795,block_N1000_c3,0,2026-09-27T16:59:04.615Z,zkSyncTestnet,300,sepolia.era.zksync.dev,block,1000,3,6233,0x7be90f9c0c7a8dbd343378119d6a98b8788eede0504cc55f7939f3f43ead7194,6760335.561208,6763759.41675,3423.855541999452,88991,25000000,,success,1,0,,,8585229
pilot_1790521581795,block_N1000_c3,0,2026-09-27T16:59:05.670Z,zkSyncTestnet,300,sepolia.era.zksync.dev,block,1000,3,6234,0xbd8bc4e380c565f7dfb685f568b51bde5ef1152e1a0b09eeb34acc45d84d40a1,6762276.258458,6764814.512875,2538.2544170003384,88997,25000000,,success,1,0,,,8585230
pilot_1790521581795,block_N1000_c3,0,2026-09-27T16:59:06.454Z,zkSyncTestnet,300,sepolia.era.zksync.dev,block,1000,3,6236,0x7f77adac21b225343f9b5424dc867e59fc4c6b0df2e02e3f7e883035f3b44341,6763759.677042,6765599.033042,1839.3559999996796,88991,25000000,,success,1,0,,,8585231
pilot_1790521581795,block_N1000_c3,0,2026-09-27T16:59:06.988Z,zkSyncTestnet,300,sepolia.era.zksync.dev,block,1000,3,6235,0x8bb7d15af4b2b0f9c7c9f7e5e38a4c583abebce6cf438e88233b06df69e5173b,6762713.246,6766132.904333,3419.6583329997957,88997,25000000,,success,1,0,,,8585231
pilot_1790521581795,block_N1000_c3,0,2026-09-27T16:59:09.858Z,zkSyncTestnet,300,sepolia.era.zksync.dev,block,1000,3,6237,0x2de36b511b75f69a4aa4c5484e9eb96491ca929799a141911c0a7cbe0d53d98f,6764814.649542,6769002.411208,4187.761665999889,88997,25000000,,success,1,0,,,8585232
pilot_1790521581795,block_N1000_c3,0,2026-09-27T16:59:09.861Z,zkSyncTestnet,300,sepolia.era.zksync.dev,block,1000,3,6238,0xb77a2fafa6d497f7a7177acb4dee11d7a7b652bb09b4691f248611a69fcfd01d,6765599.232792,6769005.796917,3406.564124999568,88991,25000000,,success,1,0,,,8585232
pilot_1790521581795,block_N1000_c3,0,2026-09-27T16:59:11.550Z,zkSyncTestnet,300,sepolia.era.zksync.dev,block,1000,3,6239,0x19c5bfcb59691d96e3b0b8660c094a0a67b3b84fafda6b718540fff5c0f226a9,6766132.975875,6770694.486667,4561.510792000219,88991,25000000,,success,1,0,,,8585233
pilot_1790521581795,block_N1000_c3,0,2026-09-27T16:59:12.894Z,zkSyncTestnet,300,sepolia.era.zksync.dev,block,1000,3,6240,0x1b51e7799420537556ef12711a550f33a328437d65f20ea8b3648771a303b0d8,6769002.501042,6772038.49725,3035.996207999997,88997,25000000,,success,1,0,,,8585234
pilot_1790521581795,block_N1000_c3,0,2026-09-27T16:59:13.644Z,zkSyncTestnet,300,sepolia.era.zksync.dev,block,1000,3,6241,0xa498bcceb2c89f9fadb4676715bc0bc010de6a8303addc4e66c0f2b015f9cabe,6769005.817667,6772788.5395,3782.7218329999596,88991,25000000,,success,1,0,,,8585235
pilot_1790521581795,block_N1000_c3,0,2026-09-27T16:59:14.638Z,zkSyncTestnet,300,sepolia.era.zksync.dev,block,1000,3,6242,0x6ad662ff2609aaf3c10b7cf08456191aaba6f8d3931c3f1614ffb418ca8afad2,6770694.590208,6773782.236375,3087.6461670007557,88991,25000000,,success,1,0,,,8585236
pilot_1790521581795,block_N1000_c3,0,2026-09-27T16:59:14.825Z,zkSyncTestnet,300,sepolia.era.zksync.dev,block,1000,3,6243,0x3876bb39ef96617549756d8d073511bbe792104abc05e85dc83b4215ecacecf6,6772038.590917,6773969.84525,1931.2543330006301,88991,25000000,,success,1,0,,,8585237
pilot_1790521581795,block_N1000_c3,0,2026-09-27T16:59:15.421Z,zkSyncTestnet,300,sepolia.era.zksync.dev,block,1000,3,6244,0x03d6bec09b955a98b883afcf9ba173e807e1bfd9a242b8d487184be4a34d2083,6772788.644208,6774566.108417,1777.4642089996487,88991,25000000,,success,1,0,,,8585238
pilot_1790521581795,block_N1000_c3,0,2026-09-27T16:59:17.836Z,zkSyncTestnet,300,sepolia.era.zksync.dev,block,1000,3,6247,0x2220f28443d43a25067b131c774d60712f0b3afa20e14c361e5b7fd9bb77f40b,6774566.186333,6776980.7505,2414.5641670003533,88997,25000000,,success,1,0,,,8585240
pilot_1790521581795,block_N1000_c3,0,2026-09-27T16:59:17.854Z,zkSyncTestnet,300,sepolia.era.zksync.dev,block,1000,3,6245,0x9d4181cce30e527a569ec0e12caefbb55da9c1248e420aab64916907f6bfddfc,6773782.294042,6776998.415042,3216.1210000002757,88991,25000000,,success,1,0,,,8585239
pilot_1790521581795,block_N1000_c3,0,2026-09-27T16:59:18.066Z,zkSyncTestnet,300,sepolia.era.zksync.dev,block,1000,3,6246,0xfbadffc55b2ebdaef46b2d3a79886794d6489d3b78b8c748052c1dde55234094,6773969.927667,6777210.82975,3240.902082999237,88997,25000000,,success,1,0,,,8585240
pilot_1790521581795,block_N1000_c3,0,2026-09-27T16:59:20.472Z,zkSyncTestnet,300,sepolia.era.zksync.dev,block,1000,3,6248,0x6dedf93f33574d9b9a0e9fb9c87facfda7554e0b9b005488949c02f02084a175,6776980.851708,6779616.85,2635.998292000033,88991,25000000,,success,1,0,,,8585241
pilot_1790521581795,block_N1000_c3,0,2026-09-27T16:59:21.396Z,zkSyncTestnet,300,sepolia.era.zksync.dev,block,1000,3,6249,0xe18ae6233db5937bee6d42fb9808b4e9f6522c98b3547b8db2af8063017fbf6c,6776998.466292,6780540.935708,3542.469415999949,88991,25000000,,success,1,0,,,8585242
pilot_1790521581795,block_N1000_c3,0,2026-09-27T16:59:21.628Z,zkSyncTestnet,300,sepolia.era.zksync.dev,block,1000,3,6250,0x177a071fa7b0e221ced5b6eea1a789dcdb9f8297e7267a58efa401dcbcd0af47,6777210.89525,6780772.417875,3561.522625000216,88997,25000000,,success,1,0,,,8585242
pilot_1790521581795,block_N1000_c3,0,2026-09-27T16:59:24.018Z,zkSyncTestnet,300,sepolia.era.zksync.dev,block,1000,3,6251,0x25e84d2d82bc044bb7fb26b29c9b38f706ff1eb67967f7d949bb02583d9a4f25,6779616.959375,6783162.431083,3545.4717080006376,88991,25000000,,success,1,0,,,8585243
pilot_1790521581795,block_N1000_c3,0,2026-09-27T16:59:25.427Z,zkSyncTestnet,300,sepolia.era.zksync.dev,block,1000,3,6252,0x257c0f1aebf592f28f5df2647abb01979647367707a727b41c88911234d40ac3,6780541.092,6784571.956625,4030.8646249994636,88997,25000000,,success,1,0,,,8585244
pilot_1790521581795,block_N1000_c3,0,2026-09-27T16:59:25.582Z,zkSyncTestnet,300,sepolia.era.zksync.dev,block,1000,3,6253,0xeac6af3de136a7af2b05cc04dfe9e63a61896e241218752e986d3ea612aa2e4a,6780772.506125,6784726.518958,3954.0128329992294,88991,25000000,,success,1,0,,,8585245
pilot_1790521581795,block_N1000_c3,0,2026-09-27T16:59:26.786Z,zkSyncTestnet,300,sepolia.era.zksync.dev,block,1000,3,6254,0xc97e67bb26c51e6929af77cbfb4c4528b067562b04579e60874099ba7cec63c6,6783162.5185,6785930.2275,2767.708999999799,88997,25000000,,success,1,0,,,8585246
pilot_1790521581795,block_N1000_c3,0,2026-09-27T16:59:28.489Z,zkSyncTestnet,300,sepolia.era.zksync.dev,block,1000,3,6255,0x1565704787ee85849797981402499ebc2c07c515132fd2bcf7484a82475cefdb,6784572.11575,6787633.267167,3061.151417000219,88872,25000000,,success,1,0,,,8585247
pilot_1790521581795,block_N1000_c3,0,2026-09-27T16:59:28.770Z,zkSyncTestnet,300,sepolia.era.zksync.dev,block,1000,3,6256,0x76838ab01827802adc23de212cead425a0ddf967bdf0f6b0717c1427e00a9642,6784726.627333,6787914.586458,3187.959125000052,88997,25000000,,success,1,0,,,8585248
pilot_1790521581795,block_N1000_c3,0,2026-09-27T16:59:29.552Z,zkSyncTestnet,300,sepolia.era.zksync.dev,block,1000,3,6257,0xc5e94f2d8d0ebfb040cc07b07cdea2f63f714b7a59228ae3c0f6b896d83256c9,6785930.331167,6788697.1605,2766.829332999885,88997,25000000,,success,1,0,,,8585249
pilot_1790521581795,block_N1000_c3,0,2026-09-27T16:59:31.239Z,zkSyncTestnet,300,sepolia.era.zksync.dev,block,1000,3,6258,0x2c1156affa655b3b80c0bfadc1afc2faca89d8d9ed3b234f153d45bc43439306,6787633.36375,6790383.701958,2750.3382080001757,88997,25000000,,success,1,0,,,8585250
pilot_1790521581795,block_N1000_c3,0,2026-09-27T16:59:31.244Z,zkSyncTestnet,300,sepolia.era.zksync.dev,block,1000,3,6259,0x4f21b8aaf3a789f2a09b63e4eda2e44ab6572d7d40396a835e1f0f8d8ddd1b20,6787914.653292,6790388.313667,2473.6603749999776,88997,25000000,,success,1,0,,,8585251
pilot_1790521581795,block_N1000_c3,0,2026-09-27T16:59:32.412Z,zkSyncTestnet,300,sepolia.era.zksync.dev,block,1000,3,6260,0x002717af32347e31ef3cf2ca69ba3d0009a53a366b178aa2cd5d5c04b4b9d6c0,6788697.275,6791556.391375,2859.1163749992847,88991,25000000,,success,1,0,,,8585252
pilot_1790521581795,block_N1000_c3,0,2026-09-27T16:59:34.309Z,zkSyncTestnet,300,sepolia.era.zksync.dev,block,1000,3,6263,0x4b29b4cb29cf30ace7dc0bb9abac7c5fc88e6b44732b21c8614255e32c6ecce0,6791556.473417,6793453.965167,1897.4917500000447,88991,25000000,,success,1,0,,,8585254
pilot_1790521581795,block_N1000_c3,0,2026-09-27T16:59:34.502Z,zkSyncTestnet,300,sepolia.era.zksync.dev,block,1000,3,6262,0xa2445e8e9fb6a15a45eaa11b984429baf2ee1d41d6c3141bfb743261fd835865,6790388.334958,6793646.980667,3258.6457089995965,88997,25000000,,success,1,0,,,8585254
pilot_1790521581795,block_N1000_c3,0,2026-09-27T16:59:34.520Z,zkSyncTestnet,300,sepolia.era.zksync.dev,block,1000,3,6261,0xc2ad9840e0531a4c7e51f131a4ff2e298334c73f03c1b61768e37ac3b60aaaf7,6790383.803917,6793664.262792,3280.4588749995455,88991,25000000,,success,1,0,,,8585253
pilot_1790521581795,block_N1000_c3,0,2026-09-27T16:59:37.190Z,zkSyncTestnet,300,sepolia.era.zksync.dev,block,1000,3,6264,0x07bbd88170b00df3265c5f48f22843d2de8ea837020ac8343b440ad3e7a3751d,6793454.055125,6796334.773125,2880.7180000003427,88991,25000000,,success,1,0,,,8585255
pilot_1790521581795,block_N1000_c3,0,2026-09-27T16:59:37.374Z,zkSyncTestnet,300,sepolia.era.zksync.dev,block,1000,3,6265,0xef35db6c7b366d0d2eb73ca1f51bf874cb3c6a130a31c0127c93d7e2627e5ee1,6793647.112583,6796519.039167,2871.926583999768,88991,25000000,,success,1,0,,,8585256
pilot_1790521581795,block_N1000_c3,0,2026-09-27T16:59:38.401Z,zkSyncTestnet,300,sepolia.era.zksync.dev,block,1000,3,6266,0xb431c5bb39ea1798b45259480ae74c59292c39dd7bc06e7cb20ab5690e576ddc,6793664.31075,6797545.661708,3881.3509579999372,88997,25000000,,success,1,0,,,8585257
pilot_1790521581795,block_N1000_c3,0,2026-09-27T16:59:42.072Z,zkSyncTestnet,300,sepolia.era.zksync.dev,block,1000,3,6269,0x1e53e880b974cf164f43b87397ba7967c3eb21e9795ab92069d493150e94038e,6797545.755792,6801216.528708,3670.772915999405,88991,25000000,,success,1,0,,,8585258
pilot_1790521581795,block_N1000_c3,0,2026-09-27T16:59:42.230Z,zkSyncTestnet,300,sepolia.era.zksync.dev,block,1000,3,6268,0x96bb808f9b3ef6d0f0a61f1c07c806a4b33630ce660d3ba7760850c7fde59c9a,6796519.126083,6801374.954375,4855.8282920001075,88997,25000000,,success,1,0,,,8585258
pilot_1790521581795,block_N1000_c3,0,2026-09-27T16:59:42.361Z,zkSyncTestnet,300,sepolia.era.zksync.dev,block,1000,3,6267,0x43c908d3ed13d3c66eb00df24f7568935557565489953d041c033190b4f05398,6796334.884208,6801505.888875,5171.004666999914,88991,25000000,,success,1,0,,,8585258
pilot_1790521581795,block_N1000_c3,0,2026-09-27T16:59:45.030Z,zkSyncTestnet,300,sepolia.era.zksync.dev,block,1000,3,6270,0x23b3bf62ee3972c5ef4029348fa6292f5639ca71431e3f79f0e4f5b25191d633,6801216.608667,6804174.77425,2958.165582999587,88991,25000000,,success,1,0,,,8585259
pilot_1790521581795,block_N1000_c3,0,2026-09-27T16:59:47.465Z,zkSyncTestnet,300,sepolia.era.zksync.dev,block,1000,3,6271,0xc407668be5cbdfc96369e687f7a57106990b4eaf20f10c3a38a5061594382877,6801375.049792,6806609.372958,5234.3231659997255,88991,25000000,,success,1,0,,,8585260
pilot_1790521581795,block_N1000_c3,0,2026-09-27T16:59:48.129Z,zkSyncTestnet,300,sepolia.era.zksync.dev,block,1000,3,6272,0x20b3944d38bcc71483651aa360307204b1d636abebde894c129a6f8badb3fcc5,6801506.000375,6807273.422042,5767.421667000279,88991,25000000,,success,1,0,,,8585261
pilot_1790521581795,block_N1000_c3,0,2026-09-27T16:59:48.489Z,zkSyncTestnet,300,sepolia.era.zksync.dev,block,1000,3,6273,0xec58ff24c5a57b4e1ef84fcf35e24315502e62ac72eb4c016dfd096e0119753e,6804174.869958,6807633.708042,3458.838084000163,88991,25000000,,success,1,0,,,8585262
pilot_1790521581795,block_N1000_c3,0,2026-09-27T16:59:50.060Z,zkSyncTestnet,300,sepolia.era.zksync.dev,block,1000,3,6274,0xa3a57cdf4510bbae12ae09b868796e287889037faa602d336cd1766b5354882b,6806609.482167,6809204.43125,2594.9490830004215,88997,25000000,,success,1,0,,,8585263
pilot_1790521581795,block_N1000_c3,0,2026-09-27T16:59:50.314Z,zkSyncTestnet,300,sepolia.era.zksync.dev,block,1000,3,6275,0xda91163906d139ad44ffa49087f06c97a8edae5e56c7fcd17740e0555248384a,6807273.506917,6809458.209208,2184.7022910006344,88997,25000000,,success,1,0,,,8585264
pilot_1790521581795,block_N1000_c3,0,2026-09-27T16:59:51.805Z,zkSyncTestnet,300,sepolia.era.zksync.dev,block,1000,3,6276,0x901a626a04756bd9b2b7113be059ace4d2ab440107c263e363c26719dd4257e8,6807633.828833,6810949.22925,3315.4004170000553,88991,25000000,,success,1,0,,,8585265
pilot_1790521581795,block_N1000_c3,0,2026-09-27T16:59:52.849Z,zkSyncTestnet,300,sepolia.era.zksync.dev,block,1000,3,6277,0x6b796534ccd8acdaadafd6c9854606bab82e8797faa30b2ea83d6d69d0349ffe,6809204.53425,6811993.996042,2789.4617920005694,88997,25000000,,success,1,0,,,8585266
pilot_1790521581795,block_N1000_c3,0,2026-09-27T16:59:54.138Z,zkSyncTestnet,300,sepolia.era.zksync.dev,block,1000,3,6278,0x68df8f632bf8c87efda7b1c3522632e6ec403f64091ae808c8e1074c6434d6ca,6809458.303917,6813282.971167,3824.6672499999404,88991,25000000,,success,1,0,,,8585267
pilot_1790521581795,block_N1000_c3,0,2026-09-27T16:59:55.621Z,zkSyncTestnet,300,sepolia.era.zksync.dev,block,1000,3,6280,0x9f5fe278c14a05c1fa1b886aca408959cda566576b819e3fb3fd40b3f682917e,6811994.0875,6814765.445,2771.3574999999255,88991,25000000,,success,1,0,,,8585269
pilot_1790521581795,block_N1000_c3,0,2026-09-27T16:59:55.867Z,zkSyncTestnet,300,sepolia.era.zksync.dev,block,1000,3,6279,0xec274e4e0454a9db53d2318666084e3a627c49a0912752304fc8cd4a40a285c3,6810949.415625,6815012.05025,4062.634624999948,88997,25000000,,success,1,0,,,8585268
pilot_1790521581795,block_N1000_c3,0,2026-09-27T16:59:58.625Z,zkSyncTestnet,300,sepolia.era.zksync.dev,block,1000,3,6281,0xe4d264d75dc2ad7700bcad6202b20e8bc541eb2cec12e983763afb99509d478d,6813283.086667,6817769.375,4486.288332999684,88997,25000000,,success,1,0,,,8585270
pilot_1790521581795,block_N1000_c3,0,2026-09-27T16:59:59.138Z,zkSyncTestnet,300,sepolia.era.zksync.dev,block,1000,3,6282,0x107c4cecea86aac7c02d9306e0ea3f87b6c16c686486ae57e97c3e321e0b805f,6814765.558,6818282.827125,3517.2691249996424,88991,25000000,,success,1,0,,,8585271
pilot_1790521581795,block_N1000_c3,0,2026-09-27T17:00:00.193Z,zkSyncTestnet,300,sepolia.era.zksync.dev,block,1000,3,6283,0x26c918f5a450a039919c20b40fe9817f2b31644c500b10c836082d27290c8d5c,6815012.159875,6819337.465667,4325.305792000145,88997,25000000,,success,1,0,,,8585272
pilot_1790521581795,block_N1000_c3,0,2026-09-27T17:00:01.084Z,zkSyncTestnet,300,sepolia.era.zksync.dev,block,1000,3,6285,0xb92b9165f4758859def92f27e6517c0c04bb8ada9791da0d9de2b474bc821196,6818282.946625,6820228.727,1945.7803750000894,88997,25000000,,success,1,0,,,8585274
pilot_1790521581795,block_N1000_c3,0,2026-09-27T17:00:01.476Z,zkSyncTestnet,300,sepolia.era.zksync.dev,block,1000,3,6284,0x435d62ba339c062e6eda54a7c020d55b33aa69d9047204839bca00127f21554b,6817769.482708,6820621.00375,2851.5210420005023,88991,25000000,,success,1,0,,,8585273
pilot_1790521581795,block_N1000_c3,0,2026-09-27T17:00:03.392Z,zkSyncTestnet,300,sepolia.era.zksync.dev,block,1000,3,6287,0x092a87c4a025679975e12879b0ac2de8783db733141907c50ee1174612e204d1,6820228.9015,6822536.867625,2307.966125000268,88997,25000000,,success,1,0,,,8585276
pilot_1790521581795,block_N1000_c3,0,2026-09-27T17:00:03.730Z,zkSyncTestnet,300,sepolia.era.zksync.dev,block,1000,3,6286,0x0f4f7731494fb22c891538a10eb7e952bd419f73d4ae9b8534c1bc44ed9d235d,6819337.554375,6822874.614542,3537.0601669996977,88997,25000000,,success,1,0,,,8585275
pilot_1790521581795,block_N1000_c3,0,2026-09-27T17:00:03.966Z,zkSyncTestnet,300,sepolia.era.zksync.dev,block,1000,3,6288,0x7cc8559ca2e49ac5731a74ec21b6e9a6373d846cf328d3a2cbd95ff78752ed1d,6820621.094958,6823110.207833,2489.1128750005737,88997,25000000,,success,1,0,,,8585276
pilot_1790521581795,block_N1000_c3,0,2026-09-27T17:00:05.232Z,zkSyncTestnet,300,sepolia.era.zksync.dev,block,1000,3,6289,0x572c46b417cb3522c31670e456324164f046ec7e8608c33b7301fc0a1bf2c7ec,6822537.04275,6824376.778833,1839.736082999967,88997,25000000,,success,1,0,,,8585277
pilot_1790521581795,block_N1000_c3,0,2026-09-27T17:00:05.509Z,zkSyncTestnet,300,sepolia.era.zksync.dev,block,1000,3,6290,0x6943b54f68520b466d87bbfefeeb6c94aeafced29776c19c5fc4b5d6124d1a00,6822874.729083,6824653.862417,1779.133334000595,88997,25000000,,success,1,0,,,8585278
pilot_1790521581795,block_N1000_c3,0,2026-09-27T17:00:06.565Z,zkSyncTestnet,300,sepolia.era.zksync.dev,block,1000,3,6291,0x6ad8404e1a8854030d67de8731b87f5eaca78edc33bfd63c388fc341f0bb38bb,6823110.268292,6825709.244333,2598.9760410003364,88991,25000000,,success,1,0,,,8585279
pilot_1790521581795,block_N1000_c3,0,2026-09-27T17:00:08.055Z,zkSyncTestnet,300,sepolia.era.zksync.dev,block,1000,3,6292,0x1884a1455c73d1c841385e516d4da365e82ca6bab58e0955f8467ab9be8809b1,6824376.86025,6827199.949917,2823.0896669998765,88997,25000000,,success,1,0,,,8585280
pilot_1790521581795,block_N1000_c3,0,2026-09-27T17:00:08.357Z,zkSyncTestnet,300,sepolia.era.zksync.dev,block,1000,3,6294,0x5e2df02e13861bb29fb790c1b99dded05c817440f57b8220ef173d5170395aff,6825709.351917,6827502.167792,1792.8158750003204,88991,25000000,,success,1,0,,,8585280
pilot_1790521581795,block_N1000_c3,0,2026-09-27T17:00:09.439Z,zkSyncTestnet,300,sepolia.era.zksync.dev,block,1000,3,6293,0x5149f38d4b16781adc2b9a85bd64b88e85d65f6544f918c6fc2dea16e6d73050,6824653.96625,6828583.647125,3929.680875000544,88991,25000000,,success,1,0,,,8585280
pilot_1790521581795,block_N1000_c3,0,2026-09-27T17:00:11.044Z,zkSyncTestnet,300,sepolia.era.zksync.dev,block,1000,3,6295,0x6696fdd42abf4febe60629db8ff64167d288c61f31ea11b62c0e191221d1b731,6827200.051625,6830188.26575,2988.2141249999404,88997,25000000,,success,1,0,,,8585281
pilot_1790521581795,block_N1000_c3,0,2026-09-27T17:00:12.254Z,zkSyncTestnet,300,sepolia.era.zksync.dev,block,1000,3,6296,0x6cc746f9c265ce9702356e772a615e7978145149614736bd74ac287d7d4f6d05,6827502.331,6831398.256125,3895.925125000067,88997,25000000,,success,1,0,,,8585282
pilot_1790521581795,block_N1000_c3,0,2026-09-27T17:00:13.021Z,zkSyncTestnet,300,sepolia.era.zksync.dev,block,1000,3,6298,0x70263ac088f30b89acc5510230a9fb8e9271546feaebd808c8ea1b80d0e8ea9a,6830188.368833,6832165.330333,1976.9615000002086,88997,25000000,,success,1,0,,,8585283
pilot_1790521581795,block_N1000_c3,0,2026-09-27T17:00:13.530Z,zkSyncTestnet,300,sepolia.era.zksync.dev,block,1000,3,6297,0x4c33e13b4a383a938b68c2f901af00471fa812ecaf87d45fca4735f858f8c77f,6828583.776542,6832674.528875,4090.7523330003023,88991,25000000,,success,1,0,,,8585283
pilot_1790521581795,block_N1000_c3,0,2026-09-27T17:00:14.953Z,zkSyncTestnet,300,sepolia.era.zksync.dev,block,1000,3,6299,0x030bca3198c6ff174293ce3ea65b30ff4948add1c98b0083718da596c89e7b98,6831398.338833,6834097.644417,2699.3055840004236,88997,25000000,,success,1,0,,,8585284
pilot_1790521581795,block_N1000_c3,0,2026-09-27T17:00:16.265Z,zkSyncTestnet,300,sepolia.era.zksync.dev,block,1000,3,6300,0x7f4c44e08b9a2acc0cdef14b4476b39e8546d78e5d8cf72cc0291760fc7c8b6f,6832165.45175,6835409.453708,3244.0019579995424,88991,25000000,,success,1,0,,,8585285
pilot_1790521581795,block_N1000_c3,0,2026-09-27T17:00:16.270Z,zkSyncTestnet,300,sepolia.era.zksync.dev,block,1000,3,6301,0x104fa644514ae5714048277bc177fe861b55e7f2f4d04301e5739eda0219cf28,6832674.678708,6835414.590333,2739.911624999717,88997,25000000,,success,1,0,,,8585285
pilot_1790521581795,block_N1000_c3,0,2026-09-27T17:00:18.340Z,zkSyncTestnet,300,sepolia.era.zksync.dev,block,1000,3,6302,0x5831a2f09c529a8ecd765863d63a6644a5b206bd2c50105eb04375fd79bdc2b5,6834097.82025,6837484.2695,3386.449250000529,88991,25000000,,success,1,0,,,8585286
pilot_1790521581795,block_N1000_c3,0,2026-09-27T17:00:19.117Z,zkSyncTestnet,300,sepolia.era.zksync.dev,block,1000,3,6303,0xf56b5ec5fd723092b9f6a3a13d3a34e9ca9557987340f197ada19c776f55b410,6835409.6415,6838262.010833,2852.3693329999223,88997,25000000,,success,1,0,,,8585287
pilot_1790521581795,block_N1000_c3,0,2026-09-27T17:00:20.116Z,zkSyncTestnet,300,sepolia.era.zksync.dev,block,1000,3,6304,0x679457f74f4412cc304afd6085c6b62a8cf67041f658bc50a5c4c01d70e41081,6835414.624542,6839260.881708,3846.257166000083,88991,25000000,,success,1,0,,,8585288
pilot_1790521581795,block_N1000_c3,0,2026-09-27T17:00:20.880Z,zkSyncTestnet,300,sepolia.era.zksync.dev,block,1000,3,6305,0xcfd2952e9bd750184ddae436da09d5f0a27f0005a3e1229954d16d83fb1542b7,6837484.338792,6840024.822583,2540.4837910002097,88997,25000000,,success,1,0,,,8585289
pilot_1790521581795,block_N1000_c3,0,2026-09-27T17:00:23.102Z,zkSyncTestnet,300,sepolia.era.zksync.dev,block,1000,3,6306,0xf1efed180bcb3e523aa127bcef7124f23ba53e92b789dbd51d1c5f51494a3e3f,6838262.095583,6842246.277917,3984.1823340002447,88997,25000000,,success,1,0,,,8585290
pilot_1790521581795,block_N1000_c3,0,2026-09-27T17:00:23.105Z,zkSyncTestnet,300,sepolia.era.zksync.dev,block,1000,3,6307,0x68d5b57a04ba7acbbc3da4150b8467a676b10ba613984a0837aee775e3303b71,6839260.98875,6842250.006375,2989.017625000328,88991,25000000,,success,1,0,,,8585291
pilot_1790521581795,block_N1000_c3,0,2026-09-27T17:00:23.788Z,zkSyncTestnet,300,sepolia.era.zksync.dev,block,1000,3,6308,0x54e9317b4894d9363bd48255708a6d42ef371e61f83da7a85ed015efa0941c07,6840024.876708,6842932.762167,2907.8854590002447,88991,25000000,,success,1,0,,,8585292
pilot_1790521581795,block_N1000_c3,0,2026-09-27T17:00:25.359Z,zkSyncTestnet,300,sepolia.era.zksync.dev,block,1000,3,6310,0x03fc934bdded53cfd1e99466dbd9cc201cfe45ba37fd1a3e7c6eaf336627cf73,6842250.025625,6844503.590625,2253.56500000041,88991,25000000,,success,1,0,,,8585295
pilot_1790521581795,block_N1000_c3,0,2026-09-27T17:00:25.366Z,zkSyncTestnet,300,sepolia.era.zksync.dev,block,1000,3,6309,0xdd3c34328adb30fde3d6457cdbfd40a83da2c1e21332cb593e4b91bc52b54df5,6842246.371875,6844510.693875,2264.3219999996945,88991,25000000,,success,1,0,,,8585294
pilot_1790521581795,block_N1000_c3,0,2026-09-27T17:00:25.615Z,zkSyncTestnet,300,sepolia.era.zksync.dev,block,1000,3,6311,0x166c42626910e578f7cd8b49f671a221886fbaffc0118e7b03d248c11785023e,6842932.937125,6844759.750417,1826.8132919995114,88997,25000000,,success,1,0,,,8585296
pilot_1790521581795,block_N1000_c3,0,2026-09-27T17:00:27.198Z,zkSyncTestnet,300,sepolia.era.zksync.dev,block,1000,3,6312,0x4ac02aca39cc42112220dbc4fb95869641db10bd209932f4a0a6e4861e73e5f5,6844503.701875,6846342.6815,1838.979624999687,88997,25000000,,success,1,0,,,8585297
pilot_1790521581795,block_N1000_c3,0,2026-09-27T17:00:29.273Z,zkSyncTestnet,300,sepolia.era.zksync.dev,block,1000,3,6314,0x59fedea2078cdbf54dc81ea16c81b3c8193b36cfde64454aed078f115d0570ba,6844759.792625,6848417.5015,3657.708875000477,88997,25000000,,success,1,0,,,8585299
pilot_1790521581795,block_N1000_c3,0,2026-09-27T17:00:29.330Z,zkSyncTestnet,300,sepolia.era.zksync.dev,block,1000,3,6313,0xf83e534a46c130b755ce29519e529ccad918e75bd9c63110f28dda51700ee201,6844510.736583,6848474.866917,3964.130334000103,88991,25000000,,success,1,0,,,8585298
pilot_1790521581795,block_N1000_c3,0,2026-09-27T17:00:30.089Z,zkSyncTestnet,300,sepolia.era.zksync.dev,block,1000,3,6315,0xdcbdb89337a4dcb3406dae69967b6bc30df366f2a5adc734639cc132cf3e9dac,6846342.795125,6849233.747125,2890.9519999995828,88991,25000000,,success,1,0,,,8585300
pilot_1790521581795,block_N1000_c3,0,2026-09-27T17:00:31.498Z,zkSyncTestnet,300,sepolia.era.zksync.dev,block,1000,3,6316,0xbc94a5f6c816d05dac45dfbdf1abcf34a1d7252b337a15fdd9e747e62393482c,6848417.684417,6850643.123875,2225.4394579995424,88991,25000000,,success,1,0,,,8585301
pilot_1790521581795,block_N1000_c3,0,2026-09-27T17:00:31.957Z,zkSyncTestnet,300,sepolia.era.zksync.dev,block,1000,3,6317,0x700143358caa476a8e4fda138536677dde8f90f4cd333c08d6880bea25d2f00a,6848474.957292,6851102.0585,2627.101208000444,88997,25000000,,success,1,0,,,8585302
pilot_1790521581795,block_N1000_c3,0,2026-09-27T17:00:33.222Z,zkSyncTestnet,300,sepolia.era.zksync.dev,block,1000,3,6318,0xe8e4b887b45a961e52fac40d67324c1af7d492c4c36da1e8b61c5b2bdeae8a75,6849233.916167,6852366.276958,3132.3607909996063,88991,25000000,,success,1,0,,,8585303
pilot_1790521581795,block_N1000_c3,0,2026-09-27T17:00:33.299Z,zkSyncTestnet,300,sepolia.era.zksync.dev,block,1000,3,6319,0xe2541241613d83b224f26b1efab669acaa642f87e693c68df9d7841dff0763a1,6850643.213625,6852443.852083,1800.638458000496,88991,25000000,,success,1,0,,,8585304
pilot_1790521581795,block_N1000_c3,0,2026-09-27T17:00:33.755Z,zkSyncTestnet,300,sepolia.era.zksync.dev,block,1000,3,6320,0xf3614395049ec7c11830954ab988d944a6de85beb931fc5259eae0368130072f,6851102.125292,6852900.124375,1797.999082999304,88997,25000000,,success,1,0,,,8585305
pilot_1790521581795,block_N1000_c3,0,2026-09-27T17:00:35.084Z,zkSyncTestnet,300,sepolia.era.zksync.dev,block,1000,3,6321,0x9c745932ba4bebd739c3b0b91f0110dee379e5b0fdd7d0951fb9eef500c7cb83,6852366.461833,6854228.33675,1861.8749169996008,88997,25000000,,success,1,0,,,8585307
pilot_1790521581795,block_N1000_c3,0,2026-09-27T17:00:35.335Z,zkSyncTestnet,300,sepolia.era.zksync.dev,block,1000,3,6322,0x15e869d30ff2e17ba9449a2e70458772c71c5114e9f794f97e3cc21dba786791,6852443.934875,6854479.264625,2035.3297499995679,88997,25000000,,success,1,0,,,8585308
pilot_1790521581795,block_N1000_c3,0,2026-09-27T17:00:35.548Z,zkSyncTestnet,300,sepolia.era.zksync.dev,block,1000,3,6323,0x24ea9f031301196787637d031bf8bec878fda94b9422174f54e8cf4924016315,6852900.179458,6854693.178167,1792.998709000647,88991,25000000,,success,1,0,,,8585308
pilot_1790521581795,block_N1000_c3,0,2026-09-27T17:00:37.940Z,zkSyncTestnet,300,sepolia.era.zksync.dev,block,1000,3,6324,0x9098e47719ef494a292b42ee9ee172c6a69ac026e260253d98423aaa3081a90c,6854228.468083,6857084.564333,2856.09625000041,88997,25000000,,success,1,0,,,8585309
pilot_1790521581795,block_N1000_c3,0,2026-09-27T17:00:38.989Z,zkSyncTestnet,300,sepolia.era.zksync.dev,block,1000,3,6325,0x61e26e6c56877f7a926f9867a8c99f349698cb70057680b80ccfd4f22ffcd1f2,6854479.345625,6858133.79275,3654.447124999948,88997,25000000,,success,1,0,,,8585310
pilot_1790521581795,block_N1000_c3,0,2026-09-27T17:00:39.748Z,zkSyncTestnet,300,sepolia.era.zksync.dev,block,1000,3,6326,0x88a662caecd8778f43f02336b5de336e45ffe7cb94f097c5747f8c12b64eae0d,6854693.242917,6858892.42475,4199.181832999922,88997,25000000,,success,1,0,,,8585310
pilot_1790521581795,block_N1000_c3,0,2026-09-27T17:00:39.767Z,zkSyncTestnet,300,sepolia.era.zksync.dev,block,1000,3,6327,0x59f6e6e88e480fafffc00779baab3ec198a34bb262d264da1029631950b7a4dd,6857084.75,6858912.003125,1827.2531249998137,88991,25000000,,success,1,0,,,8585311
pilot_1790521581795,block_N1000_c3,0,2026-09-27T17:00:42.170Z,zkSyncTestnet,300,sepolia.era.zksync.dev,block,1000,3,6328,0x80e11ed07bf66a04600a327af49c8c5e25c2957536dfd8dda4d476cf88824e1d,6858133.889542,6861314.702625,3180.81308299955,88997,25000000,,success,1,0,,,8585312
pilot_1790521581795,block_N1000_c3,0,2026-09-27T17:00:43.413Z,zkSyncTestnet,300,sepolia.era.zksync.dev,block,1000,3,6329,0xbb238d6065abc82c003f31de71a7ae8824589bad075a3f4e7d76cdf8293b84bc,6858892.519542,6862557.446417,3664.9268749998882,88997,25000000,,success,1,0,,,8585313
pilot_1790521581795,block_N1000_c3,0,2026-09-27T17:00:44.758Z,zkSyncTestnet,300,sepolia.era.zksync.dev,block,1000,3,6330,0x80bbad75daeaec7d5cc4ce46163f58dcf75f43afb29eaa93c9098e77518c9195,6858912.113667,6863902.607542,4990.4938749996945,88997,25000000,,success,1,0,,,8585314
pilot_1790521581795,block_N1000_c3,0,2026-09-27T17:00:44.762Z,zkSyncTestnet,300,sepolia.era.zksync.dev,block,1000,3,6331,0x4c9b197880dfbcb907a7f384e639d28ad87619d9c882692f864fccbab1715be1,6861314.824083,6863906.472792,2591.648708999157,88997,25000000,,success,1,0,,,8585315
pilot_1790521581795,block_N1000_c3,0,2026-09-27T17:00:46.601Z,zkSyncTestnet,300,sepolia.era.zksync.dev,block,1000,3,6332,0x4982cb398354154cbdc099eee5432016dfb24b5808e85daba7805fa2a77a42dc,6862557.554167,6865745.355458,3187.801291000098,88997,25000000,,success,1,0,,,8585316
pilot_1790521581795,block_N1000_c3,0,2026-09-27T17:00:47.428Z,zkSyncTestnet,300,sepolia.era.zksync.dev,block,1000,3,6333,0x9e4742cbc5ae74afbfa0ab9d6a435f433ee7e07e7bb73cc064be036abb6db3ea,6863902.712792,6866572.482042,2669.7692499998957,88991,25000000,,success,1,0,,,8585317
pilot_1790521581795,block_N1000_c3,0,2026-09-27T17:00:48.684Z,zkSyncTestnet,300,sepolia.era.zksync.dev,block,1000,3,6334,0x6a7e177c80bbeeb78a473869ce4bb251928d926075fdcd7fd4d8b47fcb322ee9,6863906.495333,6867828.73325,3922.2379169994965,88997,25000000,,success,1,0,,,8585318
pilot_1790521581795,block_N1000_c3,0,2026-09-27T17:00:49.316Z,zkSyncTestnet,300,sepolia.era.zksync.dev,block,1000,3,6336,0xa32958f815cb3bcb00e92457c40aa91f14731fa94b601641619898b38de85470,6866572.566,6868461.032292,1888.4662920003757,88991,25000000,,success,1,0,,,8585319
pilot_1790521581795,block_N1000_c3,0,2026-09-27T17:00:49.999Z,zkSyncTestnet,300,sepolia.era.zksync.dev,block,1000,3,6335,0x8306a2064b13c31f4f3809e76876e2649056e72ab95992f87c6d13306c7cb349,6865745.455583,6869144.082833,3398.6272500008345,88991,25000000,,success,1,0,,,8585319
pilot_1790521581795,block_N1000_c3,0,2026-09-27T17:00:52.615Z,zkSyncTestnet,300,sepolia.era.zksync.dev,block,1000,3,6337,0x1b31744ff36df12c30ab383cc9c82edbae4cde7eb695a948e003c9f3c2a3ca85,6867828.816917,6871759.672875,3930.8559579998255,88991,25000000,,success,1,0,,,8585320
pilot_1790521581795,block_N1000_c3,0,2026-09-27T17:00:53.374Z,zkSyncTestnet,300,sepolia.era.zksync.dev,block,1000,3,6338,0x27c9e0153fc60457f1173d5e36c5450040abaf9865831355ef3ac473dc917eb9,6868461.140833,6872518.649125,4057.5082920007408,88991,25000000,,success,1,0,,,8585321
pilot_1790521581795,block_N1000_c3,0,2026-09-27T17:00:53.669Z,zkSyncTestnet,300,sepolia.era.zksync.dev,block,1000,3,6339,0x5546ebe72193b71e75c9123818fcfd92a11f9f8d364c43b6554b74bbcd2192cb,6869144.198417,6872813.937667,3669.7392500005662,88991,25000000,,success,1,0,,,8585322
pilot_1790521581795,block_N1000_c3,0,2026-09-27T17:00:54.518Z,zkSyncTestnet,300,sepolia.era.zksync.dev,block,1000,3,6340,0x2259ab812889cd776582710e0cd074671cd962934a2dabdcb29303beede97bf3,6871759.837167,6873662.71025,1902.87308299914,88997,25000000,,success,1,0,,,8585323
pilot_1790521581795,block_N1000_c3,0,2026-09-27T17:00:55.563Z,zkSyncTestnet,300,sepolia.era.zksync.dev,block,1000,3,6341,0xc907fb9a0e39ffa2cfc998571de7af1f0170cee88d517a3b5338cef57571d3fc,6872518.891167,6874707.963833,2189.0726659996435,88991,25000000,,success,1,0,,,8585324
pilot_1790521581795,block_N1000_c3,0,2026-09-27T17:00:56.337Z,zkSyncTestnet,300,sepolia.era.zksync.dev,block,1000,3,6342,0x19fd1ce0c59b72681a7137d9140a21032b16a5faae0d8c79368e55b9c55f0de0,6872813.997958,6875481.327833,2667.329874999821,88997,25000000,,success,1,0,,,8585325
pilot_1790521581795,block_N1000_c3,0,2026-09-27T17:00:56.572Z,zkSyncTestnet,300,sepolia.era.zksync.dev,block,1000,3,6343,0xabbc4a17cc98f3afb27d48105f2eb719604353530ec60fc0e303fcde4d577c04,6873662.822542,6875716.847458,2054.0249160006642,88997,25000000,,success,1,0,,,8585326
pilot_1790521581795,block_N1000_c3,0,2026-09-27T17:00:57.361Z,zkSyncTestnet,300,sepolia.era.zksync.dev,block,1000,3,6344,0xa7d4ab754b72dc742001963daefce076713a89cbaff1efd65d639607e978a2de,6874708.077833,6876505.9595,1797.8816670002416,88997,25000000,,success,1,0,,,8585327
pilot_1790521581795,block_N1000_c3,0,2026-09-27T17:00:59.178Z,zkSyncTestnet,300,sepolia.era.zksync.dev,block,1000,3,6345,0x5410ec60b7bd7980f41924947563ff4126558d2226d39eede5363dd74c171578,6875481.442417,6878323.075417,2841.6329999994487,88991,25000000,,success,1,0,,,8585328
pilot_1790521581795,block_N1000_c3,0,2026-09-27T17:01:00.483Z,zkSyncTestnet,300,sepolia.era.zksync.dev,block,1000,3,6346,0x74368c161d80d2c8731f295323a47933e76d7fb36efd49bbd43eb13c8858c45e,6875716.893292,6879628.067,3911.1737080002204,88991,25000000,,success,1,0,,,8585329
pilot_1790521581795,block_N1000_c3,0,2026-09-27T17:01:00.736Z,zkSyncTestnet,300,sepolia.era.zksync.dev,block,1000,3,6347,0x23033efe5d84ebe425adfd93082b4efaca9668a259f8ee86961d4fab6ea1b1d3,6876506.057958,6879880.594,3374.5360419992357,88997,25000000,,success,1,0,,,8585330
pilot_1790521581795,block_N1000_c3,0,2026-09-27T17:01:01.538Z,zkSyncTestnet,300,sepolia.era.zksync.dev,block,1000,3,6348,0x1b09837bdb4f3ba219f08522740d3741c3fdcb504a4d27ab73729aa3860cd049,6878323.175167,6880682.508792,2359.33362499997,88991,25000000,,success,1,0,,,8585331
pilot_1790521581795,block_N1000_c3,0,2026-09-27T17:01:02.298Z,zkSyncTestnet,300,sepolia.era.zksync.dev,block,1000,3,6349,0xfce7e3a0a7c57060c31ebfa1fd0ca83ff23a3e12f099ce08e894b43f9895b759,6879628.185125,6881443.000292,1814.8151670005172,88997,25000000,,success,1,0,,,8585333
pilot_1790521581795,block_N1000_c3,0,2026-09-27T17:01:02.585Z,zkSyncTestnet,300,sepolia.era.zksync.dev,block,1000,3,6350,0x39c14e01620533d738201487339a0bab83b343fe01a3d5fc639cfe94bb0b8ac6,6879880.667583,6881729.921875,1849.2542920000851,88991,25000000,,success,1,0,,,8585334
pilot_1790521581795,block_N1000_c3,0,2026-09-27T17:01:03.363Z,zkSyncTestnet,300,sepolia.era.zksync.dev,block,1000,3,6351,0x961104fb9c745998a327ee0f5aa061276df0453f3ba6f0c82d13a1f961d4873f,6880682.571208,6882507.784708,1825.2134999996051,88991,25000000,,success,1,0,,,8585335
pilot_1790521581795,block_N1000_c3,0,2026-09-27T17:01:04.189Z,zkSyncTestnet,300,sepolia.era.zksync.dev,block,1000,3,6352,0x6a1061b314413ae0835f57bd5fdcff0abf4ba24377db5193ff43f5165328ce47,6881443.095417,6883334.091958,1890.9965409999713,88991,25000000,,success,1,0,,,8585336
pilot_1790521581795,block_N1000_c3,0,2026-09-27T17:01:07.338Z,zkSyncTestnet,300,sepolia.era.zksync.dev,block,1000,3,6354,0x42586fbc6bf4dce5fc08a3f21d7b29ad11307e105a14f5e731a033d934548fb8,6882507.973083,6886483.080125,3975.107042000629,88991,25000000,,success,1,0,,,8585337
pilot_1790521581795,block_N1000_c3,0,2026-09-27T17:01:07.600Z,zkSyncTestnet,300,sepolia.era.zksync.dev,block,1000,3,6353,0x830b76fe00ba0fc9e5e3a0ce3fccc803daeeeb41549cbf053aba4fbdf97bc639,6881729.989667,6886744.377792,5014.38812499959,88991,25000000,,success,1,0,,,8585337
pilot_1790521581795,block_N1000_c3,0,2026-09-27T17:01:07.880Z,zkSyncTestnet,300,sepolia.era.zksync.dev,block,1000,3,6355,0xea4cdbf1588b79bbdf7d22db350a2c0891cbee8fdcd1a54deb71b59bdfb8c637,6883334.217833,6887024.67775,3690.4599169995636,88997,25000000,,success,1,0,,,8585338
pilot_1790521581795,block_N1000_c3,0,2026-09-27T17:01:09.183Z,zkSyncTestnet,300,sepolia.era.zksync.dev,block,1000,3,6356,0xc1ba0df5e4d8aeaab0c4567f147a38b13d65d40d45f21744668cfd4bbda51c43,6886483.156667,6888327.843958,1844.6872910000384,88997,25000000,,success,1,0,,,8585339
pilot_1790521581795,block_N1000_c3,0,2026-09-27T17:01:10.970Z,zkSyncTestnet,300,sepolia.era.zksync.dev,block,1000,3,6358,0xf0fb3d9165a2e85b47e2381f5197d6179ff18cd2964621e4a9577ef2ac664a99,6887024.77625,6890114.627,3089.850750000216,88997,25000000,,success,1,0,,,8585340
pilot_1790521581795,block_N1000_c3,0,2026-09-27T17:01:10.974Z,zkSyncTestnet,300,sepolia.era.zksync.dev,block,1000,3,6357,0x2ea20d5b658ff1ab8bce2c8d9076108ac7b5a1917f3bcdf5abb7f02092c6c508,6886744.495833,6890118.281125,3373.7852919995785,88991,25000000,,success,1,0,,,8585340
pilot_1790521581795,block_N1000_c3,0,2026-09-27T17:01:10.977Z,zkSyncTestnet,300,sepolia.era.zksync.dev,block,1000,3,6359,0x6eb5dff74a3af1be52137afeab981c00547f445c131b0635879421be92ab82d8,6888328.03675,6890121.284,1793.247250000015,88997,25000000,,success,1,0,,,8585340
pilot_1790521581795,block_N1000_c3,0,2026-09-27T17:01:13.664Z,zkSyncTestnet,300,sepolia.era.zksync.dev,block,1000,3,6360,0x5a0e43269a168e4f0690e01277f1bf16446ac3e4c3270789674e045b944319c0,6890114.711208,6892809.128833,2694.417624999769,88997,25000000,,success,1,0,,,8585341
pilot_1790521581795,block_N1000_c3,0,2026-09-27T17:01:13.830Z,zkSyncTestnet,300,sepolia.era.zksync.dev,block,1000,3,6361,0x582ec76a5ef5cd1a62e4fda2cf4f1df9da357e1ae6aea4a0ea9f277afd36bb61,6890118.312917,6892975.102375,2856.789458000101,88872,25000000,,success,1,0,,,8585342
pilot_1790521581795,block_N1000_c3,0,2026-09-27T17:01:15.415Z,zkSyncTestnet,300,sepolia.era.zksync.dev,block,1000,3,6362,0x6472a7e0151eceb0bb8186bc7eea34ce1ab14a4b9f185a78c5c4c216a59dbba2,6890121.296583,6894560.01575,4438.719167000614,88997,25000000,,success,1,0,,,8585343
pilot_1790521581795,block_N1000_c3,0,2026-09-27T17:01:15.478Z,zkSyncTestnet,300,sepolia.era.zksync.dev,block,1000,3,6363,0x7e8327b67619cccf6871e8f4e18e083de27e8b4ec3ce3b2f841afe0532585cac,6892809.271792,6894622.65275,1813.380958000198,88991,25000000,,success,1,0,,,8585344
pilot_1790521581795,block_N1000_c3,0,2026-09-27T17:01:16.628Z,zkSyncTestnet,300,sepolia.era.zksync.dev,block,1000,3,6364,0x18f6fb9ad5eef7a2c5df2dd13f74d6315ae9ee21be05749e20ccb278167c1286,6892975.183292,6895772.524167,2797.340875000693,88991,25000000,,success,1,0,,,8585345
pilot_1790521581795,block_N1000_c3,0,2026-09-27T17:01:17.263Z,zkSyncTestnet,300,sepolia.era.zksync.dev,block,1000,3,6365,0xfff758fac48237056251ee10e1f9c7dd018f116b1329b0b020252c42d0ae98b8,6894560.117458,6896407.582042,1847.4645840004086,88997,25000000,,success,1,0,,,8585346
pilot_1790521581795,block_N1000_c3,0,2026-09-27T17:01:18.604Z,zkSyncTestnet,300,sepolia.era.zksync.dev,block,1000,3,6367,0x94e415144e8bda348512cce4f6e5f11d6a92079a4d0b0374e5acd2e03c8178c8,6895772.632458,6897748.868208,1976.2357499999925,88991,25000000,,success,1,0,,,8585348
pilot_1790521581795,block_N1000_c3,0,2026-09-27T17:01:18.608Z,zkSyncTestnet,300,sepolia.era.zksync.dev,block,1000,3,6366,0x1faac36a860122f92fbdc5ba781537f9702de18beb6790249243ec558f4b3d8e,6894622.773333,6897752.507667,3129.7343340003863,88997,25000000,,success,1,0,,,8585347
pilot_1790521581795,block_N1000_c3,0,2026-09-27T17:01:19.146Z,zkSyncTestnet,300,sepolia.era.zksync.dev,block,1000,3,6368,0xe981e5792c86e26fcb835184d156b4fb1a5ee8a692bbb3c8951a6e69bbb219a9,6896407.701125,6898290.493875,1882.7927500000224,88991,25000000,,success,1,0,,,8585349
pilot_1790521581795,block_N1000_c3,0,2026-09-27T17:01:22.207Z,zkSyncTestnet,300,sepolia.era.zksync.dev,block,1000,3,6369,0x361756bec3081e4d321eede8d2738b8d5ba636d5ba4e309aeb22db3011d6a221,6897748.947333,6901351.990333,3603.043000000529,88991,25000000,,success,1,0,,,8585350
pilot_1790521581795,block_N1000_c3,0,2026-09-27T17:01:23.027Z,zkSyncTestnet,300,sepolia.era.zksync.dev,block,1000,3,6370,0x30d96b6c6e2466df332fe15cc230552d90ca53e392d1d052436f335c10294bb5,6897752.532667,6902171.355125,4418.822457999922,88997,25000000,,success,1,0,,,8585350
pilot_1790521581795,block_N1000_c3,0,2026-09-27T17:01:23.261Z,zkSyncTestnet,300,sepolia.era.zksync.dev,block,1000,3,6371,0x6934fd45605b7583626636b8697dcb26aad9a453c6585d837c224b3df9f38f33,6898290.692042,6902405.26,4114.567958000116,88997,25000000,,success,1,0,,,8585350
pilot_1790521581795,block_N1000_c3,0,2026-09-27T17:01:24.079Z,zkSyncTestnet,300,sepolia.era.zksync.dev,block,1000,3,6372,0x69e7ec6d122f9f5f85cc781d00b58c3ada6f36da6d49ff873c9d4410fa88f13f,6901352.176792,6903223.464,1871.2872079992667,88991,25000000,,success,1,0,,,8585351
pilot_1790521581795,block_N1000_c3,0,2026-09-27T17:01:24.862Z,zkSyncTestnet,300,sepolia.era.zksync.dev,block,1000,3,6373,0xb795758057ef564e33e51d7e95f2ec7347e4fc675e1236e81cc693339f410a67,6902171.457417,6904007.125542,1835.668124999851,88991,25000000,,success,1,0,,,8585352
pilot_1790521581795,block_N1000_c3,0,2026-09-27T17:01:26.718Z,zkSyncTestnet,300,sepolia.era.zksync.dev,block,1000,3,6375,0x4248afce5e33be26638dd60615e7221f904a1b49b82e1481303a5ec7b44e506a,6903223.584667,6905862.663917,2639.0792500004172,88997,25000000,,success,1,0,,,8585353
pilot_1790521581795,block_N1000_c3,0,2026-09-27T17:01:27.221Z,zkSyncTestnet,300,sepolia.era.zksync.dev,block,1000,3,6374,0x4ba36bde5e1389e2fcd20cae0d5464d775a051ccde8da2c14105ab68f6514a88,6902405.364042,6906365.580458,3960.2164160003886,88997,25000000,,success,1,0,,,8585353
pilot_1790521581795,block_N1000_c3,0,2026-09-27T17:01:28.270Z,zkSyncTestnet,300,sepolia.era.zksync.dev,block,1000,3,6376,0xb4edbb7af5bf77a4e9508c5761c602f77d24d1776374524be5d1ef38919bc510,6904007.208958,6907414.242708,3407.03375000041,88997,25000000,,success,1,0,,,8585354
pilot_1790521581795,block_N1000_c3,0,2026-09-27T17:01:28.638Z,zkSyncTestnet,300,sepolia.era.zksync.dev,block,1000,3,6377,0x826909018a4577f1e06450356b8762beca578e66437dd3c7254d3fd807cc9ff8,6905862.723083,6907782.698292,1919.9752090005204,88991,25000000,,success,1,0,,,8585355
pilot_1790521581795,block_N1000_c3,0,2026-09-27T17:01:29.067Z,zkSyncTestnet,300,sepolia.era.zksync.dev,block,1000,3,6378,0x6de0b8d9d912082717e8d8d1609abfc50e9bd95df805bf697daf57e1e5302dc3,6906365.705125,6908211.891625,1846.186499999836,88991,25000000,,success,1,0,,,8585356
pilot_1790521581795,block_N1000_c3,0,2026-09-27T17:01:30.092Z,zkSyncTestnet,300,sepolia.era.zksync.dev,block,1000,3,6379,0x84f7ab331c4697e867bc809b2c91a67aa420f4a3818338c00b85f807a11f758c,6907414.350208,6909237.046792,1822.6965839993209,88997,25000000,,success,1,0,,,8585358
pilot_1790521581795,block_N1000_c3,0,2026-09-27T17:01:30.441Z,zkSyncTestnet,300,sepolia.era.zksync.dev,block,1000,3,6380,0x1a4d51b9c9ec1c173c940ef47e02e3d6e0459ec24db15879b98660092b721194,6907782.829292,6909586.177167,1803.3478749999776,88991,25000000,,success,1,0,,,8585359
pilot_1790521581795,block_N1000_c3,0,2026-09-27T17:01:32.737Z,zkSyncTestnet,300,sepolia.era.zksync.dev,block,1000,3,6382,0x583fa5249df9c66ddea3408ea3cfb873094033b7e746d896eeb734c976ddfcba,6909237.13025,6911881.667542,2644.5372919999063,88997,25000000,,success,1,0,,,8585362
pilot_1790521581795,block_N1000_c3,0,2026-09-27T17:01:32.740Z,zkSyncTestnet,300,sepolia.era.zksync.dev,block,1000,3,6383,0x3b3e953cb499fb73d08f33f2adf767a36897788863bcb59f9958d062f1f99ec6,6909586.323333,6911884.908417,2298.5850840006024,88991,25000000,,success,1,0,,,8585362
pilot_1790521581795,block_N1000_c3,0,2026-09-27T17:01:33.013Z,zkSyncTestnet,300,sepolia.era.zksync.dev,block,1000,3,6381,0xf634192c433aad0800da62f16cb3b7413e57cb1c4e08aad797ef9e319f6ac062,6908212.051292,6912157.756625,3945.705333000049,88997,25000000,,success,1,0,,,8585361
pilot_1790521581795,block_N1000_c3,0,2026-09-27T17:01:34.886Z,zkSyncTestnet,300,sepolia.era.zksync.dev,block,1000,3,6385,0xf45898fe7f897502c42491d1cf1d002a176849f58f016a0801740a2abf37ebb9,6911884.925792,6914031.006333,2146.08054099977,88997,25000000,,success,1,0,,,8585364
pilot_1790521581795,block_N1000_c3,0,2026-09-27T17:01:35.707Z,zkSyncTestnet,300,sepolia.era.zksync.dev,block,1000,3,6384,0x2b0bae62ef06b5bcf9d1085b13ca386912d7ce37386d88aaaa51548aaab47d37,6911881.793792,6914852.069833,2970.27604100015,88991,25000000,,success,1,0,,,8585363
pilot_1790521581795,block_N1000_c3,0,2026-09-27T17:01:35.711Z,zkSyncTestnet,300,sepolia.era.zksync.dev,block,1000,3,6386,0xb332731e7a915df72a26916b7e50eca20d8a3085ee968b6d620f111cac7b6515,6912157.8195,6914855.856667,2698.037166999653,88997,25000000,,success,1,0,,,8585364
pilot_1790521581795,block_N1000_c3,0,2026-09-27T17:01:38.790Z,zkSyncTestnet,300,sepolia.era.zksync.dev,block,1000,3,6387,0x020174b8602f6632afce5f6b4b6f227f4d51c8b1c90fe561c5db492ba0684a48,6914031.145042,6917934.721458,3903.5764159997925,88997,25000000,,success,1,0,,,8585365
pilot_1790521581795,block_N1000_c3,0,2026-09-27T17:01:39.011Z,zkSyncTestnet,300,sepolia.era.zksync.dev,block,1000,3,6388,0xd6e1c8227a1937d2de818a406bbcac058ded7033118e3e06fd4ef88b510eadd1,6914852.16125,6918155.697667,3303.5364169999957,88991,25000000,,success,1,0,,,8585366
pilot_1790521581795,block_N1000_c3,0,2026-09-27T17:01:39.292Z,zkSyncTestnet,300,sepolia.era.zksync.dev,block,1000,3,6389,0x57c98e42308e5ee96ab788b191a373565da0ddd98cbdb0504d1bc858cd3a7717,6914855.880125,6918436.565583,3580.685457999818,88997,25000000,,success,1,0,,,8585367
pilot_1790521581795,block_N1000_c3,0,2026-09-27T17:01:40.568Z,zkSyncTestnet,300,sepolia.era.zksync.dev,block,1000,3,6390,0x9c90a264bef14a8ecc32f757f478ae6fe95db2ac135fae2222b5ac6519e9a1c3,6917934.861125,6919712.397875,1777.5367499999702,88997,25000000,,success,1,0,,,8585368
pilot_1790521581795,block_N1000_c3,0,2026-09-27T17:01:40.855Z,zkSyncTestnet,300,sepolia.era.zksync.dev,block,1000,3,6391,0xd2a2c21aadd34c12ef174f821fb8e1a261a19bf3c27b1bb76c5a3ab23579570d,6918155.813208,6919999.992625,1844.1794170001522,88997,25000000,,success,1,0,,,8585369
pilot_1790521581795,block_N1000_c3,0,2026-09-27T17:01:41.090Z,zkSyncTestnet,300,sepolia.era.zksync.dev,block,1000,3,6392,0xbc8378ca997486bda53b7765a1d91751b93f7a3cfc003f0cadcd5834d6052c9e,6918436.699417,6920234.855625,1798.1562080001459,88991,25000000,,success,1,0,,,8585370
pilot_1790521581795,block_N1000_c3,0,2026-09-27T17:01:42.427Z,zkSyncTestnet,300,sepolia.era.zksync.dev,block,1000,3,6393,0x89a8728560423b80c7daa4cf098479b00ec919ab174e9142c60fe3d2cc20b747,6919712.483833,6921571.98675,1859.5029170000926,88997,25000000,,success,1,0,,,8585371
pilot_1790521581795,block_N1000_c3,0,2026-09-27T17:01:42.661Z,zkSyncTestnet,300,sepolia.era.zksync.dev,block,1000,3,6394,0xc9b8e0fd795125eb827246d38b4946d67b02e3813b8da8e9b18e57973d13232a,6920000.042,6921805.687833,1805.6458329996094,88997,25000000,,success,1,0,,,8585372
pilot_1790521581795,block_N1000_c3,0,2026-09-27T17:01:42.951Z,zkSyncTestnet,300,sepolia.era.zksync.dev,block,1000,3,6395,0xdde9df475f16a8ac1e2722e61d7290871e8aa1ea9096799f6ad5281de8eab222,6920234.949292,6922096.157083,1861.2077909996733,88997,25000000,,success,1,0,,,8585373
pilot_1790521581795,block_N1000_c3,0,2026-09-27T17:01:44.230Z,zkSyncTestnet,300,sepolia.era.zksync.dev,block,1000,3,6396,0x27e47adc0d5506939d83674dd7c753360ba57d174c99137c6aeb7ca8e136c22f,6921572.155583,6923375.08275,1802.927167000249,88991,25000000,,success,1,0,,,8585374
pilot_1790521581795,block_N1000_c3,0,2026-09-27T17:01:44.525Z,zkSyncTestnet,300,sepolia.era.zksync.dev,block,1000,3,6397,0xb6900dc62c0b25c313ef9e2f2a098b9c8f7ad923f3db341d864ba10e6a264c28,6921805.77175,6923670.132042,1864.3602919997647,88991,25000000,,success,1,0,,,8585375
pilot_1790521581795,block_N1000_c3,0,2026-09-27T17:01:45.477Z,zkSyncTestnet,300,sepolia.era.zksync.dev,block,1000,3,6398,0x9055f018c8ec102557911e2ec70703b95e67efc7c5809bd5ed28b94a99643a81,6922096.240542,6924622.0105,2525.769957999699,88991,25000000,,success,1,0,,,8585376
pilot_1790521581795,block_N1000_c3,0,2026-09-27T17:01:47.680Z,zkSyncTestnet,300,sepolia.era.zksync.dev,block,1000,3,6399,0x683baf5b0c4c3d1784a079d196c3be9176257839deead7d9bf64073ad218a680,6923375.204125,6926824.402625,3449.1984999999404,88997,25000000,,success,1,0,,,8585378
pilot_1790521581795,block_N1000_c3,0,2026-09-27T17:01:48.452Z,zkSyncTestnet,300,sepolia.era.zksync.dev,block,1000,3,6401,0xc3c8d96c86ab8deb469649306f115811f6bf24643e08093512c134e07b90b14b,6924622.121125,6927596.846792,2974.725667000748,88991,25000000,,success,1,0,,,8585379
pilot_1790521581795,block_N1000_c3,0,2026-09-27T17:01:48.724Z,zkSyncTestnet,300,sepolia.era.zksync.dev,block,1000,3,6400,0x8d94245784c4491aa938511d669f721a8094ca047ee53c70a35e575a0548a1c4,6923670.237458,6927868.84225,4198.6047919997945,88991,25000000,,success,1,0,,,8585379
pilot_1790521581795,block_N1000_c3,0,2026-09-27T17:01:50.572Z,zkSyncTestnet,300,sepolia.era.zksync.dev,block,1000,3,6402,0xec2235849d4e6bc35aab253dda184c6673b95669cca135f37b7645d591dc3fed,6926824.500375,6929717.044917,2892.544542000629,88991,25000000,,success,1,0,,,8585380
pilot_1790521581795,block_N1000_c3,0,2026-09-27T17:01:51.121Z,zkSyncTestnet,300,sepolia.era.zksync.dev,block,1000,3,6403,0xbb1ae12affbbb1b0749f540d24989c2b357c30569ae9778c31890e20f3b0de7f,6927596.936083,6930265.672333,2668.7362500000745,88991,25000000,,success,1,0,,,8585381
pilot_1790521581795,block_N1000_c3,0,2026-09-27T17:01:51.600Z,zkSyncTestnet,300,sepolia.era.zksync.dev,block,1000,3,6404,0x552cc251bc4842d7ee8318e68336f24a5e44e37061726a5813a994793e7b5ce6,6927868.933,6930745.021,2876.087999999523,88997,25000000,,success,1,0,,,8585382
pilot_1790521581795,block_N1000_c3,0,2026-09-27T17:01:54.189Z,zkSyncTestnet,300,sepolia.era.zksync.dev,block,1000,3,6406,0x03c2230d354fb7459f22688b340112090ab3e0ab7d01408f433711611e0b5726,6930265.7355,6933333.371167,3067.635666999966,88997,25000000,,success,1,0,,,8585384
pilot_1790521581795,block_N1000_c3,0,2026-09-27T17:01:54.193Z,zkSyncTestnet,300,sepolia.era.zksync.dev,block,1000,3,6405,0xc39ec7ce939ae473ad67aab77cf67258466e50fb8cf1299d37ae298b7c80890c,6929717.14775,6933337.475458,3620.327708000317,88872,25000000,,success,1,0,,,8585383
pilot_1790521581795,block_N1000_c3,0,2026-09-27T17:01:54.196Z,zkSyncTestnet,300,sepolia.era.zksync.dev,block,1000,3,6407,0xe448f01a968a1814598d149236480ed5a6f4f04077d76f0c77585f89c721ee69,6930745.098083,6933340.469833,2595.371749999933,88997,25000000,,success,1,0,,,8585385
pilot_1790521581795,block_N1000_c3,0,2026-09-27T17:01:58.682Z,zkSyncTestnet,300,sepolia.era.zksync.dev,block,1000,3,6408,0x32bcf4b4069369958416efef9e8294414236c260db0749cdd2570dad0a09c87b,6933333.496958,6937827.0055,4493.508542000316,88997,25000000,,success,1,0,,,8585386
pilot_1790521581795,block_N1000_c3,0,2026-09-27T17:02:00.303Z,zkSyncTestnet,300,sepolia.era.zksync.dev,block,1000,3,6410,0xc98b38ce1d8a6bae6818259154dcc4df3eefaccdf5f2c990b5788ec022764438,6933340.489625,6939447.743167,6107.2535419994965,88997,25000000,,success,1,0,,,8585387
pilot_1790521581795,block_N1000_c3,0,2026-09-27T17:02:00.810Z,zkSyncTestnet,300,sepolia.era.zksync.dev,block,1000,3,6409,0x00d1b529a39895f18f8632446b99a25342a8bc8f623d0ee5cc89b5fe53323388,6933337.511708,6939954.70275,6617.191042000428,88997,25000000,,success,1,0,,,8585387
pilot_1790521581795,block_N1000_c3,0,2026-09-27T17:02:01.825Z,zkSyncTestnet,300,sepolia.era.zksync.dev,block,1000,3,6411,0xf5b5734f502e80d865cc7a27b9987c4c849ac1a435ab776d32ac69f8362d5577,6937827.119792,6940969.826375,3142.706582999788,88997,25000000,,success,1,0,,,8585388
pilot_1790521581795,block_N1000_c3,0,2026-09-27T17:02:02.352Z,zkSyncTestnet,300,sepolia.era.zksync.dev,block,1000,3,6412,0x6500202cc856851fa933b16a9786d475e7a4957674d529e8a3d92a0914928a4b,6939447.869583,6941496.838083,2048.9684999994934,88991,25000000,,success,1,0,,,8585389
pilot_1790521581795,block_N1000_c3,0,2026-09-27T17:02:03.423Z,zkSyncTestnet,300,sepolia.era.zksync.dev,block,1000,3,6413,0x9ec705b4d61283e76c492a2b897c1147c9b9d2701c81251a44acceed9a3a5b39,6939954.835625,6942567.771,2612.935374999419,88997,25000000,,success,1,0,,,8585390
pilot_1790521581795,block_N1000_c3,0,2026-09-27T17:02:03.681Z,zkSyncTestnet,300,sepolia.era.zksync.dev,block,1000,3,6414,0x933ed17c0878b3823dd0682af7a2c19be2872366fbd578a31d5eaefa9de2c4ca,6940969.918792,6942825.45425,1855.5354580003768,88997,25000000,,success,1,0,,,8585390
pilot_1790521581795,block_N1000_c3,0,2026-09-27T17:02:04.200Z,zkSyncTestnet,300,sepolia.era.zksync.dev,block,1000,3,6415,0x2c82648f2755f5b90716214ba840a334a58faa5881e898f3f273c51a582c4c66,6941496.969625,6943345.092,1848.1223750002682,88991,25000000,,success,1,0,,,8585391
pilot_1790521581795,block_N1000_c3,0,2026-09-27T17:02:05.274Z,zkSyncTestnet,300,sepolia.era.zksync.dev,block,1000,3,6416,0x98bdc1a2d680bee0c03e18a1c059728550b1985fd0a111b11206046c82fc2ee5,6942567.926083,6944418.582958,1850.656874999404,88991,25000000,,success,1,0,,,8585392
pilot_1790521581795,block_N1000_c3,0,2026-09-27T17:02:06.634Z,zkSyncTestnet,300,sepolia.era.zksync.dev,block,1000,3,6417,0x052c6f1264e246b029a9ebbd9a85dff5f8c912319d72dfe232cf1ad5c79ee16a,6942825.528375,6945778.727083,2953.198708000593,88997,25000000,,success,1,0,,,8585392
pilot_1790521581795,block_N1000_c3,0,2026-09-27T17:02:06.859Z,zkSyncTestnet,300,sepolia.era.zksync.dev,block,1000,3,6418,0xc5f3eb4bc1b11fe7ac597fb9f7371ac2311acfa02ce970823bdda4adbf0de376,6943345.202542,6946003.284417,2658.0818749992177,88991,25000000,,success,1,0,,,8585393
pilot_1790521581795,block_N1000_c3,0,2026-09-27T17:02:08.138Z,zkSyncTestnet,300,sepolia.era.zksync.dev,block,1000,3,6419,0xa83f59b6aec996fcd67d0ff99bcdf5caaefab24f5f440e1272bef1ebfeb0324c,6944418.665458,6947282.737083,2864.071624999866,88997,25000000,,success,1,0,,,8585395
pilot_1790521581795,block_N1000_c3,0,2026-09-27T17:02:08.643Z,zkSyncTestnet,300,sepolia.era.zksync.dev,block,1000,3,6420,0x3e22fe421f13b1473f23e3482e7b5d31c4869918e73ff63da40c0b33b1633a5d,6945778.843167,6947787.408458,2008.5652909995988,88991,25000000,,success,1,0,,,8585396
pilot_1790521581795,block_N1000_c3,0,2026-09-27T17:02:09.927Z,zkSyncTestnet,300,sepolia.era.zksync.dev,block,1000,3,6421,0xe6d6a227602ad4539d27efb86c5f9e960b8dc43220375d96362e6e61214df560,6946003.407958,6949071.945458,3068.5374999996275,88997,25000000,,success,1,0,,,8585397
pilot_1790521581795,block_N1000_c3,0,2026-09-27T17:02:10.010Z,zkSyncTestnet,300,sepolia.era.zksync.dev,block,1000,3,6422,0xac62a2e522ebe5d77ec42f1b60b1698e7981ace0ba7cfe59510ccc92d26b9fc2,6947282.8425,6949154.393,1871.5504999998957,88991,25000000,,success,1,0,,,8585398
pilot_1790521581795,block_N1000_c3,0,2026-09-27T17:02:10.440Z,zkSyncTestnet,300,sepolia.era.zksync.dev,block,1000,3,6423,0x963e034f6bee81d305e9003d9dd2a31855254c75a7322fba864dd526c4be2f2f,6947787.48825,6949584.569,1797.0807499997318,88997,25000000,,success,1,0,,,8585399
pilot_1790521581795,block_N1000_c3,0,2026-09-27T17:02:11.788Z,zkSyncTestnet,300,sepolia.era.zksync.dev,block,1000,3,6424,0x2bbc0ef0e99ebd8cd52db0a2a8d0ce3f28a26c4594d9ce14f3fc289e91ca8a4c,6949072.243292,6950932.9845,1860.7412080001086,88991,25000000,,success,1,0,,,8585400
pilot_1790521581795,block_N1000_c3,0,2026-09-27T17:02:12.316Z,zkSyncTestnet,300,sepolia.era.zksync.dev,block,1000,3,6425,0xecbb70ea20c7e75475da0d69ee814bd9605072a3d1a66236e8f99ed43269a528,6949154.477958,6951460.901917,2306.423959000036,88991,25000000,,success,1,0,,,8585401
pilot_1790521581795,block_N1000_c3,0,2026-09-27T17:02:12.320Z,zkSyncTestnet,300,sepolia.era.zksync.dev,block,1000,3,6426,0xdc07c99d1335639cbd8fac3d946df1e93e42d2be05648aff27e62da2bf4fc799,6949584.746792,6951464.860542,1880.1137500004843,88991,25000000,,success,1,0,,,8585401
pilot_1790521581795,block_N1000_c3,0,2026-09-27T17:02:13.612Z,zkSyncTestnet,300,sepolia.era.zksync.dev,block,1000,3,6427,0x615bda9ddf3c2f7618e7f938c8ecb406c9bbb3a1fe584b52fdf43bef85eadd6b,6950933.0515,6952756.294667,1823.2431669998914,88991,25000000,,success,1,0,,,8585402
pilot_1790521581795,block_N1000_c3,0,2026-09-27T17:02:14.233Z,zkSyncTestnet,300,sepolia.era.zksync.dev,block,1000,3,6428,0xfcc16606639d6125fa2cfe307fa7ec7a5b96e42c5acb090a0bb96b5f7cb59987,6951461.010875,6953377.935958,1916.925083000213,88991,25000000,,success,1,0,,,8585403
pilot_1790521581795,block_N1000_c3,0,2026-09-27T17:02:15.457Z,zkSyncTestnet,300,sepolia.era.zksync.dev,block,1000,3,6429,0x6a7bdff068c6e80ce526c6a2a8cd0c3e04567c4abe4b2eed3ee2d5cb3a7a73ef,6951464.880583,6954601.894542,3137.013958999887,88997,25000000,,success,1,0,,,8585404
pilot_1790521581795,block_N1000_c3,0,2026-09-27T17:02:15.979Z,zkSyncTestnet,300,sepolia.era.zksync.dev,block,1000,3,6430,0x320bcf4d899364925f10ac36c4d3309e50ee986605a4ed74c9cf142cecdae855,6952756.380083,6955123.556792,2367.176709000021,88991,25000000,,success,1,0,,,8585405
pilot_1790521581795,block_N1000_c3,0,2026-09-27T17:02:16.079Z,zkSyncTestnet,300,sepolia.era.zksync.dev,block,1000,3,6431,0x36f2418a58e7517dc180eae1e50e22f3f6e92e00a360fd84afba0be8454ca2de,6953378.039917,6955223.528333,1845.4884160002694,88997,25000000,,success,1,0,,,8585405
pilot_1790521581795,block_N1000_c3,0,2026-09-27T17:02:18.858Z,zkSyncTestnet,300,sepolia.era.zksync.dev,block,1000,3,6432,0x94e015492e9acf5d55d4b1b8ffdc1fc28b0ed7eec0eb205675799ed7d6dff899,6954602.049917,6958002.965917,3400.91599999927,88991,25000000,,success,1,0,,,8585406
pilot_1790521581795,block_N1000_c3,0,2026-09-27T17:02:21.299Z,zkSyncTestnet,300,sepolia.era.zksync.dev,block,1000,3,6433,0x7d8e6465cc4f2f6fcba2cc2ef4e840b068bfa3e754a59f99a91d0cdded1efff1,6955123.641333,6960443.631458,5319.990125000477,88997,25000000,,success,1,0,,,8585407
pilot_1790521581795,block_N1000_c3,0,2026-09-27T17:02:22.276Z,zkSyncTestnet,300,sepolia.era.zksync.dev,block,1000,3,6435,0x55e0dbf23986e9898ad692750f279f881bdce150f2b813fc4c591a37ee03094d,6958003.1155,6961421.014417,3417.8989169998094,88997,25000000,,success,1,0,,,8585408
pilot_1790521581795,block_N1000_c3,0,2026-09-27T17:02:22.502Z,zkSyncTestnet,300,sepolia.era.zksync.dev,block,1000,3,6434,0x56a1f040966cc6f1ad5eb9424d3eaf060c73a2bc1120f44c112440faadf05395,6955223.623333,6961646.565458,6422.94212500006,88997,25000000,,success,1,0,,,8585407
pilot_1790521581795,block_N1000_c3,0,2026-09-27T17:02:23.350Z,zkSyncTestnet,300,sepolia.era.zksync.dev,block,1000,3,6436,0xe9e4cffc575f339ad2b3c5efdcee5b374f164e2322c3427a9708cc9df34ea4e9,6960443.794833,6962494.418542,2050.623709000647,88991,25000000,,success,1,0,,,8585409
pilot_1790521581795,block_N1000_c3,0,2026-09-27T17:02:24.117Z,zkSyncTestnet,300,sepolia.era.zksync.dev,block,1000,3,6437,0x6097d1cf2f837b0ed551654d06e0f9256641245ef6478c14f0b4e41f336bb49a,6961421.111292,6963261.852208,1840.7409159997478,88997,25000000,,success,1,0,,,8585410
pilot_1790521581795,block_N1000_c3,0,2026-09-27T17:02:24.373Z,zkSyncTestnet,300,sepolia.era.zksync.dev,block,1000,3,6438,0xa977d22165816245da588b1d955a931a105f9d06572eaccc570ce1e22f3f3114,6961646.638917,6963517.80025,1871.1613330002874,88991,25000000,,success,1,0,,,8585411
pilot_1790521581795,block_N1000_c3,0,2026-09-27T17:02:25.949Z,zkSyncTestnet,300,sepolia.era.zksync.dev,block,1000,3,6440,0x665af3ad4b0ff83d7b91a011815bea3e02ef40ef0253c3d9f1a793626011c4ac,6963261.913417,6965094.189417,1832.2759999996051,88991,25000000,,success,1,0,,,8585413
pilot_1790521581795,block_N1000_c3,0,2026-09-27T17:02:26.185Z,zkSyncTestnet,300,sepolia.era.zksync.dev,block,1000,3,6441,0xd953178a0e739312115fca49da41f3c34bc0486a80b80321ec178656d69438da,6963517.94925,6965329.594375,1811.6451250007376,88991,25000000,,success,1,0,,,8585414
pilot_1790521581795,block_N1000_c3,0,2026-09-27T17:02:26.470Z,zkSyncTestnet,300,sepolia.era.zksync.dev,block,1000,3,6439,0x3026231608b5b0ead3ceef68aae76956180eb41e8c91197d68b3dfc8c10a3129,6962494.527875,6965614.303542,3119.775667000562,88991,25000000,,success,1,0,,,8585413
pilot_1790521581795,block_N1000_c3,0,2026-09-27T17:02:27.749Z,zkSyncTestnet,300,sepolia.era.zksync.dev,block,1000,3,6442,0xa5edf7fdc083475903db4a8aa355bc3bb0b3cc9e0282ce5cc102e00bd1aa8e39,6965094.317083,6966894.000667,1799.683583999984,88997,25000000,,success,1,0,,,8585415
pilot_1790521581795,block_N1000_c3,0,2026-09-27T17:02:28.049Z,zkSyncTestnet,300,sepolia.era.zksync.dev,block,1000,3,6443,0x68f78297113a41e12cf88772d86c8f4d13864c4e1b529e5a26b62077c1814d15,6965329.691917,6967193.490875,1863.7989579997957,88991,25000000,,success,1,0,,,8585416
pilot_1790521581795,block_N1000_c3,0,2026-09-27T17:02:28.267Z,zkSyncTestnet,300,sepolia.era.zksync.dev,block,1000,3,6444,0xa33eb5376a5671f03eaf1cdba8cf8b69967847e9e36c5cf112ce66b817ddd3c3,6965614.356792,6967412.075958,1797.7191659994423,88991,25000000,,success,1,0,,,8585417
pilot_1790521581795,block_N1000_c3,0,2026-09-27T17:02:29.705Z,zkSyncTestnet,300,sepolia.era.zksync.dev,block,1000,3,6445,0xc1b0e593b96800986da57550b659e45c86f66cb0980462eec2955e942c497c4d,6966894.15225,6968849.686083,1955.5338329998776,88878,25000000,,success,1,0,,,8585418
pilot_1790521581795,block_N1000_c3,0,2026-09-27T17:02:30.662Z,zkSyncTestnet,300,sepolia.era.zksync.dev,block,1000,3,6446,0xc9b99652b9c7678d2cae5b42c67fb200fcc6da289add5447059d6773c378ab13,6967193.600958,6969806.809,2613.2080420004204,88997,25000000,,success,1,0,,,8585419
pilot_1790521581795,block_N1000_c3,0,2026-09-27T17:02:32.254Z,zkSyncTestnet,300,sepolia.era.zksync.dev,block,1000,3,6447,0xddd68cc6fc7356edd4bd266a1de91105d6a55463c34f6ed9327e033a55fd3dbd,6967412.186625,6971398.631708,3986.445082999766,88991,25000000,,success,1,0,,,8585420
pilot_1790521581795,block_N1000_c3,0,2026-09-27T17:02:32.355Z,zkSyncTestnet,300,sepolia.era.zksync.dev,block,1000,3,6448,0x36142f1c50120a6a31df2f6c5ab172cd9d47ecb99b2e75bdc0664ce63462ae5f,6968849.853083,6971500.076125,2650.223042000085,88997,25000000,,success,1,0,,,8585421
pilot_1790521581795,block_N1000_c3,0,2026-09-27T17:02:34.003Z,zkSyncTestnet,300,sepolia.era.zksync.dev,block,1000,3,6449,0x1875a0f67ec829dc339033e19eff8665d515dc986971f045202810a385d6388e,6969807.059958,6973147.736583,3340.676625000313,88997,25000000,,success,1,0,,,8585422
pilot_1790521581795,block_N1000_c3,0,2026-09-27T17:02:35.205Z,zkSyncTestnet,300,sepolia.era.zksync.dev,block,1000,3,6450,0x47b09ffedec1a34d4bb766ae5aa33f2a891f69c2bc8fdcf4a50527dc7343fda0,6971398.746208,6974349.412833,2950.666624999605,88991,25000000,,success,1,0,,,8585423
pilot_1790521581795,block_N1000_c3,0,2026-09-27T17:02:35.431Z,zkSyncTestnet,300,sepolia.era.zksync.dev,block,1000,3,6451,0x0f3b2d9f1ae832433e9490ff3c809f282ba3018f3eb0ed5f6af39a555498bdc9,6971500.166833,6974575.825917,3075.6590839996934,88997,25000000,,success,1,0,,,8585423
pilot_1790521581795,block_N1000_c3,0,2026-09-27T17:02:36.837Z,zkSyncTestnet,300,sepolia.era.zksync.dev,block,1000,3,6452,0xddc08a4d6700598f7f0ce1c94ba2e3702587e6dc8e26890d517922236fce1528,6973147.864792,6975981.942167,2834.0773750003427,88997,25000000,,success,1,0,,,8585424
pilot_1790521581795,block_N1000_c3,0,2026-09-27T17:02:37.612Z,zkSyncTestnet,300,sepolia.era.zksync.dev,block,1000,3,6453,0x248f145970a59052917fde068ce5a4a748abd25d4aef8a0142697201cbc038a4,6974349.494583,6976756.455,2406.9604169996455,88991,25000000,,success,1,0,,,8585425
pilot_1790521581795,block_N1000_c3,0,2026-09-27T17:02:38.093Z,zkSyncTestnet,300,sepolia.era.zksync.dev,block,1000,3,6454,0x46f1ff503397f97f95d4d6f501f4afbf7cb58df7f1ee2e3163f916a132732795,6974575.913,6977237.812292,2661.8992920005694,88997,25000000,,success,1,0,,,8585426
pilot_1790521581795,block_N1000_c3,0,2026-09-27T17:02:38.685Z,zkSyncTestnet,300,sepolia.era.zksync.dev,block,1000,3,6455,0x3790953f6a96b1f69dee7b0d3ae434b32a7a98337d9df2a53df38abad43586c8,6975982.041042,6977830.169875,1848.1288329996169,88997,25000000,,success,1,0,,,8585427
pilot_1790521581795,block_N1000_c3,0,2026-09-27T17:02:39.445Z,zkSyncTestnet,300,sepolia.era.zksync.dev,block,1000,3,6456,0x5a7d8b7838abcbcd5af244927dc7ddb0dca124854867cb289686cffda8af07c7,6976756.553667,6978589.678,1833.124333000742,88997,25000000,,success,1,0,,,8585428
pilot_1790521581795,block_N1000_c3,0,2026-09-27T17:02:40.828Z,zkSyncTestnet,300,sepolia.era.zksync.dev,block,1000,3,6457,0x78298ea14783992954ee3e60d4ed1a02c3ef015eff7559368a3c7072e48f4d52,6977237.91325,6979973.028125,2735.11487499997,88997,25000000,,success,1,0,,,8585429
pilot_1790521581795,block_N1000_c3,0,2026-09-27T17:02:41.068Z,zkSyncTestnet,300,sepolia.era.zksync.dev,block,1000,3,6458,0xa23521caf434dbca919ddcc3949a31f2a0696f835e9a04a0a9890a980d679f7d,6977830.25325,6980212.702417,2382.44916700013,88991,25000000,,success,1,0,,,8585430
pilot_1790521581795,block_N1000_c3,0,2026-09-27T17:02:43.554Z,zkSyncTestnet,300,sepolia.era.zksync.dev,block,1000,3,6459,0x65f3a8aad941bfe7177d189fba14c92eecc03613c850301978654f2ecb9c3c3e,6978589.732167,6982698.902625,4109.170458000153,88997,25000000,,success,1,0,,,8585431
pilot_1790521581795,block_N1000_c3,0,2026-09-27T17:02:43.905Z,zkSyncTestnet,300,sepolia.era.zksync.dev,block,1000,3,6460,0xed27be22640790ff2b1bf54cd1fd638e15d1916734744bc487ec057be8f8695b,6979973.136333,6983050.107417,3076.9710840005428,88997,25000000,,success,1,0,,,8585432
pilot_1790521581795,block_N1000_c3,0,2026-09-27T17:02:44.888Z,zkSyncTestnet,300,sepolia.era.zksync.dev,block,1000,3,6461,0x6be2c138bc7310eacbf53b6019479b8f6da223f29fecc6464ab9664a4a07f754,6980212.751125,6984033.232125,3820.4809999996796,88991,25000000,,success,1,0,,,8585433
pilot_1790521581795,block_N1000_c3,0,2026-09-27T17:02:47.127Z,zkSyncTestnet,300,sepolia.era.zksync.dev,block,1000,3,6462,0x3d51367c11d0d7e426f59e1c689633c1429956860dfbd8f7f6fea8019d9c3321,6982699.035292,6986271.533458,3572.4981660004705,88991,25000000,,success,1,0,,,8585434
pilot_1790521581795,block_N1000_c3,0,2026-09-27T17:02:47.160Z,zkSyncTestnet,300,sepolia.era.zksync.dev,block,1000,3,6463,0xd7ddd866aa3588a6751173f59a4f6b0455a31f8bfe7f810afccddd108d94014d,6983050.186708,6986304.584667,3254.397959000431,88991,25000000,,success,1,0,,,8585435
pilot_1790521581795,block_N1000_c3,0,2026-09-27T17:02:47.499Z,zkSyncTestnet,300,sepolia.era.zksync.dev,block,1000,3,6464,0x00ff7037e608781cf7b08934322ace881d1c3545392d87de0c4d9f9000303b0d,6984033.407417,6986643.657542,2610.250124999322,88991,25000000,,success,1,0,,,8585435
pilot_1790521581795,block_N1000_c3,0,2026-09-27T17:02:48.965Z,zkSyncTestnet,300,sepolia.era.zksync.dev,block,1000,3,6465,0x1a9808cb98db3a06c5f6daafa82b5d1b9e7bc1e006bf82ec4607dbe6ca17162a,6986271.634917,6988110.02575,1838.3908329997212,88997,25000000,,success,1,0,,,8585436
pilot_1790521581795,block_N1000_c3,0,2026-09-27T17:02:50.293Z,zkSyncTestnet,300,sepolia.era.zksync.dev,block,1000,3,6466,0x2d1f7daffd00da4f9cae7ee623874e4cdd74d742d6640fdae5a49e9de33d9632,6986304.698292,6989437.668083,3132.9697909997776,88997,25000000,,success,1,0,,,8585437
pilot_1790521581795,block_N1000_c3,0,2026-09-27T17:02:50.831Z,zkSyncTestnet,300,sepolia.era.zksync.dev,block,1000,3,6467,0xd1329dbc66a153353291551e3e7dd9a212af427c633c5ae44bc76d7429035b98,6986643.883333,6989976.064792,3332.181458999403,88991,25000000,,success,1,0,,,8585438
pilot_1790521581795,block_N1000_c3,0,2026-09-27T17:02:51.644Z,zkSyncTestnet,300,sepolia.era.zksync.dev,block,1000,3,6468,0x7e82d7bd9c6cab6c1dd665c812002ed2fac981c234e577cd86ab5e41907ff7d8,6988110.150125,6990788.302125,2678.1520000007004,88997,25000000,,success,1,0,,,8585439
pilot_1790521581795,block_N1000_c3,0,2026-09-27T17:02:52.080Z,zkSyncTestnet,300,sepolia.era.zksync.dev,block,1000,3,6469,0xd6aa93fa7823bc419a68ac6f5acc86859a2a36d1291c87e69bbabfb3a1c5d806,6989437.899,6991224.932833,1787.0338329998776,88991,25000000,,success,1,0,,,8585440
pilot_1790521581795,block_N1000_c3,0,2026-09-27T17:02:53.434Z,zkSyncTestnet,300,sepolia.era.zksync.dev,block,1000,3,6470,0xac070ffbff0a7bc6a5538cccd60fde2c5f5657043c6a5659f34f1a2647c5d3a3,6989976.292875,6992578.504042,2602.211166999303,88991,25000000,,success,1,0,,,8585441
pilot_1790521581795,block_N1000_c3,0,2026-09-27T17:02:53.451Z,zkSyncTestnet,300,sepolia.era.zksync.dev,block,1000,3,6471,0x3adb3b85bd3a5cc9306da6763b9633f8c3f63cb1b614e24210b71d60e08723fb,6990788.509667,6992596.133833,1807.6241660006344,88997,25000000,,success,1,0,,,8585442
pilot_1790521581795,block_N1000_c3,0,2026-09-27T17:02:53.864Z,zkSyncTestnet,300,sepolia.era.zksync.dev,block,1000,3,6472,0x31ed18a57d3ef7c67d05a83b048aed6c88fa055699314d16f5ac5b1e2de88000,6991225.148292,6993008.615083,1783.4667909992859,88997,25000000,,success,1,0,,,8585443
pilot_1790521581795,block_N1000_c3,0,2026-09-27T17:02:55.175Z,zkSyncTestnet,300,sepolia.era.zksync.dev,block,1000,3,6473,0x002dc8bdd6d8299263a2bcf6b3feb116b9aa1b6a1a9830e99cce90bbf2605f53,6992578.725708,6994319.590458,1740.8647499997169,88991,25000000,,success,1,0,,,8585444
pilot_1790521581795,block_N1000_c3,0,2026-09-27T17:02:55.607Z,zkSyncTestnet,300,sepolia.era.zksync.dev,block,1000,3,6475,0xaf68dae3aaa719a7c7af7e0ffa743943f81f37e22abd136dea7759ca95982f88,6993008.752917,6994752.171292,1743.4183750003576,88991,25000000,,success,1,0,,,8585445
pilot_1790521581795,block_N1000_c3,0,2026-09-27T17:02:56.389Z,zkSyncTestnet,300,sepolia.era.zksync.dev,block,1000,3,6474,0x1da6ec6cd90288a874bf71c2da1f12651bae998b4f4c561d44a55a815cc8fe9c,6992596.26925,6995533.37975,2937.1105000004172,88991,25000000,,success,1,0,,,8585445
pilot_1790521581795,block_N1000_c3,0,2026-09-27T17:02:58.697Z,zkSyncTestnet,300,sepolia.era.zksync.dev,block,1000,3,6476,0x2ac697d05112665d4b6def0b4d39a3b3d262e4e7dd9f11c191cced8e439e2494,6994319.851542,6997841.958958,3522.107416000217,88997,25000000,,success,1,0,,,8585446
pilot_1790521581795,block_N1000_c3,0,2026-09-27T17:02:58.932Z,zkSyncTestnet,300,sepolia.era.zksync.dev,block,1000,3,6477,0xfdef3e06cd138bbe0ddda6d4bd2efa9e8f514427dcef6786c00b7e248ad2765c,6994752.307292,6998077.187833,3324.880540999584,88991,25000000,,success,1,0,,,8585446
pilot_1790521581795,block_N1000_c3,0,2026-09-27T17:03:00.098Z,zkSyncTestnet,300,sepolia.era.zksync.dev,block,1000,3,6478,0x173e42c1308c75f96a44123f71d8108dceaa3ca40dd97f533508287ec6074fbf,6995533.509542,6999242.866792,3709.35725000035,88872,25000000,,success,1,0,,,8585447
pilot_1790521581795,block_N1000_c3,0,2026-09-27T17:03:00.454Z,zkSyncTestnet,300,sepolia.era.zksync.dev,block,1000,3,6479,0x6d370adc1836c95f7da2836fd9381269f267958f01005dc38a4de3cb7f382b0a,6997842.044583,6999598.655417,1756.6108339997008,88991,25000000,,success,1,0,,,8585448
pilot_1790521581795,block_N1000_c3,0,2026-09-27T17:03:00.663Z,zkSyncTestnet,300,sepolia.era.zksync.dev,block,1000,3,6480,0x37c34f69555fe6241f8240c37963c7251a2510b1b8397c3f2237486f3b7e847c,6998077.278375,6999807.530625,1730.2522499999031,88997,25000000,,success,1,0,,,8585449
pilot_1790521581795,block_N1000_c3,0,2026-09-27T17:03:02.181Z,zkSyncTestnet,300,sepolia.era.zksync.dev,block,1000,3,6482,0x3b58d669a2ff32cbae46e7a22ab38d094013f48af6a7c5a438a8ff4c1f6dc816,6999598.90525,7001325.895625,1726.9903750000522,88997,25000000,,success,1,0,,,8585451
pilot_1790521581795,block_N1000_c3,0,2026-09-27T17:03:02.492Z,zkSyncTestnet,300,sepolia.era.zksync.dev,block,1000,3,6483,0x61998fe9b37e3232acfc82364caac537382dd5308ba9cf84c56519a157b0e7e9,6999807.643417,7001637.087125,1829.4437079997733,88991,25000000,,success,1,0,,,8585452
pilot_1790521581795,block_N1000_c3,0,2026-09-27T17:03:05.015Z,zkSyncTestnet,300,sepolia.era.zksync.dev,block,1000,3,6484,0x2704242daba5b29f9eae2afd647032aa2aefefd56d0159feeb8fe54371ec95c0,7001326.131958,7004159.413667,2833.281708999537,88991,25000000,,success,1,0,,,8585453
pilot_1790521581795,block_N1000_c3,0,2026-09-27T17:03:05.236Z,zkSyncTestnet,300,sepolia.era.zksync.dev,block,1000,3,6485,0x53264aafd16ccf4b02c3a7400d43fb8cd04bc4821b09857abc29f7db01a7b9f0,7001637.217167,7004381.213583,2743.996415999718,88991,25000000,,success,1,0,,,8585454
pilot_1790521581795,block_N1000_c3,0,2026-09-27T17:03:06.750Z,zkSyncTestnet,300,sepolia.era.zksync.dev,block,1000,3,6486,0xc7279c1f55097ed27859418c80f989946115b1ca79566ea252dc74f741e44929,7004159.5215,7005895.187458,1735.665958000347,88991,25000000,,success,1,0,,,8585455
pilot_1790521581795,block_N1000_c3,0,2026-09-27T17:03:06.988Z,zkSyncTestnet,300,sepolia.era.zksync.dev,block,1000,3,6487,0x50c437de837e9d7ccbc2e5a337d4a41183df94674f66e763391e1843881909b5,7004381.378833,7006132.421208,1751.0423750001937,88991,25000000,,success,1,0,,,8585456
pilot_1790521581795,block_N1000_c3,0,2026-09-27T17:03:08.559Z,zkSyncTestnet,300,sepolia.era.zksync.dev,block,1000,3,6488,0x22647b15a287bbcb891900887dcdadfcd9a936a0d2dc34562d8838f42c6c1099,7005895.3935,7007704.275292,1808.8817919995636,88997,25000000,,success,1,0,,,8585457
pilot_1790521581795,block_N1000_c3,0,2026-09-27T17:03:08.790Z,zkSyncTestnet,300,sepolia.era.zksync.dev,block,1000,3,6489,0x3708f3f7ed48b7aff57858d0154cb003d70adb47d292cf52c083a42b18b63425,7006132.591708,7007934.444667,1801.8529590005055,88991,25000000,,success,1,0,,,8585458
pilot_1790521581795,block_N1000_c3,0,2026-09-27T17:03:09.530Z,zkSyncTestnet,300,sepolia.era.zksync.dev,block,1000,3,6481,0x041cdedef617e545c7c163c9401d8ab6adf4e558f6adeb6880e46b23751d2426,6999242.948542,7008675.205542,9432.257000000216,88997,25000000,,success,1,0,,,8585450
pilot_1790521581795,block_N1000_c3,0,2026-09-27T17:03:10.365Z,zkSyncTestnet,300,sepolia.era.zksync.dev,block,1000,3,6490,0xa4e0d108b01dea1102500e9cde466428236e05f9b5b8ebe56e343952c736652a,7007704.373375,7009510.169292,1805.7959169996902,88997,25000000,,success,1,0,,,8585459
pilot_1790521581795,block_N1000_c3,0,2026-09-27T17:03:11.118Z,zkSyncTestnet,300,sepolia.era.zksync.dev,block,1000,3,6491,0xca101084d0d466f9300e149fe7004ed4e2c121f330d7f17965dcb7001f2482f4,7007934.705125,7010262.727958,2328.0228329999372,88997,25000000,,success,1,0,,,8585460
pilot_1790521581795,block_N1000_c3,0,2026-09-27T17:03:12.277Z,zkSyncTestnet,300,sepolia.era.zksync.dev,block,1000,3,6492,0x0ce79d5ed458f355d163e45f35f01ce6a9e8ac01ca70c1ef05472c0862a42273,7008675.328667,7011421.828583,2746.4999160002917,88991,25000000,,success,1,0,,,8585461
pilot_1790521581795,block_N1000_c3,0,2026-09-27T17:03:12.891Z,zkSyncTestnet,300,sepolia.era.zksync.dev,block,1000,3,6494,0xb6c714dc06389c091a5676d0deeb30d9aed737d59e5802e93bec1059f6a02f77,7010262.837583,7012035.310917,1772.473334000446,88997,25000000,,success,1,0,,,8585462
pilot_1790521581795,block_N1000_c3,0,2026-09-27T17:03:13.277Z,zkSyncTestnet,300,sepolia.era.zksync.dev,block,1000,3,6493,0x3165fc61f42b954aa53a52d2f62aec5e9ce4e492fab4e39f04b4c967e634cc00,7009510.256458,7012421.372292,2911.115833999589,88991,25000000,,success,1,0,,,8585462
pilot_1790521581795,block_N1000_c3,0,2026-09-27T17:03:14.609Z,zkSyncTestnet,300,sepolia.era.zksync.dev,block,1000,3,6496,0x377a9a813218944282bad6fdb104d6b8dd58fa53966fb6ccc2c14e152084ba01,7012035.456917,7013753.659667,1718.2027500001714,88991,25000000,,success,1,0,,,8585463
pilot_1790521581795,block_N1000_c3,0,2026-09-27T17:03:15.000Z,zkSyncTestnet,300,sepolia.era.zksync.dev,block,1000,3,6497,0x28cdd2d5fd58d606928a50c62896dac6dd8ecad573893f05bec49f9de5ff1f35,7012421.505542,7014145.28275,1723.7772080004215,88991,25000000,,success,1,0,,,8585464
pilot_1790521581795,block_N1000_c3,0,2026-09-27T17:03:15.206Z,zkSyncTestnet,300,sepolia.era.zksync.dev,block,1000,3,6495,0xfb390607a79c719958f9510948f983d26be06b0085053ed4e8bdbe3d0d7cfad1,7011422.05475,7014350.355167,2928.3004169994965,88997,25000000,,success,1,0,,,8585463
pilot_1790521581795,block_N1000_c3,0,2026-09-27T17:03:16.348Z,zkSyncTestnet,300,sepolia.era.zksync.dev,block,1000,3,6498,0x95610483f04ae6e9ab65ef7802496b4cf76b58e2d72ef11f1305c81cac66917d,7013753.780042,7015492.70525,1738.925207999535,88991,25000000,,success,1,0,,,8585465
pilot_1790521581795,block_N1000_c3,0,2026-09-27T17:03:16.736Z,zkSyncTestnet,300,sepolia.era.zksync.dev,block,1000,3,6499,0xff6eb7a5f1b4bd4c8f4f0f0ee4d379cf318d674ced60074a698b7a00c9995bed,7014145.475833,7015880.932583,1735.4567499998957,88997,25000000,,success,1,0,,,8585466
pilot_1790521581795,block_N1000_c3,0,2026-09-27T17:03:16.930Z,zkSyncTestnet,300,sepolia.era.zksync.dev,block,1000,3,6500,0xdff9415344fd209ec6acb50a60f1ce0e816f07844c9f62db25d8ed5b9bb14fae,7014350.4505,7016074.375917,1723.9254169994965,88997,25000000,,success,1,0,,,8585467
pilot_1790521581795,block_N1000_c3,0,2026-09-27T17:03:18.077Z,zkSyncTestnet,300,sepolia.era.zksync.dev,block,1000,3,6501,0x99f469b03955c2cb3139997810a259b4d9b045c34bb7bcbe0e9a7ae93ea49cc7,7015492.81875,7017221.41925,1728.6005000006407,88991,25000000,,success,1,0,,,8585468
pilot_1790521581795,block_N1000_c3,0,2026-09-27T17:03:18.465Z,zkSyncTestnet,300,sepolia.era.zksync.dev,block,1000,3,6502,0x6b226d3b1b007aa7ceb4575d6fe9e81220b7c2ac8b5baf869d297c76d2950c9e,7015881.045583,7017610.010583,1728.964999999851,88991,25000000,,success,1,0,,,8585469
pilot_1790521581795,block_N1000_c3,0,2026-09-27T17:03:18.650Z,zkSyncTestnet,300,sepolia.era.zksync.dev,block,1000,3,6503,0x60fb5ae1fefb70ff98337903e66290502884cb122cbdc6455e1aabdc2bfca904,7016074.505208,7017794.583625,1720.0784170003608,88997,25000000,,success,1,0,,,8585470
pilot_1790521581795,block_N1000_c3,0,2026-09-27T17:03:19.826Z,zkSyncTestnet,300,sepolia.era.zksync.dev,block,1000,3,6504,0x4627a52ebc5a77f8901403aa2f018d962767fbf530b4c0e8a289c115b4d2fa06,7017221.656167,7018970.687542,1749.0313750002533,88997,25000000,,success,1,0,,,8585471
pilot_1790521581795,block_N1000_c3,0,2026-09-27T17:03:20.213Z,zkSyncTestnet,300,sepolia.era.zksync.dev,block,1000,3,6505,0x74b9757c9ba43fd5eac7f70bc006ad0dc52ac2eb6f792b0304404be186b56fda,7017610.119083,7019357.753333,1747.634249999188,88991,25000000,,success,1,0,,,8585471
pilot_1790521581795,block_N1000_c3,0,2026-09-27T17:03:20.402Z,zkSyncTestnet,300,sepolia.era.zksync.dev,block,1000,3,6506,0xadb06a1e59a025501a6fe71ef8929a5c02734270101b9bf0f8515a7b6bba95be,7017794.861417,7019546.704,1751.8425829997286,88997,25000000,,success,1,0,,,8585472
pilot_1790521581795,block_N1000_c3,0,2026-09-27T17:03:21.567Z,zkSyncTestnet,300,sepolia.era.zksync.dev,block,1000,3,6507,0xe8c8ebf779b6cfd3b467ea2192377045780e66e4e56ea4f60c9d2502c4d5f76f,7018970.827625,7020712.004667,1741.1770419999957,88997,25000000,,success,1,0,,,8585473
pilot_1790521581795,block_N1000_c3,0,2026-09-27T17:03:21.934Z,zkSyncTestnet,300,sepolia.era.zksync.dev,block,1000,3,6508,0xa5eb3cd76480b7560798b8fbc68401aa49040216b97f852b4d835a1997cc959e,7019357.8865,7021078.9675,1721.0810000002384,88991,25000000,,success,1,0,,,8585473
pilot_1790521581795,block_N1000_c3,0,2026-09-27T17:03:22.138Z,zkSyncTestnet,300,sepolia.era.zksync.dev,block,1000,3,6509,0xa76dccf96430c9e1ca9c394040a46b96eb6ad4c9222fe13169d728d7cc76d372,7019546.938833,7021283.030958,1736.0921249995008,88991,25000000,,success,1,0,,,8585474
pilot_1790521581795,block_N1000_c3,0,2026-09-27T17:03:23.661Z,zkSyncTestnet,300,sepolia.era.zksync.dev,block,1000,3,6511,0x61bd9eb82c73fe66d5219c2a34a387de03d1cd7cab44592014e1a5ba278f71b9,7021079.308958,7022806.283917,1726.9749590000138,88997,25000000,,success,1,0,,,8585475
pilot_1790521581795,block_N1000_c3,0,2026-09-27T17:03:23.741Z,zkSyncTestnet,300,sepolia.era.zksync.dev,block,1000,3,6510,0xa252396c893b1bc2bf39b885cfc07daa71007166ea612482bf649f49396936fb,7020712.0985,7022885.333542,2173.235041999258,88997,25000000,,success,1,0,,,8585475
pilot_1790521581795,block_N1000_c3,0,2026-09-27T17:03:23.873Z,zkSyncTestnet,300,sepolia.era.zksync.dev,block,1000,3,6512,0x0ae0276d7add6162c921354445f4a73de05e210dadb4e9cef457ad5b9ccfd007,7021283.161583,7023017.434542,1734.272959000431,88997,25000000,,success,1,0,,,8585476
pilot_1790521581795,block_N1000_c3,0,2026-09-27T17:03:25.394Z,zkSyncTestnet,300,sepolia.era.zksync.dev,block,1000,3,6513,0x561d1a3e19f0bded159eda218098b44549f1b4349450f0eb0641308d53b33fee,7022806.409625,7024539.023333,1732.6137079996988,88997,25000000,,success,1,0,,,8585477
pilot_1790521581795,block_N1000_c3,0,2026-09-27T17:03:25.473Z,zkSyncTestnet,300,sepolia.era.zksync.dev,block,1000,3,6514,0xf8df5333a7745d274286fa9488cf73bf797f152e6ca05fbe5d0d8e0b00877dc8,7022885.551875,7024617.810417,1732.258542000316,88991,25000000,,success,1,0,,,8585478
pilot_1790521581795,block_N1000_c3,0,2026-09-27T17:03:25.602Z,zkSyncTestnet,300,sepolia.era.zksync.dev,block,1000,3,6515,0xc28f106059539b108ddcf9e654a060274b140fc9de9d67ad63cba4e33932bd77,7023017.645875,7024747.003375,1729.3574999999255,88991,25000000,,success,1,0,,,8585478
pilot_1790521581795,block_N1000_c3,0,2026-09-27T17:03:27.125Z,zkSyncTestnet,300,sepolia.era.zksync.dev,block,1000,3,6516,0x095610e69216460a1707b3a22e60d7e4b8e36503856afb7cea187bcbbbcd995c,7024539.136042,7026269.540375,1730.4043330000713,88991,25000000,,success,1,0,,,8585479
pilot_1790521581795,block_N1000_c3,0,2026-09-27T17:03:27.195Z,zkSyncTestnet,300,sepolia.era.zksync.dev,block,1000,3,6517,0x1201385df4077278d7e4b95f50e05be2193b52396461c8e1a27fab0084101395,7024617.944458,7026340.221375,1722.2769169993699,88991,25000000,,success,1,0,,,8585480
pilot_1790521581795,block_N1000_c3,0,2026-09-27T17:03:27.349Z,zkSyncTestnet,300,sepolia.era.zksync.dev,block,1000,3,6518,0x5e9ed198c158eaebc82c23c43f9181482980df106ba4da885e638712b4b383dc,7024747.13025,7026494.026208,1746.8959579998627,88997,25000000,,success,1,0,,,8585480
pilot_1790521581795,block_N1000_c3,0,2026-09-27T17:03:28.853Z,zkSyncTestnet,300,sepolia.era.zksync.dev,block,1000,3,6519,0x9b9185cfdf80c02a800dc08ad71212bbf4d2bd130bf6cbf2241c83e817fc150e,7026269.762792,7027997.728875,1727.966083000414,88997,25000000,,success,1,0,,,8585481
pilot_1790521581795,block_N1000_c3,0,2026-09-27T17:03:28.930Z,zkSyncTestnet,300,sepolia.era.zksync.dev,block,1000,3,6520,0x8bcefdc089d395746df404c53ce21ddd674da0ac497c07006a9d3e6fca991c86,7026340.521875,7028074.690083,1734.1682080002502,88997,25000000,,success,1,0,,,8585482
pilot_1790521581795,block_N1000_c3,0,2026-09-27T17:03:29.087Z,zkSyncTestnet,300,sepolia.era.zksync.dev,block,1000,3,6521,0xf84ab98d2a4663f550f2b130ac4ea0d6844d53f66e6dcf09bb1941e4c93de8a8,7026494.204583,7028231.896792,1737.692208999768,88997,25000000,,success,1,0,,,8585482
pilot_1790521581795,block_N1000_c3,0,2026-09-27T17:03:30.569Z,zkSyncTestnet,300,sepolia.era.zksync.dev,block,1000,3,6522,0xadd75712c61793fd77703a6ab0cf564463fe780d87bbd8b8bc030905a8b542a4,7027997.867167,7029713.987875,1716.1207079999149,88991,25000000,,success,1,0,,,8585483
pilot_1790521581795,block_N1000_c3,0,2026-09-27T17:03:30.661Z,zkSyncTestnet,300,sepolia.era.zksync.dev,block,1000,3,6523,0x414911d6f024aaad58cb607f352e56fe284aef0be4336ff19fddc8ba92ac9176,7028074.779917,7029806.194625,1731.4147079996765,88997,25000000,,success,1,0,,,8585484
pilot_1790521581795,block_N1000_c3,0,2026-09-27T17:03:30.803Z,zkSyncTestnet,300,sepolia.era.zksync.dev,block,1000,3,6524,0xb9a74a939518bc441d9af2a4352f32899ab1bdeb284e952c23e1a55e8ad2aa7e,7028231.982708,7029948.065042,1716.0823340006173,88997,25000000,,success,1,0,,,8585484
pilot_1790521581795,block_N1000_c3,0,2026-09-27T17:03:32.301Z,zkSyncTestnet,300,sepolia.era.zksync.dev,block,1000,3,6525,0x57ae8047d5fb214562132123415ca6846258c356b49f53f2d513580c2005766e,7029714.206792,7031446.263708,1732.0569160003215,88991,25000000,,success,1,0,,,8585485
pilot_1790521581795,block_N1000_c3,0,2026-09-27T17:03:33.243Z,zkSyncTestnet,300,sepolia.era.zksync.dev,block,1000,3,6527,0x6945a4b03f369d488949b6b8bbba744381149e5c86c5c38f5fcf1719b0bc95a7,7029948.185375,7032387.774125,2439.5887500001118,88991,25000000,,success,1,0,,,8585486
pilot_1790521581795,block_N1000_c3,0,2026-09-27T17:03:33.563Z,zkSyncTestnet,300,sepolia.era.zksync.dev,block,1000,3,6526,0xfb0942a064676a5efb451bf2a5eb10a2a42fdf9e05dec9e9863bd99b70a7200d,7029806.39025,7032708.213708,2901.8234580000862,88997,25000000,,success,1,0,,,8585486
pilot_1790521581795,block_N1000_c3,0,2026-09-27T17:03:34.109Z,zkSyncTestnet,300,sepolia.era.zksync.dev,block,1000,3,6528,0x57beebc0e44971615d3e94a5db9137ed55b3de203914c6800b8985118cabfca6,7031446.462167,7033253.891542,1807.4293749993667,88997,25000000,,success,1,0,,,8585487
pilot_1790521581795,block_N1000_c3,0,2026-09-27T17:03:35.077Z,zkSyncTestnet,300,sepolia.era.zksync.dev,block,1000,3,6529,0x031c57e1c1adc819272570dca59bfef684fe0c8a235fa0322e7cccf3107fe301,7032387.922167,7034222.114708,1834.192540999502,88997,25000000,,success,1,0,,,8585488
pilot_1790521581795,block_N1000_c3,0,2026-09-27T17:03:35.381Z,zkSyncTestnet,300,sepolia.era.zksync.dev,block,1000,3,6530,0x7840805dba9414005b40a0f9ab8876b3c9fd85756f4c98b9ae944cc083656fc8,7032708.340833,7034525.427958,1817.087125000544,88991,25000000,,success,1,0,,,8585488
pilot_1790521581795,block_N1000_c3,0,2026-09-27T17:03:35.925Z,zkSyncTestnet,300,sepolia.era.zksync.dev,block,1000,3,6531,0x24ca32b7e20c6b28763058eb2a7e24dbb817707afd6b5a67e7e54a27e6faaa66,7033254.071625,7035069.855417,1815.783792000264,88997,25000000,,success,1,0,,,8585489
pilot_1790521581795,block_N1000_c3,0,2026-09-27T17:03:37.266Z,zkSyncTestnet,300,sepolia.era.zksync.dev,block,1000,3,6533,0xd508f8b036a7e5fcbe9274e5f1735c5858be3f7e08bf09da23a2bc43b7503751,7034525.633583,7036410.960083,1885.3265000004321,88991,25000000,,success,1,0,,,8585490
pilot_1790521581795,block_N1000_c3,0,2026-09-27T17:03:37.350Z,zkSyncTestnet,300,sepolia.era.zksync.dev,block,1000,3,6532,0x88ec0cdba7d55a817b0f5305acde750efaad48f3a578a967c80611801c558092,7034222.250125,7036494.97175,2272.721624999307,88991,25000000,,success,1,0,,,8585490
pilot_1790521581795,block_N1000_c3,0,2026-09-27T17:03:37.642Z,zkSyncTestnet,300,sepolia.era.zksync.dev,block,1000,3,6534,0xef6d8959edb39546c3378ca25e8a6872186eedf1a62f4a94c7700289c4311354,7035069.986417,7036786.433167,1716.4467500001192,88997,25000000,,success,1,0,,,8585491
pilot_1790521581795,block_N1000_c3,0,2026-09-27T17:03:38.994Z,zkSyncTestnet,300,sepolia.era.zksync.dev,block,1000,3,6535,0x86a8c234ad6f01204669575fc6867968902bc239f52c796e24afaeb7a08ac757,7036411.22625,7038138.668583,1727.4423329997808,88991,25000000,,success,1,0,,,8585492
pilot_1790521581795,block_N1000_c3,0,2026-09-27T17:03:39.404Z,zkSyncTestnet,300,sepolia.era.zksync.dev,block,1000,3,6537,0xb6637a39c45cc37c2d66f8fa28c8b1681067fe81c6aad3cb07027c7a2f963850,7036786.540583,7038549.276667,1762.7360840002075,88991,25000000,,success,1,0,,,8585493
pilot_1790521581795,block_N1000_c3,0,2026-09-27T17:03:39.529Z,zkSyncTestnet,300,sepolia.era.zksync.dev,block,1000,3,6536,0x3e1e1ccf7bec851141d4b212270385395527c41087fb62eda1d27f529a7779e1,7036495.310458,7038673.412417,2178.1019590003416,88991,25000000,,success,1,0,,,8585493
pilot_1790521581795,block_N1000_c3,0,2026-09-27T17:03:40.720Z,zkSyncTestnet,300,sepolia.era.zksync.dev,block,1000,3,6538,0xa40598aa491c002fe0ec9ad8b1cebc28c6deec491a43f8ebe248c942c8876eaa,7038138.806917,7039864.56475,1725.7578330002725,88991,25000000,,success,1,0,,,8585494
pilot_1790521581795,block_N1000_c3,0,2026-09-27T17:03:41.127Z,zkSyncTestnet,300,sepolia.era.zksync.dev,block,1000,3,6539,0x7204ccfa81ffd0cd613142f70b81be1bd9b7e6750f9948d3d79e8b71a111ea02,7038549.414792,7040271.670833,1722.2560409996659,88991,25000000,,success,1,0,,,8585495
pilot_1790521581795,block_N1000_c3,0,2026-09-27T17:03:42.451Z,zkSyncTestnet,300,sepolia.era.zksync.dev,block,1000,3,6540,0xe2118b9259dcb9a5fe82d126b55d782afdbb55cad62ae6a2effb5fbe58266f24,7038673.53475,7041595.807625,2922.2728750007227,88991,25000000,,success,1,0,,,8585496
pilot_1790521581795,block_N1000_c3,0,2026-09-27T17:03:42.456Z,zkSyncTestnet,300,sepolia.era.zksync.dev,block,1000,3,6541,0xf3ac1355f957f3d9f006793a7bc15792b0c2ef8ea6f96f862e5852a6e82c1330,7039864.781708,7041600.711958,1735.9302500002086,88991,25000000,,success,1,0,,,8585497
pilot_1790521581795,block_N1000_c3,0,2026-09-27T17:03:42.869Z,zkSyncTestnet,300,sepolia.era.zksync.dev,block,1000,3,6542,0xc4e3edeb974b57adec0269da8db2d43d0dccfebc7a0e84f9fd1c014899825eed,7040271.799708,7042013.9615,1742.1617919998243,88991,25000000,,success,1,0,,,8585498
pilot_1790521581795,block_N1000_c3,0,2026-09-27T17:03:44.190Z,zkSyncTestnet,300,sepolia.era.zksync.dev,block,1000,3,6543,0x9b9c0465992d059c0d7834a4062f76ed830e4e26223a29d548f65377130d0c3e,7041596.003042,7043334.413958,1738.4109159996733,88997,25000000,,success,1,0,,,8585499
pilot_1790521581795,block_N1000_c3,0,2026-09-27T17:03:44.613Z,zkSyncTestnet,300,sepolia.era.zksync.dev,block,1000,3,6545,0x4652f7d03c273c743c4b4b3871760c89c1bfa10a2589315d8b3db98e908f9a33,7042014.094167,7043757.753375,1743.6592080006376,88991,25000000,,success,1,0,,,8585500
pilot_1790521581795,block_N1000_c3,0,2026-09-27T17:03:44.632Z,zkSyncTestnet,300,sepolia.era.zksync.dev,block,1000,3,6544,0xc228183367dd9aef38b7ae2bf6a34da324ba5126c4f7e3bf779f792558894d3a,7041600.75425,7043776.629875,2175.875624999404,88997,25000000,,success,1,0,,,8585500
pilot_1790521581795,block_N1000_c3,0,2026-09-27T17:03:45.906Z,zkSyncTestnet,300,sepolia.era.zksync.dev,block,1000,3,6546,0x8ee6097b8f075db3b0a2361e8d70e73f60f66c2738e1ca467d6668074889660a,7043334.537958,7045050.348917,1715.8109590001404,88997,25000000,,success,1,0,,,8585501
pilot_1790521581795,block_N1000_c3,0,2026-09-27T17:03:46.350Z,zkSyncTestnet,300,sepolia.era.zksync.dev,block,1000,3,6547,0xbe71fca2c8e9f59456eefa9e2a5fc3b94dd66697e12ef1351d6980343132e782,7043757.887083,7045495.019333,1737.1322500007227,88997,25000000,,success,1,0,,,8585502
pilot_1790521581795,block_N1000_c3,0,2026-09-27T17:03:47.551Z,zkSyncTestnet,300,sepolia.era.zksync.dev,block,1000,3,6548,0xb05e616a888d111e4aad780fda3ff399c372abf8ad9cc0d886d0ca96c74a9fb0,7043776.751292,7046695.836,2919.0847080005333,88997,25000000,,success,1,0,,,8585503
pilot_1790521581795,block_N1000_c3,0,2026-09-27T17:03:47.721Z,zkSyncTestnet,300,sepolia.era.zksync.dev,block,1000,3,6549,0x44b2f2292e8585c3556651a6bf7eebe75c20cda7d26f495226d1809bcb34e07d,7045050.479042,7046865.797333,1815.3182910000905,88997,25000000,,success,1,0,,,8585504
pilot_1790521581795,block_N1000_c3,0,2026-09-27T17:03:48.167Z,zkSyncTestnet,300,sepolia.era.zksync.dev,block,1000,3,6550,0xa207bcf5f34168bfe92d5dab99a5dd926f04e7254fbf4bad77a3583ca4fb138f,7045495.140125,7047312.231,1817.0908749997616,88997,25000000,,success,1,0,,,8585505
pilot_1790521581795,block_N1000_c3,0,2026-09-27T17:03:49.284Z,zkSyncTestnet,300,sepolia.era.zksync.dev,block,1000,3,6551,0x3248f60474c88586685e4e4889afb1228381253f96a6d166857419a95e7f821f,7046696.045958,7048428.345083,1732.2991249999031,88991,25000000,,success,1,0,,,8585506
pilot_1790521581795,block_N1000_c3,0,2026-09-27T17:03:49.447Z,zkSyncTestnet,300,sepolia.era.zksync.dev,block,1000,3,6552,0x81b5eea58535f8d4f7f9404d71ce4460a5c225e2845a814bcc452b986606868d,7046866.000875,7048592.062,1726.0611250000075,88997,25000000,,success,1,0,,,8585506
pilot_1790521581795,block_N1000_c3,0,2026-09-27T17:03:49.908Z,zkSyncTestnet,300,sepolia.era.zksync.dev,block,1000,3,6553,0xbeab7ba4fc11613fa51806e2fd781cb306a76cf88f1e17a759f298f5340239fd,7047312.363292,7049052.326,1739.9627080000937,88991,25000000,,success,1,0,,,8585507
pilot_1790521581795,block_N1000_c3,0,2026-09-27T17:03:51.006Z,zkSyncTestnet,300,sepolia.era.zksync.dev,block,1000,3,6554,0xef8407ef7b1bfb845b2438f049462037a777aecdb23ac40055f39c4ecb94d20a,7048428.551875,7050151.140042,1722.588167000562,88991,25000000,,success,1,0,,,8585508
pilot_1790521581795,block_N1000_c3,0,2026-09-27T17:03:51.226Z,zkSyncTestnet,300,sepolia.era.zksync.dev,block,1000,3,6555,0xe2a09149c2f5327c6a988034d5367b5ec779c047b4e2ad9203d0f6606f787ea7,7048592.147417,7050370.756875,1778.6094580003992,88991,25000000,,success,1,0,,,8585508
pilot_1790521581795,block_N1000_c3,0,2026-09-27T17:03:51.640Z,zkSyncTestnet,300,sepolia.era.zksync.dev,block,1000,3,6556,0x3559c4f50d0706ee9cc9b0ccce9316bf778d50b21538d5971f37dc1dfd5fafb0,7049052.449375,7050784.670208,1732.2208329997957,88997,25000000,,success,1,0,,,8585509
pilot_1790521581795,block_N1000_c3,0,2026-09-27T17:03:52.724Z,zkSyncTestnet,300,sepolia.era.zksync.dev,block,1000,3,6557,0x49b67c0a3abb60e8a679c076e3b7e6bc4d7c6d601a819035899fd38411b369ad,7050151.401542,7051869.098292,1717.6967500001192,88991,25000000,,success,1,0,,,8585510
pilot_1790521581795,block_N1000_c3,0,2026-09-27T17:03:52.956Z,zkSyncTestnet,300,sepolia.era.zksync.dev,block,1000,3,6558,0xcd0dfbc956c8036e0c11a23116a0d7275568851b30d28c72a9cc1e257114bc4c,7050370.886875,7052101.25675,1730.3698749998584,88997,25000000,,success,1,0,,,8585510
pilot_1790521581795,block_N1000_c3,0,2026-09-27T17:03:53.357Z,zkSyncTestnet,300,sepolia.era.zksync.dev,block,1000,3,6559,0x92b59c289b21d7749e4589b21f4106775ff13e4619ecec3e8f8058b220e417b8,7050784.868417,7052501.675125,1716.806707999669,88991,25000000,,success,1,0,,,8585511
pilot_1790521581795,block_N1000_c3,0,2026-09-27T17:03:54.465Z,zkSyncTestnet,300,sepolia.era.zksync.dev,block,1000,3,6560,0x6c5944f9d6378bbc083031729317ff27f2ea5f565c85484a24efb61dc9d070fd,7051869.188083,7053609.587875,1740.3997920006514,88997,25000000,,success,1,0,,,8585512
pilot_1790521581795,block_N1000_c3,0,2026-09-27T17:03:54.674Z,zkSyncTestnet,300,sepolia.era.zksync.dev,block,1000,3,6561,0xf574f7a472a30bef5ee759761f68fa06342f1d6166e56e4df951204fd5f062fd,7052101.382625,7053819.076167,1717.6935420008376,88997,25000000,,success,1,0,,,8585512
pilot_1790521581795,block_N1000_c3,0,2026-09-27T17:03:55.071Z,zkSyncTestnet,300,sepolia.era.zksync.dev,block,1000,3,6562,0x7534f33a337c7026b7071767e946129280c222b009c7062d9ac7e1a35edf3bc6,7052501.899083,7054215.37975,1713.4806670006365,88991,25000000,,success,1,0,,,8585513
pilot_1790521581795,block_N1000_c3,0,2026-09-27T17:03:56.187Z,zkSyncTestnet,300,sepolia.era.zksync.dev,block,1000,3,6563,0xb4039550544beef248895a8cb24836449b2d7f4ebbac33c43858e23455d6c2ff,7053609.686417,7055331.489792,1721.8033749992028,88997,25000000,,success,1,0,,,8585514
pilot_1790521581795,block_N1000_c3,0,2026-09-27T17:03:56.411Z,zkSyncTestnet,300,sepolia.era.zksync.dev,block,1000,3,6564,0x2b3fa8d8e81646bb0feae031f3cb03a1cc970a2cd5456078972a76cd7087fc2c,7053819.294083,7055555.487208,1736.1931250002235,88991,25000000,,success,1,0,,,8585514
pilot_1790521581795,block_N1000_c3,0,2026-09-27T17:03:56.814Z,zkSyncTestnet,300,sepolia.era.zksync.dev,block,1000,3,6565,0x276f0ec7e7e2829c5da44769b9f87dfddd6fc7213c47e846ad64ca28795726ac,7054215.6195,7055958.59875,1742.9792499998584,88997,25000000,,success,1,0,,,8585515
pilot_1790521581795,block_N1000_c3,0,2026-09-27T17:03:58.142Z,zkSyncTestnet,300,sepolia.era.zksync.dev,block,1000,3,6567,0xb37b6e7dc09119f2775b27edec087f06b5a01b4f632a05fdd50ffe3d51f4cf41,7055555.618792,7057286.593208,1730.9744159998372,88997,25000000,,success,1,0,,,8585516
pilot_1790521581795,block_N1000_c3,0,2026-09-27T17:03:58.540Z,zkSyncTestnet,300,sepolia.era.zksync.dev,block,1000,3,6568,0xc361020af019604f1fa961446e5be00d914efa0fa072d5cb96bdb6091738ea1e,7055958.689667,7057685.125333,1726.4356659995392,88991,25000000,,success,1,0,,,8585518
pilot_1790521581795,block_N1000_c3,0,2026-09-27T17:03:58.558Z,zkSyncTestnet,300,sepolia.era.zksync.dev,block,1000,3,6566,0x0ca169e9c8d541e56472343e1f4ef6b0c5d20f8b0ed4d77cc25d5a7c1cd79714,7055331.607375,7057702.739958,2371.132583000697,88991,25000000,,success,1,0,,,8585516
pilot_1790521581795,block_N1000_c3,0,2026-09-27T17:03:59.869Z,zkSyncTestnet,300,sepolia.era.zksync.dev,block,1000,3,6569,0x7cf4c76ded6671f1fd06bc9086b5bbd0455010c480de7f41dc5dedc9abd8d7f6,7057286.72225,7059013.48525,1726.7630000002682,88991,25000000,,success,1,0,,,8585519
pilot_1790521581795,block_N1000_c3,0,2026-09-27T17:04:00.272Z,zkSyncTestnet,300,sepolia.era.zksync.dev,block,1000,3,6570,0x81ae6a25ed7dd31c7123ba740be7543fb53a9bce617259e85aacf7ddfb9ea6b5,7057685.272208,7059416.899583,1731.6273750001565,88991,25000000,,success,1,0,,,8585520
pilot_1790521581795,block_N1000_c3,0,2026-09-27T17:04:01.486Z,zkSyncTestnet,300,sepolia.era.zksync.dev,block,1000,3,6571,0xd9fc3aafd00411adf2f15c8e19b69d4c202648669b550eaec6a93b0573f4c581,7057702.806292,7060631.168875,2928.362583000213,88997,25000000,,success,1,0,,,8585521
pilot_1790521581795,block_N1000_c3,0,2026-09-27T17:04:01.610Z,zkSyncTestnet,300,sepolia.era.zksync.dev,block,1000,3,6572,0x7502dfe532da8615f3dbf452c3d5023aaadf624d140ff691736a47586550a6bd,7059013.676167,7060754.945458,1741.2692909995094,88991,25000000,,success,1,0,,,8585522
pilot_1790521581795,block_N1000_c3,0,2026-09-27T17:04:02.002Z,zkSyncTestnet,300,sepolia.era.zksync.dev,block,1000,3,6573,0xad8eab4ea5664a49d0db923fb600ff80378b60dc7ae5ec6f27022b36e531339e,7059417.040667,7061146.943292,1729.9026250001043,88997,25000000,,success,1,0,,,8585523
pilot_1790521581795,block_N1000_c3,0,2026-09-27T17:04:03.217Z,zkSyncTestnet,300,sepolia.era.zksync.dev,block,1000,3,6574,0x615ff201d1df2219ad72dded56a29ea93298c6953360b8a3206692bd1d0995c9,7060631.357833,7062361.449875,1730.092042000033,88991,25000000,,success,1,0,,,8585524
pilot_1790521581795,block_N1000_c3,0,2026-09-27T17:04:03.354Z,zkSyncTestnet,300,sepolia.era.zksync.dev,block,1000,3,6575,0x3d18aa0ada1edf94adeffe2ba7ed0fdd109521c11e0e3723d465e5316f2d8dff,7060755.0785,7062498.709292,1743.630792000331,88997,25000000,,success,1,0,,,8585524
pilot_1790521581795,block_N1000_c3,0,2026-09-27T17:04:03.755Z,zkSyncTestnet,300,sepolia.era.zksync.dev,block,1000,3,6576,0x39a30da47ffd9521b373d185da5eefbb8893f57d353f2d13b2171171faf92fc1,7061147.061958,7062900.063667,1753.0017090002075,88991,25000000,,success,1,0,,,8585525
pilot_1790521581795,block_N1000_c3,0,2026-09-27T17:04:05.055Z,zkSyncTestnet,300,sepolia.era.zksync.dev,block,1000,3,6577,0x52a258130945e20e89ed77ab93a2b00e22c8a87dad90a754e11536562f7f8cbd,7062361.666875,7064199.733375,1838.0664999997243,88991,25000000,,success,1,0,,,8585527
pilot_1790521581795,block_N1000_c3,0,2026-09-27T17:04:05.495Z,zkSyncTestnet,300,sepolia.era.zksync.dev,block,1000,3,6579,0x5678537fb62cc201f628e1036184f9d65170f697371371d822e956b8aa25188a,7062900.197708,7064639.740792,1739.543083999306,88997,25000000,,success,1,0,,,8585528
pilot_1790521581795,block_N1000_c3,0,2026-09-27T17:04:05.534Z,zkSyncTestnet,300,sepolia.era.zksync.dev,block,1000,3,6578,0xf4a002fc463582dcec6f002c9303b012f7ed2017ede29a10ae65def9c6227162,7062498.9115,7064679.17525,2180.2637499999255,88997,25000000,,success,1,0,,,8585528
pilot_1790521581795,block_N1000_c3,0,2026-09-27T17:04:06.849Z,zkSyncTestnet,300,sepolia.era.zksync.dev,block,1000,3,6580,0x7a356293bab577f44715f3ff21d102032317ec5ca38ca181d8b54ae6296ad777,7064199.874458,7065993.59375,1793.719291999936,88997,25000000,,success,1,0,,,8585529
pilot_1790521581795,block_N1000_c3,0,2026-09-27T17:04:07.304Z,zkSyncTestnet,300,sepolia.era.zksync.dev,block,1000,3,6581,0x1f4bcacc2dd2855dee592076ab11eef92b4cabf6dfbc7dfa30772798c090f8e5,7064639.870792,7066449.063708,1809.192916000262,88991,25000000,,success,1,0,,,8585530
pilot_1790521581795,block_N1000_c3,0,2026-09-27T17:04:08.554Z,zkSyncTestnet,300,sepolia.era.zksync.dev,block,1000,3,6582,0x8fbd878e514c25715033263327300d0fab4c21e7544ace51871e63e83d877b04,7064679.313667,7067698.505375,3019.1917079994455,88991,25000000,,success,1,0,,,8585531
pilot_1790521581795,block_N1000_c3,0,2026-09-27T17:04:08.633Z,zkSyncTestnet,300,sepolia.era.zksync.dev,block,1000,3,6583,0x39c61570665cb4afbf6182759737eca6976bdb0e4d88eeb0c6eaa3bb3b18f962,7065993.729875,7067778.28925,1784.5593750001863,88997,25000000,,success,1,0,,,8585532
pilot_1790521581795,block_N1000_c3,0,2026-09-27T17:04:09.069Z,zkSyncTestnet,300,sepolia.era.zksync.dev,block,1000,3,6584,0x51efdd47efed9c4fc7755a36ca924e7f4330453fc1b464e902a09b63ce5f2333,7066449.206167,7068214.119167,1764.9129999997094,88991,25000000,,success,1,0,,,8585533
pilot_1790521581795,block_N1000_c3,0,2026-09-27T17:04:10.293Z,zkSyncTestnet,300,sepolia.era.zksync.dev,block,1000,3,6585,0xf51a5cd358d3d3ff33f0a5807027b33a4a1b5134ed43dee251933357261c11b5,7067698.723125,7069437.425792,1738.7026670007035,88997,25000000,,success,1,0,,,8585534
pilot_1790521581795,block_N1000_c3,0,2026-09-27T17:04:10.790Z,zkSyncTestnet,300,sepolia.era.zksync.dev,block,1000,3,6587,0xdf7793162ece217f4ddb622e3cca5c22b61775ea067eaaab777efadc23e8c9f4,7068214.240667,7069934.403083,1720.1624159999192,88997,25000000,,success,1,0,,,8585535
pilot_1790521581795,block_N1000_c3,0,2026-09-27T17:04:10.805Z,zkSyncTestnet,300,sepolia.era.zksync.dev,block,1000,3,6586,0xbc4d99877071828af24c9eb43c745a3a548129eace684ef8ca604f23cd1940c3,7067778.396333,7069949.997375,2171.601042000577,88997,25000000,,success,1,0,,,8585535
pilot_1790521581795,block_N1000_c3,0,2026-09-27T17:04:12.068Z,zkSyncTestnet,300,sepolia.era.zksync.dev,block,1000,3,6588,0xca9e583b53f5461f25ab45760ee8d68660217de1b03587d9d2edc6b43c417d5a,7069437.568375,7071212.721917,1775.153541999869,88991,25000000,,success,1,0,,,8585536
pilot_1790521581795,block_N1000_c3,0,2026-09-27T17:04:12.532Z,zkSyncTestnet,300,sepolia.era.zksync.dev,block,1000,3,6589,0xb016a1eb127b40f3b182f4c1a4ae85631e837dbfa02fd0292c4f89056f7c005d,7069934.653583,7071676.350208,1741.696624999866,88878,25000000,,success,1,0,,,8585537
pilot_1790521581795,block_N1000_c3,0,2026-09-27T17:04:13.778Z,zkSyncTestnet,300,sepolia.era.zksync.dev,block,1000,3,6590,0xeae13be96a81b4ad0991a702980fc71deabbb814387cf12fe7a9c1d20b0b923b,7069950.117667,7072922.7525,2972.6348330006003,88997,25000000,,success,1,0,,,8585538
pilot_1790521581795,block_N1000_c3,0,2026-09-27T17:04:13.798Z,zkSyncTestnet,300,sepolia.era.zksync.dev,block,1000,3,6591,0x701a5963b036de477fa6c4351539daf8465d46ccf3471f53dba5b826aca01747,7071212.832167,7072942.858458,1730.0262910006568,88991,25000000,,success,1,0,,,8585539
pilot_1790521581795,block_N1000_c3,0,2026-09-27T17:04:14.324Z,zkSyncTestnet,300,sepolia.era.zksync.dev,block,1000,3,6592,0x3d9d6bd9f9cc5a152a3bf69c7c3d556a55d80fba106ac53c95aa87160f84a2c5,7071676.4805,7073468.63325,1792.1527500003576,88991,25000000,,success,1,0,,,8585540
pilot_1790521581795,block_N1000_c3,0,2026-09-27T17:04:15.514Z,zkSyncTestnet,300,sepolia.era.zksync.dev,block,1000,3,6593,0xaa56c04f34599dbdc0b59d9c4a2a69e27599bcd4f172ebcfac427ce6b8f1eadb,7072922.886958,7074659.027167,1736.1402089996263,88991,25000000,,success,1,0,,,8585541
pilot_1790521581795,block_N1000_c3,0,2026-09-27T17:04:15.999Z,zkSyncTestnet,300,sepolia.era.zksync.dev,block,1000,3,6594,0x621059c8efbf948ccf9b88e458c7d27ad32822483991ac093cc68cf7fd97ca1d,7072942.9895,7075144.30275,2201.3132499996573,88991,25000000,,success,1,0,,,8585542
pilot_1790521581795,block_N1000_c3,0,2026-09-27T17:04:16.054Z,zkSyncTestnet,300,sepolia.era.zksync.dev,block,1000,3,6595,0xcbfbfe99fcdf8494ea967dbd3787776d5b89306c2649c9e56a762c5cd8e545bf,7073468.762417,7075198.63075,1729.8683329997584,88997,25000000,,success,1,0,,,8585542
pilot_1790521581795,block_N1000_c3,0,2026-09-27T17:04:17.501Z,zkSyncTestnet,300,sepolia.era.zksync.dev,block,1000,3,6596,0x058e0b1143eb8006f9c3df576f51bbcd856d79443e10b3fc14c218cfdec623f2,7074659.1675,7076646.227292,1987.059791999869,88997,25000000,,success,1,0,,,8585543
pilot_1790521581795,block_N1000_c3,0,2026-09-27T17:04:18.029Z,zkSyncTestnet,300,sepolia.era.zksync.dev,block,1000,3,6597,0x0be67bfee2c1cfb03484aedf3634f73c391d75bc18149a2ef60edfc54614a3eb,7075144.474417,7077173.6885,2029.2140830000862,88991,25000000,,success,1,0,,,8585544
pilot_1790521581795,block_N1000_c3,0,2026-09-27T17:04:19.214Z,zkSyncTestnet,300,sepolia.era.zksync.dev,block,1000,3,6598,0xda38d1403e96787b0a27c9d2411ff8a730ba40c68a0b55f2611518f273c0d416,7075198.779833,7078358.935458,3160.1556249996647,88997,25000000,,success,1,0,,,8585545
pilot_1790521581795,block_N1000_c3,0,2026-09-27T17:04:19.304Z,zkSyncTestnet,300,sepolia.era.zksync.dev,block,1000,3,6599,0x564fa0c9c79187d16f2d0bb0eef8b1942899ecb97442696e072f81be2a74c8a7,7076646.363375,7078449.124583,1802.761208000593,88991,25000000,,success,1,0,,,8585546
pilot_1790521581795,block_N1000_c3,0,2026-09-27T17:04:19.855Z,zkSyncTestnet,300,sepolia.era.zksync.dev,block,1000,3,6600,0x11d0d57dfe78777e185e6994aeaea61567058d58d36ffb59d35e1a3c398b2b92,7077173.806417,7078999.47325,1825.6668330002576,88997,25000000,,success,1,0,,,8585547
pilot_1790521581795,block_N1000_c3,0,2026-09-27T17:04:21.107Z,zkSyncTestnet,300,sepolia.era.zksync.dev,block,1000,3,6601,0x1c58734387f377ef8895dd20e9d8c44c8bca7a0317fd98d4a2273ae91abf2179,7078359.067625,7080251.836375,1892.7687499998137,88991,25000000,,success,1,0,,,8585548
pilot_1790521581795,block_N1000_c3,0,2026-09-27T17:04:21.572Z,zkSyncTestnet,300,sepolia.era.zksync.dev,block,1000,3,6602,0x92ad86b03e97c8a686142e4f8e0693462a525c3c6b71b9ab1e03f6d975a37326,7078449.235458,7080716.874667,2267.6392090003937,88997,25000000,,success,1,0,,,8585549
pilot_1790521581795,block_N1000_c3,0,2026-09-27T17:04:21.595Z,zkSyncTestnet,300,sepolia.era.zksync.dev,block,1000,3,6603,0x8965bf9b9af9ff11d73c8709ad35632299f76aebc7bbc3756c18198ddf9255d1,7078999.618792,7080739.878792,1740.2599999997765,88997,25000000,,success,1,0,,,8585549
pilot_1790521581795,block_N1000_c3,0,2026-09-27T17:04:23.131Z,zkSyncTestnet,300,sepolia.era.zksync.dev,block,1000,3,6604,0xf8426797244e5ce8f815090ae5281980c20e81b594fc3c7d1fa43b4eec59b27b,7080252.0415,7082275.851167,2023.8096669996157,88872,25000000,,success,1,0,,,8585550
pilot_1790521581795,block_N1000_c3,0,2026-09-27T17:04:23.669Z,zkSyncTestnet,300,sepolia.era.zksync.dev,block,1000,3,6605,0x5a0beb08b8191921d06be15f1dfaaa698989f090f13197de18aad60b009d842e,7080717.005667,7082813.814458,2096.8087909994647,88997,25000000,,success,1,0,,,8585551
pilot_1790521581795,block_N1000_c3,0,2026-09-27T17:04:24.786Z,zkSyncTestnet,300,sepolia.era.zksync.dev,block,1000,3,6606,0x862486981f075099e9e278b941247d7f4f89be2270e5ff54c83d08c13ab39ed9,7080739.940792,7083930.661,3190.7202080003917,88991,25000000,,success,1,0,,,8585552
pilot_1790521581795,block_N1000_c3,0,2026-09-27T17:04:26.528Z,zkSyncTestnet,300,sepolia.era.zksync.dev,block,1000,3,6609,0xc51ff89a9202e5d48416edcb3bd29073875ccb75d5a137a32e8a427a7a7eb1b7,7083930.868042,7085673.303542,1742.4355000006035,88991,25000000,,success,1,0,,,8585554
pilot_1790521581795,block_N1000_c3,0,2026-09-27T17:04:27.061Z,zkSyncTestnet,300,sepolia.era.zksync.dev,block,1000,3,6607,0xdc08fed45842798dc65e495cf0e4a73b1e8beac7c92f259de63fba0a9fd56431,7082276.063458,7086205.980375,3929.916916999966,88991,25000000,,success,1,0,,,8585554
pilot_1790521581795,block_N1000_c3,0,2026-09-27T17:04:27.301Z,zkSyncTestnet,300,sepolia.era.zksync.dev,block,1000,3,6608,0x54b958fc8f77261e545c60f28404c0e227de74526c314585745e7592f3459288,7082814.035375,7086445.821708,3631.7863330002874,88991,25000000,,success,1,0,,,8585554
pilot_1790521581795,block_N1000_c3,0,2026-09-27T17:04:28.267Z,zkSyncTestnet,300,sepolia.era.zksync.dev,block,1000,3,6610,0x0a57611ae1c47101ba662ce75ca106952193c5c8c2b3f2c1e78931a7f7c5de23,7085673.549708,7087411.543042,1737.9933339999989,88997,25000000,,success,1,0,,,8585555
pilot_1790521581795,block_N1000_c3,0,2026-09-27T17:04:28.796Z,zkSyncTestnet,300,sepolia.era.zksync.dev,block,1000,3,6611,0x8b5b34772c39ec8d9036cf9a2958d44874b516d77d1006937c7314f2eab969ee,7086206.08875,7087940.626042,1734.5372919999063,88997,25000000,,success,1,0,,,8585556
pilot_1790521581795,block_N1000_c3,0,2026-09-27T17:04:29.041Z,zkSyncTestnet,300,sepolia.era.zksync.dev,block,1000,3,6612,0x474338f5a9c5a9bfc635b7efc87b27c0c02b9721887c9aeb2081cde46587fcf8,7086445.972292,7088185.61,1739.6377079999074,88997,25000000,,success,1,0,,,8585557
pilot_1790521581795,block_N1000_c3,0,2026-09-27T17:04:30.010Z,zkSyncTestnet,300,sepolia.era.zksync.dev,block,1000,3,6613,0x721bfcbdb6c9cdb1eed5983615eb9b173c603a1692d901f2d9ad659786b5219a,7087411.677083,7089155.331292,1743.6542090000585,88991,25000000,,success,1,0,,,8585558
pilot_1790521581795,block_N1000_c3,0,2026-09-27T17:04:30.521Z,zkSyncTestnet,300,sepolia.era.zksync.dev,block,1000,3,6614,0xcb52265ba475380f34bbf7648441f797fc192088fcf05c5ab31c7c0b5e52fd32,7087940.867917,7089665.89625,1725.0283329999074,88997,25000000,,success,1,0,,,8585559
pilot_1790521581795,block_N1000_c3,0,2026-09-27T17:04:30.772Z,zkSyncTestnet,300,sepolia.era.zksync.dev,block,1000,3,6615,0x08b230dd21f207e63df377fd4dbea10adfaa4380d5f246be352cc544bfffe49b,7088185.741375,7089917.12225,1731.3808749997988,88997,25000000,,success,1,0,,,8585560
pilot_1790521581795,block_N1000_c3,0,2026-09-27T17:04:31.749Z,zkSyncTestnet,300,sepolia.era.zksync.dev,block,1000,3,6616,0x9febabff5ed91cea3877a4fc58e726fa244535d44810702d1a8e1c9cab2ced82,7089155.466,7090894.316375,1738.8503750003874,88991,25000000,,success,1,0,,,8585561
pilot_1790521581795,block_N1000_c3,0,2026-09-27T17:04:32.304Z,zkSyncTestnet,300,sepolia.era.zksync.dev,block,1000,3,6617,0xf156f0f3cec551ab287ae36b82a1f1f9c09695f30692ea940381a1edd1d976ce,7089666.040292,7091448.934917,1782.8946249997243,88991,25000000,,success,1,0,,,8585562
pilot_1790521581795,block_N1000_c3,0,2026-09-27T17:04:32.501Z,zkSyncTestnet,300,sepolia.era.zksync.dev,block,1000,3,6618,0x6e1401842e7e4157746f6e57893036cbe32413e3e3ecd90b009ba7e730647305,7089917.232125,7091645.566,1728.3338749995455,88997,25000000,,success,1,0,,,8585563
pilot_1790521581795,block_N1000_c3,0,2026-09-27T17:04:33.956Z,zkSyncTestnet,300,sepolia.era.zksync.dev,block,1000,3,6619,0x10c9a96f984905d7ac7ca0a4a0295ea15fe7b70fe22dbf17caf0acd24edc932d,7090894.449833,7093101.113292,2206.6634590001777,88997,25000000,,success,1,0,,,8585564
pilot_1790521581795,block_N1000_c3,0,2026-09-27T17:04:34.021Z,zkSyncTestnet,300,sepolia.era.zksync.dev,block,1000,3,6620,0x710b7fc6cb6caf50af0f28e692d554954fc8f2748d791d5399c7dcea2daf936a,7091449.058042,7093166.2635,1717.2054580003023,88997,25000000,,success,1,0,,,8585564
pilot_1790521581795,block_N1000_c3,0,2026-09-27T17:04:34.227Z,zkSyncTestnet,300,sepolia.era.zksync.dev,block,1000,3,6621,0x347d96395be31ea5f1632a68e5657aede96a8bb885740d4da2a6852eb82821ee,7091645.738667,7093371.457167,1725.7184999994934,88991,25000000,,success,1,0,,,8585565
pilot_1790521581795,block_N1000_c3,0,2026-09-27T17:04:35.679Z,zkSyncTestnet,300,sepolia.era.zksync.dev,block,1000,3,6622,0x044946377b324657507c64ac86720138c3c05f079dd97a3d003953e6f494a5a4,7093101.249458,7094824.091,1722.841541999951,88997,25000000,,success,1,0,,,8585566
pilot_1790521581795,block_N1000_c3,0,2026-09-27T17:04:35.744Z,zkSyncTestnet,300,sepolia.era.zksync.dev,block,1000,3,6623,0x08e1a9717dfcd7cbf0df311eccf6b163255341c414854e8b8445f95dd45f7988,7093166.349042,7094888.972917,1722.6238749995828,88997,25000000,,success,1,0,,,8585567
pilot_1790521581795,block_N1000_c3,0,2026-09-27T17:04:35.955Z,zkSyncTestnet,300,sepolia.era.zksync.dev,block,1000,3,6624,0xf3e15d61c0028ef783c9a2accc0e23c7c73128e4d702cb14d80f5beed81bc1b7,7093371.563333,7095100.134667,1728.5713339997455,88991,25000000,,success,1,0,,,8585567
pilot_1790521581795,block_N1000_c3,0,2026-09-27T17:04:37.417Z,zkSyncTestnet,300,sepolia.era.zksync.dev,block,1000,3,6625,0xda8c6607881f0af080e4f8394e7cb4113b738ef26ee0a9f9d322c0847fe79eb4,7094824.219167,7096561.339,1737.1198330000043,88991,25000000,,success,1,0,,,8585568
pilot_1790521581795,block_N1000_c3,0,2026-09-27T17:04:37.469Z,zkSyncTestnet,300,sepolia.era.zksync.dev,block,1000,3,6626,0xf7fa1bce18262bd462ece4cc60aceee81d1173906de90eeec78977c404e0f0c7,7094889.011042,7096614.074583,1725.0635409997776,88997,25000000,,success,1,0,,,8585569
pilot_1790521581795,block_N1000_c3,0,2026-09-27T17:04:37.692Z,zkSyncTestnet,300,sepolia.era.zksync.dev,block,1000,3,6627,0x8e84a20025844d5faa84cfba38861be1c0cd3547449750dea401f405aaec10b7,7095100.314333,7096837.107958,1736.793624999933,88997,25000000,,success,1,0,,,8585569
pilot_1790521581795,block_N1000_c3,0,2026-09-27T17:04:39.147Z,zkSyncTestnet,300,sepolia.era.zksync.dev,block,1000,3,6628,0xcbe49194dda4b035916a07431596520d4559fde8b288b67959759491dd40e11d,7096561.491875,7098291.377917,1729.8860419997945,88997,25000000,,success,1,0,,,8585570
pilot_1790521581795,block_N1000_c3,0,2026-09-27T17:04:39.206Z,zkSyncTestnet,300,sepolia.era.zksync.dev,block,1000,3,6629,0x100632200443b67f431b3683028dc82e3702f16e096cd524cbde59354c379314,7096614.1435,7098350.667042,1736.5235419999808,88997,25000000,,success,1,0,,,8585571
pilot_1790521581795,block_N1000_c3,0,2026-09-27T17:04:39.443Z,zkSyncTestnet,300,sepolia.era.zksync.dev,block,1000,3,6630,0xa1d4b656ab66b98486bc8c8f59111ceaa1e4850c75cd6c9e43d7361bf9ebc138,7096837.217542,7098587.406792,1750.1892499998212,88997,25000000,,success,1,0,,,8585571
pilot_1790521581795,block_N1000_c3,0,2026-09-27T17:04:41.766Z,zkSyncTestnet,300,sepolia.era.zksync.dev,block,1000,3,6631,0x6617aeaeead36f1ee93ed939da2a7c5e51b5271c6b53f755f160290d10bda902,7098291.608292,7100911.099167,2619.490874999203,88991,25000000,,success,1,0,,,8585572
pilot_1790521581795,block_N1000_c3,0,2026-09-27T17:04:43.124Z,zkSyncTestnet,300,sepolia.era.zksync.dev,block,1000,3,6632,0x1052b3c95f44ad71720e88810f6255a418fdef25ddebddae408c0ab71bea4038,7098350.765625,7102268.679458,3917.913832999766,88997,25000000,,success,1,0,,,8585573
