experiment_id,run_id,repeat_index,timestamp_utc,network,chain_id,rpc_provider,operation,N,concurrency,token_id,tx_hash,submit_time_ms,receipt_time_ms,latency_ms,gas_used,effective_gas_price,transaction_cost_native,status,attempt_number,retry_count,error_type,error_message,block_number
pilot_1790514765259,transfer_N100_c3,0,2026-09-27T13:18:19.000Z,zkSyncTestnet,300,sepolia.era.zksync.dev,transfer,100,3,3433,0x44636eb5c7351a79876407987d2ea08b8a1b1d1b7d03f116cb061194819e6f0b,332839.489208,334742.715708,1903.2264999999898,105082,25000000,,success,1,0,,,8578984
pilot_1790514765259,transfer_N100_c3,0,2026-09-27T13:18:20.435Z,zkSyncTestnet,300,sepolia.era.zksync.dev,transfer,100,3,3434,0x8401c1007cbefb2308b5034b1ab99c78cad17cb1b81f625c91f3087e92653506,332840.614083,336177.318542,3336.7044590000296,95180,25000000,,success,1,0,,,8578985
pilot_1790514765259,transfer_N100_c3,0,2026-09-27T13:18:21.026Z,zkSyncTestnet,300,sepolia.era.zksync.dev,transfer,100,3,3435,0xca94175bbaf1641518d00e4517c8e804c559b7a54e45a8449fe8b7fe918b7331,332840.714667,336769.150083,3928.435416000022,95180,25000000,,success,1,0,,,8578986
pilot_1790514765259,transfer_N100_c3,0,2026-09-27T13:18:22.008Z,zkSyncTestnet,300,sepolia.era.zksync.dev,transfer,100,3,3436,0x95f72bed8c4fbad948b9bb05b467f2e9dde6ecdf802ffb20c2bb0fca6f4e8a3f,334743.541917,337750.578542,3007.0366249999497,95180,25000000,,success,1,0,,,8578986
pilot_1790514765259,transfer_N100_c3,0,2026-09-27T13:18:22.331Z,zkSyncTestnet,300,sepolia.era.zksync.dev,transfer,100,3,3437,0xdff9d1fee9d69973ee5aacd591b52d847327f5c1ef8be0caad978f90ba376329,336177.497333,338073.809417,1896.3120839999756,95186,25000000,,success,1,0,,,8578987
pilot_1790514765259,transfer_N100_c3,0,2026-09-27T13:18:22.888Z,zkSyncTestnet,300,sepolia.era.zksync.dev,transfer,100,3,3438,0xdd455aa820991a4804a648b240bb4427b57d5104c1d4421d5af848858be25ecb,336769.301375,338630.395083,1861.0937080000294,95061,25000000,,success,1,0,,,8578988
pilot_1790514765259,transfer_N100_c3,0,2026-09-27T13:18:24.197Z,zkSyncTestnet,300,sepolia.era.zksync.dev,transfer,100,3,3440,0x86b38bd914db414db5c785254f8da2a2d08082df8b0420a0997ee41886593928,338074.239625,339940.305875,1866.0662500000326,95186,25000000,,success,1,0,,,8578989
pilot_1790514765259,transfer_N100_c3,0,2026-09-27T13:18:24.631Z,zkSyncTestnet,300,sepolia.era.zksync.dev,transfer,100,3,3439,0x07eb8888745a48b3cdb120cfb8e14e52079e807290042550f2e3ed3dd7f33b07,337750.702833,340373.512,2622.8091669999994,95186,25000000,,success,1,0,,,8578989
pilot_1790514765259,transfer_N100_c3,0,2026-09-27T13:18:24.917Z,zkSyncTestnet,300,sepolia.era.zksync.dev,transfer,100,3,3441,0xc4c77ef33aae12d656b2f4d00f9b5830ca55bc3c1652535d5557126706e8c3e9,338630.484458,340659.623125,2029.138666999992,95186,25000000,,success,1,0,,,8578990
pilot_1790514765259,transfer_N100_c3,0,2026-09-27T13:18:26.956Z,zkSyncTestnet,300,sepolia.era.zksync.dev,transfer,100,3,3442,0xbd063af3c9a0e45749b8b2928fa225f94676ca84ce0c85d19e1a3df29baf37f7,339940.76275,342698.601208,2757.838457999984,95180,25000000,,success,1,0,,,8578991
pilot_1790514765259,transfer_N100_c3,0,2026-09-27T13:18:27.591Z,zkSyncTestnet,300,sepolia.era.zksync.dev,transfer,100,3,3444,0xbfe7b7d0eb7afff335199ce8ebaeba4ced9f1cc526953988ecb0fb14b03ecd3f,340659.817417,343333.661625,2673.844207999995,95180,25000000,,success,1,0,,,8578992
pilot_1790514765259,transfer_N100_c3,0,2026-09-27T13:18:28.549Z,zkSyncTestnet,300,sepolia.era.zksync.dev,transfer,100,3,3443,0x0ae5fc885802f8ebd05949649bf897b63249f8c5664cc8bf4ca1e173f58925c2,340373.641417,344291.451167,3917.809750000015,95186,25000000,,success,1,0,,,8578992
pilot_1790514765259,transfer_N100_c3,0,2026-09-27T13:18:29.432Z,zkSyncTestnet,300,sepolia.era.zksync.dev,transfer,100,3,3446,0xe5e7c2e0a71a6c6500c1b28d8a4cfe237c755e3928949e07b48ef4effae53f3b,343333.722292,345174.61175,1840.8894579999615,95186,25000000,,success,1,0,,,8578993
pilot_1790514765259,transfer_N100_c3,0,2026-09-27T13:18:29.442Z,zkSyncTestnet,300,sepolia.era.zksync.dev,transfer,100,3,3445,0x1f6219d84f1339f25252c187a9a93766468a1e2af00f83e145a733c45a4799af,342698.810125,345184.914958,2486.1048329999903,95186,25000000,,success,1,0,,,8578993
pilot_1790514765259,transfer_N100_c3,0,2026-09-27T13:18:31.278Z,zkSyncTestnet,300,sepolia.era.zksync.dev,transfer,100,3,3447,0x715af51d031d5c364696ab1859a2a3075887e3000eacc532e98a8ff9759e5d04,344291.698875,347021.05225,2729.353375000006,95186,25000000,,success,1,0,,,8578994
pilot_1790514765259,transfer_N100_c3,0,2026-09-27T13:18:31.467Z,zkSyncTestnet,300,sepolia.era.zksync.dev,transfer,100,3,3448,0xde1404c040879149650f6b66a447c2a26d38556230aae12577718090a0ea5811,345174.73975,347209.775208,2035.0354579999694,95186,25000000,,success,1,0,,,8578995
pilot_1790514765259,transfer_N100_c3,0,2026-09-27T13:18:32.053Z,zkSyncTestnet,300,sepolia.era.zksync.dev,transfer,100,3,3449,0xac525cbcf2f735a6727a4a32528fd36ade277e7fd8bb7152bcf3cd0929afb6b4,345184.950792,347796.332208,2611.3814160000184,95186,25000000,,success,1,0,,,8578996
pilot_1790514765259,transfer_N100_c3,0,2026-09-27T13:18:34.398Z,zkSyncTestnet,300,sepolia.era.zksync.dev,transfer,100,3,3450,0x4b67a214a2155b8bf1605b5bd3edcde51e6b9977ac8bf05eb283f211a4af77f6,347021.103292,350140.504875,3119.40158299997,95180,25000000,,success,1,0,,,8578997
pilot_1790514765259,transfer_N100_c3,0,2026-09-27T13:18:35.437Z,zkSyncTestnet,300,sepolia.era.zksync.dev,transfer,100,3,3451,0xcebfda9d25b7e8c93219c3b7b90f67f82aa2d0d0187222917b8ca0fadcd2daed,347209.84,351180.019667,3970.1796669999603,95186,25000000,,success,1,0,,,8578998
pilot_1790514765259,transfer_N100_c3,0,2026-09-27T13:18:36.685Z,zkSyncTestnet,300,sepolia.era.zksync.dev,transfer,100,3,3452,0xfeb80e01c8f2b429a349a8ed6e298e2ed2fd7a9ddeb0a3bc465aa7e10218543b,347796.418667,352427.726792,4631.308124999981,95180,25000000,,success,1,0,,,8578998
pilot_1790514765259,transfer_N100_c3,0,2026-09-27T13:18:36.924Z,zkSyncTestnet,300,sepolia.era.zksync.dev,transfer,100,3,3453,0x789bb16170d1ebbde9282742b9a6fec37751441efcfc94e1c7ea0ceb31b62009,350140.595292,352666.546208,2525.9509160000016,95180,25000000,,success,1,0,,,8578999
pilot_1790514765259,transfer_N100_c3,0,2026-09-27T13:18:39.384Z,zkSyncTestnet,300,sepolia.era.zksync.dev,transfer,100,3,3454,0x5e919b81d5231bdbccdb9471b69cb43dab426afafb7114799366bb03b6386669,351180.134875,355127.208625,3947.0737500000396,95186,25000000,,success,1,0,,,8579000
pilot_1790514765259,transfer_N100_c3,0,2026-09-27T13:18:39.946Z,zkSyncTestnet,300,sepolia.era.zksync.dev,transfer,100,3,3455,0xd3f4d70259dae678d76848ceb63b646136d6d4842de8336be1b6a12351dc2c5b,352427.831042,355688.923458,3261.0924160000286,95186,25000000,,success,1,0,,,8579001
pilot_1790514765259,transfer_N100_c3,0,2026-09-27T13:18:40.740Z,zkSyncTestnet,300,sepolia.era.zksync.dev,transfer,100,3,3456,0x7c93026f7a7ca9193844f6f362dd2de1cdfef89a0352ce9f7fac4ad7575fd28f,352666.639125,356482.914958,3816.2758330000215,95186,25000000,,success,1,0,,,8579002
pilot_1790514765259,transfer_N100_c3,0,2026-09-27T13:18:41.406Z,zkSyncTestnet,300,sepolia.era.zksync.dev,transfer,100,3,3457,0xb0aae46675025e76e382a0b8f2c9426b3eb6fbdfe34f95235a87b1145db30950,355127.329792,357149.046792,2021.7170000000042,95186,25000000,,success,1,0,,,8579003
pilot_1790514765259,transfer_N100_c3,0,2026-09-27T13:18:41.930Z,zkSyncTestnet,300,sepolia.era.zksync.dev,transfer,100,3,3458,0x639247a5ccf440f264c9dbe78c005b05052dd9de3d89d62f10453c14ce1ea0c4,355688.997542,357672.892458,1983.894915999961,95180,25000000,,success,1,0,,,8579004
pilot_1790514765259,transfer_N100_c3,0,2026-09-27T13:18:43.286Z,zkSyncTestnet,300,sepolia.era.zksync.dev,transfer,100,3,3460,0x82fc19aedfc52f008d49be5c5f777e91e4074107120a53d9bba51145a7fa09a3,357149.153042,359028.734417,1879.5813750000088,95180,25000000,,success,1,0,,,8579006
pilot_1790514765259,transfer_N100_c3,0,2026-09-27T13:18:43.503Z,zkSyncTestnet,300,sepolia.era.zksync.dev,transfer,100,3,3459,0x04710acb50cd8667672b477f0bbc9c05da86541234a7fd6884d588fec49eaaf9,356483.011167,359245.830792,2762.8196250000037,95186,25000000,,success,1,0,,,8579005
pilot_1790514765259,transfer_N100_c3,0,2026-09-27T13:18:43.818Z,zkSyncTestnet,300,sepolia.era.zksync.dev,transfer,100,3,3461,0x26b95dd28e57ca6857b010ff809bc9fe75a4c7ba43d46383979dc05c9e98ff53,357673.035625,359560.901667,1887.8660420000087,95186,25000000,,success,1,0,,,8579007
pilot_1790514765259,transfer_N100_c3,0,2026-09-27T13:18:45.945Z,zkSyncTestnet,300,sepolia.era.zksync.dev,transfer,100,3,3462,0xae077a7f236a4c67d2e91614e6c860e43816b5b027fc32a7c78175c584cc18e0,359028.838125,361688.271625,2659.4334999999846,95180,25000000,,success,1,0,,,8579008
pilot_1790514765259,transfer_N100_c3,0,2026-09-27T13:18:47.477Z,zkSyncTestnet,300,sepolia.era.zksync.dev,transfer,100,3,3463,0xa0e13b13483f532fac3e8c91f2b0e10f065c15dbe5dc1bbb078a3be878b671c3,359245.912417,363220.210292,3974.2978749999893,95180,25000000,,success,1,0,,,8579009
pilot_1790514765259,transfer_N100_c3,0,2026-09-27T13:18:47.817Z,zkSyncTestnet,300,sepolia.era.zksync.dev,transfer,100,3,3465,0xc8b66f4e943553226f79b5a3441180c695a1c1b7be0ae0e8c02fd2e306b13621,361688.343667,363559.891917,1871.5482499999925,95186,25000000,,success,1,0,,,8579010
pilot_1790514765259,transfer_N100_c3,0,2026-09-27T13:18:48.219Z,zkSyncTestnet,300,sepolia.era.zksync.dev,transfer,100,3,3464,0x79181b92c1c44891d1e7a8924524c1c2918ffa73248096feb75c8563d7770a80,359560.948125,363961.955042,4401.0069169999915,95180,25000000,,success,1,0,,,8579009
pilot_1790514765259,transfer_N100_c3,0,2026-09-27T13:18:50.547Z,zkSyncTestnet,300,sepolia.era.zksync.dev,transfer,100,3,3466,0x67047236011b1e3bac786ddffe1560d4eabacf89d039e2f13cabf295b6aa31ce,363220.316458,366290.170208,3069.8537500000093,95186,25000000,,success,1,0,,,8579011
pilot_1790514765259,transfer_N100_c3,0,2026-09-27T13:18:50.589Z,zkSyncTestnet,300,sepolia.era.zksync.dev,transfer,100,3,3467,0x5e1529481404321062b347f648ec11356f7c3109f663bcb93f6b586a98f226d9,363560.002417,366331.709458,2771.707041000016,95186,25000000,,success,1,0,,,8579011
pilot_1790514765259,transfer_N100_c3,0,2026-09-27T13:18:50.957Z,zkSyncTestnet,300,sepolia.era.zksync.dev,transfer,100,3,3468,0x531ba0343a2b65840272d21acd1a8073ba9bb0c4a97423af27c85ed784b1a9ca,363962.086667,366700.446125,2738.3594579999917,95180,25000000,,success,1,0,,,8579012
pilot_1790514765259,transfer_N100_c3,0,2026-09-27T13:18:53.338Z,zkSyncTestnet,300,sepolia.era.zksync.dev,transfer,100,3,3471,0xb2ad78a08f04d2c0b4a6bdb5590120678a36041d9802477d7b102589b3f5d254,366700.550125,369080.896458,2380.346332999994,95186,25000000,,success,1,0,,,8579013
pilot_1790514765259,transfer_N100_c3,0,2026-09-27T13:18:53.466Z,zkSyncTestnet,300,sepolia.era.zksync.dev,transfer,100,3,3469,0x9566e6a3fa804b6c450df14bec4146c7545b6a30e176ed5f3e8d0c17e52c090e,366290.338458,369209.47025,2919.1317920000292,95180,25000000,,success,1,0,,,8579013
pilot_1790514765259,transfer_N100_c3,0,2026-09-27T13:18:53.471Z,zkSyncTestnet,300,sepolia.era.zksync.dev,transfer,100,3,3470,0xe51e79b07792bac3b41c6b2ed5259561c13c9bf892e016a18ee9b5eb45355a11,366331.802917,369214.232292,2882.429374999949,95186,25000000,,success,1,0,,,8579013
pilot_1790514765259,transfer_N100_c3,0,2026-09-27T13:18:56.137Z,zkSyncTestnet,300,sepolia.era.zksync.dev,transfer,100,3,3472,0x1ead3e7cd304148810cd183b3702d22c37addafdc614b957bdcfb276cfc1ba56,369080.999542,371880.26775,2799.268207999994,95186,25000000,,success,1,0,,,8579014
pilot_1790514765259,transfer_N100_c3,0,2026-09-27T13:18:56.347Z,zkSyncTestnet,300,sepolia.era.zksync.dev,transfer,100,3,3473,0x60f89273f5a68f627059f316de3b09a3afabf3811c14582bbd103ce14b9d4a90,369209.574042,372089.572583,2879.998541000008,95180,25000000,,success,1,0,,,8579015
pilot_1790514765259,transfer_N100_c3,0,2026-09-27T13:18:57.660Z,zkSyncTestnet,300,sepolia.era.zksync.dev,transfer,100,3,3474,0x989fd52ab61c60ad904bc1df6774ffc4c1692d191857fcffc1771c2d6c58fba7,369214.259417,373403.2755,4189.016082999995,95180,25000000,,success,1,0,,,8579016
pilot_1790514765259,transfer_N100_c3,0,2026-09-27T13:18:58.018Z,zkSyncTestnet,300,sepolia.era.zksync.dev,transfer,100,3,3475,0x868818f6e7940879afd1e17e5475d1a0229bebfd20fa8e10c7e5eb7857cddf3e,371880.332042,373760.798208,1880.4661659999983,95180,25000000,,success,1,0,,,8579017
pilot_1790514765259,transfer_N100_c3,0,2026-09-27T13:18:58.234Z,zkSyncTestnet,300,sepolia.era.zksync.dev,transfer,100,3,3476,0xdb0cc7169fc71ba5742c7cb075032fc55f23b2e18e1b3aeeeff18cb408eccb87,372089.637875,373976.695375,1887.0574999999953,95186,25000000,,success,1,0,,,8579018
pilot_1790514765259,transfer_N100_c3,0,2026-09-27T13:18:59.656Z,zkSyncTestnet,300,sepolia.era.zksync.dev,transfer,100,3,3477,0xe7fc51f057b3edafe159663b220d3247808de3c0374745507faac49bf6b1e9d6,373403.363375,375399.059792,1995.69641699997,95180,25000000,,success,1,0,,,8579019
pilot_1790514765259,transfer_N100_c3,0,2026-09-27T13:19:01.196Z,zkSyncTestnet,300,sepolia.era.zksync.dev,transfer,100,3,3478,0x9395430c9edeecf7f51b7c39c837638cdff6bdc5971d06d22fb9d8aca0418caa,373760.910333,376938.613167,3177.702833999996,95186,25000000,,success,1,0,,,8579020
pilot_1790514765259,transfer_N100_c3,0,2026-09-27T13:19:01.628Z,zkSyncTestnet,300,sepolia.era.zksync.dev,transfer,100,3,3479,0x35b754ea514a41c9e1b9b59e9e8c8dff76d252df2dde70f78ebcc24a1881907c,373976.80075,377370.910417,3394.1096670000115,95186,25000000,,success,1,0,,,8579021
pilot_1790514765259,transfer_N100_c3,0,2026-09-27T13:19:01.709Z,zkSyncTestnet,300,sepolia.era.zksync.dev,transfer,100,3,3480,0x4dcbe96e54699b90096bd509bdacdd5c47fe2af0b452ebfcc6e02c22f796d808,375399.219667,377452.016792,2052.7971249999828,95180,25000000,,success,1,0,,,8579021
pilot_1790514765259,transfer_N100_c3,0,2026-09-27T13:19:04.095Z,zkSyncTestnet,300,sepolia.era.zksync.dev,transfer,100,3,3481,0x68653544a3dcb6e44e8bff6c9ea9fd69992c979c8facb7cb5454a51f7dc8394a,376938.700458,379837.644417,2898.9439589999965,95186,25000000,,success,1,0,,,8579022
pilot_1790514765259,transfer_N100_c3,0,2026-09-27T13:19:04.284Z,zkSyncTestnet,300,sepolia.era.zksync.dev,transfer,100,3,3482,0x8cd77dba06fa1c60a1722bd5aa7d9ad5d0796e886e71470152bdc9e7a8c7f243,377370.998,380026.804375,2655.8063749999856,95186,25000000,,success,1,0,,,8579023
pilot_1790514765259,transfer_N100_c3,0,2026-09-27T13:19:06.044Z,zkSyncTestnet,300,sepolia.era.zksync.dev,transfer,100,3,3484,0x8f7abe705ea373c9eebbc12b7379695e8a314844ac3e655bdafffcbbcbf1523f,379837.690875,381786.91825,1949.2273750000168,95186,25000000,,success,1,0,,,8579025
pilot_1790514765259,transfer_N100_c3,0,2026-09-27T13:19:06.135Z,zkSyncTestnet,300,sepolia.era.zksync.dev,transfer,100,3,3483,0x0af13a9f2e5a08dd91c08481a95638c8071131958ad21daf954fa12e70349126,377452.113417,381878.025083,4425.911666000029,95186,25000000,,success,1,0,,,8579024
pilot_1790514765259,transfer_N100_c3,0,2026-09-27T13:19:06.148Z,zkSyncTestnet,300,sepolia.era.zksync.dev,transfer,100,3,3485,0xbd03e4a85dfdb181854fb6bd784d7f8023c523c7b95c7de8ded11c4e61fdbd29,380026.849458,381891.196625,1864.347167,95186,25000000,,success,1,0,,,8579026
pilot_1790514765259,transfer_N100_c3,0,2026-09-27T13:19:09.714Z,zkSyncTestnet,300,sepolia.era.zksync.dev,transfer,100,3,3486,0x1eaafea6757a45bd4812678ecd5eda6a22c7a0d4bcc594312ad0a77bc6382025,381787.028458,385457.087083,3670.058625000005,95186,25000000,,success,1,0,,,8579028
pilot_1790514765259,transfer_N100_c3,0,2026-09-27T13:19:10.484Z,zkSyncTestnet,300,sepolia.era.zksync.dev,transfer,100,3,3488,0x53941ee265a066b8844a30131ca26571c80f7b01209fff9b552645a329df9f6b,381891.308667,386227.486667,4336.178000000014,95186,25000000,,success,1,0,,,8579029
pilot_1790514765259,transfer_N100_c3,0,2026-09-27T13:19:11.607Z,zkSyncTestnet,300,sepolia.era.zksync.dev,transfer,100,3,3487,0x84b9d5f9e84a03a2ef4b77a8ef4f8ba74d3f594c35b3ff7e29660e38de684859,381878.109,387349.679583,5471.570583000022,95180,25000000,,success,1,0,,,8579029
pilot_1790514765259,transfer_N100_c3,0,2026-09-27T13:19:12.377Z,zkSyncTestnet,300,sepolia.era.zksync.dev,transfer,100,3,3489,0x2c76ada813e9234c27a8a745d00974319dcbb9484360fcbe6356d170c9301302,385457.167,388120.483833,2663.31683299999,95061,25000000,,success,1,0,,,8579032
pilot_1790514765259,transfer_N100_c3,0,2026-09-27T13:19:13.639Z,zkSyncTestnet,300,sepolia.era.zksync.dev,transfer,100,3,3490,0x00169dcf14a4fe665c4d4288834ad0e9041ba528ce580fabb77420449397f6f6,386227.534625,389382.484042,3154.9494170000544,95186,25000000,,success,1,0,,,8579033
pilot_1790514765259,transfer_N100_c3,0,2026-09-27T13:19:14.237Z,zkSyncTestnet,300,sepolia.era.zksync.dev,transfer,100,3,3491,0xe20cd28feae04f78c20cb86e4ebb1e2739abca0cf568ba07662ea85235085485,387349.73325,389980.175875,2630.442625000025,95186,25000000,,success,1,0,,,8579035
pilot_1790514765259,transfer_N100_c3,0,2026-09-27T13:19:15.475Z,zkSyncTestnet,300,sepolia.era.zksync.dev,transfer,100,3,3492,0xd75dd6ca60a6c142801491fb3f2e3b171bbff4c42ef56136a32487d89a6f465b,388120.605917,391217.861792,3097.2558750000317,95186,25000000,,success,1,0,,,8579036
pilot_1790514765259,transfer_N100_c3,0,2026-09-27T13:19:17.052Z,zkSyncTestnet,300,sepolia.era.zksync.dev,transfer,100,3,3493,0x2a384ddd4bf129c2e792a5fbaf8491fadf88abed1ff4fc06d8a453c3b9e3c664,389382.534417,392795.544125,3413.0097079999978,95180,25000000,,success,1,0,,,8579037
pilot_1790514765259,transfer_N100_c3,0,2026-09-27T13:19:17.055Z,zkSyncTestnet,300,sepolia.era.zksync.dev,transfer,100,3,3494,0x6e8960bd2c3afd5657c1d2e0a970470b1d24820d3380f1efa6bf78a7860acd16,389980.226083,392798.542167,2818.316083999991,95180,25000000,,success,1,0,,,8579038
pilot_1790514765259,transfer_N100_c3,0,2026-09-27T13:19:19.149Z,zkSyncTestnet,300,sepolia.era.zksync.dev,transfer,100,3,3495,0xb107494cea637631980498d4e1f9eb4ff0618e1ff6942581c75b64000b89a21a,391217.907292,394892.189708,3674.2824159999727,95186,25000000,,success,1,0,,,8579039
pilot_1790514765259,transfer_N100_c3,0,2026-09-27T13:19:19.297Z,zkSyncTestnet,300,sepolia.era.zksync.dev,transfer,100,3,3496,0xafdaa1f04a9a87c830b10a13edf9dd622307488c3cdcca6c4a0ac45ceaf80dab,392795.615292,395040.573042,2244.9577500000014,95186,25000000,,success,1,0,,,8579040
pilot_1790514765259,transfer_N100_c3,0,2026-09-27T13:19:20.210Z,zkSyncTestnet,300,sepolia.era.zksync.dev,transfer,100,3,3497,0xdc0cc106f988401547d90ffab8e083dba59d70dbb52c91740bb36bde0702fa39,392798.565792,395953.4285,3154.8627080000006,95186,25000000,,success,1,0,,,8579041
pilot_1790514765259,transfer_N100_c3,0,2026-09-27T13:19:21.029Z,zkSyncTestnet,300,sepolia.era.zksync.dev,transfer,100,3,3498,0x4cc4bc7115d3ebe61124507a43e7f29bcb84e545d719d68b1989f86a9025bc06,394892.239083,396772.444083,1880.2050000000163,95180,25000000,,success,1,0,,,8579042
pilot_1790514765259,transfer_N100_c3,0,2026-09-27T13:19:21.246Z,zkSyncTestnet,300,sepolia.era.zksync.dev,transfer,100,3,3499,0x0b76f619ad67fe77c6b6f113a289ba2c1f2c98c41ac58aa75c7653d37c00f8d6,395040.618667,396989.679875,1949.0612079999992,95180,25000000,,success,1,0,,,8579043
pilot_1790514765259,transfer_N100_c3,0,2026-09-27T13:19:22.112Z,zkSyncTestnet,300,sepolia.era.zksync.dev,transfer,100,3,3500,0x941dd7fd6c06d860a131e144750ad7da8bbf6e5fd41df52983ae951fce79f96f,395953.470167,397855.014708,1901.544540999981,95186,25000000,,success,1,0,,,8579044
pilot_1790514765259,transfer_N100_c3,0,2026-09-27T13:19:22.925Z,zkSyncTestnet,300,sepolia.era.zksync.dev,transfer,100,3,3501,0x30535a83b61d06ad2077455e349e47d2c814a233b7d72187716f18935799fc4d,396772.572333,398668.080625,1895.508291999984,95186,25000000,,success,1,0,,,8579045
pilot_1790514765259,transfer_N100_c3,0,2026-09-27T13:19:24.257Z,zkSyncTestnet,300,sepolia.era.zksync.dev,transfer,100,3,3502,0x625c7c204d260543def2cd83221643e27a0d294601453631f950373cde31dc38,396989.76775,399999.817208,3010.049457999994,95186,25000000,,success,1,0,,,8579046
pilot_1790514765259,transfer_N100_c3,0,2026-09-27T13:19:24.917Z,zkSyncTestnet,300,sepolia.era.zksync.dev,transfer,100,3,3503,0x77417fa81be001a4050eb6d9b801822e26e102798114f559b650cd5e65ccf0aa,397860.776542,400660.119917,2799.3433749999967,95186,25000000,,success,1,0,,,8579047
pilot_1790514765259,transfer_N100_c3,0,2026-09-27T13:19:26.355Z,zkSyncTestnet,300,sepolia.era.zksync.dev,transfer,100,3,3504,0xd748338db2e863245edda64936431ae8b86963b6e37d58c77b47d5e312d30d36,398668.131542,402098.446708,3430.3151659999858,95180,25000000,,success,1,0,,,8579048
pilot_1790514765259,transfer_N100_c3,0,2026-09-27T13:19:26.739Z,zkSyncTestnet,300,sepolia.era.zksync.dev,transfer,100,3,3505,0x96693b2a13626ffd1509b1f459f565936a5061af87482c8614254ddfb76635cb,399999.885208,402481.777792,2481.8925839999574,95180,25000000,,success,1,0,,,8579049
pilot_1790514765259,transfer_N100_c3,0,2026-09-27T13:19:28.619Z,zkSyncTestnet,300,sepolia.era.zksync.dev,transfer,100,3,3506,0xb4b4797787f5e47042729667e239943b9b4146254cd9b5e029731f9157506792,400660.189833,404362.35525,3702.165417000011,95180,25000000,,success,1,0,,,8579050
pilot_1790514765259,transfer_N100_c3,0,2026-09-27T13:19:29.433Z,zkSyncTestnet,300,sepolia.era.zksync.dev,transfer,100,3,3508,0xfe8bccd039f9e613b03691dfd2b5d7ed33df042c1e1f89b1a52066b951ede03d,402481.894208,405176.70475,2694.810541999992,95180,25000000,,success,1,0,,,8579052
pilot_1790514765259,transfer_N100_c3,0,2026-09-27T13:19:29.963Z,zkSyncTestnet,300,sepolia.era.zksync.dev,transfer,100,3,3507,0x1f7888974bf5cb52dd26cb383de738a72c0c320cc39793a9edf463099301e79f,402098.516667,405706.129125,3607.6124579999596,95180,25000000,,success,1,0,,,8579051
pilot_1790514765259,transfer_N100_c3,0,2026-09-27T13:19:33.541Z,zkSyncTestnet,300,sepolia.era.zksync.dev,transfer,100,3,3510,0x8c1a4376752d3e4cdea20417139fe058ef1eaaad431b0a22d3144721ab157931,405176.7555,409284.615458,4107.859957999957,95180,25000000,,success,1,0,,,8579053
pilot_1790514765259,transfer_N100_c3,0,2026-09-27T13:19:33.561Z,zkSyncTestnet,300,sepolia.era.zksync.dev,transfer,100,3,3511,0x575d6e972ee2b3dafcbffc69ca493c839d4aaca3142de4b3046214b8a53f286a,405706.220958,409304.707042,3598.486084000033,95186,25000000,,success,1,0,,,8579054
pilot_1790514765259,transfer_N100_c3,0,2026-09-27T13:19:33.917Z,zkSyncTestnet,300,sepolia.era.zksync.dev,transfer,100,3,3509,0x8ca171c2b510f0f80b1b28b4166a2dc0109d4d2be5f8cfdefda38fa7b2c9d14e,404362.445208,409660.667583,5298.222374999954,95180,25000000,,success,1,0,,,8579053
pilot_1790514765259,transfer_N100_c3,0,2026-09-27T13:19:35.458Z,zkSyncTestnet,300,sepolia.era.zksync.dev,transfer,100,3,3512,0x1cb4b9b2efde543fdfc2c6df4b8b85e62f6147c7af806fc532cb888855b3111e,409284.684167,411201.609208,1916.9250410000095,95180,25000000,,success,1,0,,,8579055
pilot_1790514765259,transfer_N100_c3,0,2026-09-27T13:19:35.482Z,zkSyncTestnet,300,sepolia.era.zksync.dev,transfer,100,3,3513,0xd31a99e612effd678bf1ffa75536a307b6377140bf8d85baab4e3a727939b74b,409304.7565,411225.205333,1920.448832999973,95186,25000000,,success,1,0,,,8579056
pilot_1790514765259,transfer_N100_c3,0,2026-09-27T13:19:35.816Z,zkSyncTestnet,300,sepolia.era.zksync.dev,transfer,100,3,3514,0x9ce11307a83b1fc8ae941e08388518bea4c45d1427eb2dcf1e9025c66c9dde2e,409660.71025,411559.05475,1898.3445000000065,95186,25000000,,success,1,0,,,8579056
pilot_1790514765259,transfer_N100_c3,0,2026-09-27T13:19:38.660Z,zkSyncTestnet,300,sepolia.era.zksync.dev,transfer,100,3,3517,0x0f2509e5fed428096a5f4583382c306e42d303f7c5cfc89645f8ee1b564b8509,411559.149125,414403.184042,2844.0349169999827,95180,25000000,,success,1,0,,,8579058
pilot_1790514765259,transfer_N100_c3,0,2026-09-27T13:19:38.781Z,zkSyncTestnet,300,sepolia.era.zksync.dev,transfer,100,3,3516,0x877030d722f932d3b9de0c39ab997ad918a21b9af1378fb9d0c1fa01d0dfbd22,411225.257042,414523.954542,3298.6975000000093,95186,25000000,,success,1,0,,,8579058
pilot_1790514765259,transfer_N100_c3,0,2026-09-27T13:19:38.793Z,zkSyncTestnet,300,sepolia.era.zksync.dev,transfer,100,3,3515,0xf39b2817494f25f31d3db289a690826dcf541f75a09d4604e609aff9bc731068,411201.6815,414536.19575,3334.5142500000075,95186,25000000,,success,1,0,,,8579057
pilot_1790514765259,transfer_N100_c3,0,2026-09-27T13:19:41.181Z,zkSyncTestnet,300,sepolia.era.zksync.dev,transfer,100,3,3518,0x45f8fdd2d518ac9c32aed01aafdcea0bf54adb6784f2fa1adc215583125cf242,414403.267917,416924.669667,2521.401750000019,95186,25000000,,success,1,0,,,8579059
pilot_1790514765259,transfer_N100_c3,0,2026-09-27T13:19:41.442Z,zkSyncTestnet,300,sepolia.era.zksync.dev,transfer,100,3,3519,0x5f5288d10d531753dbad1806809ccade33eea3d623bc4b11669be2e12e079793,414524.024625,417185.147875,2661.123250000004,95186,25000000,,success,1,0,,,8579060
pilot_1790514765259,transfer_N100_c3,0,2026-09-27T13:19:42.826Z,zkSyncTestnet,300,sepolia.era.zksync.dev,transfer,100,3,3520,0xd8ea2692322404dbc66306c02fe4817ba5ef6b88cd6080456caa95951b61cd2a,414536.219917,418568.888708,4032.668791000033,95186,25000000,,success,1,0,,,8579061
pilot_1790514765259,transfer_N100_c3,0,2026-09-27T13:19:43.593Z,zkSyncTestnet,300,sepolia.era.zksync.dev,transfer,100,3,3521,0x6ea960dcf012acaf4e4181f534109311da1ca409e64164d276abe0a2c73711cf,416924.775333,419336.526,2411.750667000015,95180,25000000,,success,1,0,,,8579062
pilot_1790514765259,transfer_N100_c3,0,2026-09-27T13:19:44.633Z,zkSyncTestnet,300,sepolia.era.zksync.dev,transfer,100,3,3522,0xd2cb8bcdb0191c392631b34b9ba6c5c824d0c1398af00f23385609f17964c59c,417185.246833,420376.414333,3191.1675000000396,95186,25000000,,success,1,0,,,8579063
pilot_1790514765259,transfer_N100_c3,0,2026-09-27T13:19:44.847Z,zkSyncTestnet,300,sepolia.era.zksync.dev,transfer,100,3,3523,0x768bfbaefc705f98c551bfa3d135dc1faf6ef3e24c5c16a1ff0b263c5c24dc2f,418568.95825,420590.172042,2021.213791999966,95180,25000000,,success,1,0,,,8579064
pilot_1790514765259,transfer_N100_c3,0,2026-09-27T13:19:45.499Z,zkSyncTestnet,300,sepolia.era.zksync.dev,transfer,100,3,3524,0x206895e9cda6c8de8cb8fd81b9338b9b915d760c61917df90e5c289f41df1ae2,419336.626667,421242.403042,1905.7763750000158,95186,25000000,,success,1,0,,,8579065
pilot_1790514765259,transfer_N100_c3,0,2026-09-27T13:19:46.489Z,zkSyncTestnet,300,sepolia.era.zksync.dev,transfer,100,3,3525,0x4d6aff89b529a7d0d49a0ce9d083c19d157a06cf51a7e5bd6a2c056fd7fdf332,420376.505958,422231.935083,1855.429124999966,95180,25000000,,success,1,0,,,8579066
pilot_1790514765259,transfer_N100_c3,0,2026-09-27T13:19:46.710Z,zkSyncTestnet,300,sepolia.era.zksync.dev,transfer,100,3,3526,0xa2a68e55630f4280defebddb49643d6039d0a186aba52bbdb315c3cf54f3aaf5,420590.226625,422453.405708,1863.1790829999954,95186,25000000,,success,1,0,,,8579066
pilot_1790514765259,transfer_N100_c3,0,2026-09-27T13:19:48.172Z,zkSyncTestnet,300,sepolia.era.zksync.dev,transfer,100,3,3527,0x2f785eb1a868c36a47d3ef19ec444dd6a56c7e663747b2bc76a2e9e62747f1c5,421242.484625,423915.668583,2673.183958000038,95186,25000000,,success,1,0,,,8579067
pilot_1790514765259,transfer_N100_c3,0,2026-09-27T13:19:49.269Z,zkSyncTestnet,300,sepolia.era.zksync.dev,transfer,100,3,3528,0xcd7894a20b364b0566e077700d880577e15e6d738fa0c7ad830240a43e59a231,422231.98725,425012.86775,2780.88049999997,95186,25000000,,success,1,0,,,8579068
pilot_1790514765259,transfer_N100_c3,0,2026-09-27T13:19:49.559Z,zkSyncTestnet,300,sepolia.era.zksync.dev,transfer,100,3,3529,0xa1f65e280add4563073cc76bd8c06039bd00d1c1afd59cda5133b6763390ca75,422453.505708,425302.7905,2849.2847920000204,95180,25000000,,success,1,0,,,8579068
pilot_1790514765259,transfer_N100_c3,0,2026-09-27T13:19:51.134Z,zkSyncTestnet,300,sepolia.era.zksync.dev,transfer,100,3,3530,0x977072c20bb0bcb3d734bf2047b608ad7c841cb913d6cc372d76478c44efd57c,423915.779083,426877.317875,2961.5387920000358,95180,25000000,,success,1,0,,,8579069
pilot_1790514765259,transfer_N100_c3,0,2026-09-27T13:19:51.157Z,zkSyncTestnet,300,sepolia.era.zksync.dev,transfer,100,3,3531,0x929a06e07eac58456d6304a130f9a53306d99ccf7857b6bada53e1d59a2bd65a,425012.959833,426900.379375,1887.419542000047,95186,25000000,,success,1,0,,,8579070
pilot_1790514765259,transfer_N100_c3,0,2026-09-27T13:19:51.418Z,zkSyncTestnet,300,sepolia.era.zksync.dev,transfer,100,3,3532,0xd9d80a3e513f16f6371047400b728a0d2b9e0c7d71eebd6c866755d851a94f42,425302.847458,427161.892,1859.0445419999887,95180,25000000,,success,1,0,,,8579070
pilot_1790514765259,transfer_N500_c3,0,2026-09-27T13:48:14.174Z,zkSyncTestnet,300,sepolia.era.zksync.dev,transfer,500,3,3533,0x80e2f92940f290399d0b839d9969a19072472a2d199123d2630474339d02db68,2127909.300125,2129901.29325,1991.9931250000373,112205,25000000,,success,1,0,,,8579648
pilot_1790514765259,transfer_N500_c3,0,2026-09-27T13:48:14.694Z,zkSyncTestnet,300,sepolia.era.zksync.dev,transfer,500,3,3534,0x9d0addf2903069c9af6444ec863d699bc91172616ece3ca3040c071f0f73e222,2127910.363875,2130421.404,2511.0401250002906,104382,25000000,,success,1,0,,,8579649
pilot_1790514765259,transfer_N500_c3,0,2026-09-27T13:48:14.826Z,zkSyncTestnet,300,sepolia.era.zksync.dev,transfer,500,3,3535,0x728564db167b5dd96e63e591fdeac9932c6cab0e2625732ac372ebfd71a3a959,2127910.589458,2130553.92925,2643.33979200013,104382,25000000,,success,1,0,,,8579649
pilot_1790514765259,transfer_N500_c3,0,2026-09-27T13:48:16.576Z,zkSyncTestnet,300,sepolia.era.zksync.dev,transfer,500,3,3537,0xa76e91a7fee65d031770cc4c53b15f8e6d6accde4f3486708341b87133e38f84,2130421.4935,2132303.929333,1882.4358330001123,104388,25000000,,success,1,0,,,8579651
pilot_1790514765259,transfer_N500_c3,0,2026-09-27T13:48:16.597Z,zkSyncTestnet,300,sepolia.era.zksync.dev,transfer,500,3,3536,0x71c867015878cf8e490c3c2b59c5d45f714a769e23ced57574c72122763ea0c3,2129901.442708,2132324.420958,2422.9782499996945,104382,25000000,,success,1,0,,,8579650
pilot_1790514765259,transfer_N500_c3,0,2026-09-27T13:48:19.523Z,zkSyncTestnet,300,sepolia.era.zksync.dev,transfer,500,3,3538,0x349cae575485587de0381b2b521872c7caee449ef82eec52f58c7a0c54daa35d,2130553.979667,2135250.110875,4696.131207999773,104382,25000000,,success,1,0,,,8579652
pilot_1790514765259,transfer_N500_c3,0,2026-09-27T13:48:21.028Z,zkSyncTestnet,300,sepolia.era.zksync.dev,transfer,500,3,3539,0x19b4bd18faac2a5eb822da6ebb118079e17f423adb9655f30a589a8fec56b583,2132304.021333,2136754.975833,4450.954499999993,104388,25000000,,success,1,0,,,8579653
pilot_1790514765259,transfer_N500_c3,0,2026-09-27T13:48:22.264Z,zkSyncTestnet,300,sepolia.era.zksync.dev,transfer,500,3,3541,0xf3ce51ec07b0956baa52dc3038059dff534b0c93709e76b8702adcded5885451,2135250.1935,2137991.003333,2740.8098329999484,104382,25000000,,success,1,0,,,8579655
pilot_1790514765259,transfer_N500_c3,0,2026-09-27T13:48:22.290Z,zkSyncTestnet,300,sepolia.era.zksync.dev,transfer,500,3,3540,0x35b5448ca610ab7de8c09b4b9b9fcd739a5042b11fb53ea82f533a1f9327cd43,2132324.464167,2138017.022375,5692.558208000381,104382,25000000,,success,1,0,,,8579654
pilot_1790514765259,transfer_N500_c3,0,2026-09-27T13:48:23.076Z,zkSyncTestnet,300,sepolia.era.zksync.dev,transfer,500,3,3542,0xd0b816dfa875b6bc16983674fa183328059e2cae0c7017093d26290d2c5b7ef8,2136755.12475,2138803.694125,2048.5693749999627,104388,25000000,,success,1,0,,,8579656
pilot_1790514765259,transfer_N500_c3,0,2026-09-27T13:48:24.270Z,zkSyncTestnet,300,sepolia.era.zksync.dev,transfer,500,3,3543,0xe49d21bb816725243ff2ff4924bb3b3f3b6bb2e8d1d4987b3e0bb31a9865726a,2137991.106083,2139997.712792,2006.6067089997232,104388,25000000,,success,1,0,,,8579658
pilot_1790514765259,transfer_N500_c3,0,2026-09-27T13:48:24.964Z,zkSyncTestnet,300,sepolia.era.zksync.dev,transfer,500,3,3545,0x28aa7b60d8f382b7f95582dda059422f1471a2025bbdbed059b890c7801eb39f,2138803.75,2140691.268792,1887.5187920001335,104388,25000000,,success,1,0,,,8579659
pilot_1790514765259,transfer_N500_c3,0,2026-09-27T13:48:25.423Z,zkSyncTestnet,300,sepolia.era.zksync.dev,transfer,500,3,3544,0xd0ed01e6ea6b0251403536a96053f93f29d19d95c5417f81fee3ba86aac9f8dc,2138017.073167,2141150.564583,3133.4914159998298,104388,25000000,,success,1,0,,,8579659
pilot_1790514765259,transfer_N500_c3,0,2026-09-27T13:48:26.227Z,zkSyncTestnet,300,sepolia.era.zksync.dev,transfer,500,3,3546,0x5acc2bf42d4ae8efbd2d4b6808369a0aff2ecc8c8945c9b1bb44f7ffe5f081c4,2139997.824292,2141954.424958,1956.600666000042,104388,25000000,,success,1,0,,,8579660
pilot_1790514765259,transfer_N500_c3,0,2026-09-27T13:48:26.881Z,zkSyncTestnet,300,sepolia.era.zksync.dev,transfer,500,3,3547,0xaa408848116c76dad5c7808db1f7db92e499a3cce3816e9832ca2d9900fb5f30,2140691.353208,2142608.095875,1916.742667000275,104388,25000000,,success,1,0,,,8579661
pilot_1790514765259,transfer_N500_c3,0,2026-09-27T13:48:27.325Z,zkSyncTestnet,300,sepolia.era.zksync.dev,transfer,500,3,3548,0x3a61f70d854535264291317cc7ebe212b727f12680ed1f693cf037bf39e81318,2141150.643833,2143052.366958,1901.7231250000186,104382,25000000,,success,1,0,,,8579662
pilot_1790514765259,transfer_N500_c3,0,2026-09-27T13:48:28.097Z,zkSyncTestnet,300,sepolia.era.zksync.dev,transfer,500,3,3549,0x62aa101142d7f0991d6aff2cc5e930f25a4598739fdf1423f1066735ab5ed178,2141954.517333,2143824.34625,1869.828916999977,104382,25000000,,success,1,0,,,8579663
pilot_1790514765259,transfer_N500_c3,0,2026-09-27T13:48:28.850Z,zkSyncTestnet,300,sepolia.era.zksync.dev,transfer,500,3,3550,0x898aa20d386cf70bae1c987f6e3a99e53268288dcc1031275d8411d058f4540e,2142608.194,2144577.700125,1969.5061249998398,104388,25000000,,success,1,0,,,8579664
pilot_1790514765259,transfer_N500_c3,0,2026-09-27T13:48:29.172Z,zkSyncTestnet,300,sepolia.era.zksync.dev,transfer,500,3,3551,0x69215c17068452c9a32b566de168120205e404e839de31669a430b0649c3a84b,2143052.417375,2144899.0275,1846.6101249996573,104382,25000000,,success,1,0,,,8579665
pilot_1790514765259,transfer_N500_c3,0,2026-09-27T13:48:30.010Z,zkSyncTestnet,300,sepolia.era.zksync.dev,transfer,500,3,3552,0xee9028a6df75e0bb511f767169f85ebfa15194bc102452f01b10fee01f508dcc,2143824.438125,2145736.97675,1912.5386250000447,104382,25000000,,success,1,0,,,8579666
pilot_1790514765259,transfer_N500_c3,0,2026-09-27T13:48:30.727Z,zkSyncTestnet,300,sepolia.era.zksync.dev,transfer,500,3,3553,0xa0dae47faabc945a3cf947e7772d8c10d5571e7d3b8444c710e2a5131e809980,2144577.786167,2146454.438625,1876.6524579999968,104388,25000000,,success,1,0,,,8579667
pilot_1790514765259,transfer_N500_c3,0,2026-09-27T13:48:31.051Z,zkSyncTestnet,300,sepolia.era.zksync.dev,transfer,500,3,3554,0x45f4e4aaee36fedf5eecfc724069344a2b7a289f477046a5e0fcb2911b54d395,2144899.09675,2146778.73825,1879.6414999999106,104388,25000000,,success,1,0,,,8579668
pilot_1790514765259,transfer_N500_c3,0,2026-09-27T13:48:31.995Z,zkSyncTestnet,300,sepolia.era.zksync.dev,transfer,500,3,3555,0xecd0928b5bd812fb5874b22c129948054a05c192c4f44fea67559f6a1adee184,2145737.059,2147722.704583,1985.645583000034,104382,25000000,,success,1,0,,,8579669
pilot_1790514765259,transfer_N500_c3,0,2026-09-27T13:48:32.611Z,zkSyncTestnet,300,sepolia.era.zksync.dev,transfer,500,3,3556,0x469a10f102770392c4f770bd5386cb7f0fbd3566bde836c75e94ac45a6b45828,2146454.545333,2148338.928167,1884.3828340000473,104388,25000000,,success,1,0,,,8579670
pilot_1790514765259,transfer_N500_c3,0,2026-09-27T13:48:33.877Z,zkSyncTestnet,300,sepolia.era.zksync.dev,transfer,500,3,3557,0x4763971e4e9fca3f75f2efbf399ff55730dd0f5e3930e91f24e857fc52051f50,2146778.7965,2149604.747583,2825.951082999818,104388,25000000,,success,1,0,,,8579671
pilot_1790514765259,transfer_N500_c3,0,2026-09-27T13:48:35.265Z,zkSyncTestnet,300,sepolia.era.zksync.dev,transfer,500,3,3558,0xa8dc652548e2cf393b8cdf41db4e06daa548aed07b8a7a87a780dd1c946dafc7,2147722.875292,2150992.594375,3269.7190829999745,104388,25000000,,success,1,0,,,8579672
pilot_1790514765259,transfer_N500_c3,0,2026-09-27T13:48:35.388Z,zkSyncTestnet,300,sepolia.era.zksync.dev,transfer,500,3,3559,0xc546dca895d521bb89bc66b6fa22adc0aa1c839e9d7b9f9141e524256ce94945,2148339.013917,2151115.954833,2776.940915999934,104382,25000000,,success,1,0,,,8579673
pilot_1790514765259,transfer_N500_c3,0,2026-09-27T13:48:36.721Z,zkSyncTestnet,300,sepolia.era.zksync.dev,transfer,500,3,3560,0x41c4c22efacce416246c5e0ff4724e89d73144c760a7149b1c3fa0b1bac86148,2149604.842083,2152448.832083,2843.989999999758,104382,25000000,,success,1,0,,,8579674
pilot_1790514765259,transfer_N500_c3,0,2026-09-27T13:48:37.238Z,zkSyncTestnet,300,sepolia.era.zksync.dev,transfer,500,3,3561,0xaa0cf7a66be6e84c833db5e2d9a9c9933a8f6d6f20b443d84526ab9cc0d0f8ce,2150992.770458,2152964.98075,1972.2102920003235,104382,25000000,,success,1,0,,,8579675
pilot_1790514765259,transfer_N500_c3,0,2026-09-27T13:48:38.551Z,zkSyncTestnet,300,sepolia.era.zksync.dev,transfer,500,3,3562,0xc500e8a3505cfa22d7444dedccf9b008fe1029e03aaa4ab1ada06ea88b975c8e,2151116.051625,2154278.404333,3162.352708000224,104388,25000000,,success,1,0,,,8579676
pilot_1790514765259,transfer_N500_c3,0,2026-09-27T13:48:38.639Z,zkSyncTestnet,300,sepolia.era.zksync.dev,transfer,500,3,3563,0xa206c227f6629f2ec3c423d9d882fe9c0b07dd8e6f93bc0cc1a57829f2d5fe50,2152448.934,2154366.201333,1917.267332999967,104388,25000000,,success,1,0,,,8579677
pilot_1790514765259,transfer_N500_c3,0,2026-09-27T13:48:39.171Z,zkSyncTestnet,300,sepolia.era.zksync.dev,transfer,500,3,3564,0x56940f4a83ad99c7f49559b16ac64a4895850d371c08cb70fee344e96f56bfb8,2152965.066958,2154898.259917,1933.1929589998908,104388,25000000,,success,1,0,,,8579678
pilot_1790514765259,transfer_N500_c3,0,2026-09-27T13:48:40.454Z,zkSyncTestnet,300,sepolia.era.zksync.dev,transfer,500,3,3565,0xce64ef02138af6b3d842cae2b4ccb31371917dd03afe1d69d1acb681b0d63b3e,2154278.561083,2156180.998708,1902.4376249997877,104382,25000000,,success,1,0,,,8579679
pilot_1790514765259,transfer_N500_c3,0,2026-09-27T13:48:40.650Z,zkSyncTestnet,300,sepolia.era.zksync.dev,transfer,500,3,3566,0xa8e36ad8273ea41abfe33cd4b53266b09033f3dc0a393b7a5e56b84c8819241e,2154366.292667,2156377.458583,2011.1659160000272,104382,25000000,,success,1,0,,,8579680
pilot_1790514765259,transfer_N500_c3,0,2026-09-27T13:48:41.013Z,zkSyncTestnet,300,sepolia.era.zksync.dev,transfer,500,3,3567,0x51752c84f7930458bb344393e209b1049b5c19d779dc2747a4f71273155c2f91,2154898.3155,2156740.654958,1842.3394579999149,104388,25000000,,success,1,0,,,8579681
pilot_1790514765259,transfer_N500_c3,0,2026-09-27T13:48:44.101Z,zkSyncTestnet,300,sepolia.era.zksync.dev,transfer,500,3,3569,0xee899aa4644e62d0d4d68c1f0356cb8386693d8f9dd7ad63b3ea97791b1415ca,2156377.500667,2159828.007417,3450.5067499997094,104382,25000000,,success,1,0,,,8579682
pilot_1790514765259,transfer_N500_c3,0,2026-09-27T13:48:44.185Z,zkSyncTestnet,300,sepolia.era.zksync.dev,transfer,500,3,3568,0xd409762814e638d134f99c23be36ff80ab343082c9ad253245d8453664eac2cf,2156181.092417,2159912.017792,3730.925375000108,104388,25000000,,success,1,0,,,8579682
pilot_1790514765259,transfer_N500_c3,0,2026-09-27T13:48:45.177Z,zkSyncTestnet,300,sepolia.era.zksync.dev,transfer,500,3,3570,0xbf52fff733b7c775cd82bdb0053f3736ae07224f0dd8e7cb6bcf2cfa94af70cd,2156740.782958,2160904.067625,4163.2846670001745,104388,25000000,,success,1,0,,,8579682
pilot_1790514765259,transfer_N500_c3,0,2026-09-27T13:48:47.797Z,zkSyncTestnet,300,sepolia.era.zksync.dev,transfer,500,3,3571,0x8062eef7951f05bdc7d5341fe26d408ddafe9e73aaf2f28be662ee2ab37b2d4e,2159828.103958,2163524.865375,3696.761417000089,104382,25000000,,success,1,0,,,8579683
pilot_1790514765259,transfer_N500_c3,0,2026-09-27T13:48:48.821Z,zkSyncTestnet,300,sepolia.era.zksync.dev,transfer,500,3,3572,0x794582c896bc21e6655f4eea0c1436a4dabd47713927c5d7dc578b615e00a57e,2159912.088292,2164548.192125,4636.103833000176,104382,25000000,,success,1,0,,,8579684
pilot_1790514765259,transfer_N500_c3,0,2026-09-27T13:48:50.394Z,zkSyncTestnet,300,sepolia.era.zksync.dev,transfer,500,3,3573,0x135c982c2719c1dc8128d6a2866b7852a3e1ea1a5ef1198f9cc5246d7a285144,2160904.143125,2166121.604875,5217.46175000025,104388,25000000,,success,1,0,,,8579685
pilot_1790514765259,transfer_N500_c3,0,2026-09-27T13:48:50.877Z,zkSyncTestnet,300,sepolia.era.zksync.dev,transfer,500,3,3574,0x6ae65e2ac9dfef2e2e8dec8584bab377fccf83bfd48511c078d0e9f8fbf59813,2163524.988583,2166604.299542,3079.3109590001404,104388,25000000,,success,1,0,,,8579686
pilot_1790514765259,transfer_N500_c3,0,2026-09-27T13:48:51.454Z,zkSyncTestnet,300,sepolia.era.zksync.dev,transfer,500,3,3575,0x0967b3beb99106fe11f4aab944247d7a6a76dba039548015503bb946d610b673,2164548.277125,2167181.756708,2633.479582999833,104382,25000000,,success,1,0,,,8579687
pilot_1790514765259,transfer_N500_c3,0,2026-09-27T13:48:52.278Z,zkSyncTestnet,300,sepolia.era.zksync.dev,transfer,500,3,3576,0x35fc95c804ecbc1ae85fd00d8aa860aa57af2e12e8324fb84cad5471bcb02350,2166121.703417,2168005.944875,1884.2414580001496,104388,25000000,,success,1,0,,,8579688
pilot_1790514765259,transfer_N500_c3,0,2026-09-27T13:48:55.088Z,zkSyncTestnet,300,sepolia.era.zksync.dev,transfer,500,3,3579,0xa787b968e3a7bc71dcf248ef55c4109bde1bcadc3bfaf7c554b3d8cc2e673f1a,2168005.999583,2170815.100167,2809.100584000349,104382,25000000,,success,1,0,,,8579689
pilot_1790514765259,transfer_N500_c3,0,2026-09-27T13:48:55.315Z,zkSyncTestnet,300,sepolia.era.zksync.dev,transfer,500,3,3578,0xb7760c11e1cddc3001bf3de5330adc355b7d91f6391f155089c57582206a05e7,2167181.855667,2171042.582333,3860.7266659997404,104382,25000000,,success,1,0,,,8579689
pilot_1790514765259,transfer_N500_c3,0,2026-09-27T13:48:55.326Z,zkSyncTestnet,300,sepolia.era.zksync.dev,transfer,500,3,3577,0x1b265c731cd533cdae7db3398d1ed5d5fc6230e477fefbe95d462003f10d7a29,2166604.355,2171053.099167,4448.744167000055,104382,25000000,,success,1,0,,,8579689
pilot_1790514765259,transfer_N500_c3,0,2026-09-27T13:48:57.682Z,zkSyncTestnet,300,sepolia.era.zksync.dev,transfer,500,3,3580,0x2a5785a3ca5359f879e61b44460d926d2c7567f1f1a847b75f5fb50d241819ba,2170815.187583,2173409.763875,2594.5762920002453,104382,25000000,,success,1,0,,,8579690
pilot_1790514765259,transfer_N500_c3,0,2026-09-27T13:48:58.867Z,zkSyncTestnet,300,sepolia.era.zksync.dev,transfer,500,3,3581,0x26937c2eb8a4d16c248c90c725479210cd56625ddd8c53217d6c0b7827a18d68,2171042.683583,2174594.484417,3551.800833999645,104382,25000000,,success,1,0,,,8579691
pilot_1790514765259,transfer_N500_c3,0,2026-09-27T13:48:59.123Z,zkSyncTestnet,300,sepolia.era.zksync.dev,transfer,500,3,3582,0xc5e43db1dedf03190c9b1c7305ee755917bcb2ea14a9a79c86a8d8ce27fa1bfb,2171053.139583,2174850.193917,3797.0543340002187,104382,25000000,,success,1,0,,,8579692
pilot_1790514765259,transfer_N500_c3,0,2026-09-27T13:49:00.579Z,zkSyncTestnet,300,sepolia.era.zksync.dev,transfer,500,3,3583,0x3430653cdea43d23785a4b411ac3725bffdba0a24ee7a05d673c020428c9d47a,2173409.866958,2176306.797042,2896.930083999876,104382,25000000,,success,1,0,,,8579693
pilot_1790514765259,transfer_N500_c3,0,2026-09-27T13:49:00.930Z,zkSyncTestnet,300,sepolia.era.zksync.dev,transfer,500,3,3584,0xd7d348f6bf39ffc57ecf9738ed04554eb18ad71d46d51f41746f6e05f7c1e0cc,2174594.601458,2176657.714375,2063.112916999962,104388,25000000,,success,1,0,,,8579694
pilot_1790514765259,transfer_N500_c3,0,2026-09-27T13:49:01.120Z,zkSyncTestnet,300,sepolia.era.zksync.dev,transfer,500,3,3585,0x2ad81873a9379d2c2b7613d22b7cb645ce714af1bd9ba37e100fd10c16e22d8e,2174850.266792,2176847.412292,1997.1455000001006,104388,25000000,,success,1,0,,,8579695
pilot_1790514765259,transfer_N500_c3,0,2026-09-27T13:49:02.471Z,zkSyncTestnet,300,sepolia.era.zksync.dev,transfer,500,3,3586,0xaad859a5cb4d78694bfbeb28557fcfefff01ddc5038b029ab938148c0b8e0e45,2176306.9605,2178198.548208,1891.5877080000937,104382,25000000,,success,1,0,,,8579696
pilot_1790514765259,transfer_N500_c3,0,2026-09-27T13:49:02.791Z,zkSyncTestnet,300,sepolia.era.zksync.dev,transfer,500,3,3587,0x9e77e252f767e17d2df7566fa0d37ac24bab517d36b3c459aec694c4a7927e32,2176657.764583,2178518.457625,1860.6930419998243,104382,25000000,,success,1,0,,,8579697
pilot_1790514765259,transfer_N500_c3,0,2026-09-27T13:49:03.029Z,zkSyncTestnet,300,sepolia.era.zksync.dev,transfer,500,3,3588,0x3435f261cccbe0737fc3e03f413c54229138aadf0a6b5198dc1547599927f882,2176847.452583,2178756.117375,1908.6647919998504,104382,25000000,,success,1,0,,,8579698
pilot_1790514765259,transfer_N500_c3,0,2026-09-27T13:49:04.346Z,zkSyncTestnet,300,sepolia.era.zksync.dev,transfer,500,3,3589,0x43c885f91b95fb3bf93d53c91894a4ad45b6cf66853b11ae26bc98b8aedea90a,2178198.641958,2180073.906042,1875.2640839996748,104382,25000000,,success,1,0,,,8579700
pilot_1790514765259,transfer_N500_c3,0,2026-09-27T13:49:04.745Z,zkSyncTestnet,300,sepolia.era.zksync.dev,transfer,500,3,3590,0xfd4916cedf0f27ffdda9b797f571aff190281c9dc744be5401a17861da1ac2fe,2178518.509958,2180472.611417,1954.1014590002596,104388,25000000,,success,1,0,,,8579701
pilot_1790514765259,transfer_N500_c3,0,2026-09-27T13:49:05.029Z,zkSyncTestnet,300,sepolia.era.zksync.dev,transfer,500,3,3591,0xd46f4c7ee17dcc3df7abd163ea7a21eb9dc8e0b3ccee3d0cb0b989a3ec5f18c5,2178756.166458,2180756.232917,2000.0664590001106,104382,25000000,,success,1,0,,,8579702
pilot_1790514765259,transfer_N500_c3,0,2026-09-27T13:49:06.344Z,zkSyncTestnet,300,sepolia.era.zksync.dev,transfer,500,3,3592,0x9172b1e9f9f5abd879925af9f642b76bbf677acf8c7aad80b6b0dd423e144778,2180074.0145,2182071.281167,1997.266667000018,104388,25000000,,success,1,0,,,8579703
pilot_1790514765259,transfer_N500_c3,0,2026-09-27T13:49:08.822Z,zkSyncTestnet,300,sepolia.era.zksync.dev,transfer,500,3,3594,0x0d83ff96d6f9e6301a131ec284c75ce90ac9695b61301e3dd1060ac827c5226f,2180756.402208,2184549.176667,3792.774459000211,104382,25000000,,success,1,0,,,8579704
pilot_1790514765259,transfer_N500_c3,0,2026-09-27T13:49:08.951Z,zkSyncTestnet,300,sepolia.era.zksync.dev,transfer,500,3,3593,0x94e2a598070c457bf3433d312cb1d1a96b8db44ada407def7636bbced081cd58,2180472.7155,2184678.494667,4205.779167000204,104382,25000000,,success,1,0,,,8579704
pilot_1790514765259,transfer_N500_c3,0,2026-09-27T13:49:10.078Z,zkSyncTestnet,300,sepolia.era.zksync.dev,transfer,500,3,3595,0x11cdcb80e5cb7bd47098d7ad0cabed60a91ec08dad7c00071755c84bef12f7f2,2182071.394208,2185805.545708,3734.1515000001527,104388,25000000,,success,1,0,,,8579705
pilot_1790514765259,transfer_N500_c3,0,2026-09-27T13:49:10.798Z,zkSyncTestnet,300,sepolia.era.zksync.dev,transfer,500,3,3596,0xb3d515d54f45413999e8ae45d9666d93482cf502370cf1e5eef80d0a0fa251e5,2184549.30125,2186525.469333,1976.1680829999968,104382,25000000,,success,1,0,,,8579706
pilot_1790514765259,transfer_N500_c3,0,2026-09-27T13:49:11.429Z,zkSyncTestnet,300,sepolia.era.zksync.dev,transfer,500,3,3597,0x954dfdcbe93bf864da4eb2f30c1f7b7339cfe77da56ae8074471fce8b9950104,2184678.57625,2187156.436833,2477.860582999885,104388,25000000,,success,1,0,,,8579707
pilot_1790514765259,transfer_N500_c3,0,2026-09-27T13:49:11.972Z,zkSyncTestnet,300,sepolia.era.zksync.dev,transfer,500,3,3598,0x00a01d69728b81ee8ff48462fa5de3ee7b9fc35633747c8bbaa92df870380b94,2185805.647917,2187699.116875,1893.4689579997212,104388,25000000,,success,1,0,,,8579708
pilot_1790514765259,transfer_N500_c3,0,2026-09-27T13:49:12.709Z,zkSyncTestnet,300,sepolia.era.zksync.dev,transfer,500,3,3599,0x9fccc8a7a77947e3a9c134e59ef897b9df8cc018a5348dbb41fec3c14ed77343,2186525.567125,2188436.494667,1910.9275420000777,104382,25000000,,success,1,0,,,8579709
pilot_1790514765259,transfer_N500_c3,0,2026-09-27T13:49:14.174Z,zkSyncTestnet,300,sepolia.era.zksync.dev,transfer,500,3,3600,0x9c4ac791ac1db2dce9aeca506529e2f4a0f077c0bd86db94e3564cf6023a270f,2187156.522625,2189901.211958,2744.6893329997547,104388,25000000,,success,1,0,,,8579710
pilot_1790514765259,transfer_N500_c3,0,2026-09-27T13:49:15.514Z,zkSyncTestnet,300,sepolia.era.zksync.dev,transfer,500,3,3601,0xe225ae7056fc9a2b66a1ac76c7b93215f87e41db7f3e7bd3e52862fd6c0d6919,2187699.21325,2191241.115708,3541.902457999997,104388,25000000,,success,1,0,,,8579712
pilot_1790514765259,transfer_N500_c3,0,2026-09-27T13:49:16.908Z,zkSyncTestnet,300,sepolia.era.zksync.dev,transfer,500,3,3602,0xae86558e57a5a9aaf80a60897c89daca30bcae8259df33918ebad59ff1e01a44,2188436.551708,2192635.341875,4198.790167000145,104382,25000000,,success,1,0,,,8579713
pilot_1790514765259,transfer_N500_c3,0,2026-09-27T13:49:18.938Z,zkSyncTestnet,300,sepolia.era.zksync.dev,transfer,500,3,3603,0xa7181abda097ef8cf072ce7f1ada010aa4077f6104f573adb1f553d9fb3f8da9,2189901.402083,2194665.556083,4764.153999999631,104388,25000000,,success,1,0,,,8579714
pilot_1790514765259,transfer_N500_c3,0,2026-09-27T13:49:19.457Z,zkSyncTestnet,300,sepolia.era.zksync.dev,transfer,500,3,3604,0x895af1c70b6c34d55624eac5cce26e5e8fd48b29f48241f4d4e2604f9a6316b0,2191241.206208,2195184.142208,3942.93600000022,104382,25000000,,success,1,0,,,8579715
pilot_1790514765259,transfer_N500_c3,0,2026-09-27T13:49:20.825Z,zkSyncTestnet,300,sepolia.era.zksync.dev,transfer,500,3,3605,0x06f3b3db99c477ab50c528d065a67c2a48e574e30d1bc5bf0bd2cbc27d8a3305,2192635.431833,2196552.863583,3917.431749999989,104382,25000000,,success,1,0,,,8579716
pilot_1790514765259,transfer_N500_c3,0,2026-09-27T13:49:21.550Z,zkSyncTestnet,300,sepolia.era.zksync.dev,transfer,500,3,3606,0x712080c494cf796da79915f222a76cee13f655cea2b084d2a7fe2d43096365de,2194665.665792,2197277.72475,2612.058958000038,104382,25000000,,success,1,0,,,8579717
pilot_1790514765259,transfer_N500_c3,0,2026-09-27T13:49:22.212Z,zkSyncTestnet,300,sepolia.era.zksync.dev,transfer,500,3,3607,0x3895e0d2952cc6d87f7ba160a327dd4b8d2d861a17b7e90f12c2c44d388c90a9,2195184.3245,2197939.556792,2755.2322919997387,104382,25000000,,success,1,0,,,8579718
pilot_1790514765259,transfer_N500_c3,0,2026-09-27T13:49:23.368Z,zkSyncTestnet,300,sepolia.era.zksync.dev,transfer,500,3,3608,0x9e88e51c1df9708bb45d76d0340e9c6a786bdeab24a3889015eadce33e2c17b3,2196552.912167,2199095.915458,2543.0032909996808,104382,25000000,,success,1,0,,,8579720
pilot_1790514765259,transfer_N500_c3,0,2026-09-27T13:49:23.748Z,zkSyncTestnet,300,sepolia.era.zksync.dev,transfer,500,3,3609,0x6566c13bec7a1d55e5f6517ef253c65abc44f1ebfd075a2891565c7c077f59cc,2197277.8315,2199475.49175,2197.66025000019,104388,25000000,,success,1,0,,,8579721
pilot_1790514765259,transfer_N500_c3,0,2026-09-27T13:49:24.415Z,zkSyncTestnet,300,sepolia.era.zksync.dev,transfer,500,3,3610,0xaf3645ea3daafb62945d4252674397e967e080dcfcd07ef4c6c56f3d53c34bab,2197939.641917,2200142.61,2202.9680829998106,104388,25000000,,success,1,0,,,8579722
pilot_1790514765259,transfer_N500_c3,0,2026-09-27T13:49:25.832Z,zkSyncTestnet,300,sepolia.era.zksync.dev,transfer,500,3,3611,0xb1d8fb2fdae84e55c762740cd822fb23aa2f99d010fbec25ed41c2356a0fa979,2199096.035875,2201559.037833,2463.001958000008,104382,25000000,,success,1,0,,,8579723
pilot_1790514765259,transfer_N500_c3,0,2026-09-27T13:49:26.243Z,zkSyncTestnet,300,sepolia.era.zksync.dev,transfer,500,3,3612,0xd1a32102089236bff742e91955d8fc2963c255f10b124ab70bfdf65e3e385e5f,2199475.589958,2201970.425,2494.835041999817,104382,25000000,,success,1,0,,,8579724
pilot_1790514765259,transfer_N500_c3,0,2026-09-27T13:49:27.167Z,zkSyncTestnet,300,sepolia.era.zksync.dev,transfer,500,3,3613,0xa65d6711e7ed0432b7caa66684c4c3b82436119202988ad14e5c151104e92086,2200142.697625,2202894.927542,2752.229917000048,104388,25000000,,success,1,0,,,8579724
pilot_1790514765259,transfer_N500_c3,0,2026-09-27T13:49:27.870Z,zkSyncTestnet,300,sepolia.era.zksync.dev,transfer,500,3,3614,0xc7856ecbbae861c1121c3a814d6accf043793d9a24142d6c929fbb787801a307,2201559.123083,2203597.520083,2038.3969999998808,104388,25000000,,success,1,0,,,8579725
pilot_1790514765259,transfer_N500_c3,0,2026-09-27T13:49:28.355Z,zkSyncTestnet,300,sepolia.era.zksync.dev,transfer,500,3,3615,0x839aa13c90ae9ec9c82fcf6adcb1cfc0261f758f5a806b6e6203db4fa5b4147a,2201970.527708,2204082.55425,2112.026542000007,104388,25000000,,success,1,0,,,8579726
pilot_1790514765259,transfer_N500_c3,0,2026-09-27T13:49:30.192Z,zkSyncTestnet,300,sepolia.era.zksync.dev,transfer,500,3,3616,0xb46dd5598ffe31349c066e459ac9d3bcbcdf3446e06d95e1d8a474e7056c0fe2,2202895.013542,2205919.192625,3024.1790829999372,104388,25000000,,success,1,0,,,8579727
pilot_1790514765259,transfer_N500_c3,0,2026-09-27T13:49:30.328Z,zkSyncTestnet,300,sepolia.era.zksync.dev,transfer,500,3,3617,0x3aa69b2a9b467f16eb1361705574e92cd13f93aa41b6198a4f1960f310323222,2203597.606833,2206055.318625,2457.711791999638,104388,25000000,,success,1,0,,,8579728
pilot_1790514765259,transfer_N500_c3,0,2026-09-27T13:49:31.237Z,zkSyncTestnet,300,sepolia.era.zksync.dev,transfer,500,3,3618,0x0d56934e42026214f005540f12915e2ffea21974044a8c6c56b7a2ae5745dd0d,2204082.647167,2206964.376333,2881.72916600015,104388,25000000,,success,1,0,,,8579729
pilot_1790514765259,transfer_N500_c3,0,2026-09-27T13:49:33.501Z,zkSyncTestnet,300,sepolia.era.zksync.dev,transfer,500,3,3619,0xa12044c151a123b87dcbe04b3b600c4a9b3a61e81d3c8b9e1e2316f8a8892b22,2205919.358792,2209228.667167,3309.3083750000224,104388,25000000,,success,1,0,,,8579730
pilot_1790514765259,transfer_N500_c3,0,2026-09-27T13:49:34.911Z,zkSyncTestnet,300,sepolia.era.zksync.dev,transfer,500,3,3620,0x9b4b8ea3ded976f829b03ef8f570e328496181aa5942ae2f8f15f8272fa636d2,2206055.397458,2210638.386125,4582.988667000085,104388,25000000,,success,1,0,,,8579731
pilot_1790514765259,transfer_N500_c3,0,2026-09-27T13:49:35.214Z,zkSyncTestnet,300,sepolia.era.zksync.dev,transfer,500,3,3621,0xf1c5b93131c1245a5804e9d89c627493503e41a18fb08f8398c4a53353ba5052,2206964.482583,2210941.662542,3977.1799590000883,104388,25000000,,success,1,0,,,8579731
pilot_1790514765259,transfer_N500_c3,0,2026-09-27T13:49:38.613Z,zkSyncTestnet,300,sepolia.era.zksync.dev,transfer,500,3,3624,0x71c708f12d9c08713cee9ca07dff2aaddfeb67184cbdbca684b932ece94eaaef,2210941.734625,2214340.654292,3398.919666999951,104388,25000000,,success,1,0,,,8579733
pilot_1790514765259,transfer_N500_c3,0,2026-09-27T13:49:38.677Z,zkSyncTestnet,300,sepolia.era.zksync.dev,transfer,500,3,3622,0x89877433c828ddaaed6fab2472c3d9b1cde88cf7cc640c592ddbf683386e2d41,2209228.743625,2214404.021208,5175.2775829997845,104388,25000000,,success,1,0,,,8579732
pilot_1790514765259,transfer_N500_c3,0,2026-09-27T13:49:38.835Z,zkSyncTestnet,300,sepolia.era.zksync.dev,transfer,500,3,3623,0x90b7bb2af163ef32f5dcb144f1b55d88b8178d8a50922c124e345ae83550b17b,2210638.48125,2214562.648167,3924.166916999966,104382,25000000,,success,1,0,,,8579733
pilot_1790514765259,transfer_N500_c3,0,2026-09-27T13:49:40.491Z,zkSyncTestnet,300,sepolia.era.zksync.dev,transfer,500,3,3625,0x2eb88548b4a5ac572cd343fbdb39c6378370e8c503537382beb1cc26da6bc08f,2214340.755917,2216218.898125,1878.1422079997137,104388,25000000,,success,1,0,,,8579734
pilot_1790514765259,transfer_N500_c3,0,2026-09-27T13:49:40.567Z,zkSyncTestnet,300,sepolia.era.zksync.dev,transfer,500,3,3626,0x4e9b67afe62bdd236d65f0480d25b27d1ae8402fea899fe2c9afa1bfa202496e,2214404.069792,2216294.745875,1890.6760829999112,104388,25000000,,success,1,0,,,8579735
pilot_1790514765259,transfer_N500_c3,0,2026-09-27T13:49:40.734Z,zkSyncTestnet,300,sepolia.era.zksync.dev,transfer,500,3,3627,0x4a287b128960fe88555f2bb1da6192041b06fc7095be2dc1248aede5b51884b6,2214562.679542,2216461.155042,1898.475500000175,104382,25000000,,success,1,0,,,8579735
pilot_1790514765259,transfer_N500_c3,0,2026-09-27T13:49:44.362Z,zkSyncTestnet,300,sepolia.era.zksync.dev,transfer,500,3,3630,0xe47d4bcbf5d58add403606a3ff3036fd19d0b1805ad8563279feeaab05d2b69f,2216461.229167,2220089.503875,3628.2747080000117,104388,25000000,,success,1,0,,,8579736
pilot_1790514765259,transfer_N500_c3,0,2026-09-27T13:49:44.420Z,zkSyncTestnet,300,sepolia.era.zksync.dev,transfer,500,3,3628,0x1db4074b0ac7cd546d8809a392c4aa35b87106bf3404b0b0411cd44f6015e68c,2216218.994167,2220147.401875,3928.407707999926,104382,25000000,,success,1,0,,,8579736
pilot_1790514765259,transfer_N500_c3,0,2026-09-27T13:49:44.722Z,zkSyncTestnet,300,sepolia.era.zksync.dev,transfer,500,3,3629,0x1a198d7636912400403fdfb8d05e294be2ff762ac06d6b43a36c1923ce392f35,2216294.858042,2220449.571917,4154.713875000365,104382,25000000,,success,1,0,,,8579736
pilot_1790514765259,transfer_N500_c3,0,2026-09-27T13:49:47.627Z,zkSyncTestnet,300,sepolia.era.zksync.dev,transfer,500,3,3631,0xf58f8afc8922bb94eabe28e5e53be9b73622d0178fd116e0c8d6384c8d6052e8,2220089.723,2223354.783792,3265.0607919995673,104388,25000000,,success,1,0,,,8579738
pilot_1790514765259,transfer_N500_c3,0,2026-09-27T13:49:48.021Z,zkSyncTestnet,300,sepolia.era.zksync.dev,transfer,500,3,3632,0xb6eb6069543c2e386e65f306d16cc2a2d3845c0b20ce6dfdc960077b4af18635,2220147.450792,2223748.29725,3600.8464579996653,104382,25000000,,success,1,0,,,8579739
pilot_1790514765259,transfer_N500_c3,0,2026-09-27T13:49:49.718Z,zkSyncTestnet,300,sepolia.era.zksync.dev,transfer,500,3,3633,0xa7f0794d7f7a0de069e9fc7fc38b0850fc5c97b3a000afda99a416349b143b3a,2220449.649625,2225445.746375,4996.096750000026,104382,25000000,,success,1,0,,,8579740
pilot_1790514765259,transfer_N500_c3,0,2026-09-27T13:49:50.502Z,zkSyncTestnet,300,sepolia.era.zksync.dev,transfer,500,3,3634,0xaea4500c14c1e2de3c9f653dfa28f1771536baf2a286771d4ec1a639be0e8848,2223354.891375,2226229.601125,2874.7097499999218,104388,25000000,,success,1,0,,,8579741
pilot_1790514765259,transfer_N500_c3,0,2026-09-27T13:49:52.525Z,zkSyncTestnet,300,sepolia.era.zksync.dev,transfer,500,3,3636,0x627ff198d8436d88c9a1d0bc9c55cba5b3a095ef6d93fe9ff21132536aa852d7,2225445.833708,2228252.042958,2806.2092500003055,104382,25000000,,success,1,0,,,8579743
pilot_1790514765259,transfer_N500_c3,0,2026-09-27T13:49:52.755Z,zkSyncTestnet,300,sepolia.era.zksync.dev,transfer,500,3,3635,0x453256743a1c2477a8c83e0d8c470be618a531a034c1f15559613f21dd4d11a8,2223748.374167,2228482.36775,4733.993583000265,104388,25000000,,success,1,0,,,8579742
pilot_1790514765259,transfer_N500_c3,0,2026-09-27T13:49:53.002Z,zkSyncTestnet,300,sepolia.era.zksync.dev,transfer,500,3,3637,0xcb1d1e0bed63a7cf630b9cf144149ab0fe29802fee1a5a0faa9778b75a3babe6,2226229.723,2228729.454833,2499.731832999736,104382,25000000,,success,1,0,,,8579744
pilot_1790514765259,transfer_N500_c3,0,2026-09-27T13:49:56.136Z,zkSyncTestnet,300,sepolia.era.zksync.dev,transfer,500,3,3640,0x5ac6354bf70e0aa24bbd5f5b25ab4735186cb42e23f80081e1407749c247169d,2228729.506167,2231863.126333,3133.620165999979,104382,25000000,,success,1,0,,,8579745
pilot_1790514765259,transfer_N500_c3,0,2026-09-27T13:49:56.140Z,zkSyncTestnet,300,sepolia.era.zksync.dev,transfer,500,3,3638,0xeda2d65baa6b547bbf946d709fdb39e38fbac5ee4d00d71fb56c2ac1cb607acb,2228252.139667,2231867.866167,3615.7264999998733,104382,25000000,,success,1,0,,,8579745
pilot_1790514765259,transfer_N500_c3,0,2026-09-27T13:49:57.197Z,zkSyncTestnet,300,sepolia.era.zksync.dev,transfer,500,3,3639,0x5eab92c1f0555ee684a4aa67461c7e598563a767399452694433d2069d1f9bd0,2228482.441042,2232924.634042,4442.19299999997,104382,25000000,,success,1,0,,,8579745
pilot_1790514765259,transfer_N500_c3,0,2026-09-27T13:49:58.099Z,zkSyncTestnet,300,sepolia.era.zksync.dev,transfer,500,3,3641,0x235935c2fd80e369ef3afc99112768f54dcc7bd3cf9758733611a7246254cd5c,2231863.212333,2233826.995292,1963.7829590002075,104388,25000000,,success,1,0,,,8579746
pilot_1790514765259,transfer_N500_c3,0,2026-09-27T13:49:59.053Z,zkSyncTestnet,300,sepolia.era.zksync.dev,transfer,500,3,3642,0xb9d2ff8dc9eb58d7220f9ed7b1beb0fb08b686beb5763982b443faa440fed108,2231867.889417,2234780.290208,2912.400791000109,104388,25000000,,success,1,0,,,8579747
pilot_1790514765259,transfer_N500_c3,0,2026-09-27T13:50:00.128Z,zkSyncTestnet,300,sepolia.era.zksync.dev,transfer,500,3,3643,0xeb509b5b590823473b1fa0a78f59b4186d8b18bee5d36e66f16b6a8851e348f6,2232924.727458,2235855.443417,2930.7159589999355,104388,25000000,,success,1,0,,,8579748
pilot_1790514765259,transfer_N500_c3,0,2026-09-27T13:50:00.948Z,zkSyncTestnet,300,sepolia.era.zksync.dev,transfer,500,3,3645,0x276d49ae53713cc7f92b80eff4855b9c3ebc21d8335c7b67c089d9f6fddd20ba,2234780.385708,2236675.39925,1895.0135419997387,103950,25000000,,success,1,0,,,8579749
pilot_1790514765259,transfer_N500_c3,0,2026-09-27T13:50:01.449Z,zkSyncTestnet,300,sepolia.era.zksync.dev,transfer,500,3,3644,0xd65ba2691a859b5787a865bf853c93b0c87758e46a09b172aec21d286e85521b,2233827.136208,2237176.4035,3349.2672919998877,104388,25000000,,success,1,0,,,8579749
pilot_1790514765259,transfer_N500_c3,0,2026-09-27T13:50:02.696Z,zkSyncTestnet,300,sepolia.era.zksync.dev,transfer,500,3,3646,0xd8d67fc3414f86af337865b6eb8eafff1d67742a25128b3ff53109e1697585ea,2235855.575625,2238423.321042,2567.7454169997945,104825,25000000,,success,1,0,,,8579750
pilot_1790514765259,transfer_N500_c3,0,2026-09-27T13:50:02.818Z,zkSyncTestnet,300,sepolia.era.zksync.dev,transfer,500,3,3647,0x818abaa82a4747aa493604c4e346873be989a25d09f61e0ade27868e7c1ab7cf,2236675.518208,2238545.632083,1870.113875000272,104388,25000000,,success,1,0,,,8579750
pilot_1790514765259,transfer_N500_c3,0,2026-09-27T13:50:03.375Z,zkSyncTestnet,300,sepolia.era.zksync.dev,transfer,500,3,3648,0xf4e57f2862021a8710479a58a1ba17b8f1ff8ca5c5fce51fe207d6ac0387eb38,2237176.510375,2239102.76575,1926.2553749997169,104382,25000000,,success,1,0,,,8579751
pilot_1790514765259,transfer_N500_c3,0,2026-09-27T13:50:06.450Z,zkSyncTestnet,300,sepolia.era.zksync.dev,transfer,500,3,3650,0xa52ea428dca1eac752ddd73c325e3e03b0bead927429ab090dde010cd612293e,2238545.681958,2242177.08925,3631.407292000018,104388,25000000,,success,1,0,,,8579753
pilot_1790514765259,transfer_N500_c3,0,2026-09-27T13:50:06.680Z,zkSyncTestnet,300,sepolia.era.zksync.dev,transfer,500,3,3649,0x0ad65e88853f93d10859ffd5714487d94ccb6c0f4c5128b04097a2064d651708,2238423.43525,2242407.886583,3984.451332999859,104382,25000000,,success,1,0,,,8579752
pilot_1790514765259,transfer_N500_c3,0,2026-09-27T13:50:07.475Z,zkSyncTestnet,300,sepolia.era.zksync.dev,transfer,500,3,3651,0xfd474a6a631e893d75d4126189b32d9ae81f8701a4826ea054f6fdc4ad81878a,2239102.859333,2243202.340083,4099.480749999639,104388,25000000,,success,1,0,,,8579753
pilot_1790514765259,transfer_N500_c3,0,2026-09-27T13:50:08.541Z,zkSyncTestnet,300,sepolia.era.zksync.dev,transfer,500,3,3652,0x3b5cc0cca5016d0ba0d45508b99d566feb7c893d4a46c6bceb689799303503e9,2242177.180125,2244268.789167,2091.6090420000255,104388,25000000,,success,1,0,,,8579754
pilot_1790514765259,transfer_N500_c3,0,2026-09-27T13:50:08.824Z,zkSyncTestnet,300,sepolia.era.zksync.dev,transfer,500,3,3653,0xca9610f581b1749428d272a3dc5bdd5291832e9c91d937ccffe77fc1b22f5acc,2242407.949042,2244551.787042,2143.837999999989,104382,25000000,,success,1,0,,,8579755
pilot_1790514765259,transfer_N500_c3,0,2026-09-27T13:50:10.352Z,zkSyncTestnet,300,sepolia.era.zksync.dev,transfer,500,3,3654,0x2954198a6edc5d51196d361fb3ba6d6f4912f52050cf41964c4f32dfa768181a,2243202.435042,2246079.83525,2877.4002080000937,104382,25000000,,success,1,0,,,8579756
pilot_1790514765259,transfer_N500_c3,0,2026-09-27T13:50:10.557Z,zkSyncTestnet,300,sepolia.era.zksync.dev,transfer,500,3,3655,0x7ef166eb040c72357aeb6f0daacbdab3a69dc9f324d806951fb965136c84ab60,2244268.963333,2246284.234625,2015.2712920000777,104382,25000000,,success,1,0,,,8579757
pilot_1790514765259,transfer_N500_c3,0,2026-09-27T13:50:11.671Z,zkSyncTestnet,300,sepolia.era.zksync.dev,transfer,500,3,3656,0x049d481116816cff3cf3ec474bf7d956c16b199d6861b89d9d94b53c1aa719bc,2244551.862667,2247398.58025,2846.7175830001943,104388,25000000,,success,1,0,,,8579757
pilot_1790514765259,transfer_N500_c3,0,2026-09-27T13:50:13.209Z,zkSyncTestnet,300,sepolia.era.zksync.dev,transfer,500,3,3657,0x6a7dcfa9e9001382ccb41e79ddb50b91c89a89ccdcecc2ef543fe696f07fb78c,2246079.919083,2248936.467958,2856.548874999862,104388,25000000,,success,1,0,,,8579758
pilot_1790514765259,transfer_N500_c3,0,2026-09-27T13:50:13.467Z,zkSyncTestnet,300,sepolia.era.zksync.dev,transfer,500,3,3658,0xf1a6256065b944a9ad18ffc3c33cd13275072da4e369c7da747924975fe87aa4,2246284.271125,2249194.051958,2909.7808329998516,104388,25000000,,success,1,0,,,8579759
pilot_1790514765259,transfer_N500_c3,0,2026-09-27T13:50:13.751Z,zkSyncTestnet,300,sepolia.era.zksync.dev,transfer,500,3,3659,0xeba656ef49af0ad828b648d0a9ebf5accf57d69a61c27ab1b4a964035dbb3d1c,2247398.66275,2249478.6475,2079.9847499998286,104388,25000000,,success,1,0,,,8579760
pilot_1790514765259,transfer_N500_c3,0,2026-09-27T13:50:15.177Z,zkSyncTestnet,300,sepolia.era.zksync.dev,transfer,500,3,3660,0xb3910c55fbd1e21823263c4abbafc645b0f351a9e5a085fa382cbf5091391e95,2248936.579708,2250904.6955,1968.115791999735,104382,25000000,,success,1,0,,,8579761
pilot_1790514765259,transfer_N500_c3,0,2026-09-27T13:50:16.932Z,zkSyncTestnet,300,sepolia.era.zksync.dev,transfer,500,3,3661,0xa3c88675f4a1ac9d1d330acb4682c1ad1c32f86ff60442388b84633923ea3298,2249194.14325,2252659.2295,3465.086249999702,104382,25000000,,success,1,0,,,8579762
pilot_1790514765259,transfer_N500_c3,0,2026-09-27T13:50:17.125Z,zkSyncTestnet,300,sepolia.era.zksync.dev,transfer,500,3,3662,0x85cdeb41bf49db025e7b6aef82a50e90264fa697602cb012e35956e291f88946,2249478.7415,2252852.592,3373.850500000175,104382,25000000,,success,1,0,,,8579763
pilot_1790514765259,transfer_N500_c3,0,2026-09-27T13:50:18.143Z,zkSyncTestnet,300,sepolia.era.zksync.dev,transfer,500,3,3663,0x1a39bff8c648f2dbc38609dc076050b8da54a93f391212529cfe5a00921727ca,2250904.947417,2253870.95225,2966.0048330002464,104388,25000000,,success,1,0,,,8579764
pilot_1790514765259,transfer_N500_c3,0,2026-09-27T13:50:19.537Z,zkSyncTestnet,300,sepolia.era.zksync.dev,transfer,500,3,3664,0x88d9cf6548ba94c73210821a31bb2c47f96d2ec45ee706b967ae6f7425aaa35b,2252659.306042,2255264.425583,2605.1195409996435,104382,25000000,,success,1,0,,,8579765
pilot_1790514765259,transfer_N500_c3,0,2026-09-27T13:50:19.788Z,zkSyncTestnet,300,sepolia.era.zksync.dev,transfer,500,3,3665,0xac865e35a5c84e5ade2b7b9685f58b13489e886fcf1b299f2ec4cd0a6c8ea383,2252852.703375,2255515.403292,2662.699916999787,104388,25000000,,success,1,0,,,8579766
pilot_1790514765259,transfer_N500_c3,0,2026-09-27T13:50:20.073Z,zkSyncTestnet,300,sepolia.era.zksync.dev,transfer,500,3,3666,0xa5e2770670a69e9c194cc23816081f06e0260655640f206634f9b43ff8c355b2,2253871.123042,2255800.315792,1929.1927499999292,104382,25000000,,success,1,0,,,8579767
pilot_1790514765259,transfer_N500_c3,0,2026-09-27T13:50:21.623Z,zkSyncTestnet,300,sepolia.era.zksync.dev,transfer,500,3,3668,0xfa359028d6cfb3dcaa94380c024cb67523aaaf75cf3bd344623467a25f1b0584,2255515.506625,2257350.551708,1835.045082999859,104382,25000000,,success,1,0,,,8579769
pilot_1790514765259,transfer_N500_c3,0,2026-09-27T13:50:22.125Z,zkSyncTestnet,300,sepolia.era.zksync.dev,transfer,500,3,3667,0xc772a696f68cad18ec3e7147fb4450b250de33849cd1ef81d1c03d2cc3125994,2255264.515,2257852.104958,2587.589957999997,104388,25000000,,success,1,0,,,8579768
pilot_1790514765259,transfer_N500_c3,0,2026-09-27T13:50:23.487Z,zkSyncTestnet,300,sepolia.era.zksync.dev,transfer,500,3,3670,0xa98aff860afe4f1360c5b0c20fdac33ba9c3016d07dc3e12c77de426f11971cf,2257350.630667,2259214.55875,1863.9280829997733,104388,25000000,,success,1,0,,,8579770
pilot_1790514765259,transfer_N500_c3,0,2026-09-27T13:50:23.954Z,zkSyncTestnet,300,sepolia.era.zksync.dev,transfer,500,3,3669,0xebe844b91b2a910b9c8fbec2c01829b03f99d5406f35405a73ea8760f1c19605,2255800.399417,2259681.591083,3881.191666000057,104388,25000000,,success,1,0,,,8579770
pilot_1790514765259,transfer_N500_c3,0,2026-09-27T13:50:24.797Z,zkSyncTestnet,300,sepolia.era.zksync.dev,transfer,500,3,3671,0x4396658fccb949e91acdb0b855b496db7ac13721fe1293853834f3ecb48b7f44,2257852.203792,2260524.170042,2671.96624999959,104388,25000000,,success,1,0,,,8579771
pilot_1790514765259,transfer_N500_c3,0,2026-09-27T13:50:25.593Z,zkSyncTestnet,300,sepolia.era.zksync.dev,transfer,500,3,3672,0xe2f173b3572d177ce04635d64dd0506bb68f093874a443808bc61b1e14f5673b,2259214.645917,2261320.861875,2106.2159580001608,104382,25000000,,success,1,0,,,8579772
pilot_1790514765259,transfer_N500_c3,0,2026-09-27T13:50:26.428Z,zkSyncTestnet,300,sepolia.era.zksync.dev,transfer,500,3,3673,0x74ec759ec6aae19bf6120f1facbe96928d8aaf206c92e522ccc901d26f496919,2259681.661292,2262155.661417,2474.0001249997877,104388,25000000,,success,1,0,,,8579773
pilot_1790514765259,transfer_N500_c3,0,2026-09-27T13:50:27.608Z,zkSyncTestnet,300,sepolia.era.zksync.dev,transfer,500,3,3674,0x3918b130305f46bc80f59f0912c24233f3b7f68421d4c8c63278291adad7eaf5,2260524.327125,2263335.888,2811.5608749999665,104388,25000000,,success,1,0,,,8579774
pilot_1790514765259,transfer_N500_c3,0,2026-09-27T13:50:27.619Z,zkSyncTestnet,300,sepolia.era.zksync.dev,transfer,500,3,3675,0xf4d12c6c26b83e27ba79eb0fa474752a15bd3f5eaa9dab8644f00ba6ac7884af,2261320.961417,2263346.949958,2025.988541000057,104455,25000000,,success,1,0,,,8579775
pilot_1790514765259,transfer_N500_c3,0,2026-09-27T13:50:28.421Z,zkSyncTestnet,300,sepolia.era.zksync.dev,transfer,500,3,3676,0x1070f83c19340a5052e44476aaf666b0a6d52d62d5b8fe8a1b29012cacfef7eb,2262155.77125,2264148.647167,1992.8759169997647,104382,25000000,,success,1,0,,,8579776
pilot_1790514765259,transfer_N500_c3,0,2026-09-27T13:50:30.221Z,zkSyncTestnet,300,sepolia.era.zksync.dev,transfer,500,3,3678,0x4b01278962b51bfc2fafbdc354e1821496938671ddcc277c9d5d4f2cd47dc2c8,2263347.005583,2265948.081583,2601.0759999998845,104382,25000000,,success,1,0,,,8579777
pilot_1790514765259,transfer_N500_c3,0,2026-09-27T13:50:30.290Z,zkSyncTestnet,300,sepolia.era.zksync.dev,transfer,500,3,3679,0x9f6d78568b5a2c015165d525a06a5f32517cfc0302485840873f01c788b62982,2264148.734167,2266017.810667,1869.0764999999665,104388,25000000,,success,1,0,,,8579777
pilot_1790514765259,transfer_N500_c3,0,2026-09-27T13:50:31.958Z,zkSyncTestnet,300,sepolia.era.zksync.dev,transfer,500,3,3677,0x2d9c4a3e22011112855acd1ebbc6d0542adb7eaf5ef6ebbdd61521bf6d43ec97,2263335.991458,2267686.00775,4350.016291999724,104388,25000000,,success,1,0,,,8579777
pilot_1790514765259,transfer_N500_c3,0,2026-09-27T13:50:33.104Z,zkSyncTestnet,300,sepolia.era.zksync.dev,transfer,500,3,3680,0x3b27c236fb27c1f00cd3ca79e56dda9222b72d8031ca0458a2b0bda666f509d4,2265948.181083,2268831.375125,2883.1940419999883,104382,25000000,,success,1,0,,,8579779
pilot_1790514765259,transfer_N500_c3,0,2026-09-27T13:50:34.714Z,zkSyncTestnet,300,sepolia.era.zksync.dev,transfer,500,3,3682,0xbef0307c42ee33abcb641debb30ae6468177baaf3115d8408df006f9a2df21b9,2267686.086958,2270441.870042,2755.783083999995,104388,25000000,,success,1,0,,,8579780
pilot_1790514765259,transfer_N500_c3,0,2026-09-27T13:50:34.941Z,zkSyncTestnet,300,sepolia.era.zksync.dev,transfer,500,3,3681,0x1ffb8c3dcf624337678abd82ade797bc42c0b57bda5e8065a2c038901e498a58,2266017.863583,2270668.5545,4650.6909170001745,104382,25000000,,success,1,0,,,8579780
pilot_1790514765259,transfer_N500_c3,0,2026-09-27T13:50:38.061Z,zkSyncTestnet,300,sepolia.era.zksync.dev,transfer,500,3,3683,0xb4eea3c5b34e90605db96dc1998d0803bf9434e305887477e2e52dc34adeb9e3,2268831.471208,2273788.808167,4957.336958999746,104269,25000000,,success,1,0,,,8579782
pilot_1790514765259,transfer_N500_c3,0,2026-09-27T13:50:39.121Z,zkSyncTestnet,300,sepolia.era.zksync.dev,transfer,500,3,3684,0xe4667ce61120cd2491ad303373452684ea382ed21df32d4fb2b2412dc648030f,2270441.947125,2274848.351708,4406.404583000112,104388,25000000,,success,1,0,,,8579783
pilot_1790514765259,transfer_N500_c3,0,2026-09-27T13:50:40.005Z,zkSyncTestnet,300,sepolia.era.zksync.dev,transfer,500,3,3686,0x46f19fee0686b892d67513bf6e6be987fb2fb3d0d45ba471cb55a90fe2caf33e,2273788.876792,2275732.035833,1943.1590410000645,104388,25000000,,success,1,0,,,8579784
pilot_1790514765259,transfer_N500_c3,0,2026-09-27T13:50:40.441Z,zkSyncTestnet,300,sepolia.era.zksync.dev,transfer,500,3,3685,0xcb29b5d943dcc5f4ab300a574e330fe7181ef18f17702c6f5c54b4424c131cf2,2270668.635667,2276168.478875,5499.843208000064,104388,25000000,,success,1,0,,,8579784
pilot_1790514765259,transfer_N500_c3,0,2026-09-27T13:50:41.877Z,zkSyncTestnet,300,sepolia.era.zksync.dev,transfer,500,3,3688,0xfd12e6a52057bb962952a1087ee78da4dd5495ce1cd9d5ae968deb1437425bf1,2275732.11025,2277604.565625,1872.4553749999031,104382,25000000,,success,1,0,,,8579785
pilot_1790514765259,transfer_N500_c3,0,2026-09-27T13:50:42.393Z,zkSyncTestnet,300,sepolia.era.zksync.dev,transfer,500,3,3689,0xa30c3e74ddb635aec14b572711e6d07432cd6a052da36234dd593c9655cdcf25,2276168.569042,2278120.1965,1951.62745800009,104382,25000000,,success,1,0,,,8579786
pilot_1790514765259,transfer_N500_c3,0,2026-09-27T13:50:42.956Z,zkSyncTestnet,300,sepolia.era.zksync.dev,transfer,500,3,3687,0x6e45eb3e0c4985841f2589b14bebbaff8c7b7d1c2cfaa3a7fc9ce3122e44bfdf,2274848.4145,2278683.708667,3835.294166999869,104382,25000000,,success,1,0,,,8579785
pilot_1790514765259,transfer_N500_c3,0,2026-09-27T13:50:45.541Z,zkSyncTestnet,300,sepolia.era.zksync.dev,transfer,500,3,3690,0x0482ba9ef95b90dd39f1f0c8705228d512871eaa72b8d4e75480f0e89899a97a,2277604.674333,2281268.773917,3664.0995839997195,104382,25000000,,success,1,0,,,8579788
pilot_1790514765259,transfer_N500_c3,0,2026-09-27T13:50:45.936Z,zkSyncTestnet,300,sepolia.era.zksync.dev,transfer,500,3,3691,0xabcd5cf9199434b413a37011b95349314bdcad4e69a6e385903b95d27854bb5a,2278120.306833,2281663.242833,3542.93600000022,104382,25000000,,success,1,0,,,8579788
pilot_1790514765259,transfer_N500_c3,0,2026-09-27T13:50:46.761Z,zkSyncTestnet,300,sepolia.era.zksync.dev,transfer,500,3,3692,0x4d63e0f8c50d6f7708dc74ee3230ff1fb9ab01207a74ccb9dd11d2e2eaa60e5d,2278683.774583,2282488.754333,3804.9797499999404,104382,25000000,,success,1,0,,,8579789
pilot_1790514765259,transfer_N500_c3,0,2026-09-27T13:50:47.546Z,zkSyncTestnet,300,sepolia.era.zksync.dev,transfer,500,3,3693,0x8f239b3b5523ba42614f75b4b90aa475e970a2941f555b17acca2dd347706591,2281268.875417,2283273.338083,2004.462665999774,104382,25000000,,success,1,0,,,8579791
pilot_1790514765259,transfer_N500_c3,0,2026-09-27T13:50:47.818Z,zkSyncTestnet,300,sepolia.era.zksync.dev,transfer,500,3,3694,0x43be6629a8daf029622a08c7484abc94ad7ea3238863138f55e77e456c5215ea,2281663.328542,2283545.765042,1882.436499999836,104388,25000000,,success,1,0,,,8579792
pilot_1790514765259,transfer_N500_c3,0,2026-09-27T13:50:49.514Z,zkSyncTestnet,300,sepolia.era.zksync.dev,transfer,500,3,3695,0xe3cd2c2a7ae0c40d61e715e4ef11628b48de1ab841effb676289d6dc26134b0a,2282488.826042,2285241.87675,2753.050707999617,104388,25000000,,success,1,0,,,8579793
pilot_1790514765259,transfer_N500_c3,0,2026-09-27T13:50:50.110Z,zkSyncTestnet,300,sepolia.era.zksync.dev,transfer,500,3,3696,0xeea131e13c0be0c04706f3ac3fd8193854a49bc640efe05292a84d80643b433f,2283273.445083,2285837.894083,2564.4489999995567,104388,25000000,,success,1,0,,,8579794
pilot_1790514765259,transfer_N500_c3,0,2026-09-27T13:50:50.994Z,zkSyncTestnet,300,sepolia.era.zksync.dev,transfer,500,3,3697,0xbf09e7156ea7a434f6d44f0970432db9fd267ecc634f2e753834881cce9f612b,2283545.831833,2286721.852833,3176.0210000001825,104382,25000000,,success,1,0,,,8579795
pilot_1790514765259,transfer_N500_c3,0,2026-09-27T13:50:51.471Z,zkSyncTestnet,300,sepolia.era.zksync.dev,transfer,500,3,3698,0x658416f9ae5f0c1b7e0edc02186e5215adcacd248293c1bff654fefe0c9dcd09,2285241.969708,2287198.451583,1956.4818750000559,104382,25000000,,success,1,0,,,8579796
pilot_1790514765259,transfer_N500_c3,0,2026-09-27T13:50:52.052Z,zkSyncTestnet,300,sepolia.era.zksync.dev,transfer,500,3,3699,0xfb953c3418499e6b89e5b81bd40988f443b1b29e56dce5b872af48dc7f93d367,2285837.983417,2287779.816917,1941.8334999997169,104382,25000000,,success,1,0,,,8579797
pilot_1790514765259,transfer_N500_c3,0,2026-09-27T13:50:53.654Z,zkSyncTestnet,300,sepolia.era.zksync.dev,transfer,500,3,3700,0x622cb4c7b67596d09841de8e17c535030802ca8d602717555b51430ec59b3565,2286721.923125,2289381.177125,2659.2539999997243,104388,25000000,,success,1,0,,,8579798
pilot_1790514765259,transfer_N500_c3,0,2026-09-27T13:50:53.810Z,zkSyncTestnet,300,sepolia.era.zksync.dev,transfer,500,3,3701,0xbf67b02f5a0ba3331aa0134a32a3123402f39972f15fe6f6d3b7708bff127db4,2287198.53525,2289537.319875,2338.7846249998547,104388,25000000,,success,1,0,,,8579799
pilot_1790514765259,transfer_N500_c3,0,2026-09-27T13:50:54.888Z,zkSyncTestnet,300,sepolia.era.zksync.dev,transfer,500,3,3702,0xcb2bcaf080086cf074ccf082f5d5b850b5a2b6d848a63b1e0a1f34d5110f7a3d,2287780.033958,2290615.901792,2835.867833999917,104382,25000000,,success,1,0,,,8579799
pilot_1790514765259,transfer_N500_c3,0,2026-09-27T13:50:56.521Z,zkSyncTestnet,300,sepolia.era.zksync.dev,transfer,500,3,3703,0x51a7c4b1e60545b3db35d1bf705230267811aff527953bec214b37c26520fe2a,2289381.280375,2292248.384458,2867.104082999751,104388,25000000,,success,1,0,,,8579800
pilot_1790514765259,transfer_N500_c3,0,2026-09-27T13:50:57.963Z,zkSyncTestnet,300,sepolia.era.zksync.dev,transfer,500,3,3704,0x4e35307ff9bd5d8a0f52b8677d8905fae5a75f6310a300059a38c8e9529f42d9,2289537.371375,2293690.074292,4152.702916999813,104388,25000000,,success,1,0,,,8579801
pilot_1790514765259,transfer_N500_c3,0,2026-09-27T13:50:58.827Z,zkSyncTestnet,300,sepolia.era.zksync.dev,transfer,500,3,3705,0x975e9c5c30690a5792ddab3eeeff6f0405d86e13928932b3882fef6986411177,2290615.973,2294554.298667,3938.32566699991,104388,25000000,,success,1,0,,,8579802
pilot_1790514765259,transfer_N500_c3,0,2026-09-27T13:50:59.063Z,zkSyncTestnet,300,sepolia.era.zksync.dev,transfer,500,3,3706,0x85cbd8ddb7408958b7d5a2ca8ad1ce1f77046fe6ae987d88f10b887683d64dde,2292248.478333,2294790.695875,2542.217542000115,104388,25000000,,success,1,0,,,8579803
pilot_1790514765259,transfer_N500_c3,0,2026-09-27T13:50:59.893Z,zkSyncTestnet,300,sepolia.era.zksync.dev,transfer,500,3,3707,0xab53ab57b07413cc1bc734958e09067e30531dd935a468e5a12b4a59ba0a0e50,2293690.167917,2295620.452125,1930.2842079997063,104388,25000000,,success,1,0,,,8579804
pilot_1790514765259,transfer_N500_c3,0,2026-09-27T13:51:00.978Z,zkSyncTestnet,300,sepolia.era.zksync.dev,transfer,500,3,3709,0xc470fd8c9a9d9f90eb8589ef656ccc0a522234d013cda050ee2e1ae451de858d,2294790.829208,2296705.677333,1914.8481250000186,104382,25000000,,success,1,0,,,8579806
pilot_1790514765259,transfer_N500_c3,0,2026-09-27T13:51:01.588Z,zkSyncTestnet,300,sepolia.era.zksync.dev,transfer,500,3,3708,0xd840b781c15de8081dee14d7c06ce5f46203aeb148cb5b474b04df81dabf146b,2294554.391375,2297315.375792,2760.984416999854,104388,25000000,,success,1,0,,,8579805
pilot_1790514765259,transfer_N500_c3,0,2026-09-27T13:51:01.825Z,zkSyncTestnet,300,sepolia.era.zksync.dev,transfer,500,3,3710,0x3491eec2f53bef23438aea5c549dd17d527f833f04a25cab2fc22327c9b42828,2295620.5745,2297552.108958,1931.5344579997472,104382,25000000,,success,1,0,,,8579807
pilot_1790514765259,transfer_N500_c3,0,2026-09-27T13:51:03.511Z,zkSyncTestnet,300,sepolia.era.zksync.dev,transfer,500,3,3711,0xfbd93de226ae7d03fff141522a7a8c7c52ce34ac248f855fd507fb4ca4b4a855,2296705.782667,2299238.710083,2532.9274160000496,104388,25000000,,success,1,0,,,8579808
pilot_1790514765259,transfer_N500_c3,0,2026-09-27T13:51:03.515Z,zkSyncTestnet,300,sepolia.era.zksync.dev,transfer,500,3,3712,0x4b9e1f584e0a56ca190943b9802521e24e21b094b4a63c7eb9ed60ba92b81e17,2297315.429625,2299243.004333,1927.5747080002911,104388,25000000,,success,1,0,,,8579808
pilot_1790514765259,transfer_N500_c3,0,2026-09-27T13:51:04.560Z,zkSyncTestnet,300,sepolia.era.zksync.dev,transfer,500,3,3713,0x4791cd0119f86a7b5c8f870a88a73de0cfb7565690f3a5c579ac21e7ffbc83ef,2297552.30875,2300287.44025,2735.131500000134,104382,25000000,,success,1,0,,,8579809
pilot_1790514765259,transfer_N500_c3,0,2026-09-27T13:51:06.199Z,zkSyncTestnet,300,sepolia.era.zksync.dev,transfer,500,3,3714,0xf8a2ebb08c8409f01805ccbf56da0d6c6dd960d7c45fa055f97f8d9d8e9f83d3,2299238.824,2301926.240292,2687.4162920000963,104388,25000000,,success,1,0,,,8579810
pilot_1790514765259,transfer_N500_c3,0,2026-09-27T13:51:06.503Z,zkSyncTestnet,300,sepolia.era.zksync.dev,transfer,500,3,3715,0x16449cbdc46e8bf7b52a454d87e22804860d0fd035710f3ca48192b80db07ea2,2299243.022875,2302230.820333,2987.7974580000155,104382,25000000,,success,1,0,,,8579811
pilot_1790514765259,transfer_N500_c3,0,2026-09-27T13:51:07.255Z,zkSyncTestnet,300,sepolia.era.zksync.dev,transfer,500,3,3716,0x95296cac7d2fde79358523f3ee8c3c8f73ba7c484da01f7ea19e0bca7f665204,2300287.5285,2302982.097167,2694.5686670001596,104382,25000000,,success,1,0,,,8579812
pilot_1790514765259,transfer_N500_c3,0,2026-09-27T13:51:08.100Z,zkSyncTestnet,300,sepolia.era.zksync.dev,transfer,500,3,3717,0x1830b578879a45f2e90d22fc2eb1c46804d8e2276af730e178a63fb1818245d0,2301926.351917,2303827.700333,1901.348416000139,104388,25000000,,success,1,0,,,8579813
pilot_1790514765259,transfer_N500_c3,0,2026-09-27T13:51:08.380Z,zkSyncTestnet,300,sepolia.era.zksync.dev,transfer,500,3,3718,0x2353d32a8e61679653a072399fb09ecb8bdf9e22e5dd3a4c3d7d326d5a0f70fd,2302230.884292,2304107.8915,1877.0072079999372,104388,25000000,,success,1,0,,,8579814
pilot_1790514765259,transfer_N500_c3,0,2026-09-27T13:51:10.851Z,zkSyncTestnet,300,sepolia.era.zksync.dev,transfer,500,3,3719,0xf17ddc71e481dbbdf2e6858bc1ed0aacac31489966c350e5f8f0da49ac2f1a52,2302982.199458,2306578.738083,3596.5386250000447,104388,25000000,,success,1,0,,,8579815
pilot_1790514765259,transfer_N500_c3,0,2026-09-27T13:51:11.117Z,zkSyncTestnet,300,sepolia.era.zksync.dev,transfer,500,3,3720,0xc1099d1d11f60320ceb9c48b82969b128400953b7edc114fe454c1ad44a22886,2303827.819458,2306844.516667,3016.697209000122,104382,25000000,,success,1,0,,,8579816
pilot_1790514765259,transfer_N500_c3,0,2026-09-27T13:51:11.132Z,zkSyncTestnet,300,sepolia.era.zksync.dev,transfer,500,3,3721,0x994d72da9bd899d2fca55a51d83b849cf99457f9df6502504333637774752306,2304107.999,2306859.719417,2751.7204170003533,104382,25000000,,success,1,0,,,8579816
pilot_1790514765259,transfer_N500_c3,0,2026-09-27T13:51:12.948Z,zkSyncTestnet,300,sepolia.era.zksync.dev,transfer,500,3,3722,0xd7b7011cde72b1706ddfc3d8116d8447d1f3fafada80fd16965a949768360f7a,2306578.835833,2308675.083,2096.2471670000814,104382,25000000,,success,1,0,,,8579817
pilot_1790514765259,transfer_N500_c3,0,2026-09-27T13:51:13.017Z,zkSyncTestnet,300,sepolia.era.zksync.dev,transfer,500,3,3723,0x7b6ca02230d09a91ae79e83eb3a8c601a419b3f14c3f60a6c9b874b9240154b5,2306844.600958,2308744.683542,1900.0825840001926,104382,25000000,,success,1,0,,,8579818
pilot_1790514765259,transfer_N500_c3,0,2026-09-27T13:51:14.830Z,zkSyncTestnet,300,sepolia.era.zksync.dev,transfer,500,3,3725,0x08b67bf97cdb21c750a3da662c0c9901fdbf821a506daf547f9e5e24cfd5f603,2308675.157083,2310557.513,1882.3559169997461,104388,25000000,,success,1,0,,,8579820
pilot_1790514765259,transfer_N500_c3,0,2026-09-27T13:51:15.267Z,zkSyncTestnet,300,sepolia.era.zksync.dev,transfer,500,3,3724,0xc38e324b95957545771ef46bd8a7611879952ea40520ae1d3a93c2597ba5291d,2306859.752417,2310994.147708,4134.395291000139,104382,25000000,,success,1,0,,,8579819
pilot_1790514765259,transfer_N500_c3,0,2026-09-27T13:51:15.853Z,zkSyncTestnet,300,sepolia.era.zksync.dev,transfer,500,3,3726,0x06df07b3a2c1b248a65cf6ae02b328dcb08fa73417be4bb358f806f372be4423,2308744.788667,2311581.030083,2836.2414160002954,104388,25000000,,success,1,0,,,8579821
pilot_1790514765259,transfer_N500_c3,0,2026-09-27T13:51:17.210Z,zkSyncTestnet,300,sepolia.era.zksync.dev,transfer,500,3,3728,0x30a10b99f2eef04309e4f5de8076992779822df0921add90d70e82f421cd078c,2310994.22525,2312937.506708,1943.2814579997212,104388,25000000,,success,1,0,,,8579823
pilot_1790514765259,transfer_N500_c3,0,2026-09-27T13:51:17.683Z,zkSyncTestnet,300,sepolia.era.zksync.dev,transfer,500,3,3727,0xab2f9aad8b2bddd9e9f9bac0a57b4e8831c1f6eaef7caa81197b3bae3f2782dd,2310557.639667,2313410.529292,2852.889624999836,104388,25000000,,success,1,0,,,8579822
pilot_1790514765259,transfer_N500_c3,0,2026-09-27T13:51:19.266Z,zkSyncTestnet,300,sepolia.era.zksync.dev,transfer,500,3,3730,0x3a741826f6d660d1c45c6e6dd301bb5b58b95faa418e63a10eca3d4b4476814b,2312937.681292,2314993.492667,2055.8113749995828,104382,25000000,,success,1,0,,,8579825
pilot_1790514765259,transfer_N500_c3,0,2026-09-27T13:51:19.488Z,zkSyncTestnet,300,sepolia.era.zksync.dev,transfer,500,3,3729,0x5310b10a6bad77d3ab66eae2477a8b5658ce2c0be79d895c6eac04de1f64d14d,2311581.151292,2315215.588917,3634.4376250002533,104382,25000000,,success,1,0,,,8579824
pilot_1790514765259,transfer_N500_c3,0,2026-09-27T13:51:20.333Z,zkSyncTestnet,300,sepolia.era.zksync.dev,transfer,500,3,3731,0xab788879add4bc63d4a9cb20b13c7c4ff79047304b4a1981489cbf257c366ccd,2313410.617083,2316060.99175,2650.3746670000255,104382,25000000,,success,1,0,,,8579825
pilot_1790514765259,transfer_N500_c3,0,2026-09-27T13:51:21.196Z,zkSyncTestnet,300,sepolia.era.zksync.dev,transfer,500,3,3732,0x1653154bb18cea4eae700dd9208d5a0f40cadc54ecead1165b86712cd9903e18,2314993.634792,2316923.811125,1930.1763329999521,104388,25000000,,success,1,0,,,8579826
pilot_1790514765259,transfer_N500_c3,0,2026-09-27T13:51:21.912Z,zkSyncTestnet,300,sepolia.era.zksync.dev,transfer,500,3,3733,0x3e253a8e19d03388d7c5f44e6ff7f4b8baf4fca3b3528ef8ace7beac2e76bb2c,2315215.64675,2317639.368833,2423.7220830000006,104382,25000000,,success,1,0,,,8579827
pilot_1790514765259,transfer_N500_c3,0,2026-09-27T13:51:22.186Z,zkSyncTestnet,300,sepolia.era.zksync.dev,transfer,500,3,3734,0x8eb274ad1e9ce9c8e5acccd35a6a89f5aacfc1967327df86ec68025a4ca4414a,2316061.157875,2317913.941,1852.7831250000745,104382,25000000,,success,1,0,,,8579828
pilot_1790514765259,transfer_N500_c3,0,2026-09-27T13:51:23.174Z,zkSyncTestnet,300,sepolia.era.zksync.dev,transfer,500,3,3735,0xe15b27a7943f7cf1455c8b3562f3918a1a93c4940c6e4fec1dde146c24ae6ec9,2316923.902417,2318901.591542,1977.6891250000335,104382,25000000,,success,1,0,,,8579829
pilot_1790514765259,transfer_N500_c3,0,2026-09-27T13:51:23.862Z,zkSyncTestnet,300,sepolia.era.zksync.dev,transfer,500,3,3736,0x2e991b9b0026e59aec5d8ae8e285de7fb1a175c3f1ceb00317dc2c336732b1c3,2317639.553,2319589.618,1950.0649999999441,104382,25000000,,success,1,0,,,8579830
pilot_1790514765259,transfer_N500_c3,0,2026-09-27T13:51:24.184Z,zkSyncTestnet,300,sepolia.era.zksync.dev,transfer,500,3,3737,0xd2512b228a4f14b869316c1fbd1a6ef1d1b08ad4b47952da08f3fc2716922624,2317914.033083,2319911.607917,1997.5748339998536,104382,25000000,,success,1,0,,,8579831
pilot_1790514765259,transfer_N500_c3,0,2026-09-27T13:51:26.114Z,zkSyncTestnet,300,sepolia.era.zksync.dev,transfer,500,3,3738,0x680c68bb6c1a34e0f3a59a1cd75f0a0784b991b6914625ecdbd4cf0f57982f5d,2318901.684625,2321841.387583,2939.7029579998925,104382,25000000,,success,1,0,,,8579832
pilot_1790514765259,transfer_N500_c3,0,2026-09-27T13:51:26.335Z,zkSyncTestnet,300,sepolia.era.zksync.dev,transfer,500,3,3739,0xf93ffabf9b9ab4d4b53eb8eb702fa843273c65dbc6405dd8d37340c841c911cc,2319589.718833,2322062.747292,2473.0284589999355,104382,25000000,,success,1,0,,,8579832
pilot_1790514765259,transfer_N500_c3,0,2026-09-27T13:51:27.370Z,zkSyncTestnet,300,sepolia.era.zksync.dev,transfer,500,3,3740,0x6d656b1f77470ada9ec08931cf3219c24f18b0ae7adf8ff6b2b14fca40cef750,2319911.713875,2323097.368542,3185.6546670002863,104388,25000000,,success,1,0,,,8579833
pilot_1790514765259,transfer_N500_c3,0,2026-09-27T13:51:28.803Z,zkSyncTestnet,300,sepolia.era.zksync.dev,transfer,500,3,3741,0x4127217b0bd7a52c21b113a8e4248d29e2153f98f6ead3985ce25784b9f12342,2321841.479458,2324530.566458,2689.086999999825,104382,25000000,,success,1,0,,,8579834
pilot_1790514765259,transfer_N500_c3,0,2026-09-27T13:51:29.292Z,zkSyncTestnet,300,sepolia.era.zksync.dev,transfer,500,3,3743,0xa3bcff1f251e0f6f07c89370f25da8585bd3d371cd8d66310abc1491475bf8e5,2323097.542125,2325019.085833,1921.5437079998665,104388,25000000,,success,1,0,,,8579836
pilot_1790514765259,transfer_N500_c3,0,2026-09-27T13:51:29.801Z,zkSyncTestnet,300,sepolia.era.zksync.dev,transfer,500,3,3742,0x3d6ec8fdf5346aa166e949287e384dfe4a5460240469e43ff1b37f2f75349cf0,2322062.953917,2325528.990042,3466.0361250001006,104382,25000000,,success,1,0,,,8579835
pilot_1790514765259,transfer_N500_c3,0,2026-09-27T13:51:30.793Z,zkSyncTestnet,300,sepolia.era.zksync.dev,transfer,500,3,3744,0x22cab0ae8c10985e5f2a532b7defb759641dfac9ad0e945407b6a51912a0f242,2324530.6585,2326520.20525,1989.5467500002123,104388,25000000,,success,1,0,,,8579837
pilot_1790514765259,transfer_N500_c3,0,2026-09-27T13:51:32.114Z,zkSyncTestnet,300,sepolia.era.zksync.dev,transfer,500,3,3745,0x085d85890b4bf2ac825ae9abd5759aa57503e552a85db7f9cd89ffd59a7cbfd9,2325019.181917,2327841.912917,2822.7309999996796,104382,25000000,,success,1,0,,,8579838
pilot_1790514765259,transfer_N500_c3,0,2026-09-27T13:51:32.705Z,zkSyncTestnet,300,sepolia.era.zksync.dev,transfer,500,3,3747,0xa34a558360c670606c6ca3fa33bac4eeea4741ecf5199e16ab2183e91ab27db6,2326520.291958,2328432.375125,1912.0831669997424,104382,25000000,,success,1,0,,,8579839
pilot_1790514765259,transfer_N500_c3,0,2026-09-27T13:51:33.119Z,zkSyncTestnet,300,sepolia.era.zksync.dev,transfer,500,3,3746,0x938da37376fd1e2bca37dd948137060fd51b82a19a1d1dac67b866e701921d81,2325529.144375,2328846.189042,3317.044666999951,104382,25000000,,success,1,0,,,8579839
pilot_1790514765259,transfer_N500_c3,0,2026-09-27T13:51:34.510Z,zkSyncTestnet,300,sepolia.era.zksync.dev,transfer,500,3,3748,0x6725b388f7d79cbee035a1bdbc10f0c9f9f5ba20d1421ef518bab5b8e552e4c9,2327841.997792,2330237.617833,2395.620041000191,104382,25000000,,success,1,0,,,8579840
pilot_1790514765259,transfer_N500_c3,0,2026-09-27T13:51:36.312Z,zkSyncTestnet,300,sepolia.era.zksync.dev,transfer,500,3,3749,0x995462e72cceba877a6dfb70d3ff52aa3b5a9e454016c87ed7ca94e54e27c3b3,2328432.468875,2332039.700292,3607.2314170002937,104382,25000000,,success,1,0,,,8579841
pilot_1790514765259,transfer_N500_c3,0,2026-09-27T13:51:36.535Z,zkSyncTestnet,300,sepolia.era.zksync.dev,transfer,500,3,3750,0xb0ffad19d6520df7caf263b25c995e128555aa2ced449320f7065252066fa55e,2328846.302625,2332262.161583,3415.8589579998516,104382,25000000,,success,1,0,,,8579841
pilot_1790514765259,transfer_N500_c3,0,2026-09-27T13:51:36.539Z,zkSyncTestnet,300,sepolia.era.zksync.dev,transfer,500,3,3751,0x3558bc08ea73dd77322bbebd48cdcf8e6e2c11bef01e55dac16f22bde4ad1fee,2330237.720958,2332266.129,2028.408042000141,104388,25000000,,success,1,0,,,8579841
pilot_1790514765259,transfer_N500_c3,0,2026-09-27T13:51:38.214Z,zkSyncTestnet,300,sepolia.era.zksync.dev,transfer,500,3,3752,0xab2312af8662600c47db2941c0a73da8ad703706a9835642151567df8abdc3da,2332039.824667,2333941.528667,1901.7039999999106,104382,25000000,,success,1,0,,,8579842
pilot_1790514765259,transfer_N500_c3,0,2026-09-27T13:51:38.636Z,zkSyncTestnet,300,sepolia.era.zksync.dev,transfer,500,3,3753,0xe2f743e1b95d2f09ac561d3cc26db8a3af0027a65781b6575eb7b5b4cbf13ba5,2332262.199708,2334363.745708,2101.5460000000894,104382,25000000,,success,1,0,,,8579843
pilot_1790514765259,transfer_N500_c3,0,2026-09-27T13:51:39.942Z,zkSyncTestnet,300,sepolia.era.zksync.dev,transfer,500,3,3754,0xbfe4749c128ad072b85d3f9c87fa81dc002473db7b05ed97429baa1e5609feee,2332266.158292,2335669.549167,3403.390875000041,104388,25000000,,success,1,0,,,8579844
pilot_1790514765259,transfer_N500_c3,0,2026-09-27T13:51:40.206Z,zkSyncTestnet,300,sepolia.era.zksync.dev,transfer,500,3,3755,0x24256dd561d833cc3b05f7caa53e8947d63733786a7b0f5b5d9158a6f957cd20,2333941.649625,2335933.760167,1992.1105419998057,104388,25000000,,success,1,0,,,8579845
pilot_1790514765259,transfer_N500_c3,0,2026-09-27T13:51:40.515Z,zkSyncTestnet,300,sepolia.era.zksync.dev,transfer,500,3,3756,0x420e77b6a14e1fdcd2737326381b7e6ccc04b5395677206c9cb475e1e77b721d,2334363.873875,2336242.25225,1878.3783749998547,104382,25000000,,success,1,0,,,8579846
pilot_1790514765259,transfer_N500_c3,0,2026-09-27T13:51:42.196Z,zkSyncTestnet,300,sepolia.era.zksync.dev,transfer,500,3,3758,0x76f65764a9fcdfff9738f21550d8e4230680b050f70f4fa3a6b34cbaa4ecbcf0,2335933.827292,2337923.790542,1989.9632500000298,104388,25000000,,success,1,0,,,8579848
pilot_1790514765259,transfer_N500_c3,0,2026-09-27T13:51:42.447Z,zkSyncTestnet,300,sepolia.era.zksync.dev,transfer,500,3,3759,0x2f0266fdeb0e30e1e3d28ecd1137c6d31d6b2b6adf2b3d0be5847be9b7aeb90c,2336242.333167,2338174.171292,1931.8381249997765,104388,25000000,,success,1,0,,,8579849
pilot_1790514765259,transfer_N500_c3,0,2026-09-27T13:51:42.564Z,zkSyncTestnet,300,sepolia.era.zksync.dev,transfer,500,3,3757,0x4b5dffe045e1aad6cff3a525422ca0a6ae314e92c428b69356095ef93e4771aa,2335669.639292,2338291.811375,2622.172083000187,104388,25000000,,success,1,0,,,8579847
pilot_1790514765259,transfer_N500_c3,0,2026-09-27T13:51:45.175Z,zkSyncTestnet,300,sepolia.era.zksync.dev,transfer,500,3,3760,0x8dd9f39e7db4b59cf5ec318a95f094804795f493d30529c804e987e10adc5960,2337923.885083,2340902.512417,2978.6273339996114,104388,25000000,,success,1,0,,,8579850
pilot_1790514765259,transfer_N500_c3,0,2026-09-27T13:51:46.501Z,zkSyncTestnet,300,sepolia.era.zksync.dev,transfer,500,3,3761,0xeaa4c547908c50b842ba21e7a99ff4248b77468d66550721e24ef1315e2c99ec,2338174.264375,2342228.392542,4054.1281670001335,104382,25000000,,success,1,0,,,8579851
pilot_1790514765259,transfer_N500_c3,0,2026-09-27T13:51:46.764Z,zkSyncTestnet,300,sepolia.era.zksync.dev,transfer,500,3,3762,0x634613ed406e71b653f96479b46d1f46b1ec90fe53f5956c5f41ba3dff2f7f4a,2338291.9145,2342492.01525,4200.100750000216,104382,25000000,,success,1,0,,,8579852
pilot_1790514765259,transfer_N500_c3,0,2026-09-27T13:51:49.349Z,zkSyncTestnet,300,sepolia.era.zksync.dev,transfer,500,3,3763,0x100a7504232cb5cc54b9eae0ecb8236dd89a14d3a830c44fb26d302592f08c11,2340902.633542,2345076.383417,4173.749875000212,104382,25000000,,success,1,0,,,8579853
pilot_1790514765259,transfer_N500_c3,0,2026-09-27T13:51:50.166Z,zkSyncTestnet,300,sepolia.era.zksync.dev,transfer,500,3,3764,0x5b749626453a25a5c84d0cdd5d1beaeeea94e644347805a165d6f62e92fa63e8,2342228.509,2345893.988667,3665.479667000007,104388,25000000,,success,1,0,,,8579854
pilot_1790514765259,transfer_N500_c3,0,2026-09-27T13:51:51.784Z,zkSyncTestnet,300,sepolia.era.zksync.dev,transfer,500,3,3765,0x734c95b7ac6d7754e50e8de08a113f5e6956e10409b44f284282c3d4d54120f3,2342492.124292,2347511.395292,5019.270999999717,104388,25000000,,success,1,0,,,8579855
pilot_1790514765259,transfer_N500_c3,0,2026-09-27T13:51:52.048Z,zkSyncTestnet,300,sepolia.era.zksync.dev,transfer,500,3,3766,0xa6bf51dec4ddc4180c7b80202229541a335d767abec4889409e8f6c61c3fb4eb,2345076.510542,2347775.132125,2698.6215829998255,104388,25000000,,success,1,0,,,8579856
pilot_1790514765259,transfer_N500_c3,0,2026-09-27T13:51:52.114Z,zkSyncTestnet,300,sepolia.era.zksync.dev,transfer,500,3,3767,0xa43bc20446f3ddf24d23f1cd746cd0553a927b385033fab476035ea1206a78c9,2345894.064958,2347841.099083,1947.0341249997728,104388,25000000,,success,1,0,,,8579856
pilot_1790514765259,transfer_N500_c3,0,2026-09-27T13:51:54.889Z,zkSyncTestnet,300,sepolia.era.zksync.dev,transfer,500,3,3769,0x21d3e75a104fed5ea054d77e6c3702f27129ee385fb61f71fee37b6f7bed3ed5,2347775.187708,2350616.620625,2841.4329169997945,104382,25000000,,success,1,0,,,8579858
pilot_1790514765259,transfer_N500_c3,0,2026-09-27T13:51:54.894Z,zkSyncTestnet,300,sepolia.era.zksync.dev,transfer,500,3,3768,0xcdbd26cb283c5ffc963fc3d68102892980f180575979ea7adf2b8110df3235c4,2347511.497458,2350621.300667,3109.8032089998014,104382,25000000,,success,1,0,,,8579857
pilot_1790514765259,transfer_N500_c3,0,2026-09-27T13:51:56.190Z,zkSyncTestnet,300,sepolia.era.zksync.dev,transfer,500,3,3770,0x3f5f93bcdbfcb588cecabd7dd7c6e197a242c0a182e77f580803b3bfe329e1bd,2347841.201167,2351917.574833,4076.373666000087,104388,25000000,,success,1,0,,,8579859
pilot_1790514765259,transfer_N500_c3,0,2026-09-27T13:51:57.767Z,zkSyncTestnet,300,sepolia.era.zksync.dev,transfer,500,3,3771,0x83b5c7874fdce8b46937ca3115a513c1d6c8896ae19d71be7790a33401b1f29e,2350616.72225,2353494.192375,2877.4701249999925,104382,25000000,,success,1,0,,,8579860
pilot_1790514765259,transfer_N500_c3,0,2026-09-27T13:51:58.905Z,zkSyncTestnet,300,sepolia.era.zksync.dev,transfer,500,3,3772,0x309282a8739f1e67cb24e443d18ab6beae7401820c6fa5f230b7e9261367f996,2350621.321792,2354632.131375,4010.8095829999074,104388,25000000,,success,1,0,,,8579861
pilot_1790514765259,transfer_N500_c3,0,2026-09-27T13:52:00.014Z,zkSyncTestnet,300,sepolia.era.zksync.dev,transfer,500,3,3773,0x24dc19c807d545637a9291651c197391d8ddbfb7874d427275ef56bc4bfb6f04,2351917.757833,2355741.288333,3823.5305000003427,104388,25000000,,success,1,0,,,8579862
pilot_1790514765259,transfer_N500_c3,0,2026-09-27T13:52:00.526Z,zkSyncTestnet,300,sepolia.era.zksync.dev,transfer,500,3,3774,0xbc7ca69297808866c588df0ffeada5d93144196716bedbc93c1d90a5df7d008f,2353494.287458,2356253.265292,2758.977834000252,104382,25000000,,success,1,0,,,8579863
pilot_1790514765259,transfer_N500_c3,0,2026-09-27T13:52:02.266Z,zkSyncTestnet,300,sepolia.era.zksync.dev,transfer,500,3,3775,0xc4b7387250b9b086a8b7903d66fd4da6e84d370de867046ca00b9dba6a0eaf13,2354632.241792,2357993.309833,3361.0680410000496,104388,25000000,,success,1,0,,,8579864
pilot_1790514765259,transfer_N500_c3,0,2026-09-27T13:52:02.807Z,zkSyncTestnet,300,sepolia.era.zksync.dev,transfer,500,3,3776,0xf1a251453fa05b4d076aa45b0019dce2341302b7b55a70d7f022744e6bebb96b,2355741.362375,2358534.912083,2793.5497079999186,104388,25000000,,success,1,0,,,8579865
pilot_1790514765259,transfer_N500_c3,0,2026-09-27T13:52:04.028Z,zkSyncTestnet,300,sepolia.era.zksync.dev,transfer,500,3,3777,0xecc07fb2ce2875af8799381de2b96da169a437f1ac8340ef8745e54327932361,2356253.368125,2359755.879417,3502.5112919998355,104382,25000000,,success,1,0,,,8579866
pilot_1790514765259,transfer_N500_c3,0,2026-09-27T13:52:04.327Z,zkSyncTestnet,300,sepolia.era.zksync.dev,transfer,500,3,3778,0xe86f75d5bb113c9ba272bca921eb9f7f8eeaf10192e7461e138bc9011020ed64,2357993.395583,2360054.123458,2060.727874999866,104382,25000000,,success,1,0,,,8579867
pilot_1790514765259,transfer_N500_c3,0,2026-09-27T13:52:06.520Z,zkSyncTestnet,300,sepolia.era.zksync.dev,transfer,500,3,3779,0xa6ce6a7b366ca3ae8ad0827d18667c4e1072ec51ffe36f6c79331370920f152d,2358534.976333,2362247.133625,3712.1572919995524,104382,25000000,,success,1,0,,,8579868
pilot_1790514765259,transfer_N500_c3,0,2026-09-27T13:52:07.900Z,zkSyncTestnet,300,sepolia.era.zksync.dev,transfer,500,3,3780,0xb62a4e5a635a0d5661a9ba8adf6f38f852341121ae03507554c9b3e359ea802d,2359755.98925,2363627.758417,3871.769166999962,104382,25000000,,success,1,0,,,8579869
pilot_1790514765259,transfer_N500_c3,0,2026-09-27T13:52:09.391Z,zkSyncTestnet,300,sepolia.era.zksync.dev,transfer,500,3,3781,0xbe4d747c5b37168fe87bee2c4aa0d008d69d1efbeffea95943510d6e739d6e33,2360054.233042,2365118.069917,5063.836875000037,104382,25000000,,success,1,0,,,8579870
pilot_1790514765259,transfer_N500_c3,0,2026-09-27T13:52:09.820Z,zkSyncTestnet,300,sepolia.era.zksync.dev,transfer,500,3,3783,0x7bc119efb01285fa12068fb425659ecebe3921041019663f15e5694adcea5bdc,2363627.858708,2365547.338167,1919.4794590002857,104388,25000000,,success,1,0,,,8579871
pilot_1790514765259,transfer_N500_c3,0,2026-09-27T13:52:09.913Z,zkSyncTestnet,300,sepolia.era.zksync.dev,transfer,500,3,3782,0x2ff374e159559c02116447d3449d5d3d542ed04cfcf480578a92ce44dd9c32fa,2362247.220417,2365640.898958,3393.678541000001,104382,25000000,,success,1,0,,,8579871
pilot_1790514765259,transfer_N500_c3,0,2026-09-27T13:52:12.193Z,zkSyncTestnet,300,sepolia.era.zksync.dev,transfer,500,3,3784,0x774cb724507a22d94e686c1b3db8c89f8bc4112d103c21fd6aea26c0931b7490,2365118.15225,2367920.174417,2802.0221669999883,104388,25000000,,success,1,0,,,8579872
pilot_1790514765259,transfer_N500_c3,0,2026-09-27T13:52:12.506Z,zkSyncTestnet,300,sepolia.era.zksync.dev,transfer,500,3,3785,0xa6feef44979da0f91b8a47ecf23450e27aada9f9b71b7a9ac313a9c474393a59,2365547.412792,2368233.727083,2686.3142909999005,104388,25000000,,success,1,0,,,8579873
pilot_1790514765259,transfer_N500_c3,0,2026-09-27T13:52:14.041Z,zkSyncTestnet,300,sepolia.era.zksync.dev,transfer,500,3,3786,0x52ef27f7a02eeae46803308e526b85aa7e0ab921aa6ce0a3574423109062a20b,2365640.971292,2369768.232833,4127.261541000102,104382,25000000,,success,1,0,,,8579874
pilot_1790514765259,transfer_N500_c3,0,2026-09-27T13:52:15.401Z,zkSyncTestnet,300,sepolia.era.zksync.dev,transfer,500,3,3787,0xf49dc3efda8340ee68c385ff8a2485ab242d968478ea40c0f0a39220c3180af8,2367920.220333,2371128.40175,3208.1814170000143,104388,25000000,,success,1,0,,,8579875
pilot_1790514765259,transfer_N500_c3,0,2026-09-27T13:52:16.393Z,zkSyncTestnet,300,sepolia.era.zksync.dev,transfer,500,3,3788,0xbfc61379e6a1892d86516eb975be7c40b689ac3933af144e19da47402dce66f2,2368233.844042,2372120.5925,3886.7484579999,104461,25000000,,success,1,0,,,8579876
pilot_1790514765259,transfer_N500_c3,0,2026-09-27T13:52:18.226Z,zkSyncTestnet,300,sepolia.era.zksync.dev,transfer,500,3,3789,0xd3091096a28aa83c0de840781d7cd6302bb9361a0a988adc50a473ce15ca19de,2369768.353167,2373953.812042,4185.4588749995455,104382,25000000,,success,1,0,,,8579877
pilot_1790514765259,transfer_N500_c3,0,2026-09-27T13:52:19.324Z,zkSyncTestnet,300,sepolia.era.zksync.dev,transfer,500,3,3790,0x646220cbc37f9e18e81d1ef10ce2a71ebef52c98460319b4a90ee4e274466c61,2371128.658167,2375051.219208,3922.561041000299,104388,25000000,,success,1,0,,,8579878
pilot_1790514765259,transfer_N500_c3,0,2026-09-27T13:52:19.636Z,zkSyncTestnet,300,sepolia.era.zksync.dev,transfer,500,3,3791,0x7d449b0fcba49e4e154d8362900418b13ea77dd681795baa80febf9f5a5743f4,2372120.7025,2375363.703,3243.000500000082,104388,25000000,,success,1,0,,,8579879
pilot_1790514765259,transfer_N500_c3,0,2026-09-27T13:52:20.841Z,zkSyncTestnet,300,sepolia.era.zksync.dev,transfer,500,3,3792,0x561f521137f8300f3215cca07b0f8dd570f01ff03988bad076654362a63b4499,2373953.915375,2376568.634708,2614.7193330000155,104382,25000000,,success,1,0,,,8579880
pilot_1790514765259,transfer_N500_c3,0,2026-09-27T13:52:22.037Z,zkSyncTestnet,300,sepolia.era.zksync.dev,transfer,500,3,3793,0xde09a1bfc373f20b8249dcc91ab102418d8e11a60994c7a8e1a0aad8c242a79f,2375051.40775,2377764.253375,2712.8456250000745,104382,25000000,,success,1,0,,,8579881
pilot_1790514765259,transfer_N500_c3,0,2026-09-27T13:52:22.807Z,zkSyncTestnet,300,sepolia.era.zksync.dev,transfer,500,3,3795,0x6b39e4036853b17f08a681ee6ff62073ab4b9509a03b4dd61fede93bc129c268,2376568.686,2378534.440333,1965.7543329996988,104388,25000000,,success,1,0,,,8579882
pilot_1790514765259,transfer_N500_c3,0,2026-09-27T13:52:23.236Z,zkSyncTestnet,300,sepolia.era.zksync.dev,transfer,500,3,3794,0xb93606cf58a6a219d418469e19b48cc2c629f57dafa414cb5ffb18d698016914,2375363.788833,2378963.580667,3599.7918339995667,104388,25000000,,success,1,0,,,8579882
pilot_1790514765259,transfer_N500_c3,0,2026-09-27T13:52:23.984Z,zkSyncTestnet,300,sepolia.era.zksync.dev,transfer,500,3,3796,0xf81f1b6978f2fcd62ce27d98576c642073fd5588360236b11156ed517858b941,2377764.351292,2379711.378542,1947.02724999981,104382,25000000,,success,1,0,,,8579883
pilot_1790514765259,transfer_N500_c3,0,2026-09-27T13:52:24.787Z,zkSyncTestnet,300,sepolia.era.zksync.dev,transfer,500,3,3797,0x3925d824a3c1959c12033eed30d5e635d3547e6a8d009de1b6aa961d51c09a5c,2378534.526792,2380514.232208,1979.7054159999825,104382,25000000,,success,1,0,,,8579884
pilot_1790514765259,transfer_N500_c3,0,2026-09-27T13:52:25.092Z,zkSyncTestnet,300,sepolia.era.zksync.dev,transfer,500,3,3798,0x9ba3faaf36dff7b9931594cbba48b050fc3642139a2766a2d1cdddea89ef6474,2378963.661,2380819.862292,1856.2012920002453,104388,25000000,,success,1,0,,,8579885
pilot_1790514765259,transfer_N500_c3,0,2026-09-27T13:52:25.964Z,zkSyncTestnet,300,sepolia.era.zksync.dev,transfer,500,3,3799,0x635c02870f2aa171ae180b97d5810c5f31f3d33c057b3227ad0899729b55f3c2,2379711.465,2381691.641,1980.1759999999776,104382,25000000,,success,1,0,,,8579886
pilot_1790514765259,transfer_N500_c3,0,2026-09-27T13:52:28.811Z,zkSyncTestnet,300,sepolia.era.zksync.dev,transfer,500,3,3800,0x030469e082886d7e907ce3c5df0b848a5437a371dd185b10a82f102ac801864a,2380514.348708,2384538.611375,4024.262666999828,104382,25000000,,success,1,0,,,8579887
pilot_1790514765259,transfer_N500_c3,0,2026-09-27T13:52:29.590Z,zkSyncTestnet,300,sepolia.era.zksync.dev,transfer,500,3,3801,0xfc60ad417a216603c5c2e73bacd6863b054a8eca750ab531454ef8373c960984,2380819.948375,2385317.486083,4497.537707999814,104388,25000000,,success,1,0,,,8579887
pilot_1790514765259,transfer_N500_c3,0,2026-09-27T13:52:30.432Z,zkSyncTestnet,300,sepolia.era.zksync.dev,transfer,500,3,3802,0x58e43772c88fc1a355b4e3c85636a29771413b40d241b0009bff7a10475bb830,2381691.836583,2386159.881958,4468.045374999754,104388,25000000,,success,1,0,,,8579888
pilot_1790514765259,transfer_N500_c3,0,2026-09-27T13:52:32.371Z,zkSyncTestnet,300,sepolia.era.zksync.dev,transfer,500,3,3804,0x29bccae448d376fd1fb00a6b2b0b55e2bb21eee9f82ab630c082ce78114739df,2385317.597958,2388098.619042,2781.021083999891,104388,25000000,,success,1,0,,,8579890
pilot_1790514765259,transfer_N500_c3,0,2026-09-27T13:52:32.636Z,zkSyncTestnet,300,sepolia.era.zksync.dev,transfer,500,3,3803,0x7d9b5feff4eee4bb423fbf4e20ba5aa0bed4edabe90f56726156ad537c631024,2384538.688625,2388363.67675,3824.988125000149,104388,25000000,,success,1,0,,,8579889
pilot_1790514765259,transfer_N500_c3,0,2026-09-27T13:52:33.698Z,zkSyncTestnet,300,sepolia.era.zksync.dev,transfer,500,3,3805,0xedd1915339399e8b63be564bdfeeae488e70354023e6f96ecaefaeb0158eb02c,2386159.973792,2389425.760583,3265.786790999584,104388,25000000,,success,1,0,,,8579891
pilot_1790514765259,transfer_N500_c3,0,2026-09-27T13:52:35.071Z,zkSyncTestnet,300,sepolia.era.zksync.dev,transfer,500,3,3806,0xdf4f74619ea8f6ac06505f3c99e30a7125e44e18eb77e69c67271868f84bcefa,2388098.728,2390798.41875,2699.690750000067,104382,25000000,,success,1,0,,,8579892
pilot_1790514765259,transfer_N500_c3,0,2026-09-27T13:52:35.300Z,zkSyncTestnet,300,sepolia.era.zksync.dev,transfer,500,3,3807,0x7149cd89b8394844c8b29542c5b8e268050a0f04e63aad074bab685ff57eb7fb,2388363.746875,2391027.321125,2663.5742499995977,104382,25000000,,success,1,0,,,8579892
pilot_1790514765259,transfer_N500_c3,0,2026-09-27T13:52:35.849Z,zkSyncTestnet,300,sepolia.era.zksync.dev,transfer,500,3,3808,0x4584112b959b19e0cc9145aedeb4404762f0c6e9291932277ce1961e072af048,2389425.804458,2391576.408708,2150.6042499998584,104382,25000000,,success,1,0,,,8579893
pilot_1790514765259,transfer_N500_c3,0,2026-09-27T13:52:37.187Z,zkSyncTestnet,300,sepolia.era.zksync.dev,transfer,500,3,3809,0x853b30523c1c992b4f08b37753df05d75047b58362eb2d58d7ee9be61458d989,2390798.593833,2392914.271667,2115.677833999973,104382,25000000,,success,1,0,,,8579894
pilot_1790514765259,transfer_N500_c3,0,2026-09-27T13:52:39.446Z,zkSyncTestnet,300,sepolia.era.zksync.dev,transfer,500,3,3811,0xc338d6e819d9fcb3fb9be08f7a9c7f03f691c0b9d7d3aff58055af2a04a7c6e4,2391576.460708,2395173.364625,3596.9039169996977,104388,25000000,,success,1,0,,,8579896
pilot_1790514765259,transfer_N500_c3,0,2026-09-27T13:52:40.316Z,zkSyncTestnet,300,sepolia.era.zksync.dev,transfer,500,3,3810,0x630843f94122f405679c169f49f925df1f3d5c01b07a62517c2ed5b96a6ffea0,2391027.531167,2396043.14025,5015.609083000105,104388,25000000,,success,1,0,,,8579895
pilot_1790514765259,transfer_N500_c3,0,2026-09-27T13:52:40.551Z,zkSyncTestnet,300,sepolia.era.zksync.dev,transfer,500,3,3812,0xdbb1a8776748d28f4305f5c48ef6d62d1de1a1150b448c6c685607bf7d016cdb,2392914.386,2396278.398708,3364.0127079999074,104388,25000000,,success,1,0,,,8579897
pilot_1790514765259,transfer_N500_c3,0,2026-09-27T13:52:41.384Z,zkSyncTestnet,300,sepolia.era.zksync.dev,transfer,500,3,3813,0xbe06529dbbf0107879fa5b7d7e224150796c32e1222ea297aff00528ff09d741,2395173.45175,2397111.449417,1937.9976670001633,104382,25000000,,success,1,0,,,8579898
pilot_1790514765259,transfer_N500_c3,0,2026-09-27T13:52:43.122Z,zkSyncTestnet,300,sepolia.era.zksync.dev,transfer,500,3,3814,0xdd104fa3ab65eb19944762dcb087b5ab66169eb14db5f3e6db89073d7efc1dc2,2396043.253333,2398849.582417,2806.3290840000845,104388,25000000,,success,1,0,,,8579899
pilot_1790514765259,transfer_N500_c3,0,2026-09-27T13:52:43.378Z,zkSyncTestnet,300,sepolia.era.zksync.dev,transfer,500,3,3816,0x3b0c7f308c2ce0d8642d655400269704687cee59a67f3914a0411681b59d54a9,2397111.525792,2399105.645667,1994.119875000324,104382,25000000,,success,1,0,,,8579900
pilot_1790514765259,transfer_N500_c3,0,2026-09-27T13:52:44.584Z,zkSyncTestnet,300,sepolia.era.zksync.dev,transfer,500,3,3815,0x09b5ab55b789cb665ea4ab981f823a577ac6582f6186564982f6b6469e90e273,2396278.450167,2400311.423833,4032.97366600018,104382,25000000,,success,1,0,,,8579900
pilot_1790514765259,transfer_N500_c3,0,2026-09-27T13:52:47.674Z,zkSyncTestnet,300,sepolia.era.zksync.dev,transfer,500,3,3817,0x306375c3c9f6c0dea6d3883a415f29b1101750ded96f783b586afde6c9ba27e1,2398849.637833,2403402.0545,4552.416666999925,104382,25000000,,success,1,0,,,8579901
pilot_1790514765259,transfer_N500_c3,0,2026-09-27T13:52:48.361Z,zkSyncTestnet,300,sepolia.era.zksync.dev,transfer,500,3,3818,0x4e822a5296061b96889cc1561ceb552ef25bc5709966994b7104eebd4fac8e16,2399105.717292,2404088.698667,4982.981374999974,104382,25000000,,success,1,0,,,8579902
pilot_1790514765259,transfer_N500_c3,0,2026-09-27T13:52:48.372Z,zkSyncTestnet,300,sepolia.era.zksync.dev,transfer,500,3,3819,0xd9463a59070dce43d506e608ab65d63090c2429586a67067ab634478dbf864be,2400311.5235,2404099.730167,3788.206666999962,104382,25000000,,success,1,0,,,8579902
pilot_1790514765259,transfer_N500_c3,0,2026-09-27T13:52:49.770Z,zkSyncTestnet,300,sepolia.era.zksync.dev,transfer,500,3,3820,0x4b3d8a11e5593383a18e470900ff03da8b183d58ed64fbf1e8a2e81280b6c104,2403402.148167,2405497.211292,2095.0631249998696,104382,25000000,,success,1,0,,,8579903
pilot_1790514765259,transfer_N500_c3,0,2026-09-27T13:52:50.991Z,zkSyncTestnet,300,sepolia.era.zksync.dev,transfer,500,3,3821,0x89d69f9e6e5b2968a4569ed8bbf2046896b3fb14e9fea061dea8b9f2a0c6576e,2404088.781417,2406718.948833,2630.1674159998074,104382,25000000,,success,1,0,,,8579904
pilot_1790514765259,transfer_N500_c3,0,2026-09-27T13:52:52.387Z,zkSyncTestnet,300,sepolia.era.zksync.dev,transfer,500,3,3822,0x78b2474d3b5fbb56ff409b8b6c806917bdf7f1c0b4a46e6593ca5dfb6ff8a5e0,2404099.772125,2408114.296792,4014.5246669999324,104382,25000000,,success,1,0,,,8579905
pilot_1790514765259,transfer_N500_c3,0,2026-09-27T13:52:55.020Z,zkSyncTestnet,300,sepolia.era.zksync.dev,transfer,500,3,3823,0x2db5c0f2ed8c53596efdb76905b1d186f49d7ddb30aec6aa3d460fa8640410a3,2405497.289917,2410748.041958,5250.7520409999415,104382,25000000,,success,1,0,,,8579907
pilot_1790514765259,transfer_N500_c3,0,2026-09-27T13:52:55.051Z,zkSyncTestnet,300,sepolia.era.zksync.dev,transfer,500,3,3824,0x14cdbf90f4c37feb46ed57ab2bd41501f4f78d53e00f193766f11748dff4921e,2406719.03525,2410778.425,4059.3897499996237,104382,25000000,,success,1,0,,,8579908
pilot_1790514765259,transfer_N500_c3,0,2026-09-27T13:52:55.802Z,zkSyncTestnet,300,sepolia.era.zksync.dev,transfer,500,3,3825,0x5b108183f7da8b49406c4e75f14079a7a5767d4295072410adae0b625553507f,2408114.385833,2411530.019542,3415.633708999958,104388,25000000,,success,1,0,,,8579909
pilot_1790514765259,transfer_N500_c3,0,2026-09-27T13:52:57.038Z,zkSyncTestnet,300,sepolia.era.zksync.dev,transfer,500,3,3826,0x38b2f90ddfe4026fb0eb56692f68cd1e7bb11547878d4832fddf196caa8201d9,2410748.150375,2412765.814292,2017.6639169999398,104382,25000000,,success,1,0,,,8579910
pilot_1790514765259,transfer_N500_c3,0,2026-09-27T13:52:58.342Z,zkSyncTestnet,300,sepolia.era.zksync.dev,transfer,500,3,3827,0xbd1574efdf7dbfd400eb6e311ea2585eb5ef54644366ff51de6444da6c18bf73,2410778.520167,2414069.86225,3291.3420829996467,104382,25000000,,success,1,0,,,8579911
pilot_1790514765259,transfer_N500_c3,0,2026-09-27T13:52:58.589Z,zkSyncTestnet,300,sepolia.era.zksync.dev,transfer,500,3,3828,0x4d2523cb1115433289b0c816aa179698757a0ca79fa4c44aac7bb943cbaf7b66,2411530.094292,2414316.232458,2786.1381660001352,104382,25000000,,success,1,0,,,8579912
pilot_1790514765259,transfer_N500_c3,0,2026-09-27T13:52:58.981Z,zkSyncTestnet,300,sepolia.era.zksync.dev,transfer,500,3,3829,0x394805905ccb616f953032690a7e3a22d047d58f8f5f07ecc24c6d14b6620b93,2412765.915708,2414708.413,1942.4972920003347,104388,25000000,,success,1,0,,,8579913
pilot_1790514765259,transfer_N500_c3,0,2026-09-27T13:53:00.210Z,zkSyncTestnet,300,sepolia.era.zksync.dev,transfer,500,3,3830,0xf1cfab295d1005d9ef00def53d4157f02dc78b989f29975e8c6bc6f40d56ba5f,2414069.943125,2415937.770125,1867.8269999995828,104382,25000000,,success,1,0,,,8579914
pilot_1790514765259,transfer_N500_c3,0,2026-09-27T13:53:00.492Z,zkSyncTestnet,300,sepolia.era.zksync.dev,transfer,500,3,3831,0xf6284005ddf0c11d1eea236cf2da9827b90efdef185e00629c1f13f7592f4ec5,2414316.375,2416219.137583,1902.7625830001198,104388,25000000,,success,1,0,,,8579915
pilot_1790514765259,transfer_N500_c3,0,2026-09-27T13:53:00.969Z,zkSyncTestnet,300,sepolia.era.zksync.dev,transfer,500,3,3832,0x5f25c5edd4d0d760280d63a271cf72abea5e23fd2c0fa208470db89683c72a81,2414708.486542,2416696.608792,1988.122250000015,104382,25000000,,success,1,0,,,8579916
pilot_1790514765259,transfer_N500_c3,0,2026-09-27T13:53:02.088Z,zkSyncTestnet,300,sepolia.era.zksync.dev,transfer,500,3,3833,0xbc3e93497f5afbd738e9b9efb52fd2400c216c4d67c82e0acbddb2829f928896,2415937.891667,2417815.358792,1877.4671249999665,104388,25000000,,success,1,0,,,8579917
pilot_1790514765259,transfer_N500_c3,0,2026-09-27T13:53:02.322Z,zkSyncTestnet,300,sepolia.era.zksync.dev,transfer,500,3,3834,0x8f265efb8673934ae2b65687c5b1fde44b1720695a77fcc16dc7db362f65ae8a,2416219.243708,2418049.66675,1830.4230419998057,104388,25000000,,success,1,0,,,8579917
pilot_1790514765259,transfer_N500_c3,0,2026-09-27T13:53:04.193Z,zkSyncTestnet,300,sepolia.era.zksync.dev,transfer,500,3,3835,0xbfb0e134ff81d77f3015c92c3a0356a731801bc42e98637302e2501ac5340866,2416696.710917,2419920.518417,3223.807499999646,104382,25000000,,success,1,0,,,8579918
pilot_1790514765259,transfer_N500_c3,0,2026-09-27T13:53:04.984Z,zkSyncTestnet,300,sepolia.era.zksync.dev,transfer,500,3,3837,0x0ab48475a38a9df0eb83e46b0ad54bd6fde2d4d451b2deef88b639386f0d921b,2418049.723292,2420711.640042,2661.9167499998584,104382,25000000,,success,1,0,,,8579919
pilot_1790514765259,transfer_N500_c3,0,2026-09-27T13:53:05.509Z,zkSyncTestnet,300,sepolia.era.zksync.dev,transfer,500,3,3836,0xd8caa1281fc790117a138a81a6a101dc0802f8d638512ca65e43282b62fd7d3e,2417815.467042,2421236.18975,3420.72270799987,104382,25000000,,success,1,0,,,8579919
pilot_1790514765259,transfer_N500_c3,0,2026-09-27T13:53:07.244Z,zkSyncTestnet,300,sepolia.era.zksync.dev,transfer,500,3,3838,0x48826514eeb48f415e3d4d04e9aee1acd22a67f22814138ce1cbaba9eb5533d7,2419920.604083,2422971.329208,3050.725124999881,104382,25000000,,success,1,0,,,8579920
pilot_1790514765259,transfer_N500_c3,0,2026-09-27T13:53:07.760Z,zkSyncTestnet,300,sepolia.era.zksync.dev,transfer,500,3,3839,0x000041cec59b07afcdb815cfbf736a4328f541e8f2f5ff624e6eae958f9268df,2420711.723458,2423487.54575,2775.8222920000553,104382,25000000,,success,1,0,,,8579921
pilot_1790514765259,transfer_N500_c3,0,2026-09-27T13:53:08.361Z,zkSyncTestnet,300,sepolia.era.zksync.dev,transfer,500,3,3840,0x92f92e38c06a870c2a59007797e03efe2c9204d834554e4558aa89d4384b20bf,2421236.297042,2424088.523708,2852.2266659997404,104388,25000000,,success,1,0,,,8579922
pilot_1790514765259,transfer_N500_c3,0,2026-09-27T13:53:09.363Z,zkSyncTestnet,300,sepolia.era.zksync.dev,transfer,500,3,3841,0x0d047df92b0bc8837fdbf50654aa366a5bfc148f0878df3f9a1fbf53d1bac06a,2422971.405542,2425090.418875,2119.013332999777,104382,25000000,,success,1,0,,,8579923
pilot_1790514765259,transfer_N500_c3,0,2026-09-27T13:53:09.925Z,zkSyncTestnet,300,sepolia.era.zksync.dev,transfer,500,3,3842,0x27f5abc59e3852f56f88cad02b5ef672139bca061d97b771091df4ce4e1b1d14,2423487.648958,2425652.274167,2164.6252089999616,104388,25000000,,success,1,0,,,8579924
pilot_1790514765259,transfer_N500_c3,0,2026-09-27T13:53:10.440Z,zkSyncTestnet,300,sepolia.era.zksync.dev,transfer,500,3,3843,0xc467973bda6d8ff300d77c90be09fb8f347945c41208022a22ffd6e6a25fddeb,2424088.610208,2426168.039375,2079.429167000111,104388,25000000,,success,1,0,,,8579925
pilot_1790514765259,transfer_N500_c3,0,2026-09-27T13:53:11.262Z,zkSyncTestnet,300,sepolia.era.zksync.dev,transfer,500,3,3844,0x9ccb8b44e0f5a546a0983471381f7d792275123079cd223119179cb5ecb6af8f,2425090.514167,2426989.795667,1899.281500000041,104382,25000000,,success,1,0,,,8579926
pilot_1790514765259,transfer_N500_c3,0,2026-09-27T13:53:11.960Z,zkSyncTestnet,300,sepolia.era.zksync.dev,transfer,500,3,3845,0x1c46cc5f3b4a0bf7871af6690aeac9657ec8aede0e3410e821e3665c69bc160a,2425652.338042,2427687.711042,2035.3730000001378,104382,25000000,,success,1,0,,,8579927
pilot_1790514765259,transfer_N500_c3,0,2026-09-27T13:53:13.112Z,zkSyncTestnet,300,sepolia.era.zksync.dev,transfer,500,3,3846,0x28ba716cc1100e6bd5ff1bbc1b9b11caf7b04fa1163c68422cd0150e7af7c2c6,2426168.14125,2428839.418958,2671.277708000038,104382,25000000,,success,1,0,,,8579928
pilot_1790514765259,transfer_N500_c3,0,2026-09-27T13:53:13.910Z,zkSyncTestnet,300,sepolia.era.zksync.dev,transfer,500,3,3847,0xef65ba610a969cc0b035100c8c66d810e1d693f8c5e003c957241f8626d77b5f,2426989.887333,2429638.051,2648.163666999899,104388,25000000,,success,1,0,,,8579929
pilot_1790514765259,transfer_N500_c3,0,2026-09-27T13:53:15.106Z,zkSyncTestnet,300,sepolia.era.zksync.dev,transfer,500,3,3849,0x9604a28e1dc90ee686d421736b4a9c65d22d9c57af0d9022f01f99976312dda5,2428839.516333,2430833.423625,1993.907292000018,104388,25000000,,success,1,0,,,8579931
pilot_1790514765259,transfer_N500_c3,0,2026-09-27T13:53:15.239Z,zkSyncTestnet,300,sepolia.era.zksync.dev,transfer,500,3,3848,0x518dfd3d5989d5cd0581a8c37f66e89eaa1a7af6e81bffc1c591880641c3df04,2427687.83375,2430966.409083,3278.575332999695,104382,25000000,,success,1,0,,,8579930
pilot_1790514765259,transfer_N500_c3,0,2026-09-27T13:53:16.775Z,zkSyncTestnet,300,sepolia.era.zksync.dev,transfer,500,3,3850,0x3054c6d699f0ba4fb6177eb4517d5e13573bb5dd7b14934aff1bf94694348605,2429638.14325,2432502.9835,2864.840249999892,104388,25000000,,success,1,0,,,8579932
pilot_1790514765259,transfer_N500_c3,0,2026-09-27T13:53:17.727Z,zkSyncTestnet,300,sepolia.era.zksync.dev,transfer,500,3,3851,0x91913beda0b304679a9d03410bc70d26b1397ed0c8f93e26ac14a53b936d0138,2430833.505208,2433454.714875,2621.2096669999883,104382,25000000,,success,1,0,,,8579934
pilot_1790514765259,transfer_N500_c3,0,2026-09-27T13:53:18.622Z,zkSyncTestnet,300,sepolia.era.zksync.dev,transfer,500,3,3852,0xc64dbd0f3458167b74239b53ee96e9c0d3e6222a55c4a8bf256d6c0202e30823,2430966.567417,2434350.000625,3383.433207999915,104382,25000000,,success,1,0,,,8579935
pilot_1790514765259,transfer_N500_c3,0,2026-09-27T13:53:21.727Z,zkSyncTestnet,300,sepolia.era.zksync.dev,transfer,500,3,3855,0x11442e982f01d67f102ddaf8d6e88ab02764e7870c29199d15bece4a50e663fb,2434350.115333,2437454.548958,3104.4336249995977,104382,25000000,,success,1,0,,,8579936
pilot_1790514765259,transfer_N500_c3,0,2026-09-27T13:53:23.368Z,zkSyncTestnet,300,sepolia.era.zksync.dev,transfer,500,3,3854,0xedd9bc31962a063a3ebefe7da6322dc6685acd0bc02efe92c814d9a2593eb26f,2433454.825708,2439095.480625,5640.654916999862,104382,25000000,,success,1,0,,,8579936
pilot_1790514765259,transfer_N500_c3,0,2026-09-27T13:53:24.623Z,zkSyncTestnet,300,sepolia.era.zksync.dev,transfer,500,3,3853,0xb6831f672e83399e5b79406905aff82332a071acbbced8961566b4ccbcc5e43c,2432503.047875,2440350.272792,7847.224916999694,104388,25000000,,success,1,0,,,8579936
pilot_1790514765259,transfer_N500_c3,0,2026-09-27T13:53:25.150Z,zkSyncTestnet,300,sepolia.era.zksync.dev,transfer,500,3,3856,0x8c529fef528d098095936e6ed672c3bcd637ac667f0306caa1a74f5d80a3772f,2437454.658417,2440877.789083,3423.130665999837,104388,25000000,,success,1,0,,,8579937
pilot_1790514765259,transfer_N500_c3,0,2026-09-27T13:53:26.380Z,zkSyncTestnet,300,sepolia.era.zksync.dev,transfer,500,3,3857,0x98b1f5c34f16c524e2b06042601e15e5367fcf0e0aa7e3cd3605b387c767eb01,2439095.566417,2442107.238125,3011.671708000358,104388,25000000,,success,1,0,,,8579939
pilot_1790514765259,transfer_N500_c3,0,2026-09-27T13:53:26.993Z,zkSyncTestnet,300,sepolia.era.zksync.dev,transfer,500,3,3858,0xd03f3737669fc6476a7c224ffca20d7538a197808bf7389e9be1ad224fb03e1c,2440350.3675,2442720.890208,2370.522707999684,104388,25000000,,success,1,0,,,8579940
pilot_1790514765259,transfer_N500_c3,0,2026-09-27T13:53:27.057Z,zkSyncTestnet,300,sepolia.era.zksync.dev,transfer,500,3,3859,0x04f39a69f93a71761a254def7230f90ea370db7355035692131230dfef5849b0,2440877.834792,2442784.469375,1906.6345830000937,104382,25000000,,success,1,0,,,8579940
pilot_1790514765259,transfer_N500_c3,0,2026-09-27T13:53:29.386Z,zkSyncTestnet,300,sepolia.era.zksync.dev,transfer,500,3,3860,0x60fd360ca6b56cc1d23ac6a927ae3c9d62590d4a9864f54edde75a0739f30c3a,2442107.335458,2445113.391042,3006.055583999958,104382,25000000,,success,1,0,,,8579941
pilot_1790514765259,transfer_N500_c3,0,2026-09-27T13:53:29.807Z,zkSyncTestnet,300,sepolia.era.zksync.dev,transfer,500,3,3861,0x3a229bb163aa41a81921070aee55fe714d234ff835d0e8b3fa7f6c9d3a42aa8e,2442721.067208,2445534.435,2813.3677920000628,104388,25000000,,success,1,0,,,8579942
pilot_1790514765259,transfer_N500_c3,0,2026-09-27T13:53:31.656Z,zkSyncTestnet,300,sepolia.era.zksync.dev,transfer,500,3,3862,0x9acb671e0d5cb892c9fe48fafb66886bc62adb5ffe3419928ef8ad573200ba7b,2442784.621083,2447383.733375,4599.112291999627,104382,25000000,,success,1,0,,,8579943
pilot_1790514765259,transfer_N500_c3,0,2026-09-27T13:53:32.426Z,zkSyncTestnet,300,sepolia.era.zksync.dev,transfer,500,3,3864,0x49f5a14958bc80d05d9f5d9b6644afb2e6913dfd314540eaf7866455f9f65a9c,2445534.543625,2448153.660625,2619.1170000000857,104388,25000000,,success,1,0,,,8579944
pilot_1790514765259,transfer_N500_c3,0,2026-09-27T13:53:32.436Z,zkSyncTestnet,300,sepolia.era.zksync.dev,transfer,500,3,3863,0x5c83649ffc627080a23796dd188d57fb215c4351df513c01ab884ed996d8d1e8,2445113.47325,2448163.60175,3050.128500000108,104388,25000000,,success,1,0,,,8579944
pilot_1790514765259,transfer_N500_c3,0,2026-09-27T13:53:34.342Z,zkSyncTestnet,300,sepolia.era.zksync.dev,transfer,500,3,3866,0xa9e24779f7d96207fbee01089ffcd2db764bce46360b2a02a5eee3fa0fad5aee,2448153.771083,2450069.832958,1916.0618749996647,104382,25000000,,success,1,0,,,8579945
pilot_1790514765259,transfer_N500_c3,0,2026-09-27T13:53:34.790Z,zkSyncTestnet,300,sepolia.era.zksync.dev,transfer,500,3,3865,0xbf9b291f2c82717218408a395e3f4a97c19042826aac2cb38a89f2cb6bd43a6b,2447383.815333,2450517.919875,3134.104542000219,104388,25000000,,success,1,0,,,8579945
pilot_1790514765259,transfer_N500_c3,0,2026-09-27T13:53:35.644Z,zkSyncTestnet,300,sepolia.era.zksync.dev,transfer,500,3,3867,0x722527e2163f1a0655b232046eaf58308c4ead8505e5dbc695e7c12a998fcad7,2448163.643167,2451372.089458,3208.4462910001166,104382,25000000,,success,1,0,,,8579946
pilot_1790514765259,transfer_N500_c3,0,2026-09-27T13:53:37.142Z,zkSyncTestnet,300,sepolia.era.zksync.dev,transfer,500,3,3868,0x984327237b3ebbafcec4ecd09559c0e0305390cf8383ffb86c496fc1decaf35a,2450069.9775,2452869.119917,2799.142417000141,104388,25000000,,success,1,0,,,8579947
pilot_1790514765259,transfer_N500_c3,0,2026-09-27T13:53:37.652Z,zkSyncTestnet,300,sepolia.era.zksync.dev,transfer,500,3,3869,0xb867a6c900279e7336f206998f1915981d81b68eaaea4e0334d6404835584d30,2450518.013917,2453379.834083,2861.820166000165,104388,25000000,,success,1,0,,,8579948
pilot_1790514765259,transfer_N500_c3,0,2026-09-27T13:53:38.924Z,zkSyncTestnet,300,sepolia.era.zksync.dev,transfer,500,3,3870,0x42f5285a23052fe4b2bce0f82a77aff372549e34c798135f48b6aeaba55d9e37,2451372.179708,2454651.592917,3279.4132090001367,104388,25000000,,success,1,0,,,8579949
pilot_1790514765259,transfer_N500_c3,0,2026-09-27T13:53:39.047Z,zkSyncTestnet,300,sepolia.era.zksync.dev,transfer,500,3,3871,0x559e10951560ffc66a0726d41addeb90cebaa283bde58511bb2be93db67056ba,2452869.28525,2454774.432875,1905.1476249997504,104388,25000000,,success,1,0,,,8579950
pilot_1790514765259,transfer_N500_c3,0,2026-09-27T13:53:39.597Z,zkSyncTestnet,300,sepolia.era.zksync.dev,transfer,500,3,3872,0x9b56ba1c03e0c8f1ce9d7434920adf719e42028009b8e43a00d9cc18dcc1df16,2453379.949125,2455324.55575,1944.606625000015,104388,25000000,,success,1,0,,,8579951
pilot_1790514765259,transfer_N500_c3,0,2026-09-27T13:53:42.460Z,zkSyncTestnet,300,sepolia.era.zksync.dev,transfer,500,3,3873,0x1d5169e99f850fd2548a2903b7dea3f51deb48fc19261394fe8469dfe5b8ab57,2454651.695125,2458187.935,3536.23987499997,104388,25000000,,success,1,0,,,8579952
pilot_1790514765259,transfer_N500_c3,0,2026-09-27T13:53:43.243Z,zkSyncTestnet,300,sepolia.era.zksync.dev,transfer,500,3,3875,0x65913e4722d5c1d0aa309fbc97215865c78e1f5da728bbe3dd9cee82691ba2c2,2455324.657125,2458970.692375,3646.03525000019,104382,25000000,,success,1,0,,,8579953
pilot_1790514765259,transfer_N500_c3,0,2026-09-27T13:53:43.288Z,zkSyncTestnet,300,sepolia.era.zksync.dev,transfer,500,3,3874,0x54639040e9722f7885dff722125c0a387326523bd1c9a5507d45f5220b9acde8,2454774.497292,2459015.224792,4240.727500000037,104388,25000000,,success,1,0,,,8579953
pilot_1790514765259,transfer_N500_c3,0,2026-09-27T13:53:45.131Z,zkSyncTestnet,300,sepolia.era.zksync.dev,transfer,500,3,3876,0x641f44d890519a37a7acac1c074193a53db4c62a5934a356ad6244e549049236,2458188.01525,2460858.523958,2670.5087079997174,104388,25000000,,success,1,0,,,8579954
pilot_1790514765259,transfer_N500_c3,0,2026-09-27T13:53:46.118Z,zkSyncTestnet,300,sepolia.era.zksync.dev,transfer,500,3,3877,0x7d1c2acaa1c86f341aad5a130a37701e30a78d712eece476280bfff5062daf01,2458970.876125,2461845.188,2874.3118750001304,104382,25000000,,success,1,0,,,8579955
pilot_1790514765259,transfer_N500_c3,0,2026-09-27T13:53:46.406Z,zkSyncTestnet,300,sepolia.era.zksync.dev,transfer,500,3,3878,0x489c2349ff0a23cc434bbc5d85e67cea82cbd3910dea4781ae3b3be54e7c3db9,2459015.278917,2462133.549708,3118.2707909997553,104382,25000000,,success,1,0,,,8579955
pilot_1790514765259,transfer_N500_c3,0,2026-09-27T13:53:47.732Z,zkSyncTestnet,300,sepolia.era.zksync.dev,transfer,500,3,3879,0x78e616bf0e19cb7619eae106732724a7421d8a8dfc24768e8ee9a15e9ff33e53,2460858.629167,2463460.014667,2601.385500000324,104382,25000000,,success,1,0,,,8579956
pilot_1790514765259,transfer_N500_c3,0,2026-09-27T13:53:48.991Z,zkSyncTestnet,300,sepolia.era.zksync.dev,transfer,500,3,3881,0xa7e83da9b0855f060b6c2e71c0a527279123f04b4bdd009fa09d9776d73c9fbe,2462133.694,2464718.49575,2584.801749999635,104388,25000000,,success,1,0,,,8579958
pilot_1790514765259,transfer_N500_c3,0,2026-09-27T13:53:49.014Z,zkSyncTestnet,300,sepolia.era.zksync.dev,transfer,500,3,3880,0x15b32a1029e78bc4ef77c66537d9a74a4057acbb41560a55bd5579a9eb091b92,2461845.265875,2464741.924667,2896.6587919997983,104388,25000000,,success,1,0,,,8579957
pilot_1790514765259,transfer_N500_c3,0,2026-09-27T13:53:51.324Z,zkSyncTestnet,300,sepolia.era.zksync.dev,transfer,500,3,3882,0x6f77595b21640d3c8a5c38254de04564a9ef0dc86b2d1851e68f8f9a8c3e58a2,2463460.1215,2467051.20275,3591.0812500002794,104382,25000000,,success,1,0,,,8579959
pilot_1790514765259,transfer_N500_c3,0,2026-09-27T13:53:51.556Z,zkSyncTestnet,300,sepolia.era.zksync.dev,transfer,500,3,3883,0x2f9da16765773ee39f9f5f59e2855e0bfe1ed4320693cce061725c30339930c0,2464718.663958,2467283.20575,2564.5417920001782,104388,25000000,,success,1,0,,,8579960
pilot_1790514765259,transfer_N500_c3,0,2026-09-27T13:53:51.578Z,zkSyncTestnet,300,sepolia.era.zksync.dev,transfer,500,3,3884,0xcf46c69c5a5f2d56d7cb898a330a4f8154273f52e34a7b25d0f9aded1f17cd2c,2464741.983208,2467305.291542,2563.308333999943,104382,25000000,,success,1,0,,,8579961
pilot_1790514765259,transfer_N500_c3,0,2026-09-27T13:53:55.204Z,zkSyncTestnet,300,sepolia.era.zksync.dev,transfer,500,3,3885,0x9a1f42fe1b39c67a97f0a2818cd2a783a47e9799b3743b87c4eeda9e7488f200,2467051.28675,2470931.73625,3880.4495000001043,104388,25000000,,success,1,0,,,8579962
pilot_1790514765259,transfer_N500_c3,0,2026-09-27T13:53:56.954Z,zkSyncTestnet,300,sepolia.era.zksync.dev,transfer,500,3,3886,0x205b676c15424df5908b814ad8416045c7a388efd25ae11f3944d471b3c12cc8,2467283.355042,2472681.735583,5398.38054100005,104382,25000000,,success,1,0,,,8579963
pilot_1790514765259,transfer_N500_c3,0,2026-09-27T13:53:57.263Z,zkSyncTestnet,300,sepolia.era.zksync.dev,transfer,500,3,3887,0xfcb1c210a9b8728adc8ad70106a55847f4cbafa33c850a174af628f43a638762,2467305.376417,2472990.145042,5684.768625000026,104388,25000000,,success,1,0,,,8579963
pilot_1790514765259,transfer_N500_c3,0,2026-09-27T13:53:58.133Z,zkSyncTestnet,300,sepolia.era.zksync.dev,transfer,500,3,3888,0xc55a93e07f50733a70ac1cf464ea29bc83b3e7f55a11cd356c53e3488e80660e,2470931.810708,2473860.563417,2928.7527090003714,104388,25000000,,success,1,0,,,8579964
pilot_1790514765259,transfer_N500_c3,0,2026-09-27T13:54:00.988Z,zkSyncTestnet,300,sepolia.era.zksync.dev,transfer,500,3,3890,0x561997d6b9de67c8a5f4e5a27e3e04831b5f239ad1deb11ed003763954096cc9,2472990.204083,2476715.850625,3725.6465420001186,104382,25000000,,success,1,0,,,8579966
pilot_1790514765259,transfer_N500_c3,0,2026-09-27T13:54:01.005Z,zkSyncTestnet,300,sepolia.era.zksync.dev,transfer,500,3,3889,0x99120746e17e8022aa61a149f1c9481a5a70fc024b962977c1e8e2b0da63aad2,2472681.840333,2476732.76925,4050.92891700007,104382,25000000,,success,1,0,,,8579965
pilot_1790514765259,transfer_N500_c3,0,2026-09-27T13:54:02.045Z,zkSyncTestnet,300,sepolia.era.zksync.dev,transfer,500,3,3891,0x25e729b9cb02921e5fd9d2fd5053b9eeb31b8e839fc3ef725c0f5c83ecdd9d85,2473860.655208,2477773.002208,3912.347000000067,104382,25000000,,success,1,0,,,8579966
pilot_1790514765259,transfer_N500_c3,0,2026-09-27T13:54:06.229Z,zkSyncTestnet,300,sepolia.era.zksync.dev,transfer,500,3,3892,0x23d41840de4c2ef7bc8787b1f0d5638833d4b89db3d332f959296f9c5970d1ff,2476716.028542,2481956.699542,5240.671000000089,104382,25000000,,success,1,0,,,8579968
pilot_1790514765259,transfer_N500_c3,0,2026-09-27T13:54:08.093Z,zkSyncTestnet,300,sepolia.era.zksync.dev,transfer,500,3,3895,0xbc958e9a969d472fb0d88ce00d9a9db0acd403ab4b74efe5fd85900ef34d83f4,2481956.816458,2483820.465333,1863.6488749999553,104382,25000000,,success,1,0,,,8579970
pilot_1790514765259,transfer_N500_c3,0,2026-09-27T13:54:08.414Z,zkSyncTestnet,300,sepolia.era.zksync.dev,transfer,500,3,3894,0xde5df5466fe899608434eab727d8f7dd670bd6bbc2d3d02aa688a4253ca841a1,2477773.112833,2484141.839417,6368.726584000047,104388,25000000,,success,1,0,,,8579969
pilot_1790514765259,transfer_N500_c3,0,2026-09-27T13:54:08.665Z,zkSyncTestnet,300,sepolia.era.zksync.dev,transfer,500,3,3893,0x3082393e4b86c1a524c97bd8eb23fc84b43a2325d1f77210dd3dac04a777f231,2476732.818375,2484392.791792,7659.973417000379,104382,25000000,,success,1,0,,,8579969
pilot_1790514765259,transfer_N500_c3,0,2026-09-27T13:54:10.843Z,zkSyncTestnet,300,sepolia.era.zksync.dev,transfer,500,3,3896,0xada60c918f0a7451692e1f7e83d5fa3c8197b636a39fc8937625241d463fe1a2,2483820.656583,2486570.90925,2750.2526670000516,104388,25000000,,success,1,0,,,8579971
pilot_1790514765259,transfer_N500_c3,0,2026-09-27T13:54:10.989Z,zkSyncTestnet,300,sepolia.era.zksync.dev,transfer,500,3,3897,0xc9de37bfc28d58b3a2e769bb1cf4d01ae0656464ab3f4026921c444e5a7820f4,2484141.925292,2486716.419917,2574.4946249998175,104388,25000000,,success,1,0,,,8579972
pilot_1790514765259,transfer_N500_c3,0,2026-09-27T13:54:12.804Z,zkSyncTestnet,300,sepolia.era.zksync.dev,transfer,500,3,3899,0xddb6826ec2da28b9f0843f54af38e0d214c067d8c13bdc2d6e37a3fb4b4e5c6e,2486571.004833,2488531.13575,1960.1309170001186,104388,25000000,,success,1,0,,,8579974
pilot_1790514765259,transfer_N500_c3,0,2026-09-27T13:54:13.356Z,zkSyncTestnet,300,sepolia.era.zksync.dev,transfer,500,3,3898,0xc9ea654a15973ac9a624e60727f1bacca519a9672dada047028ed99d32fd6f98,2484392.917333,2489083.260583,4690.343249999918,104382,25000000,,success,1,0,,,8579973
pilot_1790514765259,transfer_N500_c3,0,2026-09-27T13:54:13.831Z,zkSyncTestnet,300,sepolia.era.zksync.dev,transfer,500,3,3900,0x0b387ec29664268ba97f00553ff001b9dd046199c6151ca084ecf536e34bfd3b,2486716.464708,2489558.330917,2841.8662089998834,104388,25000000,,success,1,0,,,8579975
pilot_1790514765259,transfer_N500_c3,0,2026-09-27T13:54:14.669Z,zkSyncTestnet,300,sepolia.era.zksync.dev,transfer,500,3,3901,0x91f7fea898a0aaf1eceb2b4e4eebbd071397e1ca06592481bdc99439b26bc561,2488531.215417,2490396.426417,1865.2110000001267,104455,25000000,,success,1,0,,,8579976
pilot_1790514765259,transfer_N500_c3,0,2026-09-27T13:54:16.002Z,zkSyncTestnet,300,sepolia.era.zksync.dev,transfer,500,3,3902,0xefb40af78ce0b1c6a18ed2f65e5e8942e3c5fa45f134b14aad06834266403e93,2489083.354292,2491730.096,2646.741707999725,104382,25000000,,success,1,0,,,8579977
pilot_1790514765259,transfer_N500_c3,0,2026-09-27T13:54:16.263Z,zkSyncTestnet,300,sepolia.era.zksync.dev,transfer,500,3,3903,0x9a3e8c3c8a41c2e9aa1323cae749aed241e82d45574591365bbc774e3b29492c,2489558.414542,2491990.220542,2431.8060000003316,104382,25000000,,success,1,0,,,8579978
pilot_1790514765259,transfer_N500_c3,0,2026-09-27T13:54:17.495Z,zkSyncTestnet,300,sepolia.era.zksync.dev,transfer,500,3,3904,0x31d9abf61d53fbe652360b7a1fbcf6b69fed2b7bf814beebcebb4ebc131eaa40,2490396.53225,2493222.345417,2825.8131669997238,104388,25000000,,success,1,0,,,8579979
pilot_1790514765259,transfer_N500_c3,0,2026-09-27T13:54:18.763Z,zkSyncTestnet,300,sepolia.era.zksync.dev,transfer,500,3,3905,0x74ed5f5fa2206c5d6a357696748f96195da1478274feeda0733fd92bc3417808,2491730.210167,2494490.218417,2760.0082499999553,104388,25000000,,success,1,0,,,8579980
pilot_1790514765259,transfer_N500_c3,0,2026-09-27T13:54:18.766Z,zkSyncTestnet,300,sepolia.era.zksync.dev,transfer,500,3,3906,0xa38bdf369eae2aebd13aa7375f3972859f340886261f33e7f4bd1069fb5f7f6c,2491990.300042,2494494.082083,2503.7820409997366,104388,25000000,,success,1,0,,,8579981
pilot_1790514765259,transfer_N500_c3,0,2026-09-27T13:54:21.788Z,zkSyncTestnet,300,sepolia.era.zksync.dev,transfer,500,3,3908,0x020d5eac6e86c2915fb02e5b96122bc8718606637409df9fad02e63c40066a05,2494490.286333,2497515.517167,3025.2308340002783,104388,25000000,,success,1,0,,,8579983
pilot_1790514765259,transfer_N500_c3,0,2026-09-27T13:54:21.793Z,zkSyncTestnet,300,sepolia.era.zksync.dev,transfer,500,3,3907,0x6ccb70d787128f2061680434aba66d1783528c88bdf98e3976b4e21e4fa61f7b,2493222.5265,2497520.755125,4298.228624999989,104382,25000000,,success,1,0,,,8579982
pilot_1790514765259,transfer_N500_c3,0,2026-09-27T13:54:22.605Z,zkSyncTestnet,300,sepolia.era.zksync.dev,transfer,500,3,3909,0xf1dd0544e493c1b5a2dffe78204432ae75a19853d5ec8560e0b7d00e44a80c8c,2494494.099542,2498332.59675,3838.4972080001608,104382,25000000,,success,1,0,,,8579984
pilot_1790514765259,transfer_N500_c3,0,2026-09-27T13:54:24.572Z,zkSyncTestnet,300,sepolia.era.zksync.dev,transfer,500,3,3910,0x1966bb08ee797443b0138d9b81e3f29ab86775ae7954944ba4d2faed34da92c0,2497515.720625,2500299.498667,2783.778041999787,104382,25000000,,success,1,0,,,8579985
pilot_1790514765259,transfer_N500_c3,0,2026-09-27T13:54:24.592Z,zkSyncTestnet,300,sepolia.era.zksync.dev,transfer,500,3,3912,0x0c1ff5141354f18718a16b72acdc3102a60ee1214b791c0372c92588d956f40b,2498332.684875,2500319.665958,1986.9810830000788,104388,25000000,,success,1,0,,,8579985
pilot_1790514765259,transfer_N500_c3,0,2026-09-27T13:54:25.354Z,zkSyncTestnet,300,sepolia.era.zksync.dev,transfer,500,3,3911,0x659d90cebf6495c19a5d154e2695ef809562c71f0578df3d13bcadab3a406d52,2497520.80325,2501082.06125,3561.2579999999143,104388,25000000,,success,1,0,,,8579985
pilot_1790514765259,transfer_N500_c3,0,2026-09-27T13:54:27.260Z,zkSyncTestnet,300,sepolia.era.zksync.dev,transfer,500,3,3913,0x09c946e97ea690b455600075fcc41a6a174691840f9dbc8937865cd1e1fc20af,2500299.601,2502987.210833,2687.609833000228,104388,25000000,,success,1,0,,,8579986
pilot_1790514765259,transfer_N500_c3,0,2026-09-27T13:54:27.494Z,zkSyncTestnet,300,sepolia.era.zksync.dev,transfer,500,3,3914,0x23a115dc70e7c98480e9caf5af823f98f363995af379b5167018d56f988c8049,2500319.725083,2503221.831458,2902.106374999974,104388,25000000,,success,1,0,,,8579987
pilot_1790514765259,transfer_N500_c3,0,2026-09-27T13:54:27.773Z,zkSyncTestnet,300,sepolia.era.zksync.dev,transfer,500,3,3915,0x500a34113aa5a8cd347aed5cdb786708d13cab843177d37ad69412dc6e3fd731,2501082.237208,2503500.762708,2418.525499999989,104388,25000000,,success,1,0,,,8579988
pilot_1790514765259,transfer_N500_c3,0,2026-09-27T13:54:29.161Z,zkSyncTestnet,300,sepolia.era.zksync.dev,transfer,500,3,3916,0x0bf117178b3e29a661e2946e9a9f3a7531d031b9b4af202345de7aa5050fd91f,2502987.253417,2504888.910875,1901.657457999885,104388,25000000,,success,1,0,,,8579989
pilot_1790514765259,transfer_N500_c3,0,2026-09-27T13:54:29.620Z,zkSyncTestnet,300,sepolia.era.zksync.dev,transfer,500,3,3918,0x6d19322f1554e5b0b495bee874aef4ed0fe700e8d4829b9ca76868d656c4ac61,2503500.852833,2505348.121042,1847.268209000118,104388,25000000,,success,1,0,,,8579991
pilot_1790514765259,transfer_N500_c3,0,2026-09-27T13:54:30.407Z,zkSyncTestnet,300,sepolia.era.zksync.dev,transfer,500,3,3917,0xa46b24d7d2998dcf42d7810dd69791af6ac772a87a9178ff7cffea30f9983d6b,2503221.995708,2506134.721792,2912.7260839999653,104382,25000000,,success,1,0,,,8579990
pilot_1790514765259,transfer_N500_c3,0,2026-09-27T13:54:31.122Z,zkSyncTestnet,300,sepolia.era.zksync.dev,transfer,500,3,3919,0xf8a144bce5b4abcee67f6e0c0b191b9b22b16969e8df4bcb9491169a832b4ec3,2504888.966583,2506849.711042,1960.7444589999504,104382,25000000,,success,1,0,,,8579992
pilot_1790514765259,transfer_N500_c3,0,2026-09-27T13:54:31.503Z,zkSyncTestnet,300,sepolia.era.zksync.dev,transfer,500,3,3920,0x5e5c0d61e82763ff30af3b575e0d82bb5c382f873f78dff58517f7fc87f05375,2505348.17425,2507230.671333,1882.4970829999074,95180,25000000,,success,1,0,,,8579993
pilot_1790514765259,transfer_N500_c3,0,2026-09-27T13:54:32.263Z,zkSyncTestnet,300,sepolia.era.zksync.dev,transfer,500,3,3921,0xd96be611dd38fb1fa937c9e9dfbe2ae24b03ef42ae5f49e63267ddbf94eeb76a,2506134.826292,2507990.826083,1855.9997910000384,95180,25000000,,success,1,0,,,8579994
pilot_1790514765259,transfer_N500_c3,0,2026-09-27T13:54:33.005Z,zkSyncTestnet,300,sepolia.era.zksync.dev,transfer,500,3,3922,0x91197c500d3f9cf062678cfbcc60f7953853a50670c0d54b610b0b9c27b517f3,2506849.788125,2508732.598292,1882.8101670001633,95180,25000000,,success,1,0,,,8579995
pilot_1790514765259,transfer_N500_c3,0,2026-09-27T13:54:33.511Z,zkSyncTestnet,300,sepolia.era.zksync.dev,transfer,500,3,3923,0x84d9e00aa26273c98f14c0b4296b3075259afbc87838b3ad758011daa0afecf9,2507230.777208,2509238.4025,2007.6252919998951,95180,25000000,,success,1,0,,,8579996
pilot_1790514765259,transfer_N500_c3,0,2026-09-27T13:54:35.046Z,zkSyncTestnet,300,sepolia.era.zksync.dev,transfer,500,3,3924,0x2a685728587a9795826b214c89c4474bf8134fdcfa98b991d25bfa8e8a0f43c9,2507990.945625,2510774.015167,2783.0695419996046,95180,25000000,,success,1,0,,,8579997
pilot_1790514765259,transfer_N500_c3,0,2026-09-27T13:54:36.168Z,zkSyncTestnet,300,sepolia.era.zksync.dev,transfer,500,3,3925,0xc2330de1a6de6f8d56fe7a09def0815abfb00f07c76e59317d0e92fe78b6762a,2508732.699375,2511895.860042,3163.1606670003384,95180,25000000,,success,1,0,,,8579998
pilot_1790514765259,transfer_N500_c3,0,2026-09-27T13:54:36.366Z,zkSyncTestnet,300,sepolia.era.zksync.dev,transfer,500,3,3926,0xd8ff8c880fea72612dac05e7ee8ad03ef03e1b5b11394ff8e29abd1dc8bb2dd5,2509238.510583,2512093.285083,2854.7745000002906,95180,25000000,,success,1,0,,,8579999
pilot_1790514765259,transfer_N500_c3,0,2026-09-27T13:54:37.934Z,zkSyncTestnet,300,sepolia.era.zksync.dev,transfer,500,3,3927,0x7e793151d35f91e8a0a8524632e9b94b5c7a3040593106ff4e6a1aa67bb7fe58,2510774.1995,2513661.743833,2887.544332999736,95186,25000000,,success,1,0,,,8580000
pilot_1790514765259,transfer_N500_c3,0,2026-09-27T13:54:38.078Z,zkSyncTestnet,300,sepolia.era.zksync.dev,transfer,500,3,3928,0xdb29e8eda4ef62c775366bd62d31e898b4b779d7b70da0da593631a17e667c5d,2511895.957542,2513805.885167,1909.9276250000112,95186,25000000,,success,1,0,,,8580001
pilot_1790514765259,transfer_N500_c3,0,2026-09-27T13:54:39.607Z,zkSyncTestnet,300,sepolia.era.zksync.dev,transfer,500,3,3929,0x50b857ebcd5b6d6b88ef5ae28de5a9d47b013efcd00d408372773367488f4537,2512093.333,2515335.0255,3241.6924999998882,95180,25000000,,success,1,0,,,8580002
pilot_1790514765259,transfer_N500_c3,0,2026-09-27T13:54:39.798Z,zkSyncTestnet,300,sepolia.era.zksync.dev,transfer,500,3,3930,0x6ed6518cf07dbf3964972de444e21c24dc5e2fad8f5e7e5675f8848f3c256f1a,2513661.843,2515526.012125,1864.169125000015,95186,25000000,,success,1,0,,,8580003
pilot_1790514765259,transfer_N500_c3,0,2026-09-27T13:54:40.085Z,zkSyncTestnet,300,sepolia.era.zksync.dev,transfer,500,3,3931,0x8bbe55bad86081e9081bd27f4819b277d08f0d780660bd2c2a8b2bcbb6a6c349,2513805.953417,2515813.087583,2007.1341659999453,95180,25000000,,success,1,0,,,8580004
pilot_1790514765259,transfer_N500_c3,0,2026-09-27T13:54:41.478Z,zkSyncTestnet,300,sepolia.era.zksync.dev,transfer,500,3,3932,0x97990260faad6b21e93302765e1327361c96ea3adea488085007849556c9e1d7,2515335.117667,2517205.480458,1870.3627910003997,95180,25000000,,success,1,0,,,8580005
pilot_1790514765259,transfer_N500_c3,0,2026-09-27T13:54:41.689Z,zkSyncTestnet,300,sepolia.era.zksync.dev,transfer,500,3,3933,0xd3875ce3ced27a34fed73a91d43e615197bfc9b3208872f96101105d42793dfa,2515526.068667,2517416.884292,1890.8156249998137,95180,25000000,,success,1,0,,,8580006
pilot_1790514765259,transfer_N500_c3,0,2026-09-27T13:54:41.925Z,zkSyncTestnet,300,sepolia.era.zksync.dev,transfer,500,3,3934,0xc9e207d113570c79c752c8e224f7005e490ac3ce5d37569be05cb749c9ce4a1c,2515813.161167,2517652.764542,1839.6033749999478,95186,25000000,,success,1,0,,,8580007
pilot_1790514765259,transfer_N500_c3,0,2026-09-27T13:54:45.067Z,zkSyncTestnet,300,sepolia.era.zksync.dev,transfer,500,3,3935,0xb9dc22dc68fb1446a83dd589c9e7f362f63d5620d3021dcc6ae8a4a61e440e8d,2517205.580542,2520794.42175,3588.8412080002017,95186,25000000,,success,1,0,,,8580008
pilot_1790514765259,transfer_N500_c3,0,2026-09-27T13:54:45.353Z,zkSyncTestnet,300,sepolia.era.zksync.dev,transfer,500,3,3936,0xf4242e72d79381415420fdeeb92d2e9eb5cbf6ca27d3b54429644623bfead2ef,2517416.954875,2521080.538167,3663.5832919999957,95186,25000000,,success,1,0,,,8580008
pilot_1790514765259,transfer_N500_c3,0,2026-09-27T13:54:46.588Z,zkSyncTestnet,300,sepolia.era.zksync.dev,transfer,500,3,3937,0x3b5282e26ffc271320b7bb0595040f1905c9bf991311a2ef28f72affb82c56ab,2517652.809208,2522315.701417,4662.892208999954,95186,25000000,,success,1,0,,,8580009
pilot_1790514765259,transfer_N500_c3,0,2026-09-27T13:54:46.974Z,zkSyncTestnet,300,sepolia.era.zksync.dev,transfer,500,3,3938,0x8addf6d275989b8d21cb635d8b94abcb4f1ad1251ab966c7ec6dd99c9db986a1,2520794.517417,2522701.47525,1906.9578329999931,95186,25000000,,success,1,0,,,8580010
pilot_1790514765259,transfer_N500_c3,0,2026-09-27T13:54:49.310Z,zkSyncTestnet,300,sepolia.era.zksync.dev,transfer,500,3,3940,0x54c24e775144990ca15677f1eb96f13d731f4db60f0f388285be0735858e8dee,2522315.781,2525037.372958,2721.591957999859,95186,25000000,,success,1,0,,,8580013
pilot_1790514765259,transfer_N500_c3,0,2026-09-27T13:54:49.577Z,zkSyncTestnet,300,sepolia.era.zksync.dev,transfer,500,3,3939,0x9220d6e3ea498a3a0b7011633fbda5c3c129dd703d1da96cd68c0d59633ec791,2521080.686958,2525304.718667,4224.031709000003,95180,25000000,,success,1,0,,,8580012
pilot_1790514765259,transfer_N500_c3,0,2026-09-27T13:54:49.737Z,zkSyncTestnet,300,sepolia.era.zksync.dev,transfer,500,3,3941,0x779e9b5673857a52875f45bc2beedcdabfa9735d92bb5cf0c99c645a2819472c,2522701.56275,2525464.552792,2762.9900420000777,95186,25000000,,success,1,0,,,8580014
pilot_1790514765259,transfer_N500_c3,0,2026-09-27T13:54:53.439Z,zkSyncTestnet,300,sepolia.era.zksync.dev,transfer,500,3,3943,0x0f6cab674e538692ac3dde8e755e8ddb9bb814bebb9de9df47506dd30a41e09f,2525304.819708,2529166.277083,3861.457375000231,95180,25000000,,success,1,0,,,8580016
pilot_1790514765259,transfer_N500_c3,0,2026-09-27T13:54:53.701Z,zkSyncTestnet,300,sepolia.era.zksync.dev,transfer,500,3,3942,0x5c8071d509c7cffbe31fc0f442b901a675941ae9aeeb14fe17d6b6d2caf82a0f,2525037.498167,2529428.467667,4390.969500000123,95180,25000000,,success,1,0,,,8580015
pilot_1790514765259,transfer_N500_c3,0,2026-09-27T13:54:54.453Z,zkSyncTestnet,300,sepolia.era.zksync.dev,transfer,500,3,3944,0x7ad37584d29e2276badbe94c1df440a37ccca1732146f32912fb8bb7a3d229c5,2525464.609542,2530180.161542,4715.551999999676,95180,25000000,,success,1,0,,,8580017
pilot_1790514765259,transfer_N500_c3,0,2026-09-27T13:54:55.341Z,zkSyncTestnet,300,sepolia.era.zksync.dev,transfer,500,3,3945,0x4ec868d10ac4ed3e1dcd637cb2d1f5a22c01a9e99bc20c26f4b9df77d82b5bc2,2529166.379333,2531068.707333,1902.3279999997467,95180,25000000,,success,1,0,,,8580018
pilot_1790514765259,transfer_N500_c3,0,2026-09-27T13:54:55.566Z,zkSyncTestnet,300,sepolia.era.zksync.dev,transfer,500,3,3946,0xa1e60fd92bed70dfab3da8bb4a9fa45e5cf0422dde5de9b1746d93b7386df68d,2529428.53825,2531294.130667,1865.5924169998616,95186,25000000,,success,1,0,,,8580019
pilot_1790514765259,transfer_N500_c3,0,2026-09-27T13:54:56.342Z,zkSyncTestnet,300,sepolia.era.zksync.dev,transfer,500,3,3947,0x1cd8ce9235defcdcd981f43bcd83b99a1e22b3f67321fd7ff3125f03868dd6ea,2530180.333792,2532069.24925,1888.9154579997994,95186,25000000,,success,1,0,,,8580020
pilot_1790514765259,transfer_N500_c3,0,2026-09-27T13:54:57.334Z,zkSyncTestnet,300,sepolia.era.zksync.dev,transfer,500,3,3948,0x141665678ce426c3114e2d294c5798f1da78a4d53a1215691837c3cdf005d9d7,2531068.798542,2533062.01725,1993.2187080001459,95061,25000000,,success,1,0,,,8580021
pilot_1790514765259,transfer_N500_c3,0,2026-09-27T13:54:57.434Z,zkSyncTestnet,300,sepolia.era.zksync.dev,transfer,500,3,3949,0x1e3a76fc5729c4e31543fc2bb31293186b4edbd59bf45d26598a3e9f0639f001,2531294.180917,2533161.210917,1867.0300000002608,95180,25000000,,success,1,0,,,8580022
pilot_1790514765259,transfer_N500_c3,0,2026-09-27T13:54:58.263Z,zkSyncTestnet,300,sepolia.era.zksync.dev,transfer,500,3,3950,0xd063ddee986abbd48118775d02d0803fb0f4cd5998fcac81db5793a68dd95ae2,2532069.346417,2533991.043,1921.6965830000117,95180,25000000,,success,1,0,,,8580023
pilot_1790514765259,transfer_N500_c3,0,2026-09-27T13:55:01.057Z,zkSyncTestnet,300,sepolia.era.zksync.dev,transfer,500,3,3951,0xffc6d55ee3ea5483f7a3d2ca8f29a544e556424f92b088e15e85a2f556b64715,2533062.079917,2536784.971708,3722.891791000031,95186,25000000,,success,1,0,,,8580024
pilot_1790514765259,transfer_N500_c3,0,2026-09-27T13:55:01.283Z,zkSyncTestnet,300,sepolia.era.zksync.dev,transfer,500,3,3952,0xcc7b0332e9e294188bf35dc2803f0c1346a0a332d32021474f4b8a01ce23e4fd,2533161.271917,2537010.781083,3849.5091659999453,95180,25000000,,success,1,0,,,8580025
pilot_1790514765259,transfer_N500_c3,0,2026-09-27T13:55:01.288Z,zkSyncTestnet,300,sepolia.era.zksync.dev,transfer,500,3,3953,0x74f8d08909530ff707630196a9968abd25e32c99a97b0020a48552200b82ab47,2533991.137792,2537015.586125,3024.448332999833,95186,25000000,,success,1,0,,,8580025
pilot_1790514765259,transfer_N500_c3,0,2026-09-27T13:55:04.149Z,zkSyncTestnet,300,sepolia.era.zksync.dev,transfer,500,3,3954,0x9b9e1bd9b50abacb2b89137623181ad84223e52aa090157ca9bc0f4ae1c8de59,2536785.045708,2539877.065292,3092.019583999645,95186,25000000,,success,1,0,,,8580026
pilot_1790514765259,transfer_N500_c3,0,2026-09-27T13:55:05.009Z,zkSyncTestnet,300,sepolia.era.zksync.dev,transfer,500,3,3955,0xdddb7ec875cd4f169fc97a2724d3beb360d156d4faedec547c4903da41000e7c,2537010.879833,2540736.226667,3725.3468340002,95180,25000000,,success,1,0,,,8580027
pilot_1790514765259,transfer_N500_c3,0,2026-09-27T13:55:05.265Z,zkSyncTestnet,300,sepolia.era.zksync.dev,transfer,500,3,3956,0x934ddf31f30c58fe7f90b66cafdd7f23f324eaeec15230e050a7659cdd2d3853,2537015.606417,2540992.832458,3977.2260410003364,95180,25000000,,success,1,0,,,8580027
pilot_1790514765259,transfer_N500_c3,0,2026-09-27T13:55:06.049Z,zkSyncTestnet,300,sepolia.era.zksync.dev,transfer,500,3,3957,0x06f3ae940e2e45c704b158d32e9042eb3669a7c5679e04445be447a003efb048,2539877.178167,2541776.19075,1899.0125830001198,95186,25000000,,success,1,0,,,8580028
pilot_1790514765259,transfer_N500_c3,0,2026-09-27T13:55:06.909Z,zkSyncTestnet,300,sepolia.era.zksync.dev,transfer,500,3,3958,0x129599fa0091a3a3bc610e29a71159815ff50fd326dfdeaa1b867c47dfd62677,2540736.310083,2542636.753125,1900.4430419998243,95180,25000000,,success,1,0,,,8580029
pilot_1790514765259,transfer_N500_c3,0,2026-09-27T13:55:07.300Z,zkSyncTestnet,300,sepolia.era.zksync.dev,transfer,500,3,3959,0xba875ef89f09a6b8b55b1588dd3af0b0ec14e1e5b3702aa382d32faaf13616c7,2540992.974417,2543027.500792,2034.5263749998994,95180,25000000,,success,1,0,,,8580030
pilot_1790514765259,transfer_N500_c3,0,2026-09-27T13:55:07.953Z,zkSyncTestnet,300,sepolia.era.zksync.dev,transfer,500,3,3960,0x9e2e14dda3d6531527dddefa236612f107f35b1260738c4f9fc6d8db1c4be1e6,2541776.277292,2543680.774208,1904.4969159998,95180,25000000,,success,1,0,,,8580031
pilot_1790514765259,transfer_N500_c3,0,2026-09-27T13:55:08.871Z,zkSyncTestnet,300,sepolia.era.zksync.dev,transfer,500,3,3961,0x7caddf72d9c0eef406ee2da57d5891475263fae9dab91de626b4e911fb27a2aa,2542636.838792,2544599.095875,1962.2570830001496,95186,25000000,,success,1,0,,,8580032
pilot_1790514765259,transfer_N500_c3,0,2026-09-27T13:55:10.696Z,zkSyncTestnet,300,sepolia.era.zksync.dev,transfer,500,3,3963,0x2436cc2c511647ed6565463da7de4c99d366385ae86453554ffbc68c2993e03e,2543680.846042,2546423.896542,2743.0504999998957,95186,25000000,,success,1,0,,,8580033
pilot_1790514765259,transfer_N500_c3,0,2026-09-27T13:55:10.759Z,zkSyncTestnet,300,sepolia.era.zksync.dev,transfer,500,3,3964,0x2d03580d9b2e7d54ceb823fb4aafc8bd20cdea88754c7efbc86c7ca525be2ded,2544599.222458,2546486.354708,1887.132250000257,95186,25000000,,success,1,0,,,8580033
pilot_1790514765259,transfer_N500_c3,0,2026-09-27T13:55:11.492Z,zkSyncTestnet,300,sepolia.era.zksync.dev,transfer,500,3,3962,0xcdf738b42868888b1045e9fc4681790ff29b974b4c05e4cdf6e92c9ce327eaea,2543027.601292,2547219.2585,4191.657207999844,95180,25000000,,success,1,0,,,8580033
pilot_1790514765259,transfer_N500_c3,0,2026-09-27T13:55:12.590Z,zkSyncTestnet,300,sepolia.era.zksync.dev,transfer,500,3,3965,0xbd297e79614e875c748f2e27a15f991832f74d7ecc89b0ea1d29fe45c85cb444,2546424.005333,2548317.835542,1893.8302090000361,95180,25000000,,success,1,0,,,8580034
pilot_1790514765259,transfer_N500_c3,0,2026-09-27T13:55:13.385Z,zkSyncTestnet,300,sepolia.era.zksync.dev,transfer,500,3,3967,0x464244388fd1fb1e4d8b69751478a806d9d1264d0f537082b6c80d8a28881c78,2547219.409667,2549112.2605,1892.850832999684,95180,25000000,,success,1,0,,,8580035
pilot_1790514765259,transfer_N500_c3,0,2026-09-27T13:55:13.868Z,zkSyncTestnet,300,sepolia.era.zksync.dev,transfer,500,3,3966,0xd96b6950e56e10da0565801babdc6baba2edf6db64da49268bde6c270920c369,2546486.476417,2549595.257333,3108.7809160002507,95180,25000000,,success,1,0,,,8580035
pilot_1790514765259,transfer_N500_c3,0,2026-09-27T13:55:15.188Z,zkSyncTestnet,300,sepolia.era.zksync.dev,transfer,500,3,3968,0x6759b393d54f033049778eeda942de835c51078cedd8d28af801cfbf3f773e6c,2548317.978625,2550915.769958,2597.7913330001757,95186,25000000,,success,1,0,,,8580036
pilot_1790514765259,transfer_N500_c3,0,2026-09-27T13:55:16.031Z,zkSyncTestnet,300,sepolia.era.zksync.dev,transfer,500,3,3969,0x0ce03d9fd3a50ab4b7508df850c78eadea6cc36a1bc413769d31242cc51451ca,2549112.350958,2551758.208583,2645.857625000179,95186,25000000,,success,1,0,,,8580037
pilot_1790514765259,transfer_N500_c3,0,2026-09-27T13:55:16.872Z,zkSyncTestnet,300,sepolia.era.zksync.dev,transfer,500,3,3970,0xa62a06894774845898cbed2efb43eae95e255ad04ee96eb577d75f954f4728db,2549595.33825,2552600.050917,3004.7126670000143,95180,25000000,,success,1,0,,,8580038
pilot_1790514765259,transfer_N500_c3,0,2026-09-27T13:55:17.074Z,zkSyncTestnet,300,sepolia.era.zksync.dev,transfer,500,3,3971,0xebe9fa72d66f65b4a04bb744470d8bb41bfe560fdaf9832937dcac5d7ab4e848,2550915.904792,2552802.081375,1886.1765829999931,95186,25000000,,success,1,0,,,8580039
pilot_1790514765259,transfer_N500_c3,0,2026-09-27T13:55:17.913Z,zkSyncTestnet,300,sepolia.era.zksync.dev,transfer,500,3,3972,0x856203c8d691f1c3fd598c7fe6b6d282a8e963fd0c7d963d4e078d444203520e,2551758.329167,2553640.647292,1882.3181249997579,95180,25000000,,success,1,0,,,8580040
pilot_1790514765259,transfer_N500_c3,0,2026-09-27T13:55:19.744Z,zkSyncTestnet,300,sepolia.era.zksync.dev,transfer,500,3,3973,0x0743129d0c1c5a6bb26b1b9c7c315918f07d43b3daf6fedc4e6e2c72138a2271,2552600.156,2555472.096833,2871.9408330000006,95186,25000000,,success,1,0,,,8580041
pilot_1790514765259,transfer_N500_c3,0,2026-09-27T13:55:19.898Z,zkSyncTestnet,300,sepolia.era.zksync.dev,transfer,500,3,3975,0xd9d45ed587226cf8bb17dc1b5770def01e55ed4c67e58fcdfb4c6fbf785f2d57,2553640.792167,2555625.425,1984.6328329998069,95186,25000000,,success,1,0,,,8580042
pilot_1790514765259,transfer_N500_c3,0,2026-09-27T13:55:20.406Z,zkSyncTestnet,300,sepolia.era.zksync.dev,transfer,500,3,3974,0xaf88bbc440151245bfcaa77dd912727f67b60c05bfcf21656f09eed3183b0b96,2552802.151292,2556133.476833,3331.325540999882,95180,25000000,,success,1,0,,,8580042
pilot_1790514765259,transfer_N500_c3,0,2026-09-27T13:55:23.637Z,zkSyncTestnet,300,sepolia.era.zksync.dev,transfer,500,3,3976,0xe52e818f819a556de2d0ebc892940bdf54cf7b5e86c3e9d68449ea1cacf8e6aa,2555472.188708,2559364.358708,3892.1699999999255,95180,25000000,,success,1,0,,,8580043
pilot_1790514765259,transfer_N500_c3,0,2026-09-27T13:55:24.847Z,zkSyncTestnet,300,sepolia.era.zksync.dev,transfer,500,3,3978,0x5077a90498ef18cb67cd70155bbd5ae6be995ab654978c404a738e85a6741434,2556133.575208,2560574.803708,4441.228500000201,95186,25000000,,success,1,0,,,8580044
pilot_1790514765259,transfer_N500_c3,0,2026-09-27T13:55:25.114Z,zkSyncTestnet,300,sepolia.era.zksync.dev,transfer,500,3,3977,0x7caf6af085de2e55ea02c886a0b5719ee6cd2cf5286e7640b9ddea416c498596,2555625.468708,2560841.649792,5216.18108400004,95186,25000000,,success,1,0,,,8580044
pilot_1790514765259,transfer_N500_c3,0,2026-09-27T13:55:25.929Z,zkSyncTestnet,300,sepolia.era.zksync.dev,transfer,500,3,3979,0xc00dd6227d05b394411c8663eaeba35d02343a1b75538eb7ecac71a7cd4f1333,2559364.427375,2561656.369958,2291.9425829998218,95186,25000000,,success,1,0,,,8580045
pilot_1790514765259,transfer_N500_c3,0,2026-09-27T13:55:26.767Z,zkSyncTestnet,300,sepolia.era.zksync.dev,transfer,500,3,3980,0xc351beb02063ee6deac6c7c54dd0bbe4839351153b240ae7c0db572bb124da6a,2560574.906542,2562494.817583,1919.9110409999266,95180,25000000,,success,1,0,,,8580046
pilot_1790514765259,transfer_N500_c3,0,2026-09-27T13:55:26.940Z,zkSyncTestnet,300,sepolia.era.zksync.dev,transfer,500,3,3981,0xf798e936cedf22c01bb6047017dfd8a9c6078cb458ed62f30350bb1b3857110e,2560841.699,2562668.062542,1826.3635419998318,95180,25000000,,success,1,0,,,8580047
pilot_1790514765259,transfer_N500_c3,0,2026-09-27T13:55:27.818Z,zkSyncTestnet,300,sepolia.era.zksync.dev,transfer,500,3,3982,0x21cfd0d36bb54fe4c03dca3fb42577ada844de63f222d8ef8a410fcb26f45133,2561656.517417,2563545.273833,1888.7564159999602,95180,25000000,,success,1,0,,,8580048
pilot_1790514765259,transfer_N500_c3,0,2026-09-27T13:55:28.705Z,zkSyncTestnet,300,sepolia.era.zksync.dev,transfer,500,3,3983,0x1c13194ab7c59b54c23138bcceba69300efe93a209dabdd2af953f549c204352,2562494.944958,2564433.154625,1938.2096669999883,95186,25000000,,success,1,0,,,8580049
pilot_1790514765259,transfer_N500_c3,0,2026-09-27T13:55:29.614Z,zkSyncTestnet,300,sepolia.era.zksync.dev,transfer,500,3,3984,0x2935b1b437f3c3e1eba1a96530d1604a6a451241a6706079f2abcdf0e2043279,2562668.103917,2565341.296708,2673.1927910000086,95180,25000000,,success,1,0,,,8580050
pilot_1790514765259,transfer_N500_c3,0,2026-09-27T13:55:31.654Z,zkSyncTestnet,300,sepolia.era.zksync.dev,transfer,500,3,3986,0x21f3900a575446f9ba7a1ed4c8d6b75ca20b2a260afc6c58e8308e32382e408b,2564433.272458,2567381.890167,2948.6177089996636,95186,25000000,,success,1,0,,,8580051
pilot_1790514765259,transfer_N500_c3,0,2026-09-27T13:55:31.684Z,zkSyncTestnet,300,sepolia.era.zksync.dev,transfer,500,3,3985,0xb9dac158c553e0d88df62eade446f05646515de19f692aeb7e1095112a45053a,2563545.364917,2567411.397708,3866.0327910003252,95186,25000000,,success,1,0,,,8580051
pilot_1790514765259,transfer_N500_c3,0,2026-09-27T13:55:32.220Z,zkSyncTestnet,300,sepolia.era.zksync.dev,transfer,500,3,3987,0xa96bb3a35b423fdb71b42011d78556db8abca500196d33fe6876623b16e69ca8,2565341.395542,2567948.079542,2606.683999999892,95061,25000000,,success,1,0,,,8580052
pilot_1790514765259,transfer_N500_c3,0,2026-09-27T13:55:34.134Z,zkSyncTestnet,300,sepolia.era.zksync.dev,transfer,500,3,3988,0x43a8fa8baa2cebd329151b2eeea205840ab265421621e3817a51a09fbfa84a75,2567381.9605,2569862.07175,2480.1112500000745,95180,25000000,,success,1,0,,,8580053
pilot_1790514765259,transfer_N500_c3,0,2026-09-27T13:55:34.367Z,zkSyncTestnet,300,sepolia.era.zksync.dev,transfer,500,3,3989,0xef81f6a20feedf333889ed5fffde88811107d3033569ab5d6990f863c75428d8,2567411.44975,2570094.803667,2683.353916999884,95180,25000000,,success,1,0,,,8580054
pilot_1790514765259,transfer_N500_c3,0,2026-09-27T13:55:35.697Z,zkSyncTestnet,300,sepolia.era.zksync.dev,transfer,500,3,3990,0xc58bd5d8339bc025c4ea7ab8aab575ca695f5d36deecb540046e0b1c8f272c3b,2567948.195333,2571425.052417,3476.8570840000175,95186,25000000,,success,1,0,,,8580055
pilot_1790514765259,transfer_N500_c3,0,2026-09-27T13:55:36.514Z,zkSyncTestnet,300,sepolia.era.zksync.dev,transfer,500,3,3991,0x1eef1c654f3a286cd2ef828cda23f0b0749b95d3fd4cab5509a890b4f083d9c9,2569862.2115,2572241.76375,2379.552249999717,95180,25000000,,success,1,0,,,8580057
pilot_1790514765259,transfer_N500_c3,0,2026-09-27T13:55:37.186Z,zkSyncTestnet,300,sepolia.era.zksync.dev,transfer,500,3,3992,0x050d058cec1af963260f7b68a749b5ea6f987a4cb012989deee5f65d8a75cd15,2570094.89275,2572914.023833,2819.1310829999857,95186,25000000,,success,1,0,,,8580058
pilot_1790514765259,transfer_N500_c3,0,2026-09-27T13:55:37.776Z,zkSyncTestnet,300,sepolia.era.zksync.dev,transfer,500,3,3993,0x55ba6c9047ef86218cdd998a31b3177c557c6ff927356db688c61598a392043e,2571425.141458,2573503.741042,2078.5995839997195,95186,25000000,,success,1,0,,,8580059
pilot_1790514765259,transfer_N500_c3,0,2026-09-27T13:55:38.546Z,zkSyncTestnet,300,sepolia.era.zksync.dev,transfer,500,3,3994,0xb293aa914c663018a7d130a8510330271ef533b4348b5d8b88b7a8fd8a139535,2572241.857583,2574274.005667,2032.1480840002187,95186,25000000,,success,1,0,,,8580060
pilot_1790514765259,transfer_N500_c3,0,2026-09-27T13:55:40.176Z,zkSyncTestnet,300,sepolia.era.zksync.dev,transfer,500,3,3995,0x8d85a9ca4dbc6b1379da1fc3df012f2e4273fb2acd88f040046c6312bb33043d,2572914.108625,2575903.891,2989.7823749999516,95180,25000000,,success,1,0,,,8580061
pilot_1790514765259,transfer_N500_c3,0,2026-09-27T13:55:40.582Z,zkSyncTestnet,300,sepolia.era.zksync.dev,transfer,500,3,3996,0xd79641c92b094782d105539bfebe885a0ed9a4d31da119f271efdd120f952426,2573503.822333,2576310.16225,2806.3399169999175,95180,25000000,,success,1,0,,,8580062
pilot_1790514765259,transfer_N500_c3,0,2026-09-27T13:55:41.917Z,zkSyncTestnet,300,sepolia.era.zksync.dev,transfer,500,3,3997,0x58fb43b9c8d5097674ab6f06da04010cc6b4aad0a61e8fb983eeffe028daf1aa,2574274.111958,2577644.253083,3370.141125000082,95180,25000000,,success,1,0,,,8580063
pilot_1790514765259,transfer_N500_c3,0,2026-09-27T13:55:42.258Z,zkSyncTestnet,300,sepolia.era.zksync.dev,transfer,500,3,3998,0x7ebc0393bff7d771c47514a1f2e0bd217053852c306af6bc1168b07ce05475b4,2575903.949958,2577985.862333,2081.9123750003055,95180,25000000,,success,1,0,,,8580064
pilot_1790514765259,transfer_N500_c3,0,2026-09-27T13:55:42.472Z,zkSyncTestnet,300,sepolia.era.zksync.dev,transfer,500,3,3999,0xd09f872a87afc80e291e72d1e806f99889a3004102c5bfa3f3ecfccd593d693b,2576310.265375,2578199.281292,1889.0159169998951,95186,25000000,,success,1,0,,,8580065
pilot_1790514765259,transfer_N500_c3,0,2026-09-27T13:55:43.788Z,zkSyncTestnet,300,sepolia.era.zksync.dev,transfer,500,3,4000,0xa5d8168aaccc037bc31b05cdcb723d66db9b59056b88b1ec7b33033ad8be171c,2577644.350708,2579515.613625,1871.2629170003347,95180,25000000,,success,1,0,,,8580066
pilot_1790514765259,transfer_N500_c3,0,2026-09-27T13:55:44.257Z,zkSyncTestnet,300,sepolia.era.zksync.dev,transfer,500,3,4001,0x460fb0b6d59d4b83c6dcaa4e7364e9b8fc2a97d5c809c3bd1eebdae95615dec8,2577985.929875,2579985.179375,1999.249499999918,95180,25000000,,success,1,0,,,8580067
pilot_1790514765259,transfer_N500_c3,0,2026-09-27T13:55:45.347Z,zkSyncTestnet,300,sepolia.era.zksync.dev,transfer,500,3,4002,0x43e29f0b588f138d1a5c1f04d5de358e5ae5723292282a0bfa096382e2dd2bd1,2578199.384375,2581074.621083,2875.2367080003023,95186,25000000,,success,1,0,,,8580068
pilot_1790514765259,transfer_N500_c3,0,2026-09-27T13:55:45.707Z,zkSyncTestnet,300,sepolia.era.zksync.dev,transfer,500,3,4003,0x638184e07a447b0815b44912f85cfe067ed1328f6dc0345431a6914a41e51c5c,2579515.710542,2581434.204667,1918.4941250002012,95186,25000000,,success,1,0,,,8580068
pilot_1790514765259,transfer_N500_c3,0,2026-09-27T13:55:46.169Z,zkSyncTestnet,300,sepolia.era.zksync.dev,transfer,500,3,4004,0x5c0027ade4512e04951fb6d655cdc4832f359fc8f6cf9261df55bb829e8ad215,2579985.26425,2581896.317167,1911.0529169999063,95186,25000000,,success,1,0,,,8580069
pilot_1790514765259,transfer_N500_c3,0,2026-09-27T13:55:48.059Z,zkSyncTestnet,300,sepolia.era.zksync.dev,transfer,500,3,4005,0xaadb400f9010908b3255ee8437499ee2a1f6506cba7d46dfa5e88ddadec4edbf,2581074.706875,2583786.893125,2712.186249999795,95186,25000000,,success,1,0,,,8580070
pilot_1790514765259,transfer_N500_c3,0,2026-09-27T13:55:48.548Z,zkSyncTestnet,300,sepolia.era.zksync.dev,transfer,500,3,4006,0x18f3f8682a8752c06a561ccaef6161295648b7cbc939dc0ed9d9c22c24cf8370,2581434.362583,2584275.757833,2841.395249999594,95186,25000000,,success,1,0,,,8580071
pilot_1790514765259,transfer_N500_c3,0,2026-09-27T13:55:48.944Z,zkSyncTestnet,300,sepolia.era.zksync.dev,transfer,500,3,4007,0x48022faf615e4239f0b3e99ebf92fe712f7560e34aa1893b38bb6ccb5cdaefff,2581896.415167,2584671.621167,2775.2059999997728,95186,25000000,,success,1,0,,,8580072
pilot_1790514765259,transfer_N500_c3,0,2026-09-27T13:55:50.545Z,zkSyncTestnet,300,sepolia.era.zksync.dev,transfer,500,3,4008,0xc1983b502d5d66a73971e915f65ccb14ca4ae985d1371ef306272c48abb871b0,2583787.078292,2586272.966083,2485.887790999841,95186,25000000,,success,1,0,,,8580073
pilot_1790514765259,transfer_N500_c3,0,2026-09-27T13:55:50.552Z,zkSyncTestnet,300,sepolia.era.zksync.dev,transfer,500,3,4009,0x1b1300710a53dbbec70eba3a48d53554bef51bfcd972239e36f4c5b866081e8e,2584275.864125,2586280.056625,2004.192500000354,95186,25000000,,success,1,0,,,8580073
pilot_1790514765259,transfer_N500_c3,0,2026-09-27T13:55:50.943Z,zkSyncTestnet,300,sepolia.era.zksync.dev,transfer,500,3,4010,0xfee377aaf00cfaa27104e733055e237dd0086038ec5162d941937c3b5d0485f6,2584671.721958,2586670.926792,1999.2048339997418,95180,25000000,,success,1,0,,,8580074
pilot_1790514765259,transfer_N500_c3,0,2026-09-27T13:55:52.424Z,zkSyncTestnet,300,sepolia.era.zksync.dev,transfer,500,3,4011,0x645543a1c3290e08769de23cfbd30611485c21b1dbb3a33633ef6abb5348f06a,2586273.064375,2588151.801042,1878.7366669997573,95180,25000000,,success,1,0,,,8580075
pilot_1790514765259,transfer_N500_c3,0,2026-09-27T13:55:52.930Z,zkSyncTestnet,300,sepolia.era.zksync.dev,transfer,500,3,4012,0x6e3113071adfe601640097f1ef11b94fd126b419fd0f4f2f538475048b857d57,2586280.093292,2588657.645708,2377.5524160000496,95180,25000000,,success,1,0,,,8580076
pilot_1790514765259,transfer_N500_c3,0,2026-09-27T13:55:53.047Z,zkSyncTestnet,300,sepolia.era.zksync.dev,transfer,500,3,4013,0x2e4cefcad5d7f96d943bc4a0b35fe4c0a1085deeab3b8ac7b786f80961d1ecf5,2586671.005375,2588775.10725,2104.101874999702,95186,25000000,,success,1,0,,,8580076
pilot_1790514765259,transfer_N500_c3,0,2026-09-27T13:55:54.293Z,zkSyncTestnet,300,sepolia.era.zksync.dev,transfer,500,3,4014,0xe019821ab025993690db94d6ef819d81cc5017c09764a9e79fbf37c0bc360d6b,2588151.8925,2590020.317458,1868.4249579999596,95180,25000000,,success,1,0,,,8580077
pilot_1790514765259,transfer_N500_c3,0,2026-09-27T13:55:54.829Z,zkSyncTestnet,300,sepolia.era.zksync.dev,transfer,500,3,4015,0x1b80611de7d1e18cf77f4ab5a9af4183a77fa67e757d2d0de16f54f73416afe1,2588657.799333,2590557.094417,1899.2950840000995,95180,25000000,,success,1,0,,,8580078
pilot_1790514765259,transfer_N500_c3,0,2026-09-27T13:55:55.031Z,zkSyncTestnet,300,sepolia.era.zksync.dev,transfer,500,3,4016,0x04c95110a97ba4eca1b42c8705717f5ee09dbdc4d28f0aaf115caeb21d31ad20,2588775.1505,2590758.626542,1983.4760420001112,95180,25000000,,success,1,0,,,8580079
pilot_1790514765259,transfer_N500_c3,0,2026-09-27T13:55:56.656Z,zkSyncTestnet,300,sepolia.era.zksync.dev,transfer,500,3,4017,0xd66df028815142b4ae7685cf3870f970dfc563bff4161eaa501cca9375682a5a,2590020.459875,2592383.34825,2362.888374999631,95180,25000000,,success,1,0,,,8580080
pilot_1790514765259,transfer_N500_c3,0,2026-09-27T13:55:56.736Z,zkSyncTestnet,300,sepolia.era.zksync.dev,transfer,500,3,4018,0xf860ca607665edfc369feab0f62c8a19734d535c8274b4ab7723a6765ebd6988,2590557.160583,2592463.929875,1906.7692919997498,95180,25000000,,success,1,0,,,8580080
pilot_1790514765259,transfer_N500_c3,0,2026-09-27T13:55:56.906Z,zkSyncTestnet,300,sepolia.era.zksync.dev,transfer,500,3,4019,0xe51ad32b7852158d9f864032b422918de5e918f8b017bffe40ababc0c4a52ac6,2590758.71925,2592633.912625,1875.1933749997988,95180,25000000,,success,1,0,,,8580081
pilot_1790514765259,transfer_N500_c3,0,2026-09-27T13:55:59.258Z,zkSyncTestnet,300,sepolia.era.zksync.dev,transfer,500,3,4020,0xf4d27011f42794b45f2fe5f6b2ddc974d74019ec8db141050ebe4d2640b2ed62,2592383.44725,2594985.8215,2602.374249999877,95180,25000000,,success,1,0,,,8580082
pilot_1790514765259,transfer_N500_c3,0,2026-09-27T13:55:59.557Z,zkSyncTestnet,300,sepolia.era.zksync.dev,transfer,500,3,4021,0xf427317349f91e3907c4e56f663b568041f27da77bc79ed69098aab27f62613a,2592463.986375,2595285.129625,2821.1432500001974,95186,25000000,,success,1,0,,,8580083
pilot_1790514765259,transfer_N500_c3,0,2026-09-27T13:55:59.811Z,zkSyncTestnet,300,sepolia.era.zksync.dev,transfer,500,3,4022,0x930dcfca7e360f7dca81da7bb22aee763254b023e0051d21ffb7fa9887b9f543,2592633.951583,2595538.824292,2904.8727090000175,95186,25000000,,success,1,0,,,8580084
pilot_1790514765259,transfer_N500_c3,0,2026-09-27T13:56:01.128Z,zkSyncTestnet,300,sepolia.era.zksync.dev,transfer,500,3,4023,0x78d352472996364e67bf68ecc2d81b56cbe8bcc9c442d4fef5d466d10d8652f9,2594985.93725,2596855.78475,1869.847500000149,95180,25000000,,success,1,0,,,8580085
pilot_1790514765259,transfer_N500_c3,0,2026-09-27T13:56:01.567Z,zkSyncTestnet,300,sepolia.era.zksync.dev,transfer,500,3,4024,0x8305dbf9579a959c92c2873627fdccb02604700a331c1f7e56c7b94c3f8dcff4,2595285.218917,2597294.380875,2009.1619579996914,95186,25000000,,success,1,0,,,8580086
pilot_1790514765259,transfer_N500_c3,0,2026-09-27T13:56:02.951Z,zkSyncTestnet,300,sepolia.era.zksync.dev,transfer,500,3,4025,0x57d1043703e0567b2c156c24b6eeb208fa3af6aff9a7b1fb0187bea18735cf3f,2595538.869125,2598678.435667,3139.5665419995785,95186,25000000,,success,1,0,,,8580087
pilot_1790514765259,transfer_N500_c3,0,2026-09-27T13:56:03.006Z,zkSyncTestnet,300,sepolia.era.zksync.dev,transfer,500,3,4026,0xb09ddc5bc42e809004c69f034625bc61e6c850c080f55a7b1a1b48fd5aeccf11,2596855.866542,2598733.469583,1877.6030410001986,95186,25000000,,success,1,0,,,8580088
pilot_1790514765259,transfer_N500_c3,0,2026-09-27T13:56:03.420Z,zkSyncTestnet,300,sepolia.era.zksync.dev,transfer,500,3,4027,0x8520ec073bf5613ede542fea020cef2c1e92e093ad0c29f9faa577810f12c97f,2597294.433625,2599147.602958,1853.169332999736,95186,25000000,,success,1,0,,,8580089
pilot_1790514765259,transfer_N500_c3,0,2026-09-27T13:56:05.023Z,zkSyncTestnet,300,sepolia.era.zksync.dev,transfer,500,3,4029,0x02739b575e114d2435f98bb55cc18dba12d9fb0f7228c6be468a13689fa73387,2598733.516292,2600750.835917,2017.3196250000037,95186,25000000,,success,1,0,,,8580091
pilot_1790514765259,transfer_N500_c3,0,2026-09-27T13:56:05.510Z,zkSyncTestnet,300,sepolia.era.zksync.dev,transfer,500,3,4028,0xd04d6f1517630a98ef7d28b7a52bba11cb37ef9d03bb03ed1c2a5e2b2190d66b,2598678.488292,2601237.29475,2558.8064580000937,95186,25000000,,success,1,0,,,8580090
pilot_1790514765259,transfer_N500_c3,0,2026-09-27T13:56:05.520Z,zkSyncTestnet,300,sepolia.era.zksync.dev,transfer,500,3,4030,0x1c061e0d9ee89120b110817b28d8696b9948be1d4cd24d24a62f7e829b7f31de,2599147.731625,2601248.103583,2100.37195800012,95186,25000000,,success,1,0,,,8580091
pilot_1790514765259,transfer_N500_c3,0,2026-09-27T13:56:08.131Z,zkSyncTestnet,300,sepolia.era.zksync.dev,transfer,500,3,4031,0x707f444bc903ee051eadd2ea1a5b9bf80dc888a0642c9f9cf54e3fdc4718e0cf,2600750.919125,2603854.933833,3104.0147079997696,95180,25000000,,success,1,0,,,8580092
pilot_1790514765259,transfer_N500_c3,0,2026-09-27T13:56:09.699Z,zkSyncTestnet,300,sepolia.era.zksync.dev,transfer,500,3,4032,0xd6059e86c8c2b24242a179120c963e97eb3d03a70e3cb98cac2fcc6d4499cf09,2601237.385458,2605421.390708,4184.005249999929,95186,25000000,,success,1,0,,,8580093
pilot_1790514765259,transfer_N1000_c3,0,2026-09-27T14:49:11.481Z,zkSyncTestnet,300,sepolia.era.zksync.dev,transfer,1000,3,4033,0xef899659cebc0d987641f24054b1cc1e5584b4db264ba212324bf70c16d925cc,5785450.440667,5787195.816,1745.3753329999745,95186,25000000,,success,1,0,,,8581285
pilot_1790514765259,transfer_N1000_c3,0,2026-09-27T14:49:13.347Z,zkSyncTestnet,300,sepolia.era.zksync.dev,transfer,1000,3,4034,0x18326af13a4d2c71cfa96b57c1eeb092dc64a0e210fb076f308e867fcd869db0,5785451.811833,5789061.521042,3609.7092089997604,95180,25000000,,success,1,0,,,8581286
pilot_1790514765259,transfer_N1000_c3,0,2026-09-27T14:49:13.353Z,zkSyncTestnet,300,sepolia.era.zksync.dev,transfer,1000,3,4036,0x20f4b763b5977d8c061a28f0a9a5c6954d2bb6ccb834aca98848fcb467b8c9a5,5787204.575417,5789068.051417,1863.4759999997914,95186,25000000,,success,1,0,,,8581286
pilot_1790514765259,transfer_N1000_c3,0,2026-09-27T14:49:13.557Z,zkSyncTestnet,300,sepolia.era.zksync.dev,transfer,1000,3,4035,0xed720acc474ac7a40b2cd379307df744c5b80ed6c05c29240970a3c273a8f197,5785452.076583,5789272.352042,3820.2754589999095,95180,25000000,,success,1,0,,,8581286
pilot_1790514765259,transfer_N1000_c3,0,2026-09-27T14:49:15.148Z,zkSyncTestnet,300,sepolia.era.zksync.dev,transfer,1000,3,4037,0xc9f09806df597e615786fb2266e7d657eae81532c1c79c6748f2db6f263cac1b,5789061.740875,5790863.051708,1801.3108329996467,95186,25000000,,success,1,0,,,8581287
pilot_1790514765259,transfer_N1000_c3,0,2026-09-27T14:49:15.171Z,zkSyncTestnet,300,sepolia.era.zksync.dev,transfer,1000,3,4038,0x7306285b900b2753a360154877585a12f9d4db76c1ef7ce5cd53203fa46be48f,5789068.087708,5790886.050792,1817.9630840001628,95186,25000000,,success,1,0,,,8581288
pilot_1790514765259,transfer_N1000_c3,0,2026-09-27T14:49:16.303Z,zkSyncTestnet,300,sepolia.era.zksync.dev,transfer,1000,3,4039,0x229820f5f057774a57bff3112bded5724da77a8ee7174bb07fbe244891843fc4,5789272.39275,5792017.623875,2745.231124999933,95186,25000000,,success,1,0,,,8581288
pilot_1790514765259,transfer_N1000_c3,0,2026-09-27T14:49:17.766Z,zkSyncTestnet,300,sepolia.era.zksync.dev,transfer,1000,3,4040,0xb3fb27fe89f8c29c91216ee3542211b84d345919c64653c975c1c08d202913a1,5790863.109042,5793480.898542,2617.7894999999553,95186,25000000,,success,1,0,,,8581289
pilot_1790514765259,transfer_N1000_c3,0,2026-09-27T14:49:17.808Z,zkSyncTestnet,300,sepolia.era.zksync.dev,transfer,1000,3,4041,0xf85398bd777b981af8776ace2bf21f92c61b4f645bfb2883fb74bad581f3ae90,5790886.111,5793522.924583,2636.813583000563,95180,25000000,,success,1,0,,,8581290
pilot_1790514765259,transfer_N1000_c3,0,2026-09-27T14:49:18.877Z,zkSyncTestnet,300,sepolia.era.zksync.dev,transfer,1000,3,4042,0x17b2ccde3f2b32db873707a50d6b3794dda77c39a1f3cda2b8d61e89cca27bb5,5792017.740625,5794591.416583,2573.6759580001235,95180,25000000,,success,1,0,,,8581290
pilot_1790514765259,transfer_N1000_c3,0,2026-09-27T14:49:20.394Z,zkSyncTestnet,300,sepolia.era.zksync.dev,transfer,1000,3,4043,0xc09aa1ae8d3725077a88789ba173c6f347b9b2f9c580d71e8ebf132e82da9ce5,5793481.02275,5796108.434417,2627.4116670005023,95186,25000000,,success,1,0,,,8581291
pilot_1790514765259,transfer_N1000_c3,0,2026-09-27T14:49:20.404Z,zkSyncTestnet,300,sepolia.era.zksync.dev,transfer,1000,3,4044,0x42cd56ad34bc296369981160100fd4f75dc099220ebbddbc47b7e30a78e0211a,5793522.979208,5796118.696458,2595.717249999754,95180,25000000,,success,1,0,,,8581292
pilot_1790514765259,transfer_N1000_c3,0,2026-09-27T14:49:21.486Z,zkSyncTestnet,300,sepolia.era.zksync.dev,transfer,1000,3,4045,0xbec74f62a5c45c2df99347d484601fa8adb2df7b592f3b9e6ba3eae71dea1a03,5794591.54225,5797201.049208,2609.506958000362,95180,25000000,,success,1,0,,,8581292
pilot_1790514765259,transfer_N1000_c3,0,2026-09-27T14:49:23.313Z,zkSyncTestnet,300,sepolia.era.zksync.dev,transfer,1000,3,4048,0x5cd1ae4dfcd476851775480427c93770263aa215daaee3f9374bd35195316e5b,5797201.159,5799027.636542,1826.4775419998914,95180,25000000,,success,1,0,,,8581294
pilot_1790514765259,transfer_N1000_c3,0,2026-09-27T14:49:23.439Z,zkSyncTestnet,300,sepolia.era.zksync.dev,transfer,1000,3,4047,0x351e86faa3b98ddb789c10a0aa928278fd12fb7251ba31ac2953ac86758c06a2,5796118.742375,5799154.101708,3035.3593329992145,95186,25000000,,success,1,0,,,8581294
pilot_1790514765259,transfer_N1000_c3,0,2026-09-27T14:49:24.353Z,zkSyncTestnet,300,sepolia.era.zksync.dev,transfer,1000,3,4046,0xd3512fca8fdade1e91b76c7bb0a251eb943bcb56aeab21d7147e522fba118031,5796108.532833,5800068.159625,3959.6267920006067,95180,25000000,,success,1,0,,,8581294
pilot_1790514765259,transfer_N1000_c3,0,2026-09-27T14:49:25.122Z,zkSyncTestnet,300,sepolia.era.zksync.dev,transfer,1000,3,4049,0x45949edd45fc8ff207372ddf14c99f98336b1963790a9a3123445fe511e4af9f,5799027.75725,5800837.122292,1809.3650420000777,95186,25000000,,success,1,0,,,8581295
pilot_1790514765259,transfer_N1000_c3,0,2026-09-27T14:49:26.176Z,zkSyncTestnet,300,sepolia.era.zksync.dev,transfer,1000,3,4050,0x4ca8fdba2b26e90ef664c883009aa4aeb281ec5fb7da9f91dd8f87626648d1dd,5799154.232417,5801890.811083,2736.5786659996957,95186,25000000,,success,1,0,,,8581296
pilot_1790514765259,transfer_N1000_c3,0,2026-09-27T14:49:26.984Z,zkSyncTestnet,300,sepolia.era.zksync.dev,transfer,1000,3,4051,0x7d11e45705c14dd4a13ae6ed7a29ef3f1b1d9dcaa2e677455157cc6693b0fbc7,5800068.231625,5802698.951333,2630.7197080003098,95186,25000000,,success,1,0,,,8581297
pilot_1790514765259,transfer_N1000_c3,0,2026-09-27T14:49:29.605Z,zkSyncTestnet,300,sepolia.era.zksync.dev,transfer,1000,3,4053,0x2d8165eae2c252a73f6b923b7dc57aa0cb4bd2fee51bab1357efd99b7aa9e065,5801890.8615,5805320.170792,3429.3092920007184,95180,25000000,,success,1,0,,,8581299
pilot_1790514765259,transfer_N1000_c3,0,2026-09-27T14:49:29.611Z,zkSyncTestnet,300,sepolia.era.zksync.dev,transfer,1000,3,4054,0xbc180a2ec0799948956de0589bf8201f2e141c7269b43166bed60d1abc4eda11,5802699.063583,5805325.785125,2626.7215420007706,95180,25000000,,success,1,0,,,8581299
pilot_1790514765259,transfer_N1000_c3,0,2026-09-27T14:49:30.447Z,zkSyncTestnet,300,sepolia.era.zksync.dev,transfer,1000,3,4052,0xe37a7956c90ec95a7b730c65af3d127e3737505b65285dfc8fd54f08ad57ff0a,5800837.222333,5806161.817458,5324.595124999993,95186,25000000,,success,1,0,,,8581299
pilot_1790514765259,transfer_N1000_c3,0,2026-09-27T14:49:32.226Z,zkSyncTestnet,300,sepolia.era.zksync.dev,transfer,1000,3,4055,0x10a50f9496a44b6985a9076af5f71957363f24e46d64b8e3a007f12289c1e7b2,5805320.277625,5807941.049833,2620.772207999602,95180,25000000,,success,1,0,,,8581304
pilot_1790514765259,transfer_N1000_c3,0,2026-09-27T14:49:32.497Z,zkSyncTestnet,300,sepolia.era.zksync.dev,transfer,1000,3,4056,0xd35b82e451e2a0c3cde015aad73feebfcd017ac8d543d8c2679d38816186b1be,5805325.807083,5808211.957417,2886.150333999656,95186,25000000,,success,1,0,,,8581304
pilot_1790514765259,transfer_N1000_c3,0,2026-09-27T14:49:33.501Z,zkSyncTestnet,300,sepolia.era.zksync.dev,transfer,1000,3,4057,0xef5c5a56abbdc5283883bc711e14eabc8f495e65198101faf518587b12912e41,5806161.934708,5809215.743,3053.808291999623,95180,25000000,,success,1,0,,,8581305
pilot_1790514765259,transfer_N1000_c3,0,2026-09-27T14:49:34.643Z,zkSyncTestnet,300,sepolia.era.zksync.dev,transfer,1000,3,4058,0xd67b602b05fdd7ee06fc76fdd3412edd195e31f1a675c7a85f3dc5b29a3f2d72,5807941.19275,5810358.048917,2416.856166999787,95180,25000000,,success,1,0,,,8581306
pilot_1790514765259,transfer_N1000_c3,0,2026-09-27T14:49:36.421Z,zkSyncTestnet,300,sepolia.era.zksync.dev,transfer,1000,3,4059,0x0cc87589875c8070d0d01af00cf9b94bd469ea66badaa5cdf8b1bfa9b34d2042,5808212.064208,5812136.251167,3924.1869590003043,95180,25000000,,success,1,0,,,8581307
pilot_1790514765259,transfer_N1000_c3,0,2026-09-27T14:49:37.996Z,zkSyncTestnet,300,sepolia.era.zksync.dev,transfer,1000,3,4061,0xadb201fd96e46f3905dcfea5ca668e8c652fb99b7a12807581e95d9121667e95,5810358.199167,5813710.811417,3352.6122500002384,95186,25000000,,success,1,0,,,8581309
pilot_1790514765259,transfer_N1000_c3,0,2026-09-27T14:49:38.001Z,zkSyncTestnet,300,sepolia.era.zksync.dev,transfer,1000,3,4060,0xa6aafed92e0e83a0dcd8c39f1b0afbc2ff033e90abad20d9a2e7222dd3212c51,5809215.887625,5813715.7705,4499.882874999195,95186,25000000,,success,1,0,,,8581308
pilot_1790514765259,transfer_N1000_c3,0,2026-09-27T14:49:39.910Z,zkSyncTestnet,300,sepolia.era.zksync.dev,transfer,1000,3,4062,0x07b8dc487eff72699ded3ee3451cd1eadbe14677811d5145ea47cdb26a32f0a1,5812136.350292,5815625.078958,3488.728666000068,95180,25000000,,success,1,0,,,8581310
pilot_1790514765259,transfer_N1000_c3,0,2026-09-27T14:49:40.613Z,zkSyncTestnet,300,sepolia.era.zksync.dev,transfer,1000,3,4063,0x7eaa68155a095299da86f9200566a75294e28ce8b87037ee685a0976e2fee20e,5813710.942083,5816328.036333,2617.094250000082,95180,25000000,,success,1,0,,,8581311
pilot_1790514765259,transfer_N1000_c3,0,2026-09-27T14:49:41.664Z,zkSyncTestnet,300,sepolia.era.zksync.dev,transfer,1000,3,4064,0x46af6cd9c959626364c2d49c1c07329af5a60fd5bed6d385fd873248a318cd69,5813715.79325,5817378.467042,3662.6737919999287,95186,25000000,,success,1,0,,,8581312
pilot_1790514765259,transfer_N1000_c3,0,2026-09-27T14:49:41.959Z,zkSyncTestnet,300,sepolia.era.zksync.dev,transfer,1000,3,4065,0xcb455e82640002cb723aaa504189625ce20ad04fab5fbf8ff9bba3df3317b9d6,5815625.201542,5817674.389125,2049.187582999468,95180,25000000,,success,1,0,,,8581313
pilot_1790514765259,transfer_N1000_c3,0,2026-09-27T14:49:42.465Z,zkSyncTestnet,300,sepolia.era.zksync.dev,transfer,1000,3,4066,0x82355d6e98fe8a4b00f72c7ad3cc00edf759b7371bea6c78d1154b026476d428,5816328.165458,5818180.409,1852.24354199972,95186,25000000,,success,1,0,,,8581314
pilot_1790514765259,transfer_N1000_c3,0,2026-09-27T14:49:43.875Z,zkSyncTestnet,300,sepolia.era.zksync.dev,transfer,1000,3,4067,0x5200a8581bde6c3050baaedd5a7ea2dff42638a8bdce2e2272e6c78634007c63,5817378.610708,5819589.783875,2211.1731669995934,95186,25000000,,success,1,0,,,8581315
pilot_1790514765259,transfer_N1000_c3,0,2026-09-27T14:49:45.658Z,zkSyncTestnet,300,sepolia.era.zksync.dev,transfer,1000,3,4069,0xd2f0af42d306405143560a8fa2fda890bf2def4a4e17da49741c7c753ad5cb22,5818180.52025,5821373.310083,3192.78983299993,95186,25000000,,success,1,0,,,8581318
pilot_1790514765259,transfer_N1000_c3,0,2026-09-27T14:49:46.214Z,zkSyncTestnet,300,sepolia.era.zksync.dev,transfer,1000,3,4068,0x6d65c81f924ee9a13dd72f431b4eb616323a11da8bc9afc0564d442b9d5b405d,5817674.454083,5821928.916583,4254.462499999441,95186,25000000,,success,1,0,,,8581317
pilot_1790514765259,transfer_N1000_c3,0,2026-09-27T14:49:47.449Z,zkSyncTestnet,300,sepolia.era.zksync.dev,transfer,1000,3,4070,0x33a4a5d3fcc2b3d30a9f6e82e64546b26d6fa650dfe04c29dfc8e65231eadd92,5819589.8935,5823164.371542,3574.4780419999734,95186,25000000,,success,1,0,,,8581319
pilot_1790514765259,transfer_N1000_c3,0,2026-09-27T14:49:48.864Z,zkSyncTestnet,300,sepolia.era.zksync.dev,transfer,1000,3,4071,0x5e37725625638d29e00048ef1862aa9bcb820a3d31c63554184526e980118cda,5821373.38525,5824578.61325,3205.228000000119,95186,25000000,,success,1,0,,,8581320
pilot_1790514765259,transfer_N1000_c3,0,2026-09-27T14:49:49.223Z,zkSyncTestnet,300,sepolia.era.zksync.dev,transfer,1000,3,4072,0x16cf91b2d0be00fea3044b4ef6c34304792fd16a435d0af75890ac7997d94255,5821929.035917,5824938.1135,3009.077583000064,95186,25000000,,success,1,0,,,8581321
pilot_1790514765259,transfer_N1000_c3,0,2026-09-27T14:49:50.051Z,zkSyncTestnet,300,sepolia.era.zksync.dev,transfer,1000,3,4073,0x60e237c47c4b53349ea90f3b1421db0f3ef46ff7bc00111070e41215b21ac724,5823164.463667,5825765.693042,2601.2293750001118,95186,25000000,,success,1,0,,,8581322
pilot_1790514765259,transfer_N1000_c3,0,2026-09-27T14:49:50.604Z,zkSyncTestnet,300,sepolia.era.zksync.dev,transfer,1000,3,4074,0x9bd4ce2bdbddbef59741dd8434edc61f3dee174a60d3f5073e0fb10ca4b9c262,5824578.662875,5826318.50075,1739.8378749992698,95180,25000000,,success,1,0,,,8581323
pilot_1790514765259,transfer_N1000_c3,0,2026-09-27T14:49:51.619Z,zkSyncTestnet,300,sepolia.era.zksync.dev,transfer,1000,3,4075,0x5dac98deefb1ac1edd4cd7d0aa91cc809e6ec3719e64aee6c4ed664093c12967,5824938.209167,5827333.721917,2395.5127499997616,95186,25000000,,success,1,0,,,8581324
pilot_1790514765259,transfer_N1000_c3,0,2026-09-27T14:49:51.881Z,zkSyncTestnet,300,sepolia.era.zksync.dev,transfer,1000,3,4076,0x7bfa20dff8cd9bdd084123d7204b4343fbb6e9bec2256d8ba5c9f0aa64afa6bc,5825765.741292,5827595.841375,1830.1000830000266,95180,25000000,,success,1,0,,,8581325
pilot_1790514765259,transfer_N1000_c3,0,2026-09-27T14:49:52.399Z,zkSyncTestnet,300,sepolia.era.zksync.dev,transfer,1000,3,4077,0x8fb0a0bb532581e808741c2e3de1e64ca5a6bb47b191ffc673c40eb002af8fa6,5826318.586083,5828114.233792,1795.6477090008557,95180,25000000,,success,1,0,,,8581326
pilot_1790514765259,transfer_N1000_c3,0,2026-09-27T14:49:53.441Z,zkSyncTestnet,300,sepolia.era.zksync.dev,transfer,1000,3,4078,0x3fd367fada803500f68679b1dd3fdd54b70ffdfc75ddd1241941e7d1e2ed6965,5827333.77225,5829155.800042,1822.0277919992805,95186,25000000,,success,1,0,,,8581327
pilot_1790514765259,transfer_N1000_c3,0,2026-09-27T14:49:53.720Z,zkSyncTestnet,300,sepolia.era.zksync.dev,transfer,1000,3,4079,0xd00cecdcb2f5e11cb96b19ff3302ca4c707dd681a0bfafd4ea827fa611ba561f,5827595.942167,5829435.317958,1839.3757910002023,95180,25000000,,success,1,0,,,8581327
pilot_1790514765259,transfer_N1000_c3,0,2026-09-27T14:49:54.241Z,zkSyncTestnet,300,sepolia.era.zksync.dev,transfer,1000,3,4080,0xc1a50b2a4e6499f0a3877a39b133fbe04242ebaa2b4f69f8c61e13af993887e4,5828114.374792,5829955.93025,1841.5554579999298,95180,25000000,,success,1,0,,,8581328
pilot_1790514765259,transfer_N1000_c3,0,2026-09-27T14:49:55.295Z,zkSyncTestnet,300,sepolia.era.zksync.dev,transfer,1000,3,4081,0xe678b633ed4e7918841d3454cf47d396911f4bcc2913ce456f584e7491db55e8,5829155.915583,5831010.372333,1854.456750000827,95186,25000000,,success,1,0,,,8581329
pilot_1790514765259,transfer_N1000_c3,0,2026-09-27T14:49:55.589Z,zkSyncTestnet,300,sepolia.era.zksync.dev,transfer,1000,3,4082,0x1a8129300d630fbf85c53fca34dfa280a7753e6719eb70485a2c365ab0f3411a,5829435.393167,5831304.177542,1868.7843749998137,95186,25000000,,success,1,0,,,8581329
pilot_1790514765259,transfer_N1000_c3,0,2026-09-27T14:49:56.895Z,zkSyncTestnet,300,sepolia.era.zksync.dev,transfer,1000,3,4083,0x3686c81c729fa13286265c83818e01599116108ae77fbd4a5941bf7eccc10437,5829955.987167,5832609.84325,2653.856083000079,95180,25000000,,success,1,0,,,8581330
pilot_1790514765259,transfer_N1000_c3,0,2026-09-27T14:49:57.091Z,zkSyncTestnet,300,sepolia.era.zksync.dev,transfer,1000,3,4084,0x26dcdb8744aef8d90e2faf7c20af42673df3215317945e33b0740fa97da63747,5831010.517667,5832806.058458,1795.5407910002396,95180,25000000,,success,1,0,,,8581331
pilot_1790514765259,transfer_N1000_c3,0,2026-09-27T14:49:57.392Z,zkSyncTestnet,300,sepolia.era.zksync.dev,transfer,1000,3,4085,0xe431a40c6e9583e1839f5f1e1f42f49f0825b54ae123ef21831f10ad42f5ca15,5831304.278417,5833106.676375,1802.3979580001906,95061,25000000,,success,1,0,,,8581332
pilot_1790514765259,transfer_N1000_c3,0,2026-09-27T14:49:58.670Z,zkSyncTestnet,300,sepolia.era.zksync.dev,transfer,1000,3,4086,0xbf6a6a99bccc6e2881296b040539f65df472982d88ded86a9012c87cb41c1d32,5832610.079583,5834384.421375,1774.3417919995263,95180,25000000,,success,1,0,,,8581333
pilot_1790514765259,transfer_N1000_c3,0,2026-09-27T14:49:58.964Z,zkSyncTestnet,300,sepolia.era.zksync.dev,transfer,1000,3,4087,0x3229d22763d08f4afb1defc5b47c7806478d3f26683eabded8de1922c8f305b2,5832806.171125,5834678.790667,1872.619541999884,95186,25000000,,success,1,0,,,8581334
pilot_1790514765259,transfer_N1000_c3,0,2026-09-27T14:49:59.254Z,zkSyncTestnet,300,sepolia.era.zksync.dev,transfer,1000,3,4088,0xfc21ac894530df418d13e8fa8f7a66ede98d56e2f852723c333bafafcb258047,5833106.792417,5834969.255167,1862.4627499999478,95180,25000000,,success,1,0,,,8581335
pilot_1790514765259,transfer_N1000_c3,0,2026-09-27T14:50:00.535Z,zkSyncTestnet,300,sepolia.era.zksync.dev,transfer,1000,3,4089,0x043ed183ccf4936442925d39bcfe64430150cef2dacf3fd5624b71811568fd19,5834384.565208,5836249.621625,1865.0564169995487,95180,25000000,,success,1,0,,,8581336
pilot_1790514765259,transfer_N1000_c3,0,2026-09-27T14:50:00.860Z,zkSyncTestnet,300,sepolia.era.zksync.dev,transfer,1000,3,4090,0xe7d62dc7f299d4df720ef4e4798759ee099756a7161502f8aa5946f6a7e44b31,5834678.90075,5836575.324958,1896.4242080003023,95180,25000000,,success,1,0,,,8581337
pilot_1790514765259,transfer_N1000_c3,0,2026-09-27T14:50:02.451Z,zkSyncTestnet,300,sepolia.era.zksync.dev,transfer,1000,3,4091,0x42adc56949292b71040c764bc11598bdb1ce43ddd2bb1213a7626b7cb3b84dae,5834969.366792,5838165.49125,3196.124458000064,95180,25000000,,success,1,0,,,8581338
pilot_1790514765259,transfer_N1000_c3,0,2026-09-27T14:50:03.948Z,zkSyncTestnet,300,sepolia.era.zksync.dev,transfer,1000,3,4093,0x8e1c8f6621968e5233213f1809ca553dc6b35b559bd97d9d60d49834a9ac8543,5836575.441208,5839662.940792,3087.4995839996263,95180,25000000,,success,1,0,,,8581341
pilot_1790514765259,transfer_N1000_c3,0,2026-09-27T14:50:03.952Z,zkSyncTestnet,300,sepolia.era.zksync.dev,transfer,1000,3,4092,0x4f3f9032670c1f7185a6236396fabc5dd76860d4e962a903b228bc9fa7dbeaf3,5836249.692708,5839666.892708,3417.2000000001863,95180,25000000,,success,1,0,,,8581340
pilot_1790514765259,transfer_N1000_c3,0,2026-09-27T14:50:05.286Z,zkSyncTestnet,300,sepolia.era.zksync.dev,transfer,1000,3,4094,0x22a60a6fa13e9d6130a71c7f686d5548acb0397551b18217af27f970706d1fbd,5838165.614792,5841000.771167,2835.1563750002533,95186,25000000,,success,1,0,,,8581343
pilot_1790514765259,transfer_N1000_c3,0,2026-09-27T14:50:08.398Z,zkSyncTestnet,300,sepolia.era.zksync.dev,transfer,1000,3,4095,0xaccf6350192ed36bdb05c2a2ca7a50f30743cb788186d69f12994f076eaf5c25,5839663.02975,5844113.103125,4450.073375000618,95186,25000000,,success,1,0,,,8581344
pilot_1790514765259,transfer_N1000_c3,0,2026-09-27T14:50:09.158Z,zkSyncTestnet,300,sepolia.era.zksync.dev,transfer,1000,3,4096,0x37d0f3a2d8d24f64a8abb3bf9362c967db1e1541c4e73777776abc3c3713ba2c,5839666.917208,5844872.728125,5205.810917000286,95186,25000000,,success,1,0,,,8581344
pilot_1790514765259,transfer_N1000_c3,0,2026-09-27T14:50:09.440Z,zkSyncTestnet,300,sepolia.era.zksync.dev,transfer,1000,3,4097,0x683360847a4f5d1c5de492baa8b3aa507a08c1da98ff478e58bc75d201cb88fa,5841000.891208,5845155.094708,4154.20350000076,95180,25000000,,success,1,0,,,8581344
pilot_1790514765259,transfer_N1000_c3,0,2026-09-27T14:50:10.378Z,zkSyncTestnet,300,sepolia.era.zksync.dev,transfer,1000,3,4098,0x486930b0baa872f7d9d065e6c786ef52e10e003a23dad11227f9462a2498c768,5844113.216875,5846092.615417,1979.3985419999808,95186,25000000,,success,1,0,,,8581345
pilot_1790514765259,transfer_N1000_c3,0,2026-09-27T14:50:11.772Z,zkSyncTestnet,300,sepolia.era.zksync.dev,transfer,1000,3,4099,0x67c4ce5618881e754c4c7997dba5eb1a193b1fa7588cfbdc6587f20173b7921c,5844872.787125,5847486.987542,2614.200416999869,95186,25000000,,success,1,0,,,8581346
pilot_1790514765259,transfer_N1000_c3,0,2026-09-27T14:50:12.103Z,zkSyncTestnet,300,sepolia.era.zksync.dev,transfer,1000,3,4101,0xeeef18093317e139a9265fea4549e6350e816ac80b8e5cc3d14d2e3136471fb4,5846092.706917,5847817.747875,1725.040958000347,95180,25000000,,success,1,0,,,8581347
pilot_1790514765259,transfer_N1000_c3,0,2026-09-27T14:50:13.348Z,zkSyncTestnet,300,sepolia.era.zksync.dev,transfer,1000,3,4100,0x3e2c7db82731cfd01a103de39fb9fdd2371a9c870b9cb8880ed8aab555a8838c,5845155.150125,5849063.416917,3908.2667920002714,95180,25000000,,success,1,0,,,8581347
pilot_1790514765259,transfer_N1000_c3,0,2026-09-27T14:50:13.642Z,zkSyncTestnet,300,sepolia.era.zksync.dev,transfer,1000,3,4102,0x613edcab3294d4560f5f927673e7ddc95ba5fac300949dfe01fcb92fb603d602,5847487.09575,5849357.344417,1870.2486669998616,95180,25000000,,success,1,0,,,8581349
pilot_1790514765259,transfer_N1000_c3,0,2026-09-27T14:50:13.873Z,zkSyncTestnet,300,sepolia.era.zksync.dev,transfer,1000,3,4103,0xcaebfc1e5f9787f33433ddedb9358afae421310ff70b90167c026760d168b2bf,5847817.800875,5849587.463417,1769.662542000413,95186,25000000,,success,1,0,,,8581350
pilot_1790514765259,transfer_N1000_c3,0,2026-09-27T14:50:15.217Z,zkSyncTestnet,300,sepolia.era.zksync.dev,transfer,1000,3,4104,0x77eb881477c1b5228e01708925e22e122f6b2aff84af7cb0c60931f30f687171,5849063.547625,5850931.610958,1868.0633330000564,95186,25000000,,success,1,0,,,8581351
pilot_1790514765259,transfer_N1000_c3,0,2026-09-27T14:50:15.499Z,zkSyncTestnet,300,sepolia.era.zksync.dev,transfer,1000,3,4105,0x45a323970e50284de457ff70e83b030a1d34dac558196ec4d94c2a4ed892533f,5849357.442292,5851214.358208,1856.9159159995615,95180,25000000,,success,1,0,,,8581352
pilot_1790514765259,transfer_N1000_c3,0,2026-09-27T14:50:15.741Z,zkSyncTestnet,300,sepolia.era.zksync.dev,transfer,1000,3,4106,0x64a7b821905b79226f3715375c88a5983af478f56f2ea90147cd759692d6e194,5849587.585333,5851455.571708,1867.9863750003278,95180,25000000,,success,1,0,,,8581353
pilot_1790514765259,transfer_N1000_c3,0,2026-09-27T14:50:17.027Z,zkSyncTestnet,300,sepolia.era.zksync.dev,transfer,1000,3,4107,0x1f3cefeaeef601dbb74e161aca3a24c14ab1ea2a29988ef261e7be0223b09a8c,5850931.756792,5852741.724042,1809.9672500006855,95186,25000000,,success,1,0,,,8581354
pilot_1790514765259,transfer_N1000_c3,0,2026-09-27T14:50:17.393Z,zkSyncTestnet,300,sepolia.era.zksync.dev,transfer,1000,3,4108,0x77d9aa3149fc674b5989e6ea389621e81d279d40c720c5d26b8ca708156279cc,5851214.50525,5853108.218625,1893.7133749993518,95186,25000000,,success,1,0,,,8581355
pilot_1790514765259,transfer_N1000_c3,0,2026-09-27T14:50:19.451Z,zkSyncTestnet,300,sepolia.era.zksync.dev,transfer,1000,3,4109,0x5c2e46195a705efa6a5764baafdbb87fc914be2d4dabcebe1b4d4a6b7cf2489f,5851455.692042,5855166.271333,3710.579291000031,95186,25000000,,success,1,0,,,8581356
pilot_1790514765259,transfer_N1000_c3,0,2026-09-27T14:50:19.629Z,zkSyncTestnet,300,sepolia.era.zksync.dev,transfer,1000,3,4110,0xfdcafacf0ce7258942625fdbb179d3ea67e3c9881e5c21770ff54bbe08c607f8,5852741.852542,5855343.442542,2601.589999999851,95186,25000000,,success,1,0,,,8581356
pilot_1790514765259,transfer_N1000_c3,0,2026-09-27T14:50:20.981Z,zkSyncTestnet,300,sepolia.era.zksync.dev,transfer,1000,3,4111,0x846b8a04a2cafbd707d918f56d6b9a8b1b3ec10a0074b8a13391eabb76a0d3e3,5853108.329292,5856696.351333,3588.0220409994945,95186,25000000,,success,1,0,,,8581357
pilot_1790514765259,transfer_N1000_c3,0,2026-09-27T14:50:21.243Z,zkSyncTestnet,300,sepolia.era.zksync.dev,transfer,1000,3,4112,0xf05deac5e2422a142bd35b9e224f75c2aac3f685eca85465fb893f83d75c0521,5855166.39525,5856957.994667,1791.5994170000777,95180,25000000,,success,1,0,,,8581358
pilot_1790514765259,transfer_N1000_c3,0,2026-09-27T14:50:21.510Z,zkSyncTestnet,300,sepolia.era.zksync.dev,transfer,1000,3,4113,0xc81bcc2b75df471b2aafa0b0c8ed968dd548ed8656ccade554f4f6f7f1930d15,5855343.534875,5857224.672042,1881.1371670002118,95180,25000000,,success,1,0,,,8581359
pilot_1790514765259,transfer_N1000_c3,0,2026-09-27T14:50:23.081Z,zkSyncTestnet,300,sepolia.era.zksync.dev,transfer,1000,3,4114,0x8aa52dee35e988ffc138a35180d6a1ab4ab192bdb2917f749e99bf6d02ef545f,5856696.475792,5858795.566958,2099.091165999882,95186,25000000,,success,1,0,,,8581360
pilot_1790514765259,transfer_N1000_c3,0,2026-09-27T14:50:23.935Z,zkSyncTestnet,300,sepolia.era.zksync.dev,transfer,1000,3,4115,0x753973b4c7effe3f8974ce766f4ae76a68db304d256a50a8f6eeb9e0125a4eab,5856958.083625,5859649.906042,2691.8224170003086,95180,25000000,,success,1,0,,,8581361
pilot_1790514765259,transfer_N1000_c3,0,2026-09-27T14:50:25.177Z,zkSyncTestnet,300,sepolia.era.zksync.dev,transfer,1000,3,4116,0xc9c1cb32cea50c9c9b3cb2fa75ed3d8b55d429c00731f01fce0abaf2050862b0,5857224.799,5860892.190708,3667.391708000563,95180,25000000,,success,1,0,,,8581362
pilot_1790514765259,transfer_N1000_c3,0,2026-09-27T14:50:26.987Z,zkSyncTestnet,300,sepolia.era.zksync.dev,transfer,1000,3,4117,0xff2a7558d6f9914a3b9134364e3d096a2370825d34777fde5eb5709b94462853,5858795.625083,5862702.236583,3906.61149999965,95180,25000000,,success,1,0,,,8581364
pilot_1790514765259,transfer_N1000_c3,0,2026-09-27T14:50:27.886Z,zkSyncTestnet,300,sepolia.era.zksync.dev,transfer,1000,3,4118,0xbd2533f552440b9ded6e4b5a4f78d9ac66a1d3d99b6c5a29eeba40b095d2b089,5859649.993,5863601.375375,3951.3823750000447,95186,25000000,,success,1,0,,,8581364
pilot_1790514765259,transfer_N1000_c3,0,2026-09-27T14:50:28.978Z,zkSyncTestnet,300,sepolia.era.zksync.dev,transfer,1000,3,4119,0x9310329b05ca3814cf4e36f9bfebd73f773d9142d12b86440f548c385d4c469f,5860892.324333,5864692.86,3800.5356670003384,95180,25000000,,success,1,0,,,8581365
pilot_1790514765259,transfer_N1000_c3,0,2026-09-27T14:50:30.654Z,zkSyncTestnet,300,sepolia.era.zksync.dev,transfer,1000,3,4121,0x918ce05a95ec086c64d8ceb00e3eb63d9a136e456f73cbb630b9d6e72f06dd03,5863601.516042,5866368.602083,2767.0860410006717,95186,25000000,,success,1,0,,,8581367
pilot_1790514765259,transfer_N1000_c3,0,2026-09-27T14:50:30.942Z,zkSyncTestnet,300,sepolia.era.zksync.dev,transfer,1000,3,4120,0x29d284959c875f48af4c22b96e6f845ee5085d3a6259730c10eae3d19048e941,5862702.437333,5866656.792958,3954.355624999851,95180,25000000,,success,1,0,,,8581366
pilot_1790514765259,transfer_N1000_c3,0,2026-09-27T14:50:31.711Z,zkSyncTestnet,300,sepolia.era.zksync.dev,transfer,1000,3,4122,0xf0ad12d18eecffd2a38cdee6cd02126f31b49882704e67635cfcc3b405d8de87,5864693.065958,5867425.594042,2732.5280840005726,95186,25000000,,success,1,0,,,8581368
pilot_1790514765259,transfer_N1000_c3,0,2026-09-27T14:50:35.363Z,zkSyncTestnet,300,sepolia.era.zksync.dev,transfer,1000,3,4125,0xfc923a1cd05150e6498dfab12a6da41591f82d902e5b9078f1ceb2e54c5dbc20,5867425.802375,5871078.294792,3652.492417000234,95186,25000000,,success,1,0,,,8581371
pilot_1790514765259,transfer_N1000_c3,0,2026-09-27T14:50:35.392Z,zkSyncTestnet,300,sepolia.era.zksync.dev,transfer,1000,3,4124,0x86652f205dbaa5ec6af84fd8c65368f5224bca6cd1c480daa3ef8acfb533b4b7,5866656.933875,5871106.504625,4449.570749999955,95180,25000000,,success,1,0,,,8581371
pilot_1790514765259,transfer_N1000_c3,0,2026-09-27T14:50:35.663Z,zkSyncTestnet,300,sepolia.era.zksync.dev,transfer,1000,3,4123,0x9493f6d1d07b76abb9cd6f1b1ae0802c6799cc574961d3b08697e1bc784c34f0,5866368.666708,5871378.126875,5009.46016700007,95180,25000000,,success,1,0,,,8581370
pilot_1790514765259,transfer_N1000_c3,0,2026-09-27T14:50:37.237Z,zkSyncTestnet,300,sepolia.era.zksync.dev,transfer,1000,3,4126,0x34d3ecb388509602308e7959d9cc3db86b88d65af66bd1a2cb73aac5ab661d1e,5871078.349167,5872951.521333,1873.1721660001203,95180,25000000,,success,1,0,,,8581372
pilot_1790514765259,transfer_N1000_c3,0,2026-09-27T14:50:37.240Z,zkSyncTestnet,300,sepolia.era.zksync.dev,transfer,1000,3,4127,0x1887c816b03ddfcf677e9be1718db5ecd976853836e08101aaf78e99972583b3,5871106.617333,5872954.655333,1848.0380000006407,95180,25000000,,success,1,0,,,8581373
pilot_1790514765259,transfer_N1000_c3,0,2026-09-27T14:50:37.515Z,zkSyncTestnet,300,sepolia.era.zksync.dev,transfer,1000,3,4128,0x920addf4054561143581b2fc6f6bb98300ee8b62705c35fd20217b19a724d221,5871378.180792,5873230.347417,1852.1666249996051,95180,25000000,,success,1,0,,,8581373
pilot_1790514765259,transfer_N1000_c3,0,2026-09-27T14:50:39.857Z,zkSyncTestnet,300,sepolia.era.zksync.dev,transfer,1000,3,4129,0x9bfbdb2a8acd99ef45a6379ca550fee758983a280c5eb1c9e773c75f6afe55c8,5872951.590833,5875572.299583,2620.7087500002235,95186,25000000,,success,1,0,,,8581374
pilot_1790514765259,transfer_N1000_c3,0,2026-09-27T14:50:41.222Z,zkSyncTestnet,300,sepolia.era.zksync.dev,transfer,1000,3,4130,0x34603d1d40875f6244cabb5310e9c38e06c4ec865eeb00a612992c313fb6500c,5872954.685417,5876936.793125,3982.1077079996467,95180,25000000,,success,1,0,,,8581375
pilot_1790514765259,transfer_N1000_c3,0,2026-09-27T14:50:41.429Z,zkSyncTestnet,300,sepolia.era.zksync.dev,transfer,1000,3,4131,0xe1b44d51242a385431b6616be3a3509307f3d71c245316707093aa715332e7f8,5873230.411833,5877144.083042,3913.671209000051,95180,25000000,,success,1,0,,,8581376
pilot_1790514765259,transfer_N1000_c3,0,2026-09-27T14:50:43.917Z,zkSyncTestnet,300,sepolia.era.zksync.dev,transfer,1000,3,4132,0x354af2c1f1bc28040c021f8b8de17b69e86fe745b2187312cea9f01b4c7fd43d,5875572.3905,5879631.56775,4059.177250000648,95180,25000000,,success,1,0,,,8581377
pilot_1790514765259,transfer_N1000_c3,0,2026-09-27T14:50:44.147Z,zkSyncTestnet,300,sepolia.era.zksync.dev,transfer,1000,3,4133,0x082fcb7af2a362bb11dcfceca4da6dbcfc6e1bc7c00ba1512062b70b18c411de,5876936.891708,5879862.363792,2925.4720840007067,95180,25000000,,success,1,0,,,8581378
pilot_1790514765259,transfer_N1000_c3,0,2026-09-27T14:50:44.179Z,zkSyncTestnet,300,sepolia.era.zksync.dev,transfer,1000,3,4134,0xdf5a3019a6b7ba9666302d6947c328bbbfd84b5b24f945bfbd9e40d308f84a2f,5877144.208625,5879894.028,2749.8193749999627,95180,25000000,,success,1,0,,,8581378
pilot_1790514765259,transfer_N1000_c3,0,2026-09-27T14:50:46.675Z,zkSyncTestnet,300,sepolia.era.zksync.dev,transfer,1000,3,4135,0xf216637aee70724472eea89f73cc24ba7cd3e6cdc9696a0698b73845c72d8289,5879631.6745,5882389.543375,2757.868875000626,95186,25000000,,success,1,0,,,8581379
pilot_1790514765259,transfer_N1000_c3,0,2026-09-27T14:50:47.197Z,zkSyncTestnet,300,sepolia.era.zksync.dev,transfer,1000,3,4137,0x918ec2ddfd7fb6c026629d2cbcccdea9dd2e47d4e6ad73cd1cdb821a23fb6516,5879894.120417,5882911.804208,3017.683791000396,95180,25000000,,success,1,0,,,8581380
pilot_1790514765259,transfer_N1000_c3,0,2026-09-27T14:50:47.775Z,zkSyncTestnet,300,sepolia.era.zksync.dev,transfer,1000,3,4136,0xf1568f801f4db6d9768ee36c429b236451649db11d1588bdb69f64ce5c7e717f,5879862.517583,5883489.663917,3627.146334000863,95186,25000000,,success,1,0,,,8581380
pilot_1790514765259,transfer_N1000_c3,0,2026-09-27T14:50:49.005Z,zkSyncTestnet,300,sepolia.era.zksync.dev,transfer,1000,3,4138,0x38bd1733243ff9657ced0daffcbaa5459c04be3f1cb07ac730d45c69b1d05090,5882389.644625,5884720.291958,2330.6473329998553,95180,25000000,,success,1,0,,,8581381
pilot_1790514765259,transfer_N1000_c3,0,2026-09-27T14:50:49.524Z,zkSyncTestnet,300,sepolia.era.zksync.dev,transfer,1000,3,4139,0x56610806c1a666363d3b7e468619cda3568f3d7c9ac152355e8e1d8a069fc50b,5882911.92725,5885239.084917,2327.1576669998467,95180,25000000,,success,1,0,,,8581382
pilot_1790514765259,transfer_N1000_c3,0,2026-09-27T14:50:49.557Z,zkSyncTestnet,300,sepolia.era.zksync.dev,transfer,1000,3,4140,0xc50aa4b04cd40f91337947613db30090df895de519df77ed3de236d18d4c05b3,5883489.758333,5885272.217333,1782.4589999997988,95180,25000000,,success,1,0,,,8581382
pilot_1790514765259,transfer_N1000_c3,0,2026-09-27T14:50:50.865Z,zkSyncTestnet,300,sepolia.era.zksync.dev,transfer,1000,3,4141,0x6c172b125644f4e89da0ac26350d745c82dc65adf36661f7ec82724984b1cdff,5884720.410125,5886580.102792,1859.6926669999957,95186,25000000,,success,1,0,,,8581383
pilot_1790514765259,transfer_N1000_c3,0,2026-09-27T14:50:52.059Z,zkSyncTestnet,300,sepolia.era.zksync.dev,transfer,1000,3,4143,0x8b47cf4caccbd052191d8c62c4ff32947622436368733cb5ed842282dcd51a95,5885272.262667,5887773.648625,2501.3859580000862,95186,25000000,,success,1,0,,,8581385
pilot_1790514765259,transfer_N1000_c3,0,2026-09-27T14:50:52.291Z,zkSyncTestnet,300,sepolia.era.zksync.dev,transfer,1000,3,4142,0xd459173a51436367e0cb6c419767445604fd8489e03ec3e55b9f3bcd738ef359,5885239.246917,5888005.652333,2766.405415999703,95180,25000000,,success,1,0,,,8581384
pilot_1790514765259,transfer_N1000_c3,0,2026-09-27T14:50:56.388Z,zkSyncTestnet,300,sepolia.era.zksync.dev,transfer,1000,3,4144,0x843e56ef5f540bd64b11a9179a1803a81b454e6fc34d2460d86ad2b06583129e,5886580.247708,5892103.369375,5523.121666999534,95186,25000000,,success,1,0,,,8581386
pilot_1790514765259,transfer_N1000_c3,0,2026-09-27T14:50:56.634Z,zkSyncTestnet,300,sepolia.era.zksync.dev,transfer,1000,3,4146,0x2f3012fa96ca36ed9a724a4934604d3c18958d88f23b754ec1834b018e548423,5888005.735167,5892348.537542,4342.80237499997,95180,25000000,,success,1,0,,,8581388
pilot_1790514765259,transfer_N1000_c3,0,2026-09-27T14:50:57.222Z,zkSyncTestnet,300,sepolia.era.zksync.dev,transfer,1000,3,4145,0x00b44fc5da8b4f90c03a878c4e1897dcd24113ef77cecbe4684e17604ac750dd,5887773.713125,5892937.116542,5163.403417000547,95186,25000000,,success,1,0,,,8581387
pilot_1790514765259,transfer_N1000_c3,0,2026-09-27T14:50:58.736Z,zkSyncTestnet,300,sepolia.era.zksync.dev,transfer,1000,3,4148,0x42ddf4f893eabdb130c58bf7de85b0b0043a47c4c325dc39fe36edfceb493247,5892348.653,5894451.380958,2102.727958000265,95186,25000000,,success,1,0,,,8581390
pilot_1790514765259,transfer_N1000_c3,0,2026-09-27T14:50:58.741Z,zkSyncTestnet,300,sepolia.era.zksync.dev,transfer,1000,3,4147,0x5c6e287c2bb3740f81c66a19959e486b021ab9a7beddb7897eb2c6eb43af1289,5892103.519125,5894456.181458,2352.6623330004513,95180,25000000,,success,1,0,,,8581389
pilot_1790514765259,transfer_N1000_c3,0,2026-09-27T14:50:58.979Z,zkSyncTestnet,300,sepolia.era.zksync.dev,transfer,1000,3,4149,0x3a67c14f83591783af8436f4c98b0047ee4aa07b6d49683307e15bcefa8d4b22,5892937.2495,5894693.822458,1756.5729580000043,95180,25000000,,success,1,0,,,8581390
pilot_1790514765259,transfer_N1000_c3,0,2026-09-27T14:51:01.520Z,zkSyncTestnet,300,sepolia.era.zksync.dev,transfer,1000,3,4152,0x9501941dd254081368ffb3bee393fbeb96f8c637166f991ab3187baa3ab3b0b7,5894693.900958,5897234.713542,2540.8125840006396,95180,25000000,,success,1,0,,,8581392
pilot_1790514765259,transfer_N1000_c3,0,2026-09-27T14:51:01.523Z,zkSyncTestnet,300,sepolia.era.zksync.dev,transfer,1000,3,4151,0xde984a778c0d72e6c362ec9ee7d742c4a5779607627938b43447bc29e7d360ec,5894456.203292,5897237.751042,2781.5477499999106,95186,25000000,,success,1,0,,,8581392
pilot_1790514765259,transfer_N1000_c3,0,2026-09-27T14:51:01.532Z,zkSyncTestnet,300,sepolia.era.zksync.dev,transfer,1000,3,4150,0x8c996eb59cc6831a22f1deda148a804ce06be989b4e828359cf88bdc63e50b92,5894451.50875,5897247.194667,2795.6859170002863,95186,25000000,,success,1,0,,,8581391
pilot_1790514765259,transfer_N1000_c3,0,2026-09-27T14:51:04.200Z,zkSyncTestnet,300,sepolia.era.zksync.dev,transfer,1000,3,4153,0xe497237dae4c2d2943c2a0c1a20847f2415b1e3a9e4bf131f96da718e8e0bf20,5897234.767542,5899915.225125,2680.457582999952,95180,25000000,,success,1,0,,,8581394
pilot_1790514765259,transfer_N1000_c3,0,2026-09-27T14:51:04.839Z,zkSyncTestnet,300,sepolia.era.zksync.dev,transfer,1000,3,4154,0x60c143d6e52923c6aa6477129035ee58c43393ca2ae54d6dfaa0c60a5036a303,5897237.77125,5900553.622875,3315.8516250001267,95186,25000000,,success,1,0,,,8581395
pilot_1790514765259,transfer_N1000_c3,0,2026-09-27T14:51:05.042Z,zkSyncTestnet,300,sepolia.era.zksync.dev,transfer,1000,3,4155,0x0ee578cd79ea3b6427870073b717a9cc281cff9ae14c3eedb1b62503382bd59c,5897247.233375,5900756.990583,3509.7572079999372,95186,25000000,,success,1,0,,,8581396
pilot_1790514765259,transfer_N1000_c3,0,2026-09-27T14:51:06.073Z,zkSyncTestnet,300,sepolia.era.zksync.dev,transfer,1000,3,4156,0x79f4d31ecba12955b7e075fb9cfa83222bd10e1f102a98727d683d3aaabab1d1,5899915.3175,5901787.988458,1872.6709580002353,95186,25000000,,success,1,0,,,8581397
pilot_1790514765259,transfer_N1000_c3,0,2026-09-27T14:51:08.172Z,zkSyncTestnet,300,sepolia.era.zksync.dev,transfer,1000,3,4157,0xde7981c6ad140a79be9ea4838db54ec6d0e365fb7374b54f33fb1f51b3be5ef1,5900553.667125,5903886.668375,3333.0012500006706,95186,25000000,,success,1,0,,,8581398
pilot_1790514765259,transfer_N1000_c3,0,2026-09-27T14:51:08.507Z,zkSyncTestnet,300,sepolia.era.zksync.dev,transfer,1000,3,4158,0xb96356c249d093cd39ba7114beeedff8d09ad03090c4faa888ab6f60392725f3,5900757.057458,5904221.703875,3464.6464169993997,95186,25000000,,success,1,0,,,8581399
pilot_1790514765259,transfer_N1000_c3,0,2026-09-27T14:51:08.919Z,zkSyncTestnet,300,sepolia.era.zksync.dev,transfer,1000,3,4159,0x333917326d645fabe636c0602fb7e6428efec25a847886c5d91395c5083d1661,5901788.167083,5904634.3165,2846.1494169998914,95186,25000000,,success,1,0,,,8581400
pilot_1790514765259,transfer_N1000_c3,0,2026-09-27T14:51:09.968Z,zkSyncTestnet,300,sepolia.era.zksync.dev,transfer,1000,3,4160,0x23b1142a638450316253976c9bc7d622a115ce37b27a20a333652be84b3fb8a5,5903886.771542,5905682.59025,1795.8187080007046,95180,25000000,,success,1,0,,,8581401
pilot_1790514765259,transfer_N1000_c3,0,2026-09-27T14:51:10.268Z,zkSyncTestnet,300,sepolia.era.zksync.dev,transfer,1000,3,4161,0xa36c97453e8e98b4529468da0e76671a5f66c88e286d0b897d453fa65173b2b7,5904221.75925,5905982.965125,1761.205874999985,95186,25000000,,success,1,0,,,8581401
pilot_1790514765259,transfer_N1000_c3,0,2026-09-27T14:51:10.791Z,zkSyncTestnet,300,sepolia.era.zksync.dev,transfer,1000,3,4162,0x6b051c5536b34568ce6ad6ede508a9ebc5d8130d55b8370b02c66474a4000cda,5904634.400542,5906506.078917,1871.678375000134,95186,25000000,,success,1,0,,,8581402
pilot_1790514765259,transfer_N1000_c3,0,2026-09-27T14:51:11.843Z,zkSyncTestnet,300,sepolia.era.zksync.dev,transfer,1000,3,4163,0xc863889597533e064be1fffc1c07f1930f9f75a37b6ef600f7514c260f5d11c4,5905682.732458,5907557.558917,1874.826458999887,95186,25000000,,success,1,0,,,8581403
pilot_1790514765259,transfer_N1000_c3,0,2026-09-27T14:51:12.074Z,zkSyncTestnet,300,sepolia.era.zksync.dev,transfer,1000,3,4164,0xb41727fc36b658e3c80de381cc7a317e7650da7ddd4beba9224102a7d4e89ffb,5905983.092958,5907788.625292,1805.5323340008035,95186,25000000,,success,1,0,,,8581403
pilot_1790514765259,transfer_N1000_c3,0,2026-09-27T14:51:12.598Z,zkSyncTestnet,300,sepolia.era.zksync.dev,transfer,1000,3,4165,0xb25748d842a7a475a008501a17e92340cb79674732ed6c31399f26540d80d876,5906506.243333,5908313.103875,1806.8605420002714,95186,25000000,,success,1,0,,,8581404
pilot_1790514765259,transfer_N1000_c3,0,2026-09-27T14:51:13.639Z,zkSyncTestnet,300,sepolia.era.zksync.dev,transfer,1000,3,4166,0x969ffbd48d6d47bcef036fd4f517f4d751d1f73d9adf3b7951788e95dccb9789,5907557.654958,5909353.830333,1796.1753749996424,95186,25000000,,success,1,0,,,8581405
pilot_1790514765259,transfer_N1000_c3,0,2026-09-27T14:51:13.935Z,zkSyncTestnet,300,sepolia.era.zksync.dev,transfer,1000,3,4167,0x3321767cc4d1d1572a9fb51e146324799d85a47ce43bc21e1a859aa56d8f67b7,5907788.67025,5909650.381542,1861.7112919995561,95180,25000000,,success,1,0,,,8581405
pilot_1790514765259,transfer_N1000_c3,0,2026-09-27T14:51:15.502Z,zkSyncTestnet,300,sepolia.era.zksync.dev,transfer,1000,3,4168,0x4e87794fe230219e1aa90e1cf0435715adaf2471a9a5fce521ae0ad553492d4b,5908313.205708,5911217.009667,2903.8039589999244,95186,25000000,,success,1,0,,,8581406
pilot_1790514765259,transfer_N1000_c3,0,2026-09-27T14:51:16.033Z,zkSyncTestnet,300,sepolia.era.zksync.dev,transfer,1000,3,4169,0xd17cb2ef0be42a65e087ffb162824e9ba9a96c87fbbbce34c4b73892e02e1443,5909353.950833,5911747.268625,2393.3177919993177,95186,25000000,,success,1,0,,,8581407
pilot_1790514765259,transfer_N1000_c3,0,2026-09-27T14:51:16.555Z,zkSyncTestnet,300,sepolia.era.zksync.dev,transfer,1000,3,4170,0xa9a18bafa2e4f90b096f70489eb62cd7e69fc873082920bd4ffc68f33201a26f,5909650.478,5912269.246417,2618.7684169998392,95180,25000000,,success,1,0,,,8581408
pilot_1790514765259,transfer_N1000_c3,0,2026-09-27T14:51:17.314Z,zkSyncTestnet,300,sepolia.era.zksync.dev,transfer,1000,3,4171,0xffaea4329f0dff132b530594b4968187567b97ba13381817160e9a6d9e7b7c37,5911217.102417,5913027.733667,1810.6312500005588,95186,25000000,,success,1,0,,,8581409
pilot_1790514765259,transfer_N1000_c3,0,2026-09-27T14:51:17.868Z,zkSyncTestnet,300,sepolia.era.zksync.dev,transfer,1000,3,4172,0xf48e4bfce5ae1bf94aa0ccaba4ef4d941d56cbe49eae6823ef06819f2c320db3,5911747.364292,5913581.609625,1834.245332999155,95186,25000000,,success,1,0,,,8581410
pilot_1790514765259,transfer_N1000_c3,0,2026-09-27T14:51:19.178Z,zkSyncTestnet,300,sepolia.era.zksync.dev,transfer,1000,3,4173,0xeedea82e1fa908182f4376fec82a908f5c40db03f1eff4b5c3ece096eba324a5,5912269.311625,5914890.60725,2621.2956250002608,95186,25000000,,success,1,0,,,8581411
pilot_1790514765259,transfer_N1000_c3,0,2026-09-27T14:51:19.698Z,zkSyncTestnet,300,sepolia.era.zksync.dev,transfer,1000,3,4174,0xba36fe9a9f5028e870660edbfcbb468c2b8e5cda2f41fa2a8c839998e753f762,5913027.833375,5915410.946667,2383.113291999325,95180,25000000,,success,1,0,,,8581412
pilot_1790514765259,transfer_N1000_c3,0,2026-09-27T14:51:20.471Z,zkSyncTestnet,300,sepolia.era.zksync.dev,transfer,1000,3,4175,0x2917af0322220613b6defeafc79a6a69458d4e9a3f1afa741d81528bdc81ce72,5913581.742,5916183.158,2601.416000000201,95180,25000000,,success,1,0,,,8581413
pilot_1790514765259,transfer_N1000_c3,0,2026-09-27T14:51:21.614Z,zkSyncTestnet,300,sepolia.era.zksync.dev,transfer,1000,3,4176,0xf2e177d383c6509bc7fc4e756dd3865accc2396d2505092cb7d229ea210936b8,5914890.725625,5917325.557583,2434.831957999617,95180,25000000,,success,1,0,,,8581414
pilot_1790514765259,transfer_N1000_c3,0,2026-09-27T14:51:22.340Z,zkSyncTestnet,300,sepolia.era.zksync.dev,transfer,1000,3,4177,0x794b9c5508d35c58a12d62876139b6b1c0f8ca98580b0e5ef9c6f955fcdc2292,5915410.996792,5918051.89525,2640.8984580002725,95186,25000000,,success,1,0,,,8581415
pilot_1790514765259,transfer_N1000_c3,0,2026-09-27T14:51:23.077Z,zkSyncTestnet,300,sepolia.era.zksync.dev,transfer,1000,3,4178,0x95998fd9315bd79190953e8c880718d6b0cef0b030210b7bf0b0eeac452b5c6c,5916183.269417,5918788.010708,2604.7412909995764,95186,25000000,,success,1,0,,,8581416
pilot_1790514765259,transfer_N1000_c3,0,2026-09-27T14:51:24.423Z,zkSyncTestnet,300,sepolia.era.zksync.dev,transfer,1000,3,4179,0xbe2929e2b41b922d4652c1447c2c245d925e50eca66bdd1d88b13ccee8436ecc,5917325.663792,5920133.756167,2808.0923750000075,95180,25000000,,success,1,0,,,8581417
pilot_1790514765259,transfer_N1000_c3,0,2026-09-27T14:51:24.951Z,zkSyncTestnet,300,sepolia.era.zksync.dev,transfer,1000,3,4180,0x21bd3bdc035bc8e6d596ca4fc57058c58e63bc5298a96684a72bdc1e0c6e7031,5918052.040375,5920661.68325,2609.642874999903,95186,25000000,,success,1,0,,,8581418
pilot_1790514765259,transfer_N1000_c3,0,2026-09-27T14:51:27.120Z,zkSyncTestnet,300,sepolia.era.zksync.dev,transfer,1000,3,4181,0xb4316930727b726d05067713d72633969992b4d081c937f7756ebe3e55e875fc,5918788.088083,5922830.196792,4042.108709000051,95180,25000000,,success,1,0,,,8581419
pilot_1790514765259,transfer_N1000_c3,0,2026-09-27T14:51:27.308Z,zkSyncTestnet,300,sepolia.era.zksync.dev,transfer,1000,3,4182,0xf6359bed1d231fb12117e1fae11ec54ebe9b7d3c517fe0717a2159b8fa5e01e1,5920133.863833,5923018.581333,2884.7175000002608,95186,25000000,,success,1,0,,,8581420
pilot_1790514765259,transfer_N1000_c3,0,2026-09-27T14:51:27.623Z,zkSyncTestnet,300,sepolia.era.zksync.dev,transfer,1000,3,4183,0x46b41994ea2fc0d2b92f596567dd8c2d7cf2c1b8917b98ed6d725768cea25b54,5920661.818042,5923333.180708,2671.362666000612,95186,25000000,,success,1,0,,,8581421
pilot_1790514765259,transfer_N1000_c3,0,2026-09-27T14:51:29.677Z,zkSyncTestnet,300,sepolia.era.zksync.dev,transfer,1000,3,4184,0x2bf3ca42985ae613bed59ccff3f02fb412245472fddb1ffc93bd8ca98f96199a,5922830.275125,5925386.692375,2556.4172499999404,95180,25000000,,success,1,0,,,8581422
pilot_1790514765259,transfer_N1000_c3,0,2026-09-27T14:51:30.774Z,zkSyncTestnet,300,sepolia.era.zksync.dev,transfer,1000,3,4185,0x0da4ab5458fca714425025115caa6cae1ddcce46b88cfa32aa98319412a4d276,5923018.641875,5926483.615833,3464.9739580005407,95180,25000000,,success,1,0,,,8581423
pilot_1790514765259,transfer_N1000_c3,0,2026-09-27T14:51:31.000Z,zkSyncTestnet,300,sepolia.era.zksync.dev,transfer,1000,3,4186,0x8792594cf715468ed18fc6ff888453c3283d1dd32465ca1773767257b93e0292,5923333.317583,5926708.952333,3375.63474999927,95180,25000000,,success,1,0,,,8581423
pilot_1790514765259,transfer_N1000_c3,0,2026-09-27T14:51:33.369Z,zkSyncTestnet,300,sepolia.era.zksync.dev,transfer,1000,3,4187,0x451d3c52d126b5ebe8158df6d9123fdbc94e0d9852be642188cb2bcb78ad13f3,5925386.818083,5929077.893625,3691.075541999191,95180,25000000,,success,1,0,,,8581424
pilot_1790514765259,transfer_N1000_c3,0,2026-09-27T14:51:33.567Z,zkSyncTestnet,300,sepolia.era.zksync.dev,transfer,1000,3,4188,0x2131846dc8906adfb4c066191783fe4fd1fbbf18db85b248fea24730a0235993,5926483.724,5929276.037292,2792.3132919995114,95180,25000000,,success,1,0,,,8581424
pilot_1790514765259,transfer_N1000_c3,0,2026-09-27T14:51:34.914Z,zkSyncTestnet,300,sepolia.era.zksync.dev,transfer,1000,3,4189,0x6e832d6c1e25669e09927cb20e2bf3b2905689988b2262d0a48b2837eef88072,5926709.058792,5930622.388542,3913.329750000499,95186,25000000,,success,1,0,,,8581425
pilot_1790514765259,transfer_N1000_c3,0,2026-09-27T14:51:35.155Z,zkSyncTestnet,300,sepolia.era.zksync.dev,transfer,1000,3,4190,0xa2e7e19ca924195563638079e4db36117165f33bc98b9b2002f931a84dc476f6,5929078.022083,5930863.272458,1785.2503749998286,95186,25000000,,success,1,0,,,8581426
pilot_1790514765259,transfer_N1000_c3,0,2026-09-27T14:51:35.437Z,zkSyncTestnet,300,sepolia.era.zksync.dev,transfer,1000,3,4191,0xc19b5c1d95c0a5825e8df9d83c66861446f5c1e5f3a6d3740724db497975c148,5929276.105458,5931145.785375,1869.6799170002341,95186,25000000,,success,1,0,,,8581427
pilot_1790514765259,transfer_N1000_c3,0,2026-09-27T14:51:38.494Z,zkSyncTestnet,300,sepolia.era.zksync.dev,transfer,1000,3,4193,0xd3a7d521f10d1c02c6575ef067320eb149f00bcee680d7d3a3ae16c23f845dec,5930863.361125,5934201.805292,3338.4441670002416,95180,25000000,,success,1,0,,,8581429
pilot_1790514765259,transfer_N1000_c3,0,2026-09-27T14:51:38.580Z,zkSyncTestnet,300,sepolia.era.zksync.dev,transfer,1000,3,4192,0x3b4ed0b1bc7bb81e3b32075f4df185edbb92fc71f7d0d3657f83e8f6ccd6b04d,5930622.525958,5934288.278542,3665.752584000118,95186,25000000,,success,1,0,,,8581428
pilot_1790514765259,transfer_N1000_c3,0,2026-09-27T14:51:39.800Z,zkSyncTestnet,300,sepolia.era.zksync.dev,transfer,1000,3,4194,0x12be7a0fa2dc4c3c852610a87e2a70d57b1a57a71579c9b0f34393480027fd2f,5931145.91025,5935507.753875,4361.843625000678,95180,25000000,,success,1,0,,,8581430
pilot_1790514765259,transfer_N1000_c3,0,2026-09-27T14:51:41.080Z,zkSyncTestnet,300,sepolia.era.zksync.dev,transfer,1000,3,4195,0x8a49098db8f00bea0f342ed1654b8570247c29408e6aa063f8f312d66c81116a,5934201.97625,5936788.300042,2586.32379199937,95180,25000000,,success,1,0,,,8581431
pilot_1790514765259,transfer_N1000_c3,0,2026-09-27T14:51:41.199Z,zkSyncTestnet,300,sepolia.era.zksync.dev,transfer,1000,3,4196,0xf0522b0641d9e7e13fd21c3cd22dbd0575d8693fbaf1157d92ecd8205f4d49f4,5934288.399875,5936906.938958,2618.5390830002725,95186,25000000,,success,1,0,,,8581432
pilot_1790514765259,transfer_N1000_c3,0,2026-09-27T14:51:44.162Z,zkSyncTestnet,300,sepolia.era.zksync.dev,transfer,1000,3,4197,0x1b1f820acf75c752f343530a8ca7654249ebc24e92a1009a3ec3616b121a3998,5935507.903042,5939869.683208,4361.780166000128,95180,25000000,,success,1,0,,,8581433
pilot_1790514765259,transfer_N1000_c3,0,2026-09-27T14:51:44.663Z,zkSyncTestnet,300,sepolia.era.zksync.dev,transfer,1000,3,4199,0xfa1fae7df7e4fe499930a490651972c2b899ffa2aaaa60a6c80b6604c1fead87,5936906.994417,5940371.000833,3464.006416000426,95186,25000000,,success,1,0,,,8581434
pilot_1790514765259,transfer_N1000_c3,0,2026-09-27T14:51:44.957Z,zkSyncTestnet,300,sepolia.era.zksync.dev,transfer,1000,3,4198,0xa45dbf2b2f104785c4ece4553208b2dc66c75c2c13446656f46a7e82c854fd55,5936788.455083,5940664.49,3876.034917000681,95180,25000000,,success,1,0,,,8581434
pilot_1790514765259,transfer_N1000_c3,0,2026-09-27T14:51:48.787Z,zkSyncTestnet,300,sepolia.era.zksync.dev,transfer,1000,3,4202,0x027873f6795d39236328e787514c2dc8c188284b60e121a1e4cefdcda9e7cfe0,5940664.545208,5944493.862583,3829.3173750005662,95186,25000000,,success,1,0,,,8581435
pilot_1790514765259,transfer_N1000_c3,0,2026-09-27T14:51:48.790Z,zkSyncTestnet,300,sepolia.era.zksync.dev,transfer,1000,3,4200,0xdbffa0062204848cf443a99ede7a85017a9d1df2373f93b31b75ba5b0b33a97a,5939869.793333,5944497.648208,4627.854875000194,95180,25000000,,success,1,0,,,8581435
pilot_1790514765259,transfer_N1000_c3,0,2026-09-27T14:51:49.070Z,zkSyncTestnet,300,sepolia.era.zksync.dev,transfer,1000,3,4201,0x5a535cf6ee01263f8fc115e4b2ae5d319b6e79a2071506d5ae0bccbe8ce17fb9,5940371.08125,5944776.872125,4405.790874999948,95180,25000000,,success,1,0,,,8581435
pilot_1790514765259,transfer_N1000_c3,0,2026-09-27T14:51:51.171Z,zkSyncTestnet,300,sepolia.era.zksync.dev,transfer,1000,3,4203,0x25a202f04e4f79ddb868249986b9e7b53f71b2d1b78debcd7bed47b903f41824,5944493.954917,5946878.465375,2384.5104580000043,95186,25000000,,success,1,0,,,8581436
pilot_1790514765259,transfer_N1000_c3,0,2026-09-27T14:51:53.048Z,zkSyncTestnet,300,sepolia.era.zksync.dev,transfer,1000,3,4204,0x80917869a7a04fc5f121c775e5db0d12e65c1327fe71ea64e0cf123dffd22a10,5944497.674083,5948755.418708,4257.744625000283,95186,25000000,,success,1,0,,,8581437
pilot_1790514765259,transfer_N1000_c3,0,2026-09-27T14:51:53.285Z,zkSyncTestnet,300,sepolia.era.zksync.dev,transfer,1000,3,4205,0x0a477b13c37d4cb9432f968b8be6e9fcf6fa679eae19ed626af6266b5da459b7,5944776.934375,5948992.102542,4215.168166999705,95186,25000000,,success,1,0,,,8581437
pilot_1790514765259,transfer_N1000_c3,0,2026-09-27T14:51:54.623Z,zkSyncTestnet,300,sepolia.era.zksync.dev,transfer,1000,3,4206,0xd3ae8384d5cf15ab07383b81020bd29aad84e3d8282ea7e20c86b42bb82bf5ed,5946878.58225,5950330.295208,3451.712957999669,95180,25000000,,success,1,0,,,8581438
pilot_1790514765259,transfer_N1000_c3,0,2026-09-27T14:51:56.935Z,zkSyncTestnet,300,sepolia.era.zksync.dev,transfer,1000,3,4208,0xc5686df748e80db58658fd585262c29d5e405eb24812794304d79496eeaf5c77,5948992.14175,5952641.705208,3649.5634579993784,95180,25000000,,success,1,0,,,8581439
pilot_1790514765259,transfer_N1000_c3,0,2026-09-27T14:51:56.940Z,zkSyncTestnet,300,sepolia.era.zksync.dev,transfer,1000,3,4207,0x53003b1b572bf6889eb7f4c82bc74751ba4e88a9e3b942e320f31cab0fb0870b,5948755.518,5952647.129542,3891.611541999504,95186,25000000,,success,1,0,,,8581439
pilot_1790514765259,transfer_N1000_c3,0,2026-09-27T14:51:57.176Z,zkSyncTestnet,300,sepolia.era.zksync.dev,transfer,1000,3,4209,0x03f6b7ff74a5799984507bbd7ac8522a3650e9916507c31b66f10083883f69e1,5950330.400708,5952883.302208,2552.901499999687,95180,25000000,,success,1,0,,,8581440
pilot_1790514765259,transfer_N1000_c3,0,2026-09-27T14:51:58.733Z,zkSyncTestnet,300,sepolia.era.zksync.dev,transfer,1000,3,4210,0x892ce2aa48452bc9dc806a4bac6878cf584d053d0eba5e3541c1fffe43e34899,5952641.809792,5954439.653542,1797.84375,95180,25000000,,success,1,0,,,8581442
pilot_1790514765259,transfer_N1000_c3,0,2026-09-27T14:51:58.824Z,zkSyncTestnet,300,sepolia.era.zksync.dev,transfer,1000,3,4211,0xbd3c44b9d90767b8f15b852c02f00846f712a44c56308319938ff75c19334544,5952647.157542,5954531.198083,1884.0405410006642,95180,25000000,,success,1,0,,,8581443
pilot_1790514765259,transfer_N1000_c3,0,2026-09-27T14:51:59.031Z,zkSyncTestnet,300,sepolia.era.zksync.dev,transfer,1000,3,4212,0x747f4018bf06f35e3609242dc5db7a8356e5b18746e1921740574f94a3456d80,5952883.539958,5954738.276708,1854.7367500001565,95180,25000000,,success,1,0,,,8581443
pilot_1790514765259,transfer_N1000_c3,0,2026-09-27T14:52:00.611Z,zkSyncTestnet,300,sepolia.era.zksync.dev,transfer,1000,3,4213,0xb713a8fbd612f7b8f0b37c0f00722c151f862005816d59151949511fcefd74d7,5954439.753125,5956317.769375,1878.0162500003353,95180,25000000,,success,1,0,,,8581444
pilot_1790514765259,transfer_N1000_c3,0,2026-09-27T14:52:02.410Z,zkSyncTestnet,300,sepolia.era.zksync.dev,transfer,1000,3,4214,0x3aac41f331bc28745843efd8bac88a6a78bb8a11c144b36b8cc7b3f1edb8e41e,5954531.281375,5958116.914375,3585.6329999994487,95186,25000000,,success,1,0,,,8581445
pilot_1790514765259,transfer_N1000_c3,0,2026-09-27T14:52:02.515Z,zkSyncTestnet,300,sepolia.era.zksync.dev,transfer,1000,3,4216,0xa1677b2318b6b9777a1a78ab414947f832a5c335b289028c495bf1ad2152b96c,5956317.908667,5958221.216167,1903.3075000001118,95186,25000000,,success,1,0,,,8581445
pilot_1790514765259,transfer_N1000_c3,0,2026-09-27T14:52:03.751Z,zkSyncTestnet,300,sepolia.era.zksync.dev,transfer,1000,3,4215,0x67819f19eeb37bb7a519978d30f3768fa45cb57f733844d186f4197023c2b31e,5954738.344375,5959457.683917,4719.339541999623,95186,25000000,,success,1,0,,,8581445
pilot_1790514765259,transfer_N1000_c3,0,2026-09-27T14:52:06.212Z,zkSyncTestnet,300,sepolia.era.zksync.dev,transfer,1000,3,4217,0x97d8e272410ac71cdc809e3c8f378007ce6e59e197e2493d27e46d87ea68571f,5958116.998875,5961918.982792,3801.9839170007035,95180,25000000,,success,1,0,,,8581446
pilot_1790514765259,transfer_N1000_c3,0,2026-09-27T14:52:06.364Z,zkSyncTestnet,300,sepolia.era.zksync.dev,transfer,1000,3,4218,0x5b49116d54cbe970ddff588e1e761c03131355141ecaa71fd2cbc4f684295db4,5958221.313667,5962070.7685,3849.454832999967,95186,25000000,,success,1,0,,,8581447
pilot_1790514765259,transfer_N1000_c3,0,2026-09-27T14:52:08.769Z,zkSyncTestnet,300,sepolia.era.zksync.dev,transfer,1000,3,4219,0xaaafd15107cc27f8dffb2925b8872955a1acf8ed3594d276c1c96301700af379,5959457.785208,5964475.571917,5017.7867090003565,95186,25000000,,success,1,0,,,8581448
pilot_1790514765259,transfer_N1000_c3,0,2026-09-27T14:52:09.612Z,zkSyncTestnet,300,sepolia.era.zksync.dev,transfer,1000,3,4220,0x50c4628d730ca7413f829823d1d5764181c8584830be28f3df563919b02f7c8c,5961919.063875,5965318.404417,3399.340541999787,95186,25000000,,success,1,0,,,8581449
pilot_1790514765259,transfer_N1000_c3,0,2026-09-27T14:52:11.400Z,zkSyncTestnet,300,sepolia.era.zksync.dev,transfer,1000,3,4221,0x584e17791f6647fe8de72debc0c00f0510a1386adae64ddfeb211645f6392e0f,5962070.8745,5967106.843958,5035.969457999803,95186,25000000,,success,1,0,,,8581450
pilot_1790514765259,transfer_N1000_c3,0,2026-09-27T14:52:12.142Z,zkSyncTestnet,300,sepolia.era.zksync.dev,transfer,1000,3,4222,0x628da69b6dbfdb8f4502aee74919a9811bb9f351554075d10487b3e90bc7bef1,5964475.624625,5967848.83125,3373.2066249996424,95186,25000000,,success,1,0,,,8581451
pilot_1790514765259,transfer_N1000_c3,0,2026-09-27T14:52:13.948Z,zkSyncTestnet,300,sepolia.era.zksync.dev,transfer,1000,3,4223,0x9f98111300da7c53c7d57091b86f31bec3db00bed0b124c8a2d2d8440134dd72,5965318.622583,5969654.343667,4335.721083999611,95186,25000000,,success,1,0,,,8581452
pilot_1790514765259,transfer_N1000_c3,0,2026-09-27T14:52:16.347Z,zkSyncTestnet,300,sepolia.era.zksync.dev,transfer,1000,3,4224,0x5977663a6ca097a90cff710659a9d4fd7da81a1ebc0587384465382fa304434b,5967106.950792,5972053.558958,4946.6081659998745,95180,25000000,,success,1,0,,,8581453
pilot_1790514765259,transfer_N1000_c3,0,2026-09-27T14:52:17.382Z,zkSyncTestnet,300,sepolia.era.zksync.dev,transfer,1000,3,4225,0xf57df16167ee05b6b6361bad71437289a09566457fe74793d7edd8615e0debd5,5967848.963375,5973088.067125,5239.1037499997765,95180,25000000,,success,1,0,,,8581454
pilot_1790514765259,transfer_N1000_c3,0,2026-09-27T14:52:18.259Z,zkSyncTestnet,300,sepolia.era.zksync.dev,transfer,1000,3,4226,0x6a947aef57930dbf856be2b6c2d0302b7462826755ea8db1c0b6b9a0934e8563,5969654.475792,5973965.143125,4310.66733300034,95186,25000000,,success,1,0,,,8581455
pilot_1790514765259,transfer_N1000_c3,0,2026-09-27T14:52:19.261Z,zkSyncTestnet,300,sepolia.era.zksync.dev,transfer,1000,3,4228,0xa0cc0f0be646847eab196875dd4a3c59aabf441a56a0e9417d8e29127567bb9c,5973088.193625,5974967.016,1878.8223749995232,95180,25000000,,success,1,0,,,8581457
pilot_1790514765259,transfer_N1000_c3,0,2026-09-27T14:52:20.077Z,zkSyncTestnet,300,sepolia.era.zksync.dev,transfer,1000,3,4227,0xc2283d082236c5770e53cfc149308b5f51768f50928f7dd6ed9cb000e96074f9,5972053.697083,5975783.310667,3729.613583999686,95180,25000000,,success,1,0,,,8581456
pilot_1790514765259,transfer_N1000_c3,0,2026-09-27T14:52:20.082Z,zkSyncTestnet,300,sepolia.era.zksync.dev,transfer,1000,3,4229,0xc28abd1445660616657d6f2dcae42e30b29b0554fa8718c13b5ff4d9390ed23d,5973965.270208,5975788.642167,1823.3719589998946,95180,25000000,,success,1,0,,,8581458
pilot_1790514765259,transfer_N1000_c3,0,2026-09-27T14:52:21.807Z,zkSyncTestnet,300,sepolia.era.zksync.dev,transfer,1000,3,4231,0x40e64cfff12812910addd07a4012be56e277e465fa4eb311b8fa5c404e270131,5975783.435625,5977513.21625,1729.7806249996647,95180,25000000,,success,1,0,,,8581459
pilot_1790514765259,transfer_N1000_c3,0,2026-09-27T14:52:22.385Z,zkSyncTestnet,300,sepolia.era.zksync.dev,transfer,1000,3,4230,0xb941ced708772383211fa6cdc7f4f19b6be87600a393d63e62c0a78cc07ef883,5974967.118375,5978091.596792,3124.4784170007333,95186,25000000,,success,1,0,,,8581459
pilot_1790514765259,transfer_N1000_c3,0,2026-09-27T14:52:23.051Z,zkSyncTestnet,300,sepolia.era.zksync.dev,transfer,1000,3,4232,0xe7b4e7e329aaf0c2d8147fc541116883d90870a107790b64da83867d357ed1cd,5975788.664,5978756.883,2968.2190000005066,95186,25000000,,success,1,0,,,8581460
pilot_1790514765259,transfer_N1000_c3,0,2026-09-27T14:52:24.458Z,zkSyncTestnet,300,sepolia.era.zksync.dev,transfer,1000,3,4233,0x20f35f60ebaa0008a6e6cbe9c820a4f91386dd0a2f4105da265bc1f7251b5def,5977513.345875,5980164.659417,2651.313542000018,95186,25000000,,success,1,0,,,8581461
pilot_1790514765259,transfer_N1000_c3,0,2026-09-27T14:52:25.769Z,zkSyncTestnet,300,sepolia.era.zksync.dev,transfer,1000,3,4234,0x9d97516fa6a03f5785b7dbb9b8cf4769b40817cd1cd69fe73bf6f52cd16b8011,5978091.731917,5981475.611667,3383.8797499993816,95186,25000000,,success,1,0,,,8581463
pilot_1790514765259,transfer_N1000_c3,0,2026-09-27T14:52:25.771Z,zkSyncTestnet,300,sepolia.era.zksync.dev,transfer,1000,3,4235,0xdff1bf8fdffefa21380c1295bbadd689f8aa9d5d3dbf3d9fd6b917eda321ebb4,5978757.001833,5981477.748208,2720.7463750001043,95180,25000000,,success,1,0,,,8581463
pilot_1790514765259,transfer_N1000_c3,0,2026-09-27T14:52:27.127Z,zkSyncTestnet,300,sepolia.era.zksync.dev,transfer,1000,3,4236,0xf6a0bc22ac9a38cc8c1515d8edee066ba3a6d0a372afe09de92dc688d8b96126,5980164.896875,5982833.689583,2668.792708000168,95180,25000000,,success,1,0,,,8581464
pilot_1790514765259,transfer_N1000_c3,0,2026-09-27T14:52:30.197Z,zkSyncTestnet,300,sepolia.era.zksync.dev,transfer,1000,3,4238,0x57d970984fe860c80e1150b76d3e725aa75aec451ed136b6b796757a0e0b41b8,5981477.763625,5985903.202458,4425.438833000138,95186,25000000,,success,1,0,,,8581465
pilot_1790514765259,transfer_N1000_c3,0,2026-09-27T14:52:30.201Z,zkSyncTestnet,300,sepolia.era.zksync.dev,transfer,1000,3,4237,0xf00710ba90a195cc25928f7a56e2bde06954cdf2f384e8417bf0b980bddb78bd,5981475.671917,5985907.130583,4431.458666000515,95186,25000000,,success,1,0,,,8581465
pilot_1790514765259,transfer_N1000_c3,0,2026-09-27T14:52:31.013Z,zkSyncTestnet,300,sepolia.era.zksync.dev,transfer,1000,3,4239,0x781754e037ccf9ad1dc410ad9f0b307fb10a885f89ae737525474f69604684a9,5982833.784625,5986719.167208,3885.382582999766,95186,25000000,,success,1,0,,,8581466
pilot_1790514765259,transfer_N1000_c3,0,2026-09-27T14:52:32.934Z,zkSyncTestnet,300,sepolia.era.zksync.dev,transfer,1000,3,4241,0xeaaa9c8ae5f348acbad5ac68af81804def4e2892c4aedd2094d62c2cc123826d,5985907.158625,5988640.031375,2732.872750000097,95180,25000000,,success,1,0,,,8581467
pilot_1790514765259,transfer_N1000_c3,0,2026-09-27T14:52:33.635Z,zkSyncTestnet,300,sepolia.era.zksync.dev,transfer,1000,3,4240,0x685741d9839ba3d6930b772ef8a8c503df48105a8089a869769d3a3d16eda344,5985903.299667,5989341.574583,3438.274915999733,95186,25000000,,success,1,0,,,8581467
pilot_1790514765259,transfer_N1000_c3,0,2026-09-27T14:52:33.737Z,zkSyncTestnet,300,sepolia.era.zksync.dev,transfer,1000,3,4242,0x853fd8796bd9c7a0c6aa9ceea63cdbe3c8ea7bdcab7b7aa928a9225d6ec27f83,5986719.313625,5989443.220917,2723.907292000018,95180,25000000,,success,1,0,,,8581467
pilot_1790514765259,transfer_N1000_c3,0,2026-09-27T14:52:36.488Z,zkSyncTestnet,300,sepolia.era.zksync.dev,transfer,1000,3,4244,0xe26bca1f9ea8b23a1ae11dae3ba2adf5f8936bdf5bacb7f21c9d656e28e61868,5989341.710917,5992194.332083,2852.6211660001427,95180,25000000,,success,1,0,,,8581468
pilot_1790514765259,transfer_N1000_c3,0,2026-09-27T14:52:37.010Z,zkSyncTestnet,300,sepolia.era.zksync.dev,transfer,1000,3,4243,0xa6d762d0687cb6967c335038190ea4df9422ab8c570f418099443c2ad9326b28,5988640.2795,5992716.675875,4076.3963749995455,95186,25000000,,success,1,0,,,8581468
pilot_1790514765259,transfer_N1000_c3,0,2026-09-27T14:52:37.533Z,zkSyncTestnet,300,sepolia.era.zksync.dev,transfer,1000,3,4245,0xf0391dbfe5110ff20b8558b26d27823886dbd3547cebea527d51f3c79e280dc1,5989443.270125,5993238.911292,3795.641166999936,95180,25000000,,success,1,0,,,8581469
pilot_1790514765259,transfer_N1000_c3,0,2026-09-27T14:52:38.357Z,zkSyncTestnet,300,sepolia.era.zksync.dev,transfer,1000,3,4246,0xbd630911a27bed5582bf99e179033df7aa449b04b9b70ca344b0a9c19ead77ef,5992194.470708,5994063.365542,1868.8948340006173,95180,25000000,,success,1,0,,,8581470
pilot_1790514765259,transfer_N1000_c3,0,2026-09-27T14:52:38.907Z,zkSyncTestnet,300,sepolia.era.zksync.dev,transfer,1000,3,4247,0x38341113974999eb51d5f9e20b49b95426e63bbd42df9b1aae45f707b3541298,5992716.717917,5994613.390542,1896.6726249996573,95180,25000000,,success,1,0,,,8581471
pilot_1790514765259,transfer_N1000_c3,0,2026-09-27T14:52:39.410Z,zkSyncTestnet,300,sepolia.era.zksync.dev,transfer,1000,3,4248,0x2c5bdd23191a5b790ea8aed5d31f19e6d02c424099ad02bc21d455d29372654c,5993239.012583,5995115.993333,1876.9807500001043,95186,25000000,,success,1,0,,,8581472
pilot_1790514765259,transfer_N1000_c3,0,2026-09-27T14:52:40.185Z,zkSyncTestnet,300,sepolia.era.zksync.dev,transfer,1000,3,4249,0x6909768a9da5d15e5232fcfa5ad8d77a2f4d764509a99957fceabb278b87bd5a,5994063.488375,5995891.022083,1827.5337080005556,95180,25000000,,success,1,0,,,8581473
pilot_1790514765259,transfer_N1000_c3,0,2026-09-27T14:52:40.719Z,zkSyncTestnet,300,sepolia.era.zksync.dev,transfer,1000,3,4250,0x8cdd8cb91bde76ac9003fcfc4af13d7e8d318904b94a117e45d38b54f01221a8,5994613.515458,5996425.467292,1811.9518339997157,95180,25000000,,success,1,0,,,8581474
pilot_1790514765259,transfer_N1000_c3,0,2026-09-27T14:52:41.200Z,zkSyncTestnet,300,sepolia.era.zksync.dev,transfer,1000,3,4251,0x954a41af919d643e8d3146a944279786b41d940552e4fd794ed797a68b1c15ed,5995116.038125,5996906.194417,1790.1562919998541,95180,25000000,,success,1,0,,,8581475
pilot_1790514765259,transfer_N1000_c3,0,2026-09-27T14:52:42.025Z,zkSyncTestnet,300,sepolia.era.zksync.dev,transfer,1000,3,4252,0x189d0bdef4b9e0641d8413b24bee148f4f9e3c716986c416cfae0b118ebd913d,5995891.14975,5997731.525292,1840.375541999936,95180,25000000,,success,1,0,,,8581476
pilot_1790514765259,transfer_N1000_c3,0,2026-09-27T14:52:43.298Z,zkSyncTestnet,300,sepolia.era.zksync.dev,transfer,1000,3,4253,0xcd659ae1170b64d2d6319f56a6c101fbefbd0c3f0eb2ac28adecafa7cd53b6f1,5996425.533042,5999004.085,2578.5519580002874,95180,25000000,,success,1,0,,,8581477
pilot_1790514765259,transfer_N1000_c3,0,2026-09-27T14:52:43.830Z,zkSyncTestnet,300,sepolia.era.zksync.dev,transfer,1000,3,4254,0xa2487d109cac446a57f41a8d2fc143e27ae978033ba7ab5b07cc0f41983ebe4b,5996906.285208,5999536.458833,2630.173624999821,95186,25000000,,success,1,0,,,8581478
pilot_1790514765259,transfer_N1000_c3,0,2026-09-27T14:52:45.719Z,zkSyncTestnet,300,sepolia.era.zksync.dev,transfer,1000,3,4255,0xd61deb18e4c7801753a541555fae5265fe2f2479c5dbac3b306dfd4b3371dffc,5997731.657375,6001425.369,3693.7116249995306,95186,25000000,,success,1,0,,,8581479
pilot_1790514765259,transfer_N1000_c3,0,2026-09-27T14:52:45.950Z,zkSyncTestnet,300,sepolia.era.zksync.dev,transfer,1000,3,4256,0xcab5f4d057348e99f9b598ace9bc6b891c50aa24499c0acf7c52b576dd0f229f,5999004.153583,6001656.114417,2651.9608339993283,95180,25000000,,success,1,0,,,8581480
pilot_1790514765259,transfer_N1000_c3,0,2026-09-27T14:52:46.454Z,zkSyncTestnet,300,sepolia.era.zksync.dev,transfer,1000,3,4257,0x69f31bc5ded18bc253b59075c2c539dda0d8ba9280b4f836a1cd82841f6a228f,5999536.5785,6002160.0965,2623.5180000001565,95180,25000000,,success,1,0,,,8581481
pilot_1790514765259,transfer_N1000_c3,0,2026-09-27T14:52:48.414Z,zkSyncTestnet,300,sepolia.era.zksync.dev,transfer,1000,3,4259,0x88488bcde81b81f1faa79f0a5a26d5d7b69201a294e9ddd9a580b27c9871dc1a,6001656.193417,6004120.328958,2464.1355410004035,95180,25000000,,success,1,0,,,8581482
pilot_1790514765259,transfer_N1000_c3,0,2026-09-27T14:52:49.632Z,zkSyncTestnet,300,sepolia.era.zksync.dev,transfer,1000,3,4258,0x234b7421fd25be8234fec9ad094e063ee2693b38ff62584e4c940cb5b45426df,6001425.495458,6005338.031708,3912.5362499998882,95180,25000000,,success,1,0,,,8581482
pilot_1790514765259,transfer_N1000_c3,0,2026-09-27T14:52:49.641Z,zkSyncTestnet,300,sepolia.era.zksync.dev,transfer,1000,3,4260,0xeafa4619c070247c707d01b4d84ae8711a240b2ba1172dbb08659c43fc148533,6002160.227167,6005347.635792,3187.4086250001565,95180,25000000,,success,1,0,,,8581483
pilot_1790514765259,transfer_N1000_c3,0,2026-09-27T14:52:52.181Z,zkSyncTestnet,300,sepolia.era.zksync.dev,transfer,1000,3,4261,0x79fa24d7103245feb39377c28169688c887121833a7f57a27dd0e17c894cd844,6004120.438,6007887.565083,3767.1270829997957,95186,25000000,,success,1,0,,,8581484
pilot_1790514765259,transfer_N1000_c3,0,2026-09-27T14:52:52.186Z,zkSyncTestnet,300,sepolia.era.zksync.dev,transfer,1000,3,4262,0x18805de4c79b09f269fd4c30b19440057402b6de4c4fb75a3ad783c7e71a2e7c,6005338.144,6007892.610125,2554.466124999337,95180,25000000,,success,1,0,,,8581485
pilot_1790514765259,transfer_N1000_c3,0,2026-09-27T14:52:53.561Z,zkSyncTestnet,300,sepolia.era.zksync.dev,transfer,1000,3,4263,0xa6882e4af2a51e1b36c141e4ccb11f94d1ea7b35fd66ccb11013b7cbba821c27,6005347.679958,6009266.887,3919.2070420002565,95186,25000000,,success,1,0,,,8581487
pilot_1790514765259,transfer_N1000_c3,0,2026-09-27T14:52:57.276Z,zkSyncTestnet,300,sepolia.era.zksync.dev,transfer,1000,3,4265,0x974597583581ffa3f948e9453c18bcfc7550e5e08023243f44055f9b5a11da9a,6007892.638542,6012982.452833,5089.814290999435,95180,25000000,,success,1,0,,,8581488
pilot_1790514765259,transfer_N1000_c3,0,2026-09-27T14:52:57.280Z,zkSyncTestnet,300,sepolia.era.zksync.dev,transfer,1000,3,4266,0x696625e3ea75e7fd238d3987f391287b132fed3e4e5089060e0c141b54fd8ea4,6009267.002875,6012986.534375,3719.5314999995753,95186,25000000,,success,1,0,,,8581488
pilot_1790514765259,transfer_N1000_c3,0,2026-09-27T14:52:57.505Z,zkSyncTestnet,300,sepolia.era.zksync.dev,transfer,1000,3,4264,0x955ac19c6b4008b798a76eb7b165b8b0566c1f06f4f07057fba210dc447d51ef,6007887.701708,6013211.659708,5323.957999999635,95186,25000000,,success,1,0,,,8581488
pilot_1790514765259,transfer_N1000_c3,0,2026-09-27T14:52:59.327Z,zkSyncTestnet,300,sepolia.era.zksync.dev,transfer,1000,3,4268,0x862c7cffeaf22c5a986eec16f3e4606f25d154c5bb2240c2fdf4179ee104d1ef,6012986.5545,6015033.303792,2046.7492920001969,95180,25000000,,success,1,0,,,8581490
pilot_1790514765259,transfer_N1000_c3,0,2026-09-27T14:52:59.331Z,zkSyncTestnet,300,sepolia.era.zksync.dev,transfer,1000,3,4267,0xcbc0aad5940cf4d7f120595028d5d30bc991490f1e446becb254d7e2785e5d06,6012982.557042,6015037.505,2054.9479580000043,95180,25000000,,success,1,0,,,8581489
pilot_1790514765259,transfer_N1000_c3,0,2026-09-27T14:52:59.597Z,zkSyncTestnet,300,sepolia.era.zksync.dev,transfer,1000,3,4269,0xbf6cd71e628933085ed299aa454d314996383e321c37f7ffe508c21e9d5aebe3,6013211.73675,6015303.267208,2091.5304579995573,95186,25000000,,success,1,0,,,8581490
pilot_1790514765259,transfer_N1000_c3,0,2026-09-27T14:53:02.547Z,zkSyncTestnet,300,sepolia.era.zksync.dev,transfer,1000,3,4270,0x17262ba02facffd218c6c3af7445a5b6578fca7c66cfebdba091a8af90a1f89b,6015033.388333,6018253.232542,3219.844208999537,95186,25000000,,success,1,0,,,8581491
pilot_1790514765259,transfer_N1000_c3,0,2026-09-27T14:53:02.989Z,zkSyncTestnet,300,sepolia.era.zksync.dev,transfer,1000,3,4271,0xaed89012aecc805932536779b1ef58b9c9f7618bdc2d89f57fc091d87070ee0e,6015037.529583,6018695.55225,3658.02266700007,95180,25000000,,success,1,0,,,8581492
pilot_1790514765259,transfer_N1000_c3,0,2026-09-27T14:53:03.754Z,zkSyncTestnet,300,sepolia.era.zksync.dev,transfer,1000,3,4272,0xe5311c8bae7bb86eafd54a59b4739ec3dc02b53145dae29c7d5b4482caf53291,6015303.357208,6019460.128083,4156.770875000395,95186,25000000,,success,1,0,,,8581492
pilot_1790514765259,transfer_N1000_c3,0,2026-09-27T14:53:04.335Z,zkSyncTestnet,300,sepolia.era.zksync.dev,transfer,1000,3,4273,0xf6e161b79502c54b27cf279fab5334e01ae6599e641a8ce8f7814f6862659d1e,6018253.272917,6020041.22675,1787.9538330007344,95186,25000000,,success,1,0,,,8581493
pilot_1790514765259,transfer_N1000_c3,0,2026-09-27T14:53:06.666Z,zkSyncTestnet,300,sepolia.era.zksync.dev,transfer,1000,3,4274,0xb264d141034b1de68d48a7482f4780cdb06088743202ff69d51d12aff6d49cf3,6018695.638458,6022371.717875,3676.0794170005247,95180,25000000,,success,1,0,,,8581494
pilot_1790514765259,transfer_N1000_c3,0,2026-09-27T14:53:07.192Z,zkSyncTestnet,300,sepolia.era.zksync.dev,transfer,1000,3,4275,0x08c707ef8f07f0e30de8027dffa48063530b0df4309209339ecb35af80d99717,6019460.259292,6022897.670375,3437.411082999781,95180,25000000,,success,1,0,,,8581495
pilot_1790514765259,transfer_N1000_c3,0,2026-09-27T14:53:08.144Z,zkSyncTestnet,300,sepolia.era.zksync.dev,transfer,1000,3,4276,0xe5d08712800bdd16eee49a9494bf0d2bdec00aeff7ae35571b21bfef007ff3ec,6020041.272,6023850.545167,3809.273167000152,95180,25000000,,success,1,0,,,8581496
pilot_1790514765259,transfer_N1000_c3,0,2026-09-27T14:53:09.293Z,zkSyncTestnet,300,sepolia.era.zksync.dev,transfer,1000,3,4277,0x52ff0834a5bff423d4b6c3f51b729d9888c4068ca39a20e2073b0ee4788e7514,6022371.8395,6024998.688917,2626.8494170000777,95180,25000000,,success,1,0,,,8581497
pilot_1790514765259,transfer_N1000_c3,0,2026-09-27T14:53:10.585Z,zkSyncTestnet,300,sepolia.era.zksync.dev,transfer,1000,3,4278,0x1109bdb0492d2fae2e0f6453adad518fd2e712660d78fd1e2fb96f0720d9eb43,6022897.782208,6026291.410917,3393.628708999604,95186,25000000,,success,1,0,,,8581497
pilot_1790514765259,transfer_N1000_c3,0,2026-09-27T14:53:10.590Z,zkSyncTestnet,300,sepolia.era.zksync.dev,transfer,1000,3,4279,0xae8f33184e1f49047d284e588dea4fab867ce3b1a41ad04d1d4ae3842035bec5,6023850.595208,6026296.542042,2445.9468339998275,95186,25000000,,success,1,0,,,8581498
pilot_1790514765259,transfer_N1000_c3,0,2026-09-27T14:53:12.437Z,zkSyncTestnet,300,sepolia.era.zksync.dev,transfer,1000,3,4280,0x1a56615d1c5e22085fd7fe6cb11ae56a28001bf669e7e22ad9e80835c287e11b,6024998.766417,6028142.685583,3143.9191659996286,95180,25000000,,success,1,0,,,8581499
pilot_1790514765259,transfer_N1000_c3,0,2026-09-27T14:53:13.181Z,zkSyncTestnet,300,sepolia.era.zksync.dev,transfer,1000,3,4281,0x7a79037b0d39aa988d9757d205b7885c038e7b2a13d28e50d26fe69cb6241668,6026291.569083,6028887.216458,2595.6473750006407,95186,25000000,,success,1,0,,,8581500
pilot_1790514765259,transfer_N1000_c3,0,2026-09-27T14:53:14.543Z,zkSyncTestnet,300,sepolia.era.zksync.dev,transfer,1000,3,4282,0x2b0ee264fa8ea024885a0f1b07d04b70f74feab7f4c54a5cc801c93a610c7874,6026296.567,6030249.211292,3952.64429199975,95180,25000000,,success,1,0,,,8581501
pilot_1790514765259,transfer_N1000_c3,0,2026-09-27T14:53:14.879Z,zkSyncTestnet,300,sepolia.era.zksync.dev,transfer,1000,3,4283,0xfdbdcc25c752c5123a631a56ca348930182514de144b5c26d1da47fe9ff1be9b,6028142.795958,6030584.63175,2441.835791999474,95186,25000000,,success,1,0,,,8581502
pilot_1790514765259,transfer_N1000_c3,0,2026-09-27T14:53:16.328Z,zkSyncTestnet,300,sepolia.era.zksync.dev,transfer,1000,3,4284,0x0ff968c8fdb0cc90a48ce51c74fd563352e283c01bd7d97881da32103d05aa47,6028887.268417,6032034.113542,3146.8451249999925,95186,25000000,,success,1,0,,,8581503
pilot_1790514765259,transfer_N1000_c3,0,2026-09-27T14:53:16.334Z,zkSyncTestnet,300,sepolia.era.zksync.dev,transfer,1000,3,4285,0x7c273cae821e83acd7218a5146a2189e92d8a09c78acd99bc2c8e98780b4f836,6030249.435958,6032040.019458,1790.5834999997169,95186,25000000,,success,1,0,,,8581504
pilot_1790514765259,transfer_N1000_c3,0,2026-09-27T14:53:17.677Z,zkSyncTestnet,300,sepolia.era.zksync.dev,transfer,1000,3,4286,0xa6439c5fc5429a82a1775caabeb6cdcc5648f408dfab853aaeaab91483bb9c03,6030584.768375,6033383.105458,2798.3370829997584,95180,25000000,,success,1,0,,,8581505
pilot_1790514765259,transfer_N1000_c3,0,2026-09-27T14:53:20.002Z,zkSyncTestnet,300,sepolia.era.zksync.dev,transfer,1000,3,4288,0x888d0e163793fb2b3cfa868e35143458b94adcf8e21a4c12a655bb8a662eb748,6032040.05875,6035708.142375,3668.08362499997,95180,25000000,,success,1,0,,,8581507
pilot_1790514765259,transfer_N1000_c3,0,2026-09-27T14:53:20.162Z,zkSyncTestnet,300,sepolia.era.zksync.dev,transfer,1000,3,4287,0x1921f50b71da15d51dff9bc022e62ac96f7f96848d1fbf8fdf85b57549ed70ef,6032034.346,6035867.624333,3833.2783329999074,95186,25000000,,success,1,0,,,8581506
pilot_1790514765259,transfer_N1000_c3,0,2026-09-27T14:53:22.396Z,zkSyncTestnet,300,sepolia.era.zksync.dev,transfer,1000,3,4289,0x5f62c65f066e6654e2e2b8fc19d9417ea7c170338725c6b047ad9bd530abae7f,6033383.149,6038102.180875,4719.031874999404,95180,25000000,,success,1,0,,,8581508
pilot_1790514765259,transfer_N1000_c3,0,2026-09-27T14:53:23.446Z,zkSyncTestnet,300,sepolia.era.zksync.dev,transfer,1000,3,4290,0x0c8064961c464b009e6e39abb0a0e55748b7fb25f43a3de81b8fb68a28a480f8,6035708.264292,6039152.064625,3443.800332999788,95180,25000000,,success,1,0,,,8581509
pilot_1790514765259,transfer_N1000_c3,0,2026-09-27T14:53:24.200Z,zkSyncTestnet,300,sepolia.era.zksync.dev,transfer,1000,3,4291,0x867e91dc142d39a05aa00be4999ac75f8ff774c58688b041ade6ecc1a3b0cd80,6035867.774042,6039906.552208,4038.7781659998,95186,25000000,,success,1,0,,,8581510
pilot_1790514765259,transfer_N1000_c3,0,2026-09-27T14:53:26.157Z,zkSyncTestnet,300,sepolia.era.zksync.dev,transfer,1000,3,4292,0x5ebfe1cd2f09c60156e2d77b6a68db2c12a24ef11448ce4f0611522b6886f8e7,6038102.283875,6041863.509292,3761.2254170002416,95180,25000000,,success,1,0,,,8581511
pilot_1790514765259,transfer_N1000_c3,0,2026-09-27T14:53:26.162Z,zkSyncTestnet,300,sepolia.era.zksync.dev,transfer,1000,3,4293,0xbcb142e7e379e3fa9aadaaaaa9e831a0a2dccdceee5b304eb539d8c735cee65f,6039152.180708,6041868.482208,2716.3014999991283,95186,25000000,,success,1,0,,,8581512
pilot_1790514765259,transfer_N1000_c3,0,2026-09-27T14:53:26.891Z,zkSyncTestnet,300,sepolia.era.zksync.dev,transfer,1000,3,4294,0xeefcfe597eeb7c7d81a96a3b27acd6202950d50a5dc390e95b3b3a3e00abf0f6,6039906.671625,6042596.608292,2689.9366669999436,95180,25000000,,success,1,0,,,8581513
pilot_1790514765259,transfer_N1000_c3,0,2026-09-27T14:53:28.692Z,zkSyncTestnet,300,sepolia.era.zksync.dev,transfer,1000,3,4297,0x09135921b40c16df49e6e887bdb1574996afbe5f2c1fdacf7371505e43271169,6042596.772125,6044397.95025,1801.1781249996275,95180,25000000,,success,1,0,,,8581514
pilot_1790514765259,transfer_N1000_c3,0,2026-09-27T14:53:28.696Z,zkSyncTestnet,300,sepolia.era.zksync.dev,transfer,1000,3,4296,0x4028c77af55b8eeb4f9a527a6a6809821aa347ff3e32752f1df64d1506c71b2b,6041868.516333,6044402.499292,2533.9829590003937,95186,25000000,,success,1,0,,,8581514
pilot_1790514765259,transfer_N1000_c3,0,2026-09-27T14:53:29.444Z,zkSyncTestnet,300,sepolia.era.zksync.dev,transfer,1000,3,4295,0x76d7a91b0f686a6bd90e3e3712d17e085199328734c6e0c9210d4377abc58777,6041863.605583,6045149.893042,3286.2874590000138,95180,25000000,,success,1,0,,,8581514
pilot_1790514765259,transfer_N1000_c3,0,2026-09-27T14:53:30.587Z,zkSyncTestnet,300,sepolia.era.zksync.dev,transfer,1000,3,4298,0xf8c59073e35998ad06c6400692c7424b72cc4c90569ce709abf8df26e7dd400e,6044398.090792,6046293.425375,1895.3345829993486,95186,25000000,,success,1,0,,,8581515
pilot_1790514765259,transfer_N1000_c3,0,2026-09-27T14:53:31.309Z,zkSyncTestnet,300,sepolia.era.zksync.dev,transfer,1000,3,4299,0x8bb89e77fd762455101dedf53694ac549f72abb326bbe55fb457368b1b7adeb9,6044402.525917,6047015.249875,2612.7239579996094,95186,25000000,,success,1,0,,,8581516
pilot_1790514765259,transfer_N1000_c3,0,2026-09-27T14:53:31.325Z,zkSyncTestnet,300,sepolia.era.zksync.dev,transfer,1000,3,4300,0x6f50145ea1cc4c567f5473e66ae8b8dae416fdcbae5c1f80bd9f200f469d52fe,6045150.030458,6047031.129083,1881.0986250005662,95186,25000000,,success,1,0,,,8581517
pilot_1790514765259,transfer_N1000_c3,0,2026-09-27T14:53:34.302Z,zkSyncTestnet,300,sepolia.era.zksync.dev,transfer,1000,3,4301,0x1d13a8600912a6330e4dd83107549ea323715eb7d7eb9f94c7cd7b25077c8b95,6046293.512542,6050007.743583,3714.2310410002246,95186,25000000,,success,1,0,,,8581518
pilot_1790514765259,transfer_N1000_c3,0,2026-09-27T14:53:35.556Z,zkSyncTestnet,300,sepolia.era.zksync.dev,transfer,1000,3,4302,0x94893ca71c5025a5774d4dddff61d1092312530698df7443237a68fd75635e11,6047015.344917,6051262.174625,4246.829707999714,95186,25000000,,success,1,0,,,8581519
pilot_1790514765259,transfer_N1000_c3,0,2026-09-27T14:53:35.583Z,zkSyncTestnet,300,sepolia.era.zksync.dev,transfer,1000,3,4303,0xa27786a08e74328c2b05907c9a5f96d9707938efa07d1f46f80c075a502e432e,6047031.17425,6051288.816875,4257.6426249993965,95180,25000000,,success,1,0,,,8581519
pilot_1790514765259,transfer_N1000_c3,0,2026-09-27T14:53:36.833Z,zkSyncTestnet,300,sepolia.era.zksync.dev,transfer,1000,3,4304,0x7f2121ba274d7e321a9472bf6f282cfe1c29156e8d508257c62b893b205a4cef,6050007.880583,6052539.578167,2531.697583999485,95186,25000000,,success,1,0,,,8581520
pilot_1790514765259,transfer_N1000_c3,0,2026-09-27T14:53:38.015Z,zkSyncTestnet,300,sepolia.era.zksync.dev,transfer,1000,3,4305,0x2a5531c1be25e00fa31098cea0a07c29a38cf8bd75b4ca59fa1420fa0b34c62c,6051262.316542,6053721.273042,2458.9565000003204,95186,25000000,,success,1,0,,,8581521
pilot_1790514765259,transfer_N1000_c3,0,2026-09-27T14:53:38.252Z,zkSyncTestnet,300,sepolia.era.zksync.dev,transfer,1000,3,4306,0x2619d3b59db05dadab00ca56b2da92da67fe51fdf57045476ecc89de60c4fe02,6051288.859292,6053958.040875,2669.181583000347,95180,25000000,,success,1,0,,,8581522
pilot_1790514765259,transfer_N1000_c3,0,2026-09-27T14:53:39.524Z,zkSyncTestnet,300,sepolia.era.zksync.dev,transfer,1000,3,4307,0xa41adb913d7cf326373e9a7a68c6d091f116ab4ce4262c36bc1583258086cba7,6052539.660125,6055230.173667,2690.513541999273,95186,25000000,,success,1,0,,,8581523
pilot_1790514765259,transfer_N1000_c3,0,2026-09-27T14:53:43.261Z,zkSyncTestnet,300,sepolia.era.zksync.dev,transfer,1000,3,4308,0x91d484fbeb94cec9065ae2f8240a3963fce93815927f9718cedce92aa9805fe8,6053721.31225,6058966.761875,5245.449624999426,95186,25000000,,success,1,0,,,8581525
pilot_1790514765259,transfer_N1000_c3,0,2026-09-27T14:53:43.594Z,zkSyncTestnet,300,sepolia.era.zksync.dev,transfer,1000,3,4309,0x07a4c237738260f83dd952b466b049381968b40a7164db3d7ef1c1510df37779,6053958.082375,6059299.929167,5341.846791999415,95180,25000000,,success,1,0,,,8581525
pilot_1790514765259,transfer_N1000_c3,0,2026-09-27T14:53:43.991Z,zkSyncTestnet,300,sepolia.era.zksync.dev,transfer,1000,3,4310,0x3987eae0c1f633127cd155b9317be5ed31fd1ad4cece4ed64111f51da355d4cd,6055230.279333,6059696.812542,4466.533208999783,95180,25000000,,success,1,0,,,8581526
pilot_1790514765259,transfer_N1000_c3,0,2026-09-27T14:53:45.988Z,zkSyncTestnet,300,sepolia.era.zksync.dev,transfer,1000,3,4311,0x004b9cbfb8ae3600fcf1b9b6699586d05d4c970d3d7ec62a145c903f47c983bd,6058966.841292,6061694.254167,2727.412874999456,95186,25000000,,success,1,0,,,8581527
pilot_1790514765259,transfer_N1000_c3,0,2026-09-27T14:53:47.261Z,zkSyncTestnet,300,sepolia.era.zksync.dev,transfer,1000,3,4312,0xe43c4727b3617e7f4fba3b0871867ff1fa8385e02d55379a23c9f0caf48f9ef9,6059299.97875,6062967.090208,3667.1114579997957,95186,25000000,,success,1,0,,,8581528
pilot_1790514765259,transfer_N1000_c3,0,2026-09-27T14:53:47.561Z,zkSyncTestnet,300,sepolia.era.zksync.dev,transfer,1000,3,4313,0x2f5e03b01f29d4e669569ee4ec84cceb98306d68e5548f4548dd8ed2f3a74161,6059696.855958,6063267.529833,3570.673875000328,95180,25000000,,success,1,0,,,8581528
pilot_1790514765259,transfer_N1000_c3,0,2026-09-27T14:53:50.072Z,zkSyncTestnet,300,sepolia.era.zksync.dev,transfer,1000,3,4314,0xcff60b08b60d2ffda1e0bcbcc4408f488ba5ee9436bd3fd05a86f9c626638cbe,6061694.297125,6065777.671583,4083.374458000064,95180,25000000,,success,1,0,,,8581529
pilot_1790514765259,transfer_N1000_c3,0,2026-09-27T14:53:50.318Z,zkSyncTestnet,300,sepolia.era.zksync.dev,transfer,1000,3,4315,0xf032b71e62f2f0ceda61245df564c6142185f252cb7fa4eedc2e652b2a9b617b,6062967.132625,6066023.812042,3056.679417000152,95186,25000000,,success,1,0,,,8581530
pilot_1790514765259,transfer_N1000_c3,0,2026-09-27T14:53:52.302Z,zkSyncTestnet,300,sepolia.era.zksync.dev,transfer,1000,3,4316,0xdf52c7e352caac0389189cc3478c0b993b0ad8b154cecada42e4f880985be689,6063267.571917,6068008.315833,4740.743915999308,95186,25000000,,success,1,0,,,8581531
pilot_1790514765259,transfer_N1000_c3,0,2026-09-27T14:53:52.533Z,zkSyncTestnet,300,sepolia.era.zksync.dev,transfer,1000,3,4317,0x81ff31c479f9d1b4a19fac756b65354c7a7db197d87770552b3c9fd09f7fad26,6065777.792,6068239.459,2461.6669999994338,95180,25000000,,success,1,0,,,8581532
pilot_1790514765259,transfer_N1000_c3,0,2026-09-27T14:53:52.536Z,zkSyncTestnet,300,sepolia.era.zksync.dev,transfer,1000,3,4318,0xc5c360b6bc57fd5f2c4c48dc98366579ad196643ed138ce50ad6bf6c4a8aef0d,6066023.928792,6068242.008792,2218.0800000000745,95180,25000000,,success,1,0,,,8581533
pilot_1790514765259,transfer_N1000_c3,0,2026-09-27T14:53:56.730Z,zkSyncTestnet,300,sepolia.era.zksync.dev,transfer,1000,3,4319,0x827b130057670ff4f1f6ec02d552c25401219bf36723ccf9299f3067cecfaf8b,6068008.375,6072436.059042,4427.684042000212,95186,25000000,,success,1,0,,,8581534
pilot_1790514765259,transfer_N1000_c3,0,2026-09-27T14:53:58.572Z,zkSyncTestnet,300,sepolia.era.zksync.dev,transfer,1000,3,4321,0x4fef436df70a073a28476b928021bba7e698f4b60174cf82df07236d4476688d,6068242.046875,6074278.129083,6036.0822080001235,95180,25000000,,success,1,0,,,8581535
pilot_1790514765259,transfer_N1000_c3,0,2026-09-27T14:53:59.096Z,zkSyncTestnet,300,sepolia.era.zksync.dev,transfer,1000,3,4320,0x408a5727fc891f106817db9fa04902066b0f6af623746109b90460c1fed51bb4,6068239.555292,6074801.983208,6562.427915999666,95180,25000000,,success,1,0,,,8581535
pilot_1790514765259,transfer_N1000_c3,0,2026-09-27T14:53:59.338Z,zkSyncTestnet,300,sepolia.era.zksync.dev,transfer,1000,3,4322,0x1b43e09b76501354cde174f0fa5dcba1ddbb5b304c1ef08bad5bd9e9b8a996dd,6072436.18175,6075043.808292,2607.6265419991687,95180,25000000,,success,1,0,,,8581536
pilot_1790514765259,transfer_N1000_c3,0,2026-09-27T14:54:01.011Z,zkSyncTestnet,300,sepolia.era.zksync.dev,transfer,1000,3,4323,0x3ba165b04b08d6478b05a867570bd21184f39d69cbfd2795577706c3eaa81497,6074278.2615,6076717.047292,2438.7857919996604,95180,25000000,,success,1,0,,,8581537
pilot_1790514765259,transfer_N1000_c3,0,2026-09-27T14:54:01.717Z,zkSyncTestnet,300,sepolia.era.zksync.dev,transfer,1000,3,4324,0xba643725ccfb77966d376504cd41fc867dfd68015be5305ad764f06fdfab3ae6,6074802.096083,6077423.119417,2621.0233339993283,95180,25000000,,success,1,0,,,8581538
pilot_1790514765259,transfer_N1000_c3,0,2026-09-27T14:54:01.956Z,zkSyncTestnet,300,sepolia.era.zksync.dev,transfer,1000,3,4325,0x1d61cfafd19a7e925e85e0f112c7e1993924874bb66ff20f6c1810b48ff8182a,6075044.047542,6077662.322417,2618.274875000119,95180,25000000,,success,1,0,,,8581539
pilot_1790514765259,transfer_N1000_c3,0,2026-09-27T14:54:03.814Z,zkSyncTestnet,300,sepolia.era.zksync.dev,transfer,1000,3,4326,0x1843652b1c94516bebe4632cf8237edbd61124d513cfb59853a737c97c4f9971,6076717.167708,6079519.971833,2802.8041249997914,95180,25000000,,success,1,0,,,8581540
pilot_1790514765259,transfer_N1000_c3,0,2026-09-27T14:54:03.923Z,zkSyncTestnet,300,sepolia.era.zksync.dev,transfer,1000,3,4327,0x105049b8c1041a5ee5852d120346d35cb33a085765f48156cc7ede2f81366707,6077423.274208,6079628.855958,2205.5817499998957,95186,25000000,,success,1,0,,,8581541
pilot_1790514765259,transfer_N1000_c3,0,2026-09-27T14:54:04.560Z,zkSyncTestnet,300,sepolia.era.zksync.dev,transfer,1000,3,4328,0x78c52fdb5f9140b4341d21b8007958c43da970fd5827730f5d4a311769312860,6077662.378375,6080265.695792,2603.317416999489,95180,25000000,,success,1,0,,,8581542
pilot_1790514765259,transfer_N1000_c3,0,2026-09-27T14:54:06.243Z,zkSyncTestnet,300,sepolia.era.zksync.dev,transfer,1000,3,4329,0x87e414ede7dc786729775a662be9d56b462045640a8b432b2bb108e10b2ccb1f,6079520.094583,6081949.197792,2429.103209000081,95180,25000000,,success,1,0,,,8581543
pilot_1790514765259,transfer_N1000_c3,0,2026-09-27T14:54:06.472Z,zkSyncTestnet,300,sepolia.era.zksync.dev,transfer,1000,3,4330,0xd505c6dd84e293cece7d66982d8266419fa1ec790c0cf96febed42e254004ac9,6079628.913417,6082177.775333,2548.8619160000235,95186,25000000,,success,1,0,,,8581544
pilot_1790514765259,transfer_N1000_c3,0,2026-09-27T14:54:07.610Z,zkSyncTestnet,300,sepolia.era.zksync.dev,transfer,1000,3,4331,0x6b4149cf6e0aef183e1b25e9713c7e6abe5447c872bbc273e0b749f3b131934d,6080265.741125,6083316.249583,3050.508458000608,95186,25000000,,success,1,0,,,8581545
pilot_1790514765259,transfer_N1000_c3,0,2026-09-27T14:54:09.865Z,zkSyncTestnet,300,sepolia.era.zksync.dev,transfer,1000,3,4332,0x9e18516060ebc1b59bba7f8f46d3e73d6dbdb79e8a322e9020432adc511baf00,6081949.300625,6085571.01275,3621.7121249996126,95186,25000000,,success,1,0,,,8581546
pilot_1790514765259,transfer_N1000_c3,0,2026-09-27T14:54:09.871Z,zkSyncTestnet,300,sepolia.era.zksync.dev,transfer,1000,3,4334,0xe8833a4c8586550b32aa56e598555e7dc65378034c3e7845b06c2c31b2c1b025,6083316.443958,6085576.701042,2260.2570839999244,95180,25000000,,success,1,0,,,8581547
pilot_1790514765259,transfer_N1000_c3,0,2026-09-27T14:54:10.105Z,zkSyncTestnet,300,sepolia.era.zksync.dev,transfer,1000,3,4333,0x2467b579cddf53896df2e941bafabb5a7726a1b3644c79eb8710e86d1287e4a2,6082177.823833,6085810.578917,3632.755084000528,95180,25000000,,success,1,0,,,8581547
pilot_1790514765259,transfer_N1000_c3,0,2026-09-27T14:54:13.779Z,zkSyncTestnet,300,sepolia.era.zksync.dev,transfer,1000,3,4335,0xaaec82cb69019184bafc0fe6fdff269edd8263571dbaee31f23850a86dc9483e,6085571.122125,6089484.564958,3913.4428329998627,95186,25000000,,success,1,0,,,8581548
pilot_1790514765259,transfer_N1000_c3,0,2026-09-27T14:54:14.099Z,zkSyncTestnet,300,sepolia.era.zksync.dev,transfer,1000,3,4337,0x000a85bb0fd1cbfb1c787fb6b008d700c766a36e74fc32d0638cdaedcdad6f3c,6085810.686167,6089805.224375,3994.538208000362,95180,25000000,,success,1,0,,,8581549
pilot_1790514765259,transfer_N1000_c3,0,2026-09-27T14:54:14.129Z,zkSyncTestnet,300,sepolia.era.zksync.dev,transfer,1000,3,4336,0x752b4aa9297371304c5b3b604ffeec5c873bfa5dabfc3b214a782ca5c56b5bf0,6085576.726,6089835.235958,4258.509957999922,95186,25000000,,success,1,0,,,8581548
pilot_1790514765259,transfer_N1000_c3,0,2026-09-27T14:54:16.464Z,zkSyncTestnet,300,sepolia.era.zksync.dev,transfer,1000,3,4338,0xf8e8e64a9f8040932d11028e2d2294c06c88885b875df8dd3cbf61364d8a728f,6089484.7825,6092169.993208,2685.210708000697,95186,25000000,,success,1,0,,,8581550
pilot_1790514765259,transfer_N1000_c3,0,2026-09-27T14:54:17.972Z,zkSyncTestnet,300,sepolia.era.zksync.dev,transfer,1000,3,4340,0xab67fbdd1974f925e5a25cb9ec55856707e808431577c2b258d179672b3b80cf,6089835.290375,6093677.51375,3842.2233750000596,95186,25000000,,success,1,0,,,8581551
pilot_1790514765259,transfer_N1000_c3,0,2026-09-27T14:54:18.194Z,zkSyncTestnet,300,sepolia.era.zksync.dev,transfer,1000,3,4339,0xfeeb088f2111fdacb291619607bd1969f52411138d6abb830e7c7c254ef86b31,6089805.342833,6093899.662542,4094.3197090001777,95180,25000000,,success,1,0,,,8581551
pilot_1790514765259,transfer_N1000_c3,0,2026-09-27T14:54:18.312Z,zkSyncTestnet,300,sepolia.era.zksync.dev,transfer,1000,3,4341,0x1a39f3b0019065ddd4b340f003be1315ce89eeadbf93ec934d2cfafb8f75c608,6092170.042792,6094017.80975,1847.7669580001384,95180,25000000,,success,1,0,,,8581552
pilot_1790514765259,transfer_N1000_c3,0,2026-09-27T14:54:19.766Z,zkSyncTestnet,300,sepolia.era.zksync.dev,transfer,1000,3,4342,0xbb96618de792b7d07c083afd8e2f1748b4d819cd48d44bdaa7609d98e658e84e,6093677.606417,6095472.168333,1794.5619159992784,95180,25000000,,success,1,0,,,8581553
pilot_1790514765259,transfer_N1000_c3,0,2026-09-27T14:54:20.069Z,zkSyncTestnet,300,sepolia.era.zksync.dev,transfer,1000,3,4343,0x674f10d646a23e18c8ac213ad2e9a509615bcaa210352e58a0cf9df86578794e,6093899.779667,6095774.796,1875.0163329998031,95180,25000000,,success,1,0,,,8581554
pilot_1790514765259,transfer_N1000_c3,0,2026-09-27T14:54:21.336Z,zkSyncTestnet,300,sepolia.era.zksync.dev,transfer,1000,3,4344,0x17730272fa923b937d45284bd1931b16c347a74b80696d19f972919fd12d8b07,6094017.893542,6097042.227333,3024.333790999837,95186,25000000,,success,1,0,,,8581555
pilot_1790514765259,transfer_N1000_c3,0,2026-09-27T14:54:21.643Z,zkSyncTestnet,300,sepolia.era.zksync.dev,transfer,1000,3,4345,0x207e7aa71cb0312dc5dd2eade849e5996026bbc7dcb9416a0c7a15eab8d6e6b2,6095472.285083,6097349.396583,1877.1115000005811,95180,25000000,,success,1,0,,,8581556
pilot_1790514765259,transfer_N1000_c3,0,2026-09-27T14:54:21.894Z,zkSyncTestnet,300,sepolia.era.zksync.dev,transfer,1000,3,4346,0x7f0686797f8d956e75a1f6fc2d1a0d4a1c8a1fe70aa4bfd73d9376e45b04e303,6095774.929375,6097599.764042,1824.8346669999883,95186,25000000,,success,1,0,,,8581557
pilot_1790514765259,transfer_N1000_c3,0,2026-09-27T14:54:23.181Z,zkSyncTestnet,300,sepolia.era.zksync.dev,transfer,1000,3,4347,0x2a3afbe0a12f8dbf7dc3a7dd264ed1bac6aa03701c0d292a02162c2b5955a13a,6097042.284875,6098887.248583,1844.9637080002576,95180,25000000,,success,1,0,,,8581558
pilot_1790514765259,transfer_N1000_c3,0,2026-09-27T14:54:23.416Z,zkSyncTestnet,300,sepolia.era.zksync.dev,transfer,1000,3,4348,0x30ac5d1b2f607511b92add65608486da80471143aacbd838b8a9861862a8071f,6097349.508875,6099121.846792,1772.3379170000553,95186,25000000,,success,1,0,,,8581559
pilot_1790514765259,transfer_N1000_c3,0,2026-09-27T14:54:23.930Z,zkSyncTestnet,300,sepolia.era.zksync.dev,transfer,1000,3,4349,0xd9741d10bc9e2d268c0bfe98d082bc6a2233c8096e5027220efcd403d88a276f,6097599.910375,6099636.298708,2036.3883330002427,95186,25000000,,success,1,0,,,8581560
pilot_1790514765259,transfer_N1000_c3,0,2026-09-27T14:54:25.836Z,zkSyncTestnet,300,sepolia.era.zksync.dev,transfer,1000,3,4350,0xd2e2d2edd3658782a202289b082bda807d9df8cc43bb4db99ba59365e1888603,6098887.35775,6101541.825167,2654.4674169998616,95180,25000000,,success,1,0,,,8581562
pilot_1790514765259,transfer_N1000_c3,0,2026-09-27T14:54:26.362Z,zkSyncTestnet,300,sepolia.era.zksync.dev,transfer,1000,3,4351,0xb241bded3ac7425ca00f3605f0b6a29d4110cd6ed87cbc808b5d443618118ddd,6099121.932792,6102067.63825,2945.7054580003023,95186,25000000,,success,1,0,,,8581563
pilot_1790514765259,transfer_N1000_c3,0,2026-09-27T14:54:26.629Z,zkSyncTestnet,300,sepolia.era.zksync.dev,transfer,1000,3,4352,0xfd731f073c36f50f0ba40f926170e54fc45fe224466ed4a109b01cca0d567088,6099636.404667,6102335.168708,2698.764041000046,95180,25000000,,success,1,0,,,8581564
pilot_1790514765259,transfer_N1000_c3,0,2026-09-27T14:54:28.153Z,zkSyncTestnet,300,sepolia.era.zksync.dev,transfer,1000,3,4353,0x0fbb3b50dd6bfd2b6498f5b73ff8428f411b67c888f455b25d9a4bb47159c174,6101541.903958,6103858.869625,2316.9656670000404,95186,25000000,,success,1,0,,,8581565
pilot_1790514765259,transfer_N1000_c3,0,2026-09-27T14:54:28.190Z,zkSyncTestnet,300,sepolia.era.zksync.dev,transfer,1000,3,4354,0xa57e0a9810085154319f96efa53252ac9e98133d61fd0691173c58633e337e8e,6102067.752625,6103895.842917,1828.0902920002118,95186,25000000,,success,1,0,,,8581565
pilot_1790514765259,transfer_N1000_c3,0,2026-09-27T14:54:28.460Z,zkSyncTestnet,300,sepolia.era.zksync.dev,transfer,1000,3,4355,0xb5a6841c197b8ed6cdafc57aa710b5e5bd5ab101c2a3f1e0364a5e84f243164e,6102335.275375,6104165.948333,1830.6729579996318,95186,25000000,,success,1,0,,,8581566
pilot_1790514765259,transfer_N1000_c3,0,2026-09-27T14:54:30.035Z,zkSyncTestnet,300,sepolia.era.zksync.dev,transfer,1000,3,4356,0x85b450b6052115f1104b374a6562f416ad37e77a8f22fa5865fd34d02248e19c,6103858.9315,6105740.72225,1881.7907499996945,95180,25000000,,success,1,0,,,8581567
pilot_1790514765259,transfer_N1000_c3,0,2026-09-27T14:54:30.041Z,zkSyncTestnet,300,sepolia.era.zksync.dev,transfer,1000,3,4357,0x265ebb2ae7dcfcf2172754f75d45e8a1c5fcc080dd4d794a4981ba65f0f615e3,6103895.885625,6105746.931208,1851.0455829994753,95186,25000000,,success,1,0,,,8581568
pilot_1790514765259,transfer_N1000_c3,0,2026-09-27T14:54:30.268Z,zkSyncTestnet,300,sepolia.era.zksync.dev,transfer,1000,3,4358,0x9549ad9b1f4550592aed05c04f5f1c6f27d555668632c537415100b797a831e6,6104166.037583,6105974.060625,1808.0230419998989,95186,25000000,,success,1,0,,,8581568
pilot_1790514765259,transfer_N1000_c3,0,2026-09-27T14:54:32.943Z,zkSyncTestnet,300,sepolia.era.zksync.dev,transfer,1000,3,4359,0x89a17a4644c929c10c24e12c40dca16c8473a9fb662bf32305dbc14cb52ff357,6105740.84575,6108649.165833,2908.320082999766,95180,25000000,,success,1,0,,,8581569
pilot_1790514765259,transfer_N1000_c3,0,2026-09-27T14:54:33.177Z,zkSyncTestnet,300,sepolia.era.zksync.dev,transfer,1000,3,4361,0xf3f59937ccffe9ed7777b1946ce15f7703366fd79eaeaddf1e9291f8bbc7fbdb,6105974.104542,6108882.508083,2908.4035409996286,95180,25000000,,success,1,0,,,8581570
pilot_1790514765259,transfer_N1000_c3,0,2026-09-27T14:54:34.227Z,zkSyncTestnet,300,sepolia.era.zksync.dev,transfer,1000,3,4360,0x1ee1baf4fa4d94f64444deddc799e336d27ed3fcc4a7bef08b1114dfa5d8b150,6105746.9695,6109933.215125,4186.245625000447,95186,25000000,,success,1,0,,,8581570
pilot_1790514765259,transfer_N1000_c3,0,2026-09-27T14:54:34.797Z,zkSyncTestnet,300,sepolia.era.zksync.dev,transfer,1000,3,4362,0x8c658b7bedb2ac6aedeaaa16c7211e79157f7e31daec008971a94f4c71efff57,6108649.22175,6110502.687958,1853.4662080006674,95180,25000000,,success,1,0,,,8581571
pilot_1790514765259,transfer_N1000_c3,0,2026-09-27T14:54:37.072Z,zkSyncTestnet,300,sepolia.era.zksync.dev,transfer,1000,3,4363,0xc5d71effa057363ffdc17d3f58408b3416c842ea58634f01c96692d07a4dd198,6108882.548667,6112777.913708,3895.3650410007685,95186,25000000,,success,1,0,,,8581573
pilot_1790514765259,transfer_N1000_c3,0,2026-09-27T14:54:37.093Z,zkSyncTestnet,300,sepolia.era.zksync.dev,transfer,1000,3,4364,0x904a01979f3d11b72129b6906009c5dd9d63df86dfb7e8733b97c30050ad9ca2,6109933.302042,6112798.759625,2865.457582999952,95186,25000000,,success,1,0,,,8581574
pilot_1790514765259,transfer_N1000_c3,0,2026-09-27T14:54:38.128Z,zkSyncTestnet,300,sepolia.era.zksync.dev,transfer,1000,3,4365,0xfc9e49222ba04c3754b233616c76e8e9661db322d887fe339cba50e393d6913c,6110502.822083,6113833.639042,3330.8169590001926,95180,25000000,,success,1,0,,,8581575
pilot_1790514765259,transfer_N1000_c3,0,2026-09-27T14:54:39.468Z,zkSyncTestnet,300,sepolia.era.zksync.dev,transfer,1000,3,4366,0xf3e2e3e9ff12ef61539da004e2649098f60d42a357fb0876b09fa8fb2bf65524,6112778.027958,6115173.775375,2395.7474170001224,95186,25000000,,success,1,0,,,8581576
pilot_1790514765259,transfer_N1000_c3,0,2026-09-27T14:54:39.726Z,zkSyncTestnet,300,sepolia.era.zksync.dev,transfer,1000,3,4367,0x07f8e6eab54d3ea645be8f436b0777f7961af3ac4874c6ff7c3ee7d8c148799f,6112798.817333,6115431.9165,2633.0991670005023,95180,25000000,,success,1,0,,,8581577
pilot_1790514765259,transfer_N1000_c3,0,2026-09-27T14:54:39.995Z,zkSyncTestnet,300,sepolia.era.zksync.dev,transfer,1000,3,4368,0x3f7fc16b91c60e2d626379ede0c78788b571e893092fce708f4cd6e32d2d6f20,6113833.763083,6115700.913875,1867.150791999884,95180,25000000,,success,1,0,,,8581578
pilot_1790514765259,transfer_N1000_c3,0,2026-09-27T14:54:42.615Z,zkSyncTestnet,300,sepolia.era.zksync.dev,transfer,1000,3,4370,0xf5431867878cceea7464b2bddc9acfb74168cd995e7c8d69023aa1edc36d6d77,6115431.967083,6118320.977458,2889.0103750005364,95180,25000000,,success,1,0,,,8581579
pilot_1790514765259,transfer_N1000_c3,0,2026-09-27T14:54:42.618Z,zkSyncTestnet,300,sepolia.era.zksync.dev,transfer,1000,3,4369,0xab9d1d55028ee00956bf53168fdf14bfe7081bed7db146dfb6605a82c6d2788f,6115173.879167,6118324.2705,3150.391332999803,95186,25000000,,success,1,0,,,8581579
pilot_1790514765259,transfer_N1000_c3,0,2026-09-27T14:54:44.219Z,zkSyncTestnet,300,sepolia.era.zksync.dev,transfer,1000,3,4371,0xe78ceca8e8d1d74efe5bab815f53cf8ab50b8056c00d2120d1a32815a1b61da5,6115700.998958,6119924.884917,4223.885959000327,95180,25000000,,success,1,0,,,8581580
pilot_1790514765259,transfer_N1000_c3,0,2026-09-27T14:54:44.422Z,zkSyncTestnet,300,sepolia.era.zksync.dev,transfer,1000,3,4372,0xf26466c73ec67fb4a49b77e90f3f4db5e4fc21c7abd092dcbcf5e06a64119e7f,6118321.025875,6120127.599458,1806.5735829994082,95180,25000000,,success,1,0,,,8581581
pilot_1790514765259,transfer_N1000_c3,0,2026-09-27T14:54:44.969Z,zkSyncTestnet,300,sepolia.era.zksync.dev,transfer,1000,3,4373,0x14587bbe5ed666c4ad083f939cab326dc75d4451f68ee9baa25597bd8cfce3ba,6118324.291375,6120675.210792,2350.9194170003757,95186,25000000,,success,1,0,,,8581582
pilot_1790514765259,transfer_N1000_c3,0,2026-09-27T14:54:46.660Z,zkSyncTestnet,300,sepolia.era.zksync.dev,transfer,1000,3,4374,0xf184d79be5eaa2266335766d9b06aff259a4d8653b4375ea264209e40c636a16,6119925.115333,6122366.365708,2441.2503749998286,95186,25000000,,success,1,0,,,8581583
pilot_1790514765259,transfer_N1000_c3,0,2026-09-27T14:54:47.143Z,zkSyncTestnet,300,sepolia.era.zksync.dev,transfer,1000,3,4375,0xb6badbfd56a17003d371fbb58515b208d90f438821175797c17ea9d43363e3cd,6120127.638542,6122849.229958,2721.5914159994572,95180,25000000,,success,1,0,,,8581584
pilot_1790514765259,transfer_N1000_c3,0,2026-09-27T14:54:47.613Z,zkSyncTestnet,300,sepolia.era.zksync.dev,transfer,1000,3,4376,0x2b3808255aa0efbebe6d7a1844d6df1b5a29153f5d927ea70a7c37889c82fdb3,6120675.345875,6123319.275833,2643.929958000779,95180,25000000,,success,1,0,,,8581585
pilot_1790514765259,transfer_N1000_c3,0,2026-09-27T14:54:50.214Z,zkSyncTestnet,300,sepolia.era.zksync.dev,transfer,1000,3,4377,0x5b9e5d9e5bf27dd19809be006083924a96535d3d09696fa08f0e43b1fab35d5f,6122366.420542,6125920.148542,3553.728000000119,95180,25000000,,success,1,0,,,8581586
pilot_1790514765259,transfer_N1000_c3,0,2026-09-27T14:54:52.058Z,zkSyncTestnet,300,sepolia.era.zksync.dev,transfer,1000,3,4378,0x162c0c16b68fbc28dc64c35f650e083bc5004ced55d303583a2735acfb61b273,6122849.296042,6127763.475,4914.178957999684,95180,25000000,,success,1,0,,,8581587
pilot_1790514765259,transfer_N1000_c3,0,2026-09-27T14:54:52.814Z,zkSyncTestnet,300,sepolia.era.zksync.dev,transfer,1000,3,4380,0x2cbb8215e6aaa3c779d1b16ec0863206b9e13c45968a16e22ac055ba0773ca84,6125920.220542,6128519.814667,2599.59412500076,95186,25000000,,success,1,0,,,8581588
pilot_1790514765259,transfer_N1000_c3,0,2026-09-27T14:54:53.012Z,zkSyncTestnet,300,sepolia.era.zksync.dev,transfer,1000,3,4379,0xaa5e011753795ef28c4cd8616faa7eb98aada5f51c9bdab7215f45cb26619dae,6123319.332875,6128717.447458,5398.114582999609,95186,25000000,,success,1,0,,,8581587
pilot_1790514765259,transfer_N1000_c3,0,2026-09-27T14:54:55.195Z,zkSyncTestnet,300,sepolia.era.zksync.dev,transfer,1000,3,4381,0x2ff6441a94753460dc22e286ed1bfe7fb3199481a113b2e2aaedc49cafcf211b,6127763.524708,6130901.322625,3137.797917000018,95186,25000000,,success,1,0,,,8581589
pilot_1790514765259,transfer_N1000_c3,0,2026-09-27T14:54:55.472Z,zkSyncTestnet,300,sepolia.era.zksync.dev,transfer,1000,3,4382,0x4e5b56ab4cd1e4998e8f67569a9ed502a01579d7aba84bdc6e2772a60b41be3a,6128519.858917,6131178.157583,2658.298666000366,95186,25000000,,success,1,0,,,8581590
pilot_1790514765259,transfer_N1000_c3,0,2026-09-27T14:54:55.726Z,zkSyncTestnet,300,sepolia.era.zksync.dev,transfer,1000,3,4383,0xe7bdbf4584b86500748715c7931de280e4fd6e8e515031c2cc31bdaecded7ab9,6128717.501708,6131431.534375,2714.0326669998467,95180,25000000,,success,1,0,,,8581591
pilot_1790514765259,transfer_N1000_c3,0,2026-09-27T14:54:58.606Z,zkSyncTestnet,300,sepolia.era.zksync.dev,transfer,1000,3,4384,0x32ad8b1798f7475d42bafcc0170c30ce1ac33f0b184c7cf9f0b70a82da3cfd35,6130901.408167,6134311.75975,3410.3515830002725,95186,25000000,,success,1,0,,,8581592
pilot_1790514765259,transfer_N1000_c3,0,2026-09-27T14:54:58.881Z,zkSyncTestnet,300,sepolia.era.zksync.dev,transfer,1000,3,4385,0x24118ad755a072b1bb39cdff044b1b4e29e539187792d219a52b305b09602365,6131178.20525,6134586.977333,3408.77208300028,95180,25000000,,success,1,0,,,8581593
pilot_1790514765259,transfer_N1000_c3,0,2026-09-27T14:54:59.157Z,zkSyncTestnet,300,sepolia.era.zksync.dev,transfer,1000,3,4386,0xe7b61c5a16359b89a86b9af6858e19c54d6bbb0beacee341455cb0f2e95b2e8d,6131431.573875,6134863.04225,3431.4683750001714,95180,25000000,,success,1,0,,,8581593
pilot_1790514765259,transfer_N1000_c3,0,2026-09-27T14:55:01.783Z,zkSyncTestnet,300,sepolia.era.zksync.dev,transfer,1000,3,4387,0xed72249d92ebe756f3c2212a35bee31680c660317c2794511ebea4a613d6c0b0,6134311.843083,6137488.54525,3176.7021670006216,95186,25000000,,success,1,0,,,8581594
pilot_1790514765259,transfer_N1000_c3,0,2026-09-27T14:55:02.848Z,zkSyncTestnet,300,sepolia.era.zksync.dev,transfer,1000,3,4389,0x86f705c6dc7dca1940224762e8707e3c29f57c335c6795b0c3ac3b8de308b5a9,6134863.080458,6138553.988042,3690.9075839994475,95180,25000000,,success,1,0,,,8581595
pilot_1790514765259,transfer_N1000_c3,0,2026-09-27T14:55:03.594Z,zkSyncTestnet,300,sepolia.era.zksync.dev,transfer,1000,3,4388,0xb0a36254a31dfe60d95898106f0d66349e599d12381568cf9b4eddc31e48b4ca,6134587.061167,6139300.115375,4713.054208000191,95180,25000000,,success,1,0,,,8581595
pilot_1790514765259,transfer_N1000_c3,0,2026-09-27T14:55:03.596Z,zkSyncTestnet,300,sepolia.era.zksync.dev,transfer,1000,3,4390,0x212612a1a24a6a106d8a5fae67983fe83573e6b1ba21464dfc107789f63ff531,6137488.629958,6139302.062708,1813.432749999687,95186,25000000,,success,1,0,,,8581596
pilot_1790514765259,transfer_N1000_c3,0,2026-09-27T14:55:06.735Z,zkSyncTestnet,300,sepolia.era.zksync.dev,transfer,1000,3,4391,0x6b0354dd6a0776b6ae529a6d87351e8d62b4205a0f9bfa496d2d405a1caef977,6138554.077708,6142440.587708,3886.5099999997765,95186,25000000,,success,1,0,,,8581597
pilot_1790514765259,transfer_N1000_c3,0,2026-09-27T14:55:07.061Z,zkSyncTestnet,300,sepolia.era.zksync.dev,transfer,1000,3,4392,0x493aca661ce775c55988326fec180702685d391a77471018adfd2eb009f6ba7f,6139300.166208,6142766.57325,3466.4070420004427,95186,25000000,,success,1,0,,,8581598
pilot_1790514765259,transfer_N1000_c3,0,2026-09-27T14:55:07.257Z,zkSyncTestnet,300,sepolia.era.zksync.dev,transfer,1000,3,4393,0xad489851b85f3e6469d23d5f93db4323f91881f3593fb2920950b16f4e17b418,6139302.075083,6142963.342708,3661.267625000328,95186,25000000,,success,1,0,,,8581599
pilot_1790514765259,transfer_N1000_c3,0,2026-09-27T14:55:08.584Z,zkSyncTestnet,300,sepolia.era.zksync.dev,transfer,1000,3,4394,0x48f8612da7d4645d8aad040d13715e23960add68bb4cc9b819894c507bbef2e3,6142440.6325,6144289.756417,1849.123916999437,95180,25000000,,success,1,0,,,8581600
pilot_1790514765259,transfer_N1000_c3,0,2026-09-27T14:55:08.832Z,zkSyncTestnet,300,sepolia.era.zksync.dev,transfer,1000,3,4395,0x4df27ea4bbda27d41538d6e4802181972e7a8b6f443ec54cbea06784825703ad,6142766.78475,6144537.497625,1770.7128750002012,95061,25000000,,success,1,0,,,8581601
pilot_1790514765259,transfer_N1000_c3,0,2026-09-27T14:55:09.058Z,zkSyncTestnet,300,sepolia.era.zksync.dev,transfer,1000,3,4396,0x319ad460508f3a5ae4b3806b6f4cee00cbe42fe37a263d114376f97af566e10e,6142963.427792,6144764.237458,1800.8096660003066,95186,25000000,,success,1,0,,,8581602
pilot_1790514765259,transfer_N1000_c3,0,2026-09-27T14:55:10.407Z,zkSyncTestnet,300,sepolia.era.zksync.dev,transfer,1000,3,4397,0x9b993b04b35a9c1311d8c02fbde1185e997159edc10acadb1d52f569968d764a,6144289.851042,6146112.781167,1822.9301249999553,95180,25000000,,success,1,0,,,8581603
pilot_1790514765259,transfer_N1000_c3,0,2026-09-27T14:55:12.209Z,zkSyncTestnet,300,sepolia.era.zksync.dev,transfer,1000,3,4398,0x40b26c7e2a6d6981c209f017758f6484fe8499ef32bac0f46c6cca31742d7721,6144537.549,6147915.32575,3377.7767500001937,95186,25000000,,success,1,0,,,8581604
pilot_1790514765259,transfer_N1000_c3,0,2026-09-27T14:55:13.404Z,zkSyncTestnet,300,sepolia.era.zksync.dev,transfer,1000,3,4399,0x8b16be3d0046078cb62c05f438ab992f292c2d5c2c858144ca561b159b5f4431,6144764.459917,6149109.409042,4344.949125000276,95186,25000000,,success,1,0,,,8581604
pilot_1790514765259,transfer_N1000_c3,0,2026-09-27T14:55:13.660Z,zkSyncTestnet,300,sepolia.era.zksync.dev,transfer,1000,3,4400,0xca68a79b405915fdc086c6d8ee39e8cf198324075b0f1881dc077f5c9a73a78f,6146113.015,6149365.526292,3252.511292000301,95180,25000000,,success,1,0,,,8581605
pilot_1790514765259,transfer_N1000_c3,0,2026-09-27T14:55:16.471Z,zkSyncTestnet,300,sepolia.era.zksync.dev,transfer,1000,3,4402,0xe7f268226078b8bc7a2ccf7019c9de7b2fe796263619ee0de717471fe19a954f,6149109.4555,6152176.537625,3067.0821249997243,95186,25000000,,success,1,0,,,8581607
pilot_1790514765259,transfer_N1000_c3,0,2026-09-27T14:55:16.504Z,zkSyncTestnet,300,sepolia.era.zksync.dev,transfer,1000,3,4401,0xcb3b977ba72f482265915b386e0c2a6777bf0cbc385fd4cd3b72d2e8b04c95e1,6147915.456833,6152209.789708,4294.332874999382,95180,25000000,,success,1,0,,,8581606
pilot_1790514765259,transfer_N1000_c3,0,2026-09-27T14:55:16.709Z,zkSyncTestnet,300,sepolia.era.zksync.dev,transfer,1000,3,4403,0xc53cd1c660b2255a5bc87766355fe7a9ca30f09e1cad154821a6997a33f0313d,6149365.62425,6152414.913958,3049.2897079996765,95186,25000000,,success,1,0,,,8581607
pilot_1790514765259,transfer_N1000_c3,0,2026-09-27T14:55:18.269Z,zkSyncTestnet,300,sepolia.era.zksync.dev,transfer,1000,3,4404,0xa63ad2e505e9c17df4894c1cdfcb20ff181a39188635441cd7b5fe0d6326c0fd,6152176.648542,6153974.351708,1797.7031659996137,95180,25000000,,success,1,0,,,8581608
pilot_1790514765259,transfer_N1000_c3,0,2026-09-27T14:55:19.889Z,zkSyncTestnet,300,sepolia.era.zksync.dev,transfer,1000,3,4405,0x008d1eb2e2193836296e12617da19d74a65cec3e68ad79cd829b60fb2021ed6f,6152209.833375,6155594.426083,3384.592707999982,95186,25000000,,success,1,0,,,8581609
pilot_1790514765259,transfer_N1000_c3,0,2026-09-27T14:55:19.895Z,zkSyncTestnet,300,sepolia.era.zksync.dev,transfer,1000,3,4406,0x19cd5192e5209bb90a3d102110b21747f0da971e8c9f3182366b9a87676b05c8,6152415.043333,6155601.31275,3186.269417000003,95186,25000000,,success,1,0,,,8581610
pilot_1790514765259,transfer_N1000_c3,0,2026-09-27T14:55:20.893Z,zkSyncTestnet,300,sepolia.era.zksync.dev,transfer,1000,3,4407,0x15dc89111967390b3e07513b6c0d8b6313771cefa1c85e5ec3dd235f03d19f0b,6153974.475292,6156599.006333,2624.5310410000384,95180,25000000,,success,1,0,,,8581611
pilot_1790514765259,transfer_N1000_c3,0,2026-09-27T14:55:22.691Z,zkSyncTestnet,300,sepolia.era.zksync.dev,transfer,1000,3,4409,0x6c5b4ab1d9aea86c32c72da664768d9bbc615b62f23d26eb13b4c075b692d9d8,6155601.353833,6158396.601292,2795.2474589999765,95186,25000000,,success,1,0,,,8581612
pilot_1790514765259,transfer_N1000_c3,0,2026-09-27T14:55:23.245Z,zkSyncTestnet,300,sepolia.era.zksync.dev,transfer,1000,3,4408,0x1a981705131f92a358d36d57b0fd4545fced78323f82e7f2b5344e555717a52b,6155594.808542,6158950.83,3356.0214579999447,95186,25000000,,success,1,0,,,8581612
pilot_1790514765259,transfer_N1000_c3,0,2026-09-27T14:55:24.267Z,zkSyncTestnet,300,sepolia.era.zksync.dev,transfer,1000,3,4410,0xa2bfeff25881d03dc629986bda4e5f2adbc7efc6a1682d4978cfbae6be79ca75,6156599.115333,6159973.155292,3374.0399589994922,95186,25000000,,success,1,0,,,8581613
pilot_1790514765259,transfer_N1000_c3,0,2026-09-27T14:55:26.133Z,zkSyncTestnet,300,sepolia.era.zksync.dev,transfer,1000,3,4411,0x0decb31397869c73f33be4670f9d6b3d9807f93c266f90b1471a8a889cfbac92,6158396.669875,6161838.479125,3441.809249999933,95180,25000000,,success,1,0,,,8581614
pilot_1790514765259,transfer_N1000_c3,0,2026-09-27T14:55:26.444Z,zkSyncTestnet,300,sepolia.era.zksync.dev,transfer,1000,3,4412,0xda56eba613a7085177ca8488951599a1a8c85f546e182bc326bc61dbf1e28ad0,6158950.973792,6162149.834708,3198.8609159998596,95186,25000000,,success,1,0,,,8581615
pilot_1790514765259,transfer_N1000_c3,0,2026-09-27T14:55:26.997Z,zkSyncTestnet,300,sepolia.era.zksync.dev,transfer,1000,3,4413,0xe600a13940e8a46648615e3123d1ff3c9007e570737bcd3bc7f0dc6e79a11a1c,6159973.282917,6162703.048208,2729.765290999785,95180,25000000,,success,1,0,,,8581616
pilot_1790514765259,transfer_N1000_c3,0,2026-09-27T14:55:27.922Z,zkSyncTestnet,300,sepolia.era.zksync.dev,transfer,1000,3,4414,0xbff086b0b9aa3af3d665ed48276368cf56fbe55f5af047c3fbad90a5bb120543,6161838.538958,6163627.823958,1789.285000000149,95186,25000000,,success,1,0,,,8581617
pilot_1790514765259,transfer_N1000_c3,0,2026-09-27T14:55:28.232Z,zkSyncTestnet,300,sepolia.era.zksync.dev,transfer,1000,3,4415,0x447669fcae2efed0b4d68d9b263a782775d3fdc2456f7aaa97ceea23830d4404,6162149.956958,6163937.728042,1787.7710840003565,95180,25000000,,success,1,0,,,8581618
pilot_1790514765259,transfer_N1000_c3,0,2026-09-27T14:55:28.750Z,zkSyncTestnet,300,sepolia.era.zksync.dev,transfer,1000,3,4416,0xb066f17a4ed44cd1db924ea8010bad4b870535ac62114f9899e40caff803b2fb,6162703.165542,6164455.862208,1752.696666000411,95186,25000000,,success,1,0,,,8581619
pilot_1790514765259,transfer_N1000_c3,0,2026-09-27T14:55:29.803Z,zkSyncTestnet,300,sepolia.era.zksync.dev,transfer,1000,3,4417,0x1c063ee6cdb1c541de002df3d70772cd6c17608d18ed54b4826c013bf2ab2cd2,6163627.860875,6165508.508125,1880.647249999456,95180,25000000,,success,1,0,,,8581620
pilot_1790514765259,transfer_N1000_c3,0,2026-09-27T14:55:30.061Z,zkSyncTestnet,300,sepolia.era.zksync.dev,transfer,1000,3,4418,0xb4b8f0cabf0725214133167e65a7e1ac91c0f9d59eb1193144df7b09afe0fe05,6163937.768458,6165766.383042,1828.6145839998499,95180,25000000,,success,1,0,,,8581620
pilot_1790514765259,transfer_N1000_c3,0,2026-09-27T14:55:30.585Z,zkSyncTestnet,300,sepolia.era.zksync.dev,transfer,1000,3,4419,0x0959422aaa1bec9d951cf73cbad8c788295d9d422eadbbad2f65649682fe88a4,6164455.906583,6166291.077167,1835.1705839997157,95186,25000000,,success,1,0,,,8581621
pilot_1790514765259,transfer_N1000_c3,0,2026-09-27T14:55:31.608Z,zkSyncTestnet,300,sepolia.era.zksync.dev,transfer,1000,3,4420,0x3d09b5687d815b583e8e4817e25fb5d509b645de98c73149a12c162af6fbfdde,6165508.550208,6167313.976417,1805.4262090008706,95186,25000000,,success,1,0,,,8581622
pilot_1790514765259,transfer_N1000_c3,0,2026-09-27T14:55:31.902Z,zkSyncTestnet,300,sepolia.era.zksync.dev,transfer,1000,3,4421,0xb39f1e83274d1e59d1b4df7455b51a351a8c33676787ff33064ef2e486b82278,6165766.439417,6167607.4895,1841.050083000213,95180,25000000,,success,1,0,,,8581622
pilot_1790514765259,transfer_N1000_c3,0,2026-09-27T14:55:32.423Z,zkSyncTestnet,300,sepolia.era.zksync.dev,transfer,1000,3,4422,0xe0a397feab297cba77128743943fbed848a862cec0094164b18ba45ac05e2890,6166291.120333,6168129.030042,1837.9097090000287,95180,25000000,,success,1,0,,,8581623
pilot_1790514765259,transfer_N1000_c3,0,2026-09-27T14:55:33.477Z,zkSyncTestnet,300,sepolia.era.zksync.dev,transfer,1000,3,4423,0xe269b9723fb067de95d965f67a5f9995416725ac9b89aadd6a8cff55b03fb4b2,6167314.0795,6169182.860125,1868.7806249996647,95186,25000000,,success,1,0,,,8581624
pilot_1790514765259,transfer_N1000_c3,0,2026-09-27T14:55:33.738Z,zkSyncTestnet,300,sepolia.era.zksync.dev,transfer,1000,3,4424,0x78ded9075d091468588477ff1dd32d7541eb105926d8fe01b941b23fae92df7c,6167607.598042,6169444.128625,1836.5305829998106,95180,25000000,,success,1,0,,,8581624
pilot_1790514765259,transfer_N1000_c3,0,2026-09-27T14:55:34.227Z,zkSyncTestnet,300,sepolia.era.zksync.dev,transfer,1000,3,4425,0xe4bcec9be8e9747cf2ff9149566e6be095c6727102ed37ddf529f37765eddd43,6168129.080542,6169932.323833,1803.2432909999043,95186,25000000,,success,1,0,,,8581625
pilot_1790514765259,transfer_N1000_c3,0,2026-09-27T14:55:35.794Z,zkSyncTestnet,300,sepolia.era.zksync.dev,transfer,1000,3,4427,0xab5c7e38d79a0bc612ee7971126ea67d4cc5f28ff64b1aacf369f827f5b7017e,6169444.291458,6171499.511292,2055.219833999872,95180,25000000,,success,1,0,,,8581626
pilot_1790514765259,transfer_N1000_c3,0,2026-09-27T14:55:35.796Z,zkSyncTestnet,300,sepolia.era.zksync.dev,transfer,1000,3,4426,0xdb6ad9d3a76a05258155e1b33598d9a21130bdef8e911713d4f70799b8f9f37a,6169182.939125,6171501.71725,2318.7781250001863,95180,25000000,,success,1,0,,,8581626
pilot_1790514765259,transfer_N1000_c3,0,2026-09-27T14:55:36.094Z,zkSyncTestnet,300,sepolia.era.zksync.dev,transfer,1000,3,4428,0x29ffa81da55d4ea2ff83348bacc270576a0aa33cb96fb793cdddc9063af7efc5,6169932.368125,6171799.711958,1867.3438330003992,95180,25000000,,success,1,0,,,8581627
pilot_1790514765259,transfer_N1000_c3,0,2026-09-27T14:55:37.668Z,zkSyncTestnet,300,sepolia.era.zksync.dev,transfer,1000,3,4430,0x9907db8e37f4620b7ab043425b3695e17ee7c099eecde823ffba3a663dda63f1,6171501.73025,6173374.288125,1872.5578749999404,95186,25000000,,success,1,0,,,8581629
pilot_1790514765259,transfer_N1000_c3,0,2026-09-27T14:55:37.674Z,zkSyncTestnet,300,sepolia.era.zksync.dev,transfer,1000,3,4429,0xdb78a2790a402b3e6b84d94827bdf4521ed8eac8399dc8eac4a227af1eb88f5f,6171499.579958,6173379.831083,1880.251124999486,95180,25000000,,success,1,0,,,8581629
pilot_1790514765259,transfer_N1000_c3,0,2026-09-27T14:55:37.907Z,zkSyncTestnet,300,sepolia.era.zksync.dev,transfer,1000,3,4431,0x0896815f55d66028d5eb7b37f372e1dade0a83d0e06be7b5ee82260b0d609fdc,6171799.752,6173613.286125,1813.534124999307,95186,25000000,,success,1,0,,,8581629
pilot_1790514765259,transfer_N1000_c3,0,2026-09-27T14:55:39.490Z,zkSyncTestnet,300,sepolia.era.zksync.dev,transfer,1000,3,4432,0xb97922eeb7dac994f171727235769b86ef4db2e0188a3b750d6679c53ba6293a,6173374.4185,6175196.002208,1821.5837080003694,95180,25000000,,success,1,0,,,8581630
pilot_1790514765259,transfer_N1000_c3,0,2026-09-27T14:55:39.769Z,zkSyncTestnet,300,sepolia.era.zksync.dev,transfer,1000,3,4434,0x5e349fe1a30d096838b9539f760fe3fc4e66bc97f4238db8c7227f947f33a96e,6173613.395292,6175474.658,1861.2627079999074,95180,25000000,,success,1,0,,,8581631
pilot_1790514765259,transfer_N1000_c3,0,2026-09-27T14:55:40.135Z,zkSyncTestnet,300,sepolia.era.zksync.dev,transfer,1000,3,4433,0x9375d1f6afe0fc98f4d3a6f850b603b643d05e1e9f529cca986949e2b48a2ecd,6173379.863875,6175840.974833,2461.110958000645,95186,25000000,,success,1,0,,,8581631
pilot_1790514765259,transfer_N1000_c3,0,2026-09-27T14:55:41.339Z,zkSyncTestnet,300,sepolia.era.zksync.dev,transfer,1000,3,4435,0x6aa668c219089b3b8a7b0ef9d11d34fd0510ee081bfd896baf9fe4e125828752,6175196.057167,6177044.915708,1848.858540999703,95180,25000000,,success,1,0,,,8581632
pilot_1790514765259,transfer_N1000_c3,0,2026-09-27T14:55:41.607Z,zkSyncTestnet,300,sepolia.era.zksync.dev,transfer,1000,3,4436,0xafe0c92f0237e15b352ca06b7a6cca17b09ae5872c3dd81a11e821b73720d604,6175474.770208,6177313.220625,1838.450416999869,95180,25000000,,success,1,0,,,8581633
pilot_1790514765259,transfer_N1000_c3,0,2026-09-27T14:55:43.142Z,zkSyncTestnet,300,sepolia.era.zksync.dev,transfer,1000,3,4438,0xe47698837acccb61dbccd70f18fa35641537121ea088ed81f6cab0b505d8651b,6177045.023917,6178847.982833,1802.9589160000905,95186,25000000,,success,1,0,,,8581634
pilot_1790514765259,transfer_N1000_c3,0,2026-09-27T14:55:43.164Z,zkSyncTestnet,300,sepolia.era.zksync.dev,transfer,1000,3,4437,0x9edf34fc5492f5fa3693f066d70ea788f144f15d4e68acb016ee6761bd26955c,6175841.048125,6178870.291125,3029.2430000007153,95180,25000000,,success,1,0,,,8581634
pilot_1790514765259,transfer_N1000_c3,0,2026-09-27T14:55:43.437Z,zkSyncTestnet,300,sepolia.era.zksync.dev,transfer,1000,3,4439,0xe224a58d0fd7b2aec5df826e6ddad874baeb9c3430a73c7d685c325400016453,6177313.279375,6179142.547792,1829.2684169998392,95180,25000000,,success,1,0,,,8581635
pilot_1790514765259,transfer_N1000_c3,0,2026-09-27T14:55:45.761Z,zkSyncTestnet,300,sepolia.era.zksync.dev,transfer,1000,3,4440,0x4819e249d668ce6ff0aa7a6b47041675b222e17514d9b3332eec19f34f80393b,6178848.108625,6181466.50125,2618.3926249993965,95186,25000000,,success,1,0,,,8581636
pilot_1790514765259,transfer_N1000_c3,0,2026-09-27T14:55:46.919Z,zkSyncTestnet,300,sepolia.era.zksync.dev,transfer,1000,3,4441,0x3b1d54b9fb80e92db35f5370a3495993b7fc0f673e8d63c5321c537a9bccc91f,6178870.378375,6182625.151833,3754.773457999341,95180,25000000,,success,1,0,,,8581637
pilot_1790514765259,transfer_N1000_c3,0,2026-09-27T14:55:47.168Z,zkSyncTestnet,300,sepolia.era.zksync.dev,transfer,1000,3,4442,0x20d4023dc28d6f5b64bb1a29f4d78f9b5cbd1b932206544f2b622d2f9f9bca7c,6179142.607125,6182873.676625,3731.069500000216,95180,25000000,,success,1,0,,,8581638
pilot_1790514765259,transfer_N1000_c3,0,2026-09-27T14:55:47.649Z,zkSyncTestnet,300,sepolia.era.zksync.dev,transfer,1000,3,4443,0x8f60670e9a7c61b97e452eae72ec134bba7a45efb8d1dec1fd42d85112cf45a7,6181466.635083,6183354.650125,1888.0150419995189,95186,25000000,,success,1,0,,,8581639
pilot_1790514765259,transfer_N1000_c3,0,2026-09-27T14:55:49.446Z,zkSyncTestnet,300,sepolia.era.zksync.dev,transfer,1000,3,4444,0xa377587440b20cae56c9c7dd5a1b02c2c6ea7f7d5322226004f9369890971b3d,6182625.226042,6185152.166167,2526.940125000663,95186,25000000,,success,1,0,,,8581640
pilot_1790514765259,transfer_N1000_c3,0,2026-09-27T14:55:49.726Z,zkSyncTestnet,300,sepolia.era.zksync.dev,transfer,1000,3,4445,0x5f8d71d0a6ca9de7a86b3c9312f5ed5f139b733f73aba27a5c492bbc355c2a19,6182873.7305,6185431.938375,2558.207875000313,95186,25000000,,success,1,0,,,8581640
pilot_1790514765259,transfer_N1000_c3,0,2026-09-27T14:55:50.250Z,zkSyncTestnet,300,sepolia.era.zksync.dev,transfer,1000,3,4446,0x45208043b7a854e17dc20c3e8a551d0eaead04ea60f718a74b77b7a22390b8ad,6183354.832458,6185955.625417,2600.792958999984,95180,25000000,,success,1,0,,,8581641
pilot_1790514765259,transfer_N1000_c3,0,2026-09-27T14:55:51.821Z,zkSyncTestnet,300,sepolia.era.zksync.dev,transfer,1000,3,4447,0x4a6ce681b76f60bb3c3bed11344e4907c777d7dced9a2b1c8746b1c80b0c8bbd,6185152.267208,6187526.794125,2374.526917000301,95186,25000000,,success,1,0,,,8581643
pilot_1790514765259,transfer_N1000_c3,0,2026-09-27T14:55:52.350Z,zkSyncTestnet,300,sepolia.era.zksync.dev,transfer,1000,3,4448,0x92594c72a77ee5014edc90ac6be1e5fc76bca0606ce1ff4df52fb2b056ff2104,6185432.086167,6188055.68525,2623.5990829998627,95180,25000000,,success,1,0,,,8581643
pilot_1790514765259,transfer_N1000_c3,0,2026-09-27T14:55:53.626Z,zkSyncTestnet,300,sepolia.era.zksync.dev,transfer,1000,3,4450,0x1fa97db88152328470f7eec1394442a1f81b970b0e7d4e5aa29a13fd32711c53,6187526.924625,6189332.259,1805.3343749996275,95186,25000000,,success,1,0,,,8581644
pilot_1790514765259,transfer_N1000_c3,0,2026-09-27T14:55:54.782Z,zkSyncTestnet,300,sepolia.era.zksync.dev,transfer,1000,3,4449,0x21825cd2dd896fe295e4c9c45d08bdf151cba140da0204337a3a9ed03fad1d34,6185955.734667,6190487.262583,4531.527915999293,95180,25000000,,success,1,0,,,8581644
pilot_1790514765259,transfer_N1000_c3,0,2026-09-27T14:55:54.972Z,zkSyncTestnet,300,sepolia.era.zksync.dev,transfer,1000,3,4451,0xdf32e22c1cf61daef7ea4528d5dacc61df03202e918826bedb6959ef2a8a1ab6,6188055.818833,6190677.545875,2621.7270419998094,95186,25000000,,success,1,0,,,8581645
pilot_1790514765259,transfer_N1000_c3,0,2026-09-27T14:55:55.492Z,zkSyncTestnet,300,sepolia.era.zksync.dev,transfer,1000,3,4452,0xfcf785089af1dbb181f7cf255b05a7fb853d4c7bb20162066e602e794b080628,6189332.318792,6191197.811083,1865.4922909997404,95180,25000000,,success,1,0,,,8581646
pilot_1790514765259,transfer_N1000_c3,0,2026-09-27T14:55:56.543Z,zkSyncTestnet,300,sepolia.era.zksync.dev,transfer,1000,3,4453,0xbcf756407bda7a748e84d39fbc2b69dbdf7152e5d1c07a88169e704a42afedf4,6190487.440917,6192248.290458,1760.8495410000905,95186,25000000,,success,1,0,,,8581647
pilot_1790514765259,transfer_N1000_c3,0,2026-09-27T14:55:56.798Z,zkSyncTestnet,300,sepolia.era.zksync.dev,transfer,1000,3,4454,0xc59fad86cf61d48697ca44bf0b3038751d601c1cff68f317628e6e9d37450d4d,6190677.6135,6192503.5455,1825.9320000000298,95180,25000000,,success,1,0,,,8581647
pilot_1790514765259,transfer_N1000_c3,0,2026-09-27T14:55:57.291Z,zkSyncTestnet,300,sepolia.era.zksync.dev,transfer,1000,3,4455,0x039fbf74c7326774adb5488c50e9c8fbc217e03807551045fef613f8bced9615,6191197.877333,6192997.128875,1799.2515420001,95180,25000000,,success,1,0,,,8581648
pilot_1790514765259,transfer_N1000_c3,0,2026-09-27T14:55:58.366Z,zkSyncTestnet,300,sepolia.era.zksync.dev,transfer,1000,3,4456,0x8beffdbfbaeb0f29d13e3f5022db6a08ecf4be7fab8f133b2376768a37ac0198,6192248.404958,6194071.96775,1823.5627919994295,95180,25000000,,success,1,0,,,8581649
pilot_1790514765259,transfer_N1000_c3,0,2026-09-27T14:55:58.638Z,zkSyncTestnet,300,sepolia.era.zksync.dev,transfer,1000,3,4457,0xf3a1ba728aff275844692d0383274e03dc86f5ce12651a30b7e051280b2f3e54,6192503.595833,6194344.157625,1840.5617920001969,95180,25000000,,success,1,0,,,8581649
pilot_1790514765259,transfer_N1000_c3,0,2026-09-27T14:55:59.166Z,zkSyncTestnet,300,sepolia.era.zksync.dev,transfer,1000,3,4458,0x8b2c6bbb59568006a250748d6343cf9d389f82dc1e713124eba9dbabf167a7f9,6192997.27,6194871.644542,1874.3745420007035,95180,25000000,,success,1,0,,,8581650
pilot_1790514765259,transfer_N1000_c3,0,2026-09-27T14:56:00.250Z,zkSyncTestnet,300,sepolia.era.zksync.dev,transfer,1000,3,4459,0x99e376c3dfbbec818dcbeffe1cb5e31060379ededfac30fba829378dc9ed73ac,6194072.058958,6195956.156833,1884.0978749999776,95180,25000000,,success,1,0,,,8581651
pilot_1790514765259,transfer_N1000_c3,0,2026-09-27T14:56:00.449Z,zkSyncTestnet,300,sepolia.era.zksync.dev,transfer,1000,3,4460,0xb6e2b9eaa344bf4ad1dcdb6c40d13604dec7c5a21f03de561e70c3df63f4ecbc,6194344.286625,6196154.326917,1810.040292000398,95180,25000000,,success,1,0,,,8581652
pilot_1790514765259,transfer_N1000_c3,0,2026-09-27T14:56:01.001Z,zkSyncTestnet,300,sepolia.era.zksync.dev,transfer,1000,3,4461,0xafee8b483e806dbb0cf5e65389d78454b88359eed8c7558496423a2674127af9,6194871.76775,6196706.256,1834.4882500004023,95180,25000000,,success,1,0,,,8581653
pilot_1790514765259,transfer_N1000_c3,0,2026-09-27T14:56:02.041Z,zkSyncTestnet,300,sepolia.era.zksync.dev,transfer,1000,3,4462,0xb08f436375a25b7d37da1df9e795b878559a3f72eabfdeaeebf17f67dfa5e61b,6195956.289958,6197746.671917,1790.381958999671,95180,25000000,,success,1,0,,,8581654
pilot_1790514765259,transfer_N1000_c3,0,2026-09-27T14:56:02.311Z,zkSyncTestnet,300,sepolia.era.zksync.dev,transfer,1000,3,4463,0xfaa4568123b9f667f5eb17d8a9ddfba0d55c121775b0ac966db2bfcb3777b3a7,6196154.381125,6198016.520625,1862.1394999995828,95067,25000000,,success,1,0,,,8581654
pilot_1790514765259,transfer_N1000_c3,0,2026-09-27T14:56:02.914Z,zkSyncTestnet,300,sepolia.era.zksync.dev,transfer,1000,3,4464,0x5b1413597fc94f6deb1804a5c53ed9436acaf8a7862deb30e9c81c8a90254121,6196706.366708,6198619.49825,1913.1315419999883,95186,25000000,,success,1,0,,,8581655
pilot_1790514765259,transfer_N1000_c3,0,2026-09-27T14:56:03.877Z,zkSyncTestnet,300,sepolia.era.zksync.dev,transfer,1000,3,4465,0x1f4ea5f65f959fbb8fddc2cfd1d358ba6f4ec3abc313ade220118de91a7abdcc,6197746.752125,6199583.164083,1836.4119580006227,95180,25000000,,success,1,0,,,8581656
pilot_1790514765259,transfer_N1000_c3,0,2026-09-27T14:56:04.132Z,zkSyncTestnet,300,sepolia.era.zksync.dev,transfer,1000,3,4466,0x42ade14984b8fbe722af0faa5aa7cdb4cdaaafd2ba72631b0f2eed0ed9108c46,6198016.648417,6199838.1295,1821.4810830000788,95186,25000000,,success,1,0,,,8581656
pilot_1790514765259,transfer_N1000_c3,0,2026-09-27T14:56:04.635Z,zkSyncTestnet,300,sepolia.era.zksync.dev,transfer,1000,3,4467,0xaa30e1af4e6708370ebf0253a6dc948c2f1366d98465eb789d9e2b2a827d1cb1,6198619.620792,6200340.920667,1721.2998750004917,95186,25000000,,success,1,0,,,8581657
pilot_1790514765259,transfer_N1000_c3,0,2026-09-27T14:56:05.712Z,zkSyncTestnet,300,sepolia.era.zksync.dev,transfer,1000,3,4468,0xc941a13b4d42a20c69133edf9145d325e37899fdd66e72b75106589387eb50d7,6199583.228917,6201417.569458,1834.340541000478,95186,25000000,,success,1,0,,,8581658
pilot_1790514765259,transfer_N1000_c3,0,2026-09-27T14:56:06.855Z,zkSyncTestnet,300,sepolia.era.zksync.dev,transfer,1000,3,4469,0x7fcd45c393c5e7bc830d2f5fe03d48302aba699532a36d23ddafb501bdd4077b,6199838.209,6202561.016542,2722.807541999966,95186,25000000,,success,1,0,,,8581658
pilot_1790514765259,transfer_N1000_c3,0,2026-09-27T14:56:07.094Z,zkSyncTestnet,300,sepolia.era.zksync.dev,transfer,1000,3,4470,0x9e87fff3e89af4807739052c043fb21c942c4c52c8ecd0b39f5f0d2601c96416,6200341.041083,6202799.916292,2458.8752089999616,95186,25000000,,success,1,0,,,8581659
pilot_1790514765259,transfer_N1000_c3,0,2026-09-27T14:56:08.385Z,zkSyncTestnet,300,sepolia.era.zksync.dev,transfer,1000,3,4471,0x1b29f31717a963a0b96367da9aa9f9813090286576e5e1278dfd1710acf10133,6201417.690167,6204091.143542,2673.4533750005066,95180,25000000,,success,1,0,,,8581660
pilot_1790514765259,transfer_N1000_c3,0,2026-09-27T14:56:08.595Z,zkSyncTestnet,300,sepolia.era.zksync.dev,transfer,1000,3,4472,0x96504767249fa92f360e581cfddc58e418995ef0b8938aef8edf88b10301dee9,6202561.129458,6204300.629167,1739.4997089998797,95180,25000000,,success,1,0,,,8581660
pilot_1790514765259,transfer_N1000_c3,0,2026-09-27T14:56:08.860Z,zkSyncTestnet,300,sepolia.era.zksync.dev,transfer,1000,3,4473,0xe288bc39f6b17c11df193a48951e6aec9c2ce383b24ef7975c6aedade7ea1f13,6202800.017292,6204565.331083,1765.313790999353,95186,25000000,,success,1,0,,,8581661
pilot_1790514765259,transfer_N1000_c3,0,2026-09-27T14:56:10.174Z,zkSyncTestnet,300,sepolia.era.zksync.dev,transfer,1000,3,4474,0x16f9d00b7cb3ad25344ad2e3b383636b0cb62c7469f1bc72eaac6ae8dd8b86db,6204091.194958,6205879.470667,1788.2757089994848,95186,25000000,,success,1,0,,,8581662
pilot_1790514765259,transfer_N1000_c3,0,2026-09-27T14:56:11.976Z,zkSyncTestnet,300,sepolia.era.zksync.dev,transfer,1000,3,4475,0x1d4f20d8102e63e38749f82b119896255ffa2196beb74c44e3c29097e18f85e8,6204300.673542,6207681.499917,3380.8263749992475,95180,25000000,,success,1,0,,,8581663
pilot_1790514765259,transfer_N1000_c3,0,2026-09-27T14:56:12.270Z,zkSyncTestnet,300,sepolia.era.zksync.dev,transfer,1000,3,4476,0x2da860ae71878cab90efe61c8928984d172d8aed8a09710944b99773a44beffe,6204565.393,6207975.474833,3410.081833000295,95180,25000000,,success,1,0,,,8581664
pilot_1790514765259,transfer_N1000_c3,0,2026-09-27T14:56:13.579Z,zkSyncTestnet,300,sepolia.era.zksync.dev,transfer,1000,3,4477,0xbed924ee7b9495b5be33359a48e7064c837f40ad487ebed222165a8e65678e25,6205879.608375,6209284.986333,3405.3779579997063,95186,25000000,,success,1,0,,,8581666
pilot_1790514765259,transfer_N1000_c3,0,2026-09-27T14:56:13.843Z,zkSyncTestnet,300,sepolia.era.zksync.dev,transfer,1000,3,4478,0xa0431510912054beaec885a7bd637f7a8ce5efe54ba15cf6aca0c1051b360cd2,6207681.619833,6209549.012,1867.3921670001,95186,25000000,,success,1,0,,,8581666
pilot_1790514765259,transfer_N1000_c3,0,2026-09-27T14:56:14.084Z,zkSyncTestnet,300,sepolia.era.zksync.dev,transfer,1000,3,4479,0x5f472a728e93cbc78e716d3fa91a2613835b43bab4aae20117fc95376472d866,6207975.580458,6209789.929292,1814.3488339995965,95186,25000000,,success,1,0,,,8581667
pilot_1790514765259,transfer_N1000_c3,0,2026-09-27T14:56:15.649Z,zkSyncTestnet,300,sepolia.era.zksync.dev,transfer,1000,3,4481,0xf09da9fbd2ddae582e81c560f5eb29e9bbbff1ef4237d6f80e09746c8624e820,6209549.209958,6211354.36375,1805.1537919994444,95180,25000000,,success,1,0,,,8581669
pilot_1790514765259,transfer_N1000_c3,0,2026-09-27T14:56:16.275Z,zkSyncTestnet,300,sepolia.era.zksync.dev,transfer,1000,3,4480,0x67a2f39a14f12a5dc68b2df0573f04ab894fc22ca4827096f3076079bdc658ab,6209285.084958,6211980.578958,2695.493999999948,95180,25000000,,success,1,0,,,8581668
pilot_1790514765259,transfer_N1000_c3,0,2026-09-27T14:56:16.509Z,zkSyncTestnet,300,sepolia.era.zksync.dev,transfer,1000,3,4482,0xfab8e7635cc3b642599a94eaebe253de8b325edc60f6f950d18997cae4406813,6209790.060583,6212215.013875,2424.9532920001075,95186,25000000,,success,1,0,,,8581670
pilot_1790514765259,transfer_N1000_c3,0,2026-09-27T14:56:17.554Z,zkSyncTestnet,300,sepolia.era.zksync.dev,transfer,1000,3,4483,0xa3bd52485e0ddd736d67e83f25931f06ead10b6386732d31c9eb4fc4c6340500,6211354.520667,6213259.663375,1905.1427079997957,95186,25000000,,success,1,0,,,8581671
pilot_1790514765259,transfer_N1000_c3,0,2026-09-27T14:56:18.038Z,zkSyncTestnet,300,sepolia.era.zksync.dev,transfer,1000,3,4484,0x724c7c2733cd777a3262e5549c6e455798c92c8c0266b20af90924bad03d0041,6211980.687917,6213743.334958,1762.6470410004258,95180,25000000,,success,1,0,,,8581672
pilot_1790514765259,transfer_N1000_c3,0,2026-09-27T14:56:18.347Z,zkSyncTestnet,300,sepolia.era.zksync.dev,transfer,1000,3,4485,0x3439c18a45e060a7648f9a39868f1d4232686ea58424f3be42e6e4c2ca922f66,6212215.069375,6214052.306333,1837.2369579998776,95180,25000000,,success,1,0,,,8581673
pilot_1790514765259,transfer_N1000_c3,0,2026-09-27T14:56:20.660Z,zkSyncTestnet,300,sepolia.era.zksync.dev,transfer,1000,3,4487,0x6b050a87e3d8e9a119d883833080ecb5044a47de535723d7353e9d60cd4cdd23,6213743.388042,6216365.267875,2621.879832999781,95186,25000000,,success,1,0,,,8581674
pilot_1790514765259,transfer_N1000_c3,0,2026-09-27T14:56:20.896Z,zkSyncTestnet,300,sepolia.era.zksync.dev,transfer,1000,3,4486,0x6f2eedb380fa3d1678208fcddb4b13d2e06891c06b42a7e5fcdd691eca4c3423,6213259.797708,6216601.247042,3341.4493340002373,95180,25000000,,success,1,0,,,8581674
pilot_1790514765259,transfer_N1000_c3,0,2026-09-27T14:56:21.973Z,zkSyncTestnet,300,sepolia.era.zksync.dev,transfer,1000,3,4488,0x9189b1e4fdf3148a430388a629ff2d912ac077f1aa405012c0d0d4b84f10f678,6214052.378125,6217678.900792,3626.52266700007,95180,25000000,,success,1,0,,,8581675
pilot_1790514765259,transfer_N1000_c3,0,2026-09-27T14:56:23.466Z,zkSyncTestnet,300,sepolia.era.zksync.dev,transfer,1000,3,4489,0x985e7279c7053e73d7e52e49a8cf4344b06790aa0c00c2a791dfd301c01eb105,6216365.400792,6219171.72025,2806.319458000362,95186,25000000,,success,1,0,,,8581676
pilot_1790514765259,transfer_N1000_c3,0,2026-09-27T14:56:24.065Z,zkSyncTestnet,300,sepolia.era.zksync.dev,transfer,1000,3,4490,0xe4c9803a01eeffaaa905dc1672824bfd6bf2c6184b3cdb63cc0bbb76c86eb5fc,6216601.358792,6219770.897167,3169.538374999538,95180,25000000,,success,1,0,,,8581678
pilot_1790514765259,transfer_N1000_c3,0,2026-09-27T14:56:25.076Z,zkSyncTestnet,300,sepolia.era.zksync.dev,transfer,1000,3,4491,0x1375786e0128f6cda164f78ddb12381a46353efd1e10c20de228fdebcb874a0e,6217678.993333,6220782.094167,3103.1008339999244,95186,25000000,,success,1,0,,,8581679
pilot_1790514765259,transfer_N1000_c3,0,2026-09-27T14:56:25.379Z,zkSyncTestnet,300,sepolia.era.zksync.dev,transfer,1000,3,4492,0xc4afe03d0cddbf7e946fb08d66b41bd03bb001e51b9d94a2882d4baf0f3a69f6,6219171.832833,6221084.2265,1912.3936669994146,95180,25000000,,success,1,0,,,8581680
pilot_1790514765259,transfer_N1000_c3,0,2026-09-27T14:56:25.899Z,zkSyncTestnet,300,sepolia.era.zksync.dev,transfer,1000,3,4493,0x919b8991c556db3bc0b4c120dd6ae2e3e24a7c526b35616ad0076ee4a594d788,6219770.9635,6221604.88025,1833.9167500007898,95180,25000000,,success,1,0,,,8581681
pilot_1790514765259,transfer_N1000_c3,0,2026-09-27T14:56:26.953Z,zkSyncTestnet,300,sepolia.era.zksync.dev,transfer,1000,3,4494,0x19d560ef0e447e9969920bd308ac98fba06a50c2a3e5f649456ea7126e21e4fa,6220782.203583,6222659.066958,1876.8633749997243,95180,25000000,,success,1,0,,,8581682
pilot_1790514765259,transfer_N1000_c3,0,2026-09-27T14:56:27.213Z,zkSyncTestnet,300,sepolia.era.zksync.dev,transfer,1000,3,4495,0xadef6dc2539db1d0163d3a9a3f65d7f4d9e6098b3f66524bd06c781dd3f5e78e,6221084.337125,6222918.644417,1834.3072920003906,95186,25000000,,success,1,0,,,8581682
pilot_1790514765259,transfer_N1000_c3,0,2026-09-27T14:56:27.700Z,zkSyncTestnet,300,sepolia.era.zksync.dev,transfer,1000,3,4496,0x3ab8b8b99877f31f6c0bf328a3c5c6a4c2bb65105af04278ef78c93fb471a89b,6221605.003958,6223405.519625,1800.5156669998541,95180,25000000,,success,1,0,,,8581683
pilot_1790514765259,transfer_N1000_c3,0,2026-09-27T14:56:28.765Z,zkSyncTestnet,300,sepolia.era.zksync.dev,transfer,1000,3,4497,0x38f1cd17af8a17389a53afd622c34ecd4a117bc8f8b459dd4528681d6c3b7ee4,6222659.157875,6224470.695792,1811.5379170002416,95180,25000000,,success,1,0,,,8581684
pilot_1790514765259,transfer_N1000_c3,0,2026-09-27T14:56:29.045Z,zkSyncTestnet,300,sepolia.era.zksync.dev,transfer,1000,3,4498,0x9472866644db3e7e967a39b6f1391fd7020be8e48c6d719d05aa85d8b061ce50,6222918.758417,6224750.750958,1831.992541000247,95180,25000000,,success,1,0,,,8581684
pilot_1790514765259,transfer_N1000_c3,0,2026-09-27T14:56:29.571Z,zkSyncTestnet,300,sepolia.era.zksync.dev,transfer,1000,3,4499,0x632cffa79b594651bd0e24f8f631d555554b78c691a7f14b23e7ec9b5533c454,6223405.605583,6225277.047333,1871.441750000231,95180,25000000,,success,1,0,,,8581685
pilot_1790514765259,transfer_N1000_c3,0,2026-09-27T14:56:31.492Z,zkSyncTestnet,300,sepolia.era.zksync.dev,transfer,1000,3,4500,0x3f7a69f821f18561e87781a7029e9221debf086c28aa45a8b1ff077afe570087,6224470.810042,6227197.790417,2726.9803749993443,95186,25000000,,success,1,0,,,8581686
pilot_1790514765259,transfer_N1000_c3,0,2026-09-27T14:56:31.765Z,zkSyncTestnet,300,sepolia.era.zksync.dev,transfer,1000,3,4501,0x5c7ea25b5fb0e44f9c12b8ba59104eaf680421893c1882688d7046fd106e52dd,6224750.861292,6227470.848292,2719.986999999732,95186,25000000,,success,1,0,,,8581687
pilot_1790514765259,transfer_N1000_c3,0,2026-09-27T14:56:32.189Z,zkSyncTestnet,300,sepolia.era.zksync.dev,transfer,1000,3,4502,0x8950989c2a559ad68daadb7382c4ce7a6b4127deaee86f5a6844386ccff3b44a,6225277.161375,6227894.200208,2617.038832999766,95180,25000000,,success,1,0,,,8581688
pilot_1790514765259,transfer_N1000_c3,0,2026-09-27T14:56:34.545Z,zkSyncTestnet,300,sepolia.era.zksync.dev,transfer,1000,3,4504,0x7fec8d113b21898f43e2835f890931c10173b0519f39eee5f7c27f68757a9747,6227470.985542,6230250.915792,2779.9302499992773,95180,25000000,,success,1,0,,,8581690
pilot_1790514765259,transfer_N1000_c3,0,2026-09-27T14:56:34.550Z,zkSyncTestnet,300,sepolia.era.zksync.dev,transfer,1000,3,4503,0x5ffd6ddf7fa0230210ce832c984a523a71242636cf3a562f174952b8392c48d4,6227197.889042,6230255.557167,3057.668124999851,95186,25000000,,success,1,0,,,8581689
pilot_1790514765259,transfer_N1000_c3,0,2026-09-27T14:56:34.842Z,zkSyncTestnet,300,sepolia.era.zksync.dev,transfer,1000,3,4505,0x7dad089dbda1eff89e33e0035f44f53253b50d8eccb2c4f25d5809c8f6fbaa4a,6227894.272042,6230547.267625,2652.995583000593,95186,25000000,,success,1,0,,,8581690
pilot_1790514765259,transfer_N1000_c3,0,2026-09-27T14:56:36.381Z,zkSyncTestnet,300,sepolia.era.zksync.dev,transfer,1000,3,4506,0x5396fbe8024d60de9a11ae7e718e1dd90189463f05ef854c25dffc776916c557,6230251.102375,6232086.27175,1835.1693750005215,95180,25000000,,success,1,0,,,8581691
pilot_1790514765259,transfer_N1000_c3,0,2026-09-27T14:56:36.383Z,zkSyncTestnet,300,sepolia.era.zksync.dev,transfer,1000,3,4507,0xac07446c8a07169da0630d2066ffc2db5a8ee6166dff36bb7fbaffc1d7ec9ede,6230255.583125,6232088.851792,1833.2686670003459,95186,25000000,,success,1,0,,,8581692
pilot_1790514765259,transfer_N1000_c3,0,2026-09-27T14:56:36.650Z,zkSyncTestnet,300,sepolia.era.zksync.dev,transfer,1000,3,4508,0xd24d60d8e104a33ce9038fab77f21716ec8d2bbe959f3991e347424ff98723a9,6230547.320458,6232355.579542,1808.2590840002522,95180,25000000,,success,1,0,,,8581692
pilot_1790514765259,transfer_N1000_c3,0,2026-09-27T14:56:38.193Z,zkSyncTestnet,300,sepolia.era.zksync.dev,transfer,1000,3,4510,0xf44e9b0eeee4439190c0c29ebb45b722de92f1a57df5ff613d4b43ee35bc648e,6232088.869708,6233898.523833,1809.6541250003502,95186,25000000,,success,1,0,,,8581694
pilot_1790514765259,transfer_N1000_c3,0,2026-09-27T14:56:38.197Z,zkSyncTestnet,300,sepolia.era.zksync.dev,transfer,1000,3,4509,0xa55723d1333cd7bbf0b64fb4f665f9d4e8735ade5dd3a85199e4382efff30cb0,6232086.322333,6233902.802,1816.4796670004725,95061,25000000,,success,1,0,,,8581693
pilot_1790514765259,transfer_N1000_c3,0,2026-09-27T14:56:38.485Z,zkSyncTestnet,300,sepolia.era.zksync.dev,transfer,1000,3,4511,0x4eb27d8f4b97a9af004fb520dba629e2ede4936c5d77bc37f6bdafa7896be1e8,6232355.723083,6234190.632875,1834.9097920004278,95186,25000000,,success,1,0,,,8581694
pilot_1790514765259,transfer_N1000_c3,0,2026-09-27T14:56:40.703Z,zkSyncTestnet,300,sepolia.era.zksync.dev,transfer,1000,3,4512,0x558123d93c68437740bdb02425fd3fde42c1c84187e0f74eb205f96f3d42ebcd,6233898.639042,6236408.8645,2510.2254579998553,95186,25000000,,success,1,0,,,8581695
pilot_1790514765259,transfer_N1000_c3,0,2026-09-27T14:56:40.860Z,zkSyncTestnet,300,sepolia.era.zksync.dev,transfer,1000,3,4514,0x646e2ef18cb8676c1e6caa7b2705ecd812a4874d9a9d3ffbf7069a659e9cd5d2,6234190.695208,6236565.954542,2375.2593339998275,95180,25000000,,success,1,0,,,8581696
pilot_1790514765259,transfer_N1000_c3,0,2026-09-27T14:56:41.989Z,zkSyncTestnet,300,sepolia.era.zksync.dev,transfer,1000,3,4513,0x22699a7c0c03fda25f5f9392d87e3f425c17b53889d8e0cb7fedbad4e4bd9289,6233902.822333,6237695.079792,3792.2574590006843,95186,25000000,,success,1,0,,,8581696
pilot_1790514765259,transfer_N1000_c3,0,2026-09-27T14:56:43.428Z,zkSyncTestnet,300,sepolia.era.zksync.dev,transfer,1000,3,4515,0x6c8279cb4e670bf9b3d50770feb6d5293ffdb009f970e30d26c68aaecd7f66f0,6236408.915375,6239134.008667,2725.093291999772,95180,25000000,,success,1,0,,,8581698
pilot_1790514765259,transfer_N1000_c3,0,2026-09-27T14:56:43.480Z,zkSyncTestnet,300,sepolia.era.zksync.dev,transfer,1000,3,4516,0xdc3c16775af1b072ad7fbce7f9c8e53d38569779fde0ca6e9ab17b0b3b987486,6236566.0825,6239185.718375,2619.6358750006184,95180,25000000,,success,1,0,,,8581698
pilot_1790514765259,transfer_N1000_c3,0,2026-09-27T14:56:43.729Z,zkSyncTestnet,300,sepolia.era.zksync.dev,transfer,1000,3,4517,0x2e00ffe86fbed5e4593c1bd6c5300fb6daee6abfd769046bf735298cf1e31ae8,6237695.177667,6239434.614667,1739.436999999918,95180,25000000,,success,1,0,,,8581698
pilot_1790514765259,transfer_N1000_c3,0,2026-09-27T14:56:47.919Z,zkSyncTestnet,300,sepolia.era.zksync.dev,transfer,1000,3,4520,0x3888a0b72d166903bd1854900e767572296177b89b70606885ddef7586febc54,6239434.658292,6243624.881958,4190.22366600018,95180,25000000,,success,1,0,,,8581699
pilot_1790514765259,transfer_N1000_c3,0,2026-09-27T14:56:47.923Z,zkSyncTestnet,300,sepolia.era.zksync.dev,transfer,1000,3,4519,0x2928ed6be59e36af6f96437dc5cf3b09eb6eec7dead47881f7f654892252cc5a,6239185.754625,6243628.685417,4442.930792000145,95180,25000000,,success,1,0,,,8581699
pilot_1790514765259,transfer_N1000_c3,0,2026-09-27T14:56:48.966Z,zkSyncTestnet,300,sepolia.era.zksync.dev,transfer,1000,3,4518,0xc3334e56fface14ba91754e82ebd831e87616d9eb24bbbcd6210962e2834e153,6239134.173667,6244671.911083,5537.737416000105,95186,25000000,,success,1,0,,,8581699
pilot_1790514765259,transfer_N1000_c3,0,2026-09-27T14:56:50.541Z,zkSyncTestnet,300,sepolia.era.zksync.dev,transfer,1000,3,4522,0x922138a92b5409b32647cb0be0d3ef244197ec8548f35886258ebb1db09406a1,6243628.7025,6246246.6005,2617.8980000000447,95180,25000000,,success,1,0,,,8581701
pilot_1790514765259,transfer_N1000_c3,0,2026-09-27T14:56:50.830Z,zkSyncTestnet,300,sepolia.era.zksync.dev,transfer,1000,3,4521,0xa5faf088102fe2e5629ba56d87a5155a9618afe4c26534442073e86e41fa0fd1,6243624.988583,6246535.230375,2910.241791999899,95186,25000000,,success,1,0,,,8581700
pilot_1790514765259,transfer_N1000_c3,0,2026-09-27T14:56:59.130Z,zkSyncTestnet,300,sepolia.era.zksync.dev,transfer,1000,3,4523,0x0cdd4172deec6a0e6579fad42ec7af2f21cee0e2c7361ea537ade7898d2e7a67,6244672.02775,6254835.51475,10163.486999999732,95186,25000000,,success,1,0,,,8581702
pilot_1790514765259,transfer_N1000_c3,0,2026-09-27T14:57:01.569Z,zkSyncTestnet,300,sepolia.era.zksync.dev,transfer,1000,3,4524,0x65cae22fbc3c4ad2eca185e8607f6621d49c99f0128bf64126b2044fbfe38daf,6246246.72425,6257274.394542,11027.670292000286,95186,25000000,,success,1,0,,,8581703
pilot_1790514765259,transfer_N1000_c3,0,2026-09-27T14:57:02.617Z,zkSyncTestnet,300,sepolia.era.zksync.dev,transfer,1000,3,4525,0x5b8d2c0d2836f9b8ed9eeb6e2c4c448e0d39339e5be2bb6da5c6061c2c67f611,6246535.283792,6258322.597125,11787.313333000056,95186,25000000,,success,1,0,,,8581704
pilot_1790514765259,transfer_N1000_c3,0,2026-09-27T14:57:02.878Z,zkSyncTestnet,300,sepolia.era.zksync.dev,transfer,1000,3,4526,0xfc207bfd5ceb55d9ea3896d07dce1470ee506d346381b17b4187f9bc3d6134a2,6254835.562708,6258583.981375,3748.4186670007184,95186,25000000,,success,1,0,,,8581704
pilot_1790514765259,transfer_N1000_c3,0,2026-09-27T14:57:03.362Z,zkSyncTestnet,300,sepolia.era.zksync.dev,transfer,1000,3,4527,0x7c766bc793f2e1c52bf1cbc60c8170980e6c70a7a9b24d62e984606eda1c5f7b,6257274.513333,6259067.36825,1792.8549170000479,95180,25000000,,success,1,0,,,8581705
pilot_1790514765259,transfer_N1000_c3,0,2026-09-27T14:57:04.474Z,zkSyncTestnet,300,sepolia.era.zksync.dev,transfer,1000,3,4528,0x5fb06c7738cbc3d3cdba05b52bfe020e94f3549691537cdfc62b0ee055dbbb8d,6258322.695917,6260179.761042,1857.0651249997318,95186,25000000,,success,1,0,,,8581706
pilot_1790514765259,transfer_N1000_c3,0,2026-09-27T14:57:04.779Z,zkSyncTestnet,300,sepolia.era.zksync.dev,transfer,1000,3,4529,0x1349f9f5f0d30ae2a8ee49f0ac475877ee3637b635af62c3ee44e523e638ffd2,6258584.093125,6260484.681375,1900.5882500000298,95180,25000000,,success,1,0,,,8581706
pilot_1790514765259,transfer_N1000_c3,0,2026-09-27T14:57:05.395Z,zkSyncTestnet,300,sepolia.era.zksync.dev,transfer,1000,3,4530,0xbc65b28a380b054fb823ab9ef678107431cc994272f6da5ad902d27a5ccfbab6,6259067.45125,6261100.31775,2032.8665000004694,95180,25000000,,success,1,0,,,8581707
pilot_1790514765259,transfer_N1000_c3,0,2026-09-27T14:57:06.571Z,zkSyncTestnet,300,sepolia.era.zksync.dev,transfer,1000,3,4531,0x0267f7e8db54bda8b7d2814b04ad7e4cdc197d6ca33645ebf33099520b6111e0,6260179.863417,6262276.249708,2096.3862910000607,95180,25000000,,success,1,0,,,8581708
pilot_1790514765259,transfer_N1000_c3,0,2026-09-27T14:57:06.839Z,zkSyncTestnet,300,sepolia.era.zksync.dev,transfer,1000,3,4532,0xbc5205b4658f631f8c712d92993c15e66afd5f878d1dfd863ee559125e084899,6260484.887583,6262544.38375,2059.496167000383,95180,25000000,,success,1,0,,,8581709
pilot_1790514765259,transfer_N1000_c3,0,2026-09-27T14:57:07.419Z,zkSyncTestnet,300,sepolia.era.zksync.dev,transfer,1000,3,4533,0x1225a7299b7d38843cac83c359d2705eee698f79be1b0250abcea78033f687c1,6261100.46325,6263124.693333,2024.2300829999149,95186,25000000,,success,1,0,,,8581710
pilot_1790514765259,transfer_N1000_c3,0,2026-09-27T14:57:08.890Z,zkSyncTestnet,300,sepolia.era.zksync.dev,transfer,1000,3,4535,0xbc00d7f7a98e47ef94f21745827a43efa99df25c54323ce4dfcc824ac2bb6009,6262544.523167,6264596.06325,2051.540082999505,95186,25000000,,success,1,0,,,8581711
pilot_1790514765259,transfer_N1000_c3,0,2026-09-27T14:57:08.905Z,zkSyncTestnet,300,sepolia.era.zksync.dev,transfer,1000,3,4534,0xabdb6c4ad047f7cb49b92d30ba9aad243cde199d2a2df612746775fd90c2118f,6262276.355,6264610.8495,2334.4944999990985,95061,25000000,,success,1,0,,,8581711
pilot_1790514765259,transfer_N1000_c3,0,2026-09-27T14:57:09.246Z,zkSyncTestnet,300,sepolia.era.zksync.dev,transfer,1000,3,4536,0x1611cc4aaf4c71adf29c161974b86b98a7eab7ce3f1f59743f071ddbbe07b2fe,6263124.793375,6264951.853,1827.0596249997616,95180,25000000,,success,1,0,,,8581712
pilot_1790514765259,transfer_N1000_c3,0,2026-09-27T14:57:10.806Z,zkSyncTestnet,300,sepolia.era.zksync.dev,transfer,1000,3,4537,0x821f9afb37fd71cb0caaccf93530177ed97ad250a05ff0ed0f83efd2a182bdad,6264596.187333,6266511.445958,1915.258624999784,95180,25000000,,success,1,0,,,8581713
pilot_1790514765259,transfer_N1000_c3,0,2026-09-27T14:57:11.141Z,zkSyncTestnet,300,sepolia.era.zksync.dev,transfer,1000,3,4539,0x3409728f38232551890f4e5f464c1a4b0c28bc320481c913fe56cf9b1e9e6f67,6264951.977667,6266846.212042,1894.234375,95186,25000000,,success,1,0,,,8581714
pilot_1790514765259,transfer_N1000_c3,0,2026-09-27T14:57:11.214Z,zkSyncTestnet,300,sepolia.era.zksync.dev,transfer,1000,3,4538,0x858e5bd53871d5528ade6ea3638fa6032f6d2753cab42a81ae1ba0908950ddf0,6264610.888292,6266919.409833,2308.521541000344,95186,25000000,,success,1,0,,,8581714
pilot_1790514765259,transfer_N1000_c3,0,2026-09-27T14:57:12.694Z,zkSyncTestnet,300,sepolia.era.zksync.dev,transfer,1000,3,4540,0x8e19e7da0371b16619496a29a4afdf6ea630f7a81eb252e4ba9ba313554cf15f,6266511.563417,6268399.680667,1888.1172500001267,95180,25000000,,success,1,0,,,8581715
pilot_1790514765259,transfer_N1000_c3,0,2026-09-27T14:57:13.089Z,zkSyncTestnet,300,sepolia.era.zksync.dev,transfer,1000,3,4541,0x9a9a311e59ad3fc74312e144dbecab421ad8520d373195f09e5ace6928ac89a4,6266846.344917,6268794.32025,1947.975332999602,95186,25000000,,success,1,0,,,8581716
pilot_1790514765259,transfer_N1000_c3,0,2026-09-27T14:57:14.360Z,zkSyncTestnet,300,sepolia.era.zksync.dev,transfer,1000,3,4542,0x5852a4bae6d585902f1516b3e3a96f38f47952eec7125c587e1ed435cf942ec9,6266919.472542,6270065.283208,3145.810665999539,95186,25000000,,success,1,0,,,8581717
pilot_1790514765259,transfer_N1000_c3,0,2026-09-27T14:57:14.662Z,zkSyncTestnet,300,sepolia.era.zksync.dev,transfer,1000,3,4543,0x9157b2bdc95a3a0fee7553ed61ffaaeeb37e856dbaa82465faaf7a261375a976,6268399.795,6270367.6055,1967.8104999996722,95186,25000000,,success,1,0,,,8581718
pilot_1790514765259,transfer_N1000_c3,0,2026-09-27T14:57:14.929Z,zkSyncTestnet,300,sepolia.era.zksync.dev,transfer,1000,3,4544,0x07981e74c5db42c47147128c8798b7670d0894a9bf9c184c39ebbc2be5a246d3,6268794.437583,6270634.401667,1839.9640839993954,95186,25000000,,success,1,0,,,8581719
pilot_1790514765259,transfer_N1000_c3,0,2026-09-27T14:57:16.299Z,zkSyncTestnet,300,sepolia.era.zksync.dev,transfer,1000,3,4545,0x8965d40a0d3eff16478b65c471f2c3ec173c619a3b9f09a219bc81a6c9cb3bb8,6270065.336292,6272004.139833,1938.8035410000011,95186,25000000,,success,1,0,,,8581720
pilot_1790514765259,transfer_N1000_c3,0,2026-09-27T14:57:16.607Z,zkSyncTestnet,300,sepolia.era.zksync.dev,transfer,1000,3,4546,0x1efa464dd19788db4bba745f6ee83a33acad193b890abc7cd318eb9497162d9e,6270367.721167,6272312.508167,1944.7869999995455,95180,25000000,,success,1,0,,,8581721
pilot_1790514765259,transfer_N1000_c3,0,2026-09-27T14:57:18.061Z,zkSyncTestnet,300,sepolia.era.zksync.dev,transfer,1000,3,4547,0xeaaf3dfba97b872a55b9381bd15471c1581f68f526793c8c1bbc911b37f49e41,6270634.457333,6273766.106792,3131.6494589997455,95180,25000000,,success,1,0,,,8581722
pilot_1790514765259,transfer_N1000_c3,0,2026-09-27T14:57:18.123Z,zkSyncTestnet,300,sepolia.era.zksync.dev,transfer,1000,3,4548,0xf3ac973282568cd011665fd934eb33025d07edbceb36f6147d6b2615ca9d9bbf,6272004.259417,6273828.374292,1824.1148749999702,95180,25000000,,success,1,0,,,8581723
pilot_1790514765259,transfer_N1000_c3,0,2026-09-27T14:57:18.444Z,zkSyncTestnet,300,sepolia.era.zksync.dev,transfer,1000,3,4549,0xfe48a2399ab644e3d78af27772632dd5086b71e8b3181c874011b92db317413c,6272312.746875,6274149.884667,1837.1377919996157,95186,25000000,,success,1,0,,,8581724
pilot_1790514765259,transfer_N1000_c3,0,2026-09-27T14:57:19.924Z,zkSyncTestnet,300,sepolia.era.zksync.dev,transfer,1000,3,4550,0x57314c71db048b6de973553256f035db62609d68da3dfadb0dc04b3d4722fcc9,6273766.235,6275630.031458,1863.796457999386,95180,25000000,,success,1,0,,,8581725
pilot_1790514765259,transfer_N1000_c3,0,2026-09-27T14:57:19.981Z,zkSyncTestnet,300,sepolia.era.zksync.dev,transfer,1000,3,4551,0x4fa1c5662015e5e770bdfc7e1593f34687f5e0c33b06c310a86903996adc68ef,6273828.438042,6275686.834792,1858.3967500003055,95180,25000000,,success,1,0,,,8581726
pilot_1790514765259,transfer_N1000_c3,0,2026-09-27T14:57:20.295Z,zkSyncTestnet,300,sepolia.era.zksync.dev,transfer,1000,3,4552,0xf4df478fe4bc2d9c04be1f568aa9fd7b90f264a3b8c9dd2c78d792b3275a3165,6274149.990167,6276000.744458,1850.7542909998447,95186,25000000,,success,1,0,,,8581726
pilot_1790514765259,transfer_N1000_c3,0,2026-09-27T14:57:21.775Z,zkSyncTestnet,300,sepolia.era.zksync.dev,transfer,1000,3,4553,0x136822ff33aebfaeaa63f0c31767d99525cc75832d9061068e3310e35049d455,6275630.168625,6277480.461917,1850.2932919999585,95186,25000000,,success,1,0,,,8581727
pilot_1790514765259,transfer_N1000_c3,0,2026-09-27T14:57:21.808Z,zkSyncTestnet,300,sepolia.era.zksync.dev,transfer,1000,3,4554,0xfa9f1e51e5889796e5b2376e6c29177a00b748fc5838b5759bb2bf96abab0e67,6275686.993167,6277513.524167,1826.5310000004247,95180,25000000,,success,1,0,,,8581728
pilot_1790514765259,transfer_N1000_c3,0,2026-09-27T14:57:22.105Z,zkSyncTestnet,300,sepolia.era.zksync.dev,transfer,1000,3,4555,0x4fe0e263b1a7c79ebdbe8922d402c394d8663f3febfda1a302adf0e388a483e3,6276000.901625,6277810.089958,1809.1883330000564,95186,25000000,,success,1,0,,,8581728
pilot_1790514765259,transfer_N1000_c3,0,2026-09-27T14:57:23.614Z,zkSyncTestnet,300,sepolia.era.zksync.dev,transfer,1000,3,4556,0x6397e652d06beeca18bbe552825736505d97c94c98a3a9fba8e6bd1061840da9,6277480.593833,6279320.045417,1839.451583999209,95180,25000000,,success,1,0,,,8581729
pilot_1790514765259,transfer_N1000_c3,0,2026-09-27T14:57:23.677Z,zkSyncTestnet,300,sepolia.era.zksync.dev,transfer,1000,3,4557,0x182e15b3cce67ff50ccc845cea3c070dc125740477eee9cd4aa054a1ac6d4908,6277513.565458,6279382.52075,1868.9552920004353,95186,25000000,,success,1,0,,,8581730
pilot_1790514765259,transfer_N1000_c3,0,2026-09-27T14:57:24.097Z,zkSyncTestnet,300,sepolia.era.zksync.dev,transfer,1000,3,4558,0x4e4d2f81f0610c662fd78b9b7410a8996ba5efc9c1bd108c64529780a38806bf,6277810.19925,6279802.643917,1992.4446670003235,95180,25000000,,success,1,0,,,8581730
pilot_1790514765259,transfer_N1000_c3,0,2026-09-27T14:57:25.458Z,zkSyncTestnet,300,sepolia.era.zksync.dev,transfer,1000,3,4559,0x21019a6b4d3714378aa1a66307457d292b25caa6a07bd8e214dcaac279ae787d,6279320.151792,6281163.843208,1843.691416000016,95180,25000000,,success,1,0,,,8581731
pilot_1790514765259,transfer_N1000_c3,0,2026-09-27T14:57:25.947Z,zkSyncTestnet,300,sepolia.era.zksync.dev,transfer,1000,3,4560,0xbd9c340f0b6ef11f4003bb6946bb4ea9873d61b10b6b27a70ad6db798a6774af,6279382.608125,6281652.687375,2270.079249999486,95186,25000000,,success,1,0,,,8581732
pilot_1790514765259,transfer_N1000_c3,0,2026-09-27T14:57:25.968Z,zkSyncTestnet,300,sepolia.era.zksync.dev,transfer,1000,3,4561,0xa36650059199a8e3e270811e13c7783bb17483e9f4b8d299bd8330ee939a0d22,6279802.82925,6281673.866667,1871.0374169992283,95180,25000000,,success,1,0,,,8581732
pilot_1790514765259,transfer_N1000_c3,0,2026-09-27T14:57:27.525Z,zkSyncTestnet,300,sepolia.era.zksync.dev,transfer,1000,3,4562,0x472895f656980a63914e084a1041bf086a5405672a3d56488ee4250e7a1b0d04,6281163.954375,6283230.966708,2067.012333000079,95186,25000000,,success,1,0,,,8581733
pilot_1790514765259,transfer_N1000_c3,0,2026-09-27T14:57:27.882Z,zkSyncTestnet,300,sepolia.era.zksync.dev,transfer,1000,3,4563,0x131cc0b39e3792b5704f7df28cdecbb3c63725f2042ebcc3fb6c22835064639f,6281652.963333,6283587.347417,1934.3840839993209,95180,25000000,,success,1,0,,,8581734
pilot_1790514765259,transfer_N1000_c3,0,2026-09-27T14:57:29.338Z,zkSyncTestnet,300,sepolia.era.zksync.dev,transfer,1000,3,4564,0xc81b24a56c68f63a759e61867b17eff3579f147de2e6517facdd90778d3b0cc3,6281673.936458,6285043.414583,3369.4781250003725,95180,25000000,,success,1,0,,,8581735
pilot_1790514765259,transfer_N1000_c3,0,2026-09-27T14:57:29.344Z,zkSyncTestnet,300,sepolia.era.zksync.dev,transfer,1000,3,4565,0xc3fac91f655ff432ac0470c7650b8e8c0e7e85f0230a2e6e4cf05d9cd410fae9,6283231.075583,6285049.136083,1818.0605000006035,95186,25000000,,success,1,0,,,8581736
pilot_1790514765259,transfer_N1000_c3,0,2026-09-27T14:57:29.860Z,zkSyncTestnet,300,sepolia.era.zksync.dev,transfer,1000,3,4566,0x4af8954707d576b5c1b2f7f2114b71e163c2d4a73a287fe0821f8662d6874d2c,6283587.439667,6285565.921333,1978.4816659996286,95186,25000000,,success,1,0,,,8581737
pilot_1790514765259,transfer_N1000_c3,0,2026-09-27T14:57:31.140Z,zkSyncTestnet,300,sepolia.era.zksync.dev,transfer,1000,3,4568,0x9dfb8ae951a107cd7a52888d188056d3e17605ccee246c19386a38cc8907218d,6285049.185458,6286845.474708,1796.28925000038,95180,25000000,,success,1,0,,,8581740
pilot_1790514765259,transfer_N1000_c3,0,2026-09-27T14:57:31.197Z,zkSyncTestnet,300,sepolia.era.zksync.dev,transfer,1000,3,4567,0xb2203b84e2dd8375bb705af5884e2e7b5c04f6591d2f1bf0f1325068e792311f,6285043.5565,6286902.128333,1858.571832999587,95186,25000000,,success,1,0,,,8581739
pilot_1790514765259,transfer_N1000_c3,0,2026-09-27T14:57:31.847Z,zkSyncTestnet,300,sepolia.era.zksync.dev,transfer,1000,3,4569,0x04a8be44803736df877c3d5559126e4518ef68701a181932642dcde7c1765719,6285565.9795,6287552.757583,1986.7780829994008,95186,25000000,,success,1,0,,,8581741
pilot_1790514765259,transfer_N1000_c3,0,2026-09-27T14:57:33.271Z,zkSyncTestnet,300,sepolia.era.zksync.dev,transfer,1000,3,4570,0xf392821580c2273d95cab7d4149a54f245ff2e2169d6d3bdaf8d8889d10ed1c8,6286845.524375,6288976.475792,2130.951417000033,95180,25000000,,success,1,0,,,8581745
pilot_1790514765259,transfer_N1000_c3,0,2026-09-27T14:57:33.624Z,zkSyncTestnet,300,sepolia.era.zksync.dev,transfer,1000,3,4571,0x603b690b0c5ade43eed360d59524f1313ce54b89aad54c387deb747fbf21233c,6286902.194708,6289329.829875,2427.635166999884,95186,25000000,,success,1,0,,,8581746
pilot_1790514765259,transfer_N1000_c3,0,2026-09-27T14:57:33.783Z,zkSyncTestnet,300,sepolia.era.zksync.dev,transfer,1000,3,4572,0xd67b2f76759106d8e0e0eb07547dc412ce1a684f99405c4b724995c7198bc3a2,6287552.9045,6289488.1315,1935.2269999999553,95180,25000000,,success,1,0,,,8581747
pilot_1790514765259,transfer_N1000_c3,0,2026-09-27T14:57:35.108Z,zkSyncTestnet,300,sepolia.era.zksync.dev,transfer,1000,3,4573,0x578953dad4ac43343ceef33e75fcd2e11ca4c9f1b934806ce94bca0b6d9b4542,6288976.622125,6290813.528958,1836.9068330004811,95180,25000000,,success,1,0,,,8581748
pilot_1790514765259,transfer_N1000_c3,0,2026-09-27T14:57:35.509Z,zkSyncTestnet,300,sepolia.era.zksync.dev,transfer,1000,3,4574,0x0c64a54f38b792e1e51c85537f9e4ded91942cdaf17b13b913220411c04b7ad6,6289329.8885,6291214.688292,1884.7997920000926,95186,25000000,,success,1,0,,,8581749
pilot_1790514765259,transfer_N1000_c3,0,2026-09-27T14:57:36.930Z,zkSyncTestnet,300,sepolia.era.zksync.dev,transfer,1000,3,4576,0x4e01c86b92596c0cad71f0386eaee38ddfd92f5da8304a8620a21cfa48ac85fc,6290813.686417,6292635.841,1822.1545829996467,95180,25000000,,success,1,0,,,8581751
pilot_1790514765259,transfer_N1000_c3,0,2026-09-27T14:57:36.935Z,zkSyncTestnet,300,sepolia.era.zksync.dev,transfer,1000,3,4575,0x8f64c44b2e9b9aca0d68bd56ea46d4b72259581f721a2c5045e0c7e80538b558,6289488.226833,6292640.246875,3152.0200420003384,95186,25000000,,success,1,0,,,8581750
pilot_1790514765259,transfer_N1000_c3,0,2026-09-27T14:57:37.560Z,zkSyncTestnet,300,sepolia.era.zksync.dev,transfer,1000,3,4577,0xf042901a9dfc2ec792e2ade6554310e75523833dc1687207925d1264c3ecffc8,6291214.823833,6293265.342667,2050.5188340004534,95180,25000000,,success,1,0,,,8581752
pilot_1790514765259,transfer_N1000_c3,0,2026-09-27T14:57:38.834Z,zkSyncTestnet,300,sepolia.era.zksync.dev,transfer,1000,3,4578,0xe16fd66a6a65731eb53a8078368ae444af869295f085b47cbb6c8be434547fa8,6292635.955792,6294540.007625,1904.051833000034,95186,25000000,,success,1,0,,,8581753
pilot_1790514765259,transfer_N1000_c3,0,2026-09-27T14:57:39.384Z,zkSyncTestnet,300,sepolia.era.zksync.dev,transfer,1000,3,4580,0x52eafed1320a927ef427e5206b40085917c1316f37d5999ae29fa34f6d43fe8e,6293265.47425,6295089.798833,1824.3245829995722,95186,25000000,,success,1,0,,,8581754
pilot_1790514765259,transfer_N1000_c3,0,2026-09-27T14:57:40.080Z,zkSyncTestnet,300,sepolia.era.zksync.dev,transfer,1000,3,4579,0x128fc78f2a5d34a01d27443d5efc379a0a10e93eb127216d4bb78863e80ce68b,6292640.288042,6295785.384083,3145.096041000448,95180,25000000,,success,1,0,,,8581754
pilot_1790514765259,transfer_N1000_c3,0,2026-09-27T14:57:41.129Z,zkSyncTestnet,300,sepolia.era.zksync.dev,transfer,1000,3,4581,0xb42edf1cd2c0598775c8a8bedbda131d918330ac369f1f1b2dadab904c89b3b5,6294540.14775,6296834.062375,2293.9146250002086,95186,25000000,,success,1,0,,,8581756
pilot_1790514765259,transfer_N1000_c3,0,2026-09-27T14:57:41.235Z,zkSyncTestnet,300,sepolia.era.zksync.dev,transfer,1000,3,4582,0xe96ef0ec31bf6415b7da94931cbfa14fca1fdd2b2509adad80a355a98f98f4b0,6295089.934792,6296940.814375,1850.8795830002055,95180,25000000,,success,1,0,,,8581756
pilot_1790514765259,transfer_N1000_c3,0,2026-09-27T14:57:41.948Z,zkSyncTestnet,300,sepolia.era.zksync.dev,transfer,1000,3,4583,0x37a78c2eae988dee7352ea98ee43b2c50ca885b43824dc0fc20371dc05a08782,6295785.496,6297653.953,1868.456999999471,95180,25000000,,success,1,0,,,8581757
pilot_1790514765259,transfer_N1000_c3,0,2026-09-27T14:57:42.980Z,zkSyncTestnet,300,sepolia.era.zksync.dev,transfer,1000,3,4584,0x8c486cc624a2879ed0491e0d04c60b6b57badfbf811199173af5d9a2af061c87,6296834.21075,6298685.613833,1851.4030830003321,95186,25000000,,success,1,0,,,8581758
pilot_1790514765259,transfer_N1000_c3,0,2026-09-27T14:57:43.100Z,zkSyncTestnet,300,sepolia.era.zksync.dev,transfer,1000,3,4585,0xcc774f9f250128db6b849f05983538b733e252c2c159a053c19e5709a655844e,6296940.928667,6298805.802208,1864.8735410002992,95186,25000000,,success,1,0,,,8581758
pilot_1790514765259,transfer_N1000_c3,0,2026-09-27T14:57:43.761Z,zkSyncTestnet,300,sepolia.era.zksync.dev,transfer,1000,3,4586,0xfd7e1e6eb9edd542167c1b2ceed06d9174dbd5d4fb4e972f03238c4d9bb06585,6297654.054792,6299466.436458,1812.3816660000011,95180,25000000,,success,1,0,,,8581759
pilot_1790514765259,transfer_N1000_c3,0,2026-09-27T14:57:44.809Z,zkSyncTestnet,300,sepolia.era.zksync.dev,transfer,1000,3,4587,0x86af4889ac3b55a565f554ad25ca96ed00448d75e929f1387450c3280145c461,6298685.732208,6300514.774167,1829.0419590007514,95180,25000000,,success,1,0,,,8581760
pilot_1790514765259,transfer_N1000_c3,0,2026-09-27T14:57:45.151Z,zkSyncTestnet,300,sepolia.era.zksync.dev,transfer,1000,3,4588,0xe5ac6a8c28f64f8460dd4fe80739377108f3ca18491a473ce101b1ea706c4ef7,6298805.868083,6300856.484292,2050.6162089994177,95180,25000000,,success,1,0,,,8581760
pilot_1790514765259,transfer_N1000_c3,0,2026-09-27T14:57:45.633Z,zkSyncTestnet,300,sepolia.era.zksync.dev,transfer,1000,3,4589,0xeb6d9e9ac045459d2404342876f9327dd20c6b61a881e10b5e78c39c0e387318,6299466.5875,6301338.505333,1871.9178329994902,95180,25000000,,success,1,0,,,8581761
pilot_1790514765259,transfer_N1000_c3,0,2026-09-27T14:57:46.642Z,zkSyncTestnet,300,sepolia.era.zksync.dev,transfer,1000,3,4590,0x1d6b89e1c21dfcb8fd76e819e7f5dc4d3b263f88525da19cbf2eb39d60b2a2a6,6300514.926458,6302347.319,1832.3925419999287,95186,25000000,,success,1,0,,,8581762
pilot_1790514765259,transfer_N1000_c3,0,2026-09-27T14:57:47.026Z,zkSyncTestnet,300,sepolia.era.zksync.dev,transfer,1000,3,4591,0x85548803561c0b1b4ca8d11011eaa5462f6141466910ecd1398c67f0baf5506d,6300856.615625,6302731.889125,1875.2735000001267,95186,25000000,,success,1,0,,,8581762
pilot_1790514765259,transfer_N1000_c3,0,2026-09-27T14:57:47.417Z,zkSyncTestnet,300,sepolia.era.zksync.dev,transfer,1000,3,4592,0xa85515ddb730943196b9321f87a6f39ecbc0ada0225dd43ab37f38e6e6405139,6301338.683167,6303122.399417,1783.7162499995902,95180,25000000,,success,1,0,,,8581763
pilot_1790514765259,transfer_N1000_c3,0,2026-09-27T14:57:48.497Z,zkSyncTestnet,300,sepolia.era.zksync.dev,transfer,1000,3,4593,0x169aefd1085f8a7266cec753256a0b67583ab6b8dfa76489695c0eced83ae102,6302347.426167,6304202.146625,1854.720457999967,95180,25000000,,success,1,0,,,8581764
pilot_1790514765259,transfer_N1000_c3,0,2026-09-27T14:57:48.825Z,zkSyncTestnet,300,sepolia.era.zksync.dev,transfer,1000,3,4594,0x24589e884e9b0968829696b9fef9d3f559c16351cd482bfbedab890ee9869aa5,6302731.939208,6304530.347167,1798.4079590002075,95180,25000000,,success,1,0,,,8581764
pilot_1790514765259,transfer_N1000_c3,0,2026-09-27T14:57:49.263Z,zkSyncTestnet,300,sepolia.era.zksync.dev,transfer,1000,3,4595,0x0f7f16b5e7688440d9adc1ed2e67f828991972edcbe4b0f5c8943acb048d5a09,6303122.519917,6304968.948917,1846.428999999538,95186,25000000,,success,1,0,,,8581765
pilot_1790514765259,transfer_N1000_c3,0,2026-09-27T14:57:50.312Z,zkSyncTestnet,300,sepolia.era.zksync.dev,transfer,1000,3,4596,0xe0653164759666c94f53a4b28d950ba9fb8d98015bd5bf73f32d9e433129c917,6304202.288375,6306017.972917,1815.6845420002937,95180,25000000,,success,1,0,,,8581766
pilot_1790514765259,transfer_N1000_c3,0,2026-09-27T14:57:50.669Z,zkSyncTestnet,300,sepolia.era.zksync.dev,transfer,1000,3,4597,0xbc64408e6841d15fcb4ab2c671b7da9711bad696ae1590a2429eff5317490fbc,6304530.488583,6306374.017,1843.5284169996157,95186,25000000,,success,1,0,,,8581766
pilot_1790514765259,transfer_N1000_c3,0,2026-09-27T14:57:51.107Z,zkSyncTestnet,300,sepolia.era.zksync.dev,transfer,1000,3,4598,0xf71c5191154bc6d51674e7f8049606779a62626134bd81a2d116abb448fcfae1,6304969.084833,6306812.146875,1843.0620419997722,95180,25000000,,success,1,0,,,8581767
pilot_1790514765259,transfer_N1000_c3,0,2026-09-27T14:57:52.139Z,zkSyncTestnet,300,sepolia.era.zksync.dev,transfer,1000,3,4599,0x1b8071dc7cb35d0ec58baf07d5c2a18ef81d1b92480e23e60f97320fc1c7926f,6306018.095375,6307844.434208,1826.338833000511,95180,25000000,,success,1,0,,,8581768
pilot_1790514765259,transfer_N1000_c3,0,2026-09-27T14:57:52.480Z,zkSyncTestnet,300,sepolia.era.zksync.dev,transfer,1000,3,4600,0x072cccd8c30eeaec4ee6504c6801fca838e5bd63d3e6423b5c7e7df88563bc6a,6306374.089042,6308185.88175,1811.7927080001682,95180,25000000,,success,1,0,,,8581768
pilot_1790514765259,transfer_N1000_c3,0,2026-09-27T14:57:53.210Z,zkSyncTestnet,300,sepolia.era.zksync.dev,transfer,1000,3,4601,0x619dfa9fe2196ebea15dcc836df25d28b798c261c349f23b9b347494b10d29bc,6306812.220583,6308915.111708,2102.891125000082,95180,25000000,,success,1,0,,,8581769
pilot_1790514765259,transfer_N1000_c3,0,2026-09-27T14:57:54.112Z,zkSyncTestnet,300,sepolia.era.zksync.dev,transfer,1000,3,4602,0xc856585c969141b9137de5de09687f1f07f0d2ca06556390cf2d9cd7ccbe4066,6307844.578125,6309817.755375,1973.1772499997169,95186,25000000,,success,1,0,,,8581771
pilot_1790514765259,transfer_N1000_c3,0,2026-09-27T14:57:54.506Z,zkSyncTestnet,300,sepolia.era.zksync.dev,transfer,1000,3,4603,0x218989b9e14af1f23e50bf8ed2487c4b9cedf42bcac29fc00eb5443be4ff6663,6308186.1535,6310211.538208,2025.384708000347,95180,25000000,,success,1,0,,,8581771
pilot_1790514765259,transfer_N1000_c3,0,2026-09-27T14:57:55.044Z,zkSyncTestnet,300,sepolia.era.zksync.dev,transfer,1000,3,4604,0xb40a620dc99e907f2d69d56c045bab71e2e6fd90408e71cfcacc871864319829,6308915.242042,6310749.954375,1834.7123329993337,95180,25000000,,success,1,0,,,8581772
pilot_1790514765259,transfer_N1000_c3,0,2026-09-27T14:57:55.957Z,zkSyncTestnet,300,sepolia.era.zksync.dev,transfer,1000,3,4605,0x94cb66d05982bf996ccca1ee084387ae8a05df27eb8db0bf65277015a588e2da,6309817.890083,6311662.859417,1844.9693339997903,95180,25000000,,success,1,0,,,8581773
pilot_1790514765259,transfer_N1000_c3,0,2026-09-27T14:57:56.334Z,zkSyncTestnet,300,sepolia.era.zksync.dev,transfer,1000,3,4606,0xd75f19bf2ea50dbd5127348d39cf8f16582d5b45483fc5706f58d1ab179e98ef,6310211.663667,6312039.514167,1827.8504999997094,95186,25000000,,success,1,0,,,8581774
pilot_1790514765259,transfer_N1000_c3,0,2026-09-27T14:57:56.855Z,zkSyncTestnet,300,sepolia.era.zksync.dev,transfer,1000,3,4607,0x1e45b49e8b37c3dc8a624d4a20782d946603bacf90cb5ebf5017b8b787097b1c,6310750.143333,6312560.087167,1809.943834000267,95180,25000000,,success,1,0,,,8581775
pilot_1790514765259,transfer_N1000_c3,0,2026-09-27T14:57:57.939Z,zkSyncTestnet,300,sepolia.era.zksync.dev,transfer,1000,3,4608,0xefc9ea53ffd37780a3d6fcf16b6a33dddb2355739541e385b9ea0fdffccd8c62,6311663.137833,6313644.613417,1981.4755839994177,95180,25000000,,success,1,0,,,8581776
pilot_1790514765259,transfer_N1000_c3,0,2026-09-27T14:57:58.223Z,zkSyncTestnet,300,sepolia.era.zksync.dev,transfer,1000,3,4609,0xf1d232c10d642dc2cab0f386d20cdccd0613e71061f1fdcaef168e956e9796db,6312039.645792,6313928.194083,1888.5482909996063,95186,25000000,,success,1,0,,,8581776
pilot_1790514765259,transfer_N1000_c3,0,2026-09-27T14:57:58.714Z,zkSyncTestnet,300,sepolia.era.zksync.dev,transfer,1000,3,4610,0xfb8e395ee7930fe077b06220d0c3946463742655d33e79723dcf5c4358441052,6312560.218417,6314419.067875,1858.8494579996914,95180,25000000,,success,1,0,,,8581777
pilot_1790514765259,transfer_N1000_c3,0,2026-09-27T14:57:59.749Z,zkSyncTestnet,300,sepolia.era.zksync.dev,transfer,1000,3,4611,0x90fb1caa772d5879ee672d1fb99cbaf9293af174cc34adcbb5a6eb8f4774e1b3,6313644.710083,6315454.048583,1809.3384999996051,95186,25000000,,success,1,0,,,8581778
pilot_1790514765259,transfer_N1000_c3,0,2026-09-27T14:58:00.017Z,zkSyncTestnet,300,sepolia.era.zksync.dev,transfer,1000,3,4612,0xf7a445d025bb6c7dd4ed38a4bb889be908d52f10fe402844b2dad7dc714613c9,6313928.310792,6315722.382375,1794.0715830000117,95180,25000000,,success,1,0,,,8581778
pilot_1790514765259,transfer_N1000_c3,0,2026-09-27T14:58:00.569Z,zkSyncTestnet,300,sepolia.era.zksync.dev,transfer,1000,3,4613,0x4ac5ac531b3f7ad012635bdcc7e59272ab9e982ce50c97b58ee35eb469890d7b,6314419.130875,6316274.268333,1855.1374580003321,95186,25000000,,success,1,0,,,8581779
pilot_1790514765259,transfer_N1000_c3,0,2026-09-27T14:58:01.572Z,zkSyncTestnet,300,sepolia.era.zksync.dev,transfer,1000,3,4614,0x2cec839814b7b1a46512ca7f5fe49b481eec1004162c3cabdd57fd50310c991f,6315454.160833,6317277.524958,1823.3641249993816,95186,25000000,,success,1,0,,,8581780
pilot_1790514765259,transfer_N1000_c3,0,2026-09-27T14:58:01.845Z,zkSyncTestnet,300,sepolia.era.zksync.dev,transfer,1000,3,4615,0x739c3b87b7dc077f0727189f1fdba461fe6a885823a8c510789abc152d69c530,6315722.533333,6317550.852958,1828.3196250004694,95186,25000000,,success,1,0,,,8581780
pilot_1790514765259,transfer_N1000_c3,0,2026-09-27T14:58:03.158Z,zkSyncTestnet,300,sepolia.era.zksync.dev,transfer,1000,3,4616,0x1c87414bcf3d96e67cdfa7f943b9f6fd353f068830ef35eae535f4968135ef20,6316274.404458,6318863.291917,2588.8874589996412,95180,25000000,,success,1,0,,,8581782
pilot_1790514765259,transfer_N1000_c3,0,2026-09-27T14:58:03.454Z,zkSyncTestnet,300,sepolia.era.zksync.dev,transfer,1000,3,4617,0x1461dedecb18d480951cd93bf8458dcb233c13f508fac3fb0af0fec8a322d0c2,6317277.634958,6319159.305292,1881.6703340001404,95186,25000000,,success,1,0,,,8581783
pilot_1790514765259,transfer_N1000_c3,0,2026-09-27T14:58:03.650Z,zkSyncTestnet,300,sepolia.era.zksync.dev,transfer,1000,3,4618,0x9acc0bce4090033d636ed77ea641c6fd873c18af25008fa5bbe28af13694a559,6317550.908375,6319355.235083,1804.3267080001533,95180,25000000,,success,1,0,,,8581784
pilot_1790514765259,transfer_N1000_c3,0,2026-09-27T14:58:04.990Z,zkSyncTestnet,300,sepolia.era.zksync.dev,transfer,1000,3,4619,0xde4a826057976975f912528813c08ce9a24c2d24351141be6591a17839c31e9e,6318863.410708,6320695.206667,1831.7959590004757,95186,25000000,,success,1,0,,,8581785
pilot_1790514765259,transfer_N1000_c3,0,2026-09-27T14:58:05.332Z,zkSyncTestnet,300,sepolia.era.zksync.dev,transfer,1000,3,4620,0x39e671ce603f7a33af566ff25c9f10d174e66471a89d5e0aff5a36ed5fc11de5,6319159.532333,6321037.7065,1878.1741670006886,95180,25000000,,success,1,0,,,8581786
pilot_1790514765259,transfer_N1000_c3,0,2026-09-27T14:58:05.592Z,zkSyncTestnet,300,sepolia.era.zksync.dev,transfer,1000,3,4621,0x8eabd6fc4eaf21733893bb88d99e6c8b3cdf7bb3cdb657a3a2c5529a9657d30f,6319355.327625,6321297.154292,1941.8266670005396,95180,25000000,,success,1,0,,,8581787
pilot_1790514765259,transfer_N1000_c3,0,2026-09-27T14:58:06.900Z,zkSyncTestnet,300,sepolia.era.zksync.dev,transfer,1000,3,4622,0x21a99a31127443436d17b01c90d6c24ddcfccbc23df43a1111812b470cd24bb4,6320695.322083,6322605.421125,1910.099042000249,95186,25000000,,success,1,0,,,8581788
pilot_1790514765259,transfer_N1000_c3,0,2026-09-27T14:58:07.180Z,zkSyncTestnet,300,sepolia.era.zksync.dev,transfer,1000,3,4623,0x66f6f31c6ab0755508b27d8d44be38625cfbe4cba7ebcb5d828b9f0d90fec5e3,6321037.852292,6322885.291875,1847.4395829997957,95180,25000000,,success,1,0,,,8581789
pilot_1790514765259,transfer_N1000_c3,0,2026-09-27T14:58:07.399Z,zkSyncTestnet,300,sepolia.era.zksync.dev,transfer,1000,3,4624,0x99290d7e7b6e36f86716ade860e94b7533b4247d25428e916d0359bce28ebed4,6321297.230333,6323104.020792,1806.7904589995742,95180,25000000,,success,1,0,,,8581790
pilot_1790514765259,transfer_N1000_c3,0,2026-09-27T14:58:08.746Z,zkSyncTestnet,300,sepolia.era.zksync.dev,transfer,1000,3,4625,0xbb5f4bfd2c72048a0b2fcd2e40e38fc51f388a58d80aa3d5ae2c1ad211834048,6322605.551167,6324451.743625,1846.192458000034,95180,25000000,,success,1,0,,,8581791
pilot_1790514765259,transfer_N1000_c3,0,2026-09-27T14:58:08.969Z,zkSyncTestnet,300,sepolia.era.zksync.dev,transfer,1000,3,4626,0x9ac2118aea06dee7b6f89e1e8aa35f5d993d5f918d995c6c2e2904936616f7e5,6322885.474625,6324674.568625,1789.0940000005066,95180,25000000,,success,1,0,,,8581792
pilot_1790514765259,transfer_N1000_c3,0,2026-09-27T14:58:09.280Z,zkSyncTestnet,300,sepolia.era.zksync.dev,transfer,1000,3,4627,0x47a776bfc10e69a52226c36636289c4102c0f2d5a070875566e7faa5d5452c5b,6323104.12025,6324985.211083,1881.0908329999074,95186,25000000,,success,1,0,,,8581793
pilot_1790514765259,transfer_N1000_c3,0,2026-09-27T14:58:10.559Z,zkSyncTestnet,300,sepolia.era.zksync.dev,transfer,1000,3,4628,0x042375410881ff7f56c1df2a2110423ad86904dc672af7dfd541d830fe3077c4,6324451.857167,6326264.711583,1812.8544159997255,95180,25000000,,success,1,0,,,8581794
pilot_1790514765259,transfer_N1000_c3,0,2026-09-27T14:58:10.759Z,zkSyncTestnet,300,sepolia.era.zksync.dev,transfer,1000,3,4629,0x51e7d62b2163b3e59693c99425479fe20af8ecdf7c20584c5e353b3abb8d7923,6324674.623417,6326463.971542,1789.348124999553,95186,25000000,,success,1,0,,,8581795
pilot_1790514765259,transfer_N1000_c3,0,2026-09-27T14:58:11.109Z,zkSyncTestnet,300,sepolia.era.zksync.dev,transfer,1000,3,4630,0x20b4d6b2f3d431ceca496615392168edeae9068f1fea82f0dd0c51ae982494c8,6324985.459375,6326814.337042,1828.8776670005172,95180,25000000,,success,1,0,,,8581796
pilot_1790514765259,transfer_N1000_c3,0,2026-09-27T14:58:12.390Z,zkSyncTestnet,300,sepolia.era.zksync.dev,transfer,1000,3,4631,0x30222b8e61065f562bd2bf089d98812cbd05b49eb7bece861ac7ec24171f9a7e,6326264.764083,6328095.74025,1830.9761669998989,95180,25000000,,success,1,0,,,8581797
pilot_1790514765259,transfer_N1000_c3,0,2026-09-27T14:58:12.634Z,zkSyncTestnet,300,sepolia.era.zksync.dev,transfer,1000,3,4632,0x31bd558387579884a37252a5d126f5ee8df3110249967b78b82a803cddb600d1,6326464.059833,6328339.7895,1875.7296669995412,95180,25000000,,success,1,0,,,8581798
pilot_1790514765259,transfer_N1000_c3,0,2026-09-27T14:58:12.985Z,zkSyncTestnet,300,sepolia.era.zksync.dev,transfer,1000,3,4633,0xb2c4a97653ec1f62506ad5eabaf7fcbd486838adb06bf5c4e66931c24d1fd1a6,6326814.428292,6328690.580125,1876.151833000593,95186,25000000,,success,1,0,,,8581799
pilot_1790514765259,transfer_N1000_c3,0,2026-09-27T14:58:14.234Z,zkSyncTestnet,300,sepolia.era.zksync.dev,transfer,1000,3,4634,0xb5b7fff75e3ca989e647abe3e2ca6b2d2e81ca0598f6e6144ae51fc2a2f7b714,6328095.845958,6329939.833958,1843.9879999998957,95180,25000000,,success,1,0,,,8581801
pilot_1790514765259,transfer_N1000_c3,0,2026-09-27T14:58:14.468Z,zkSyncTestnet,300,sepolia.era.zksync.dev,transfer,1000,3,4635,0x927ae5aa36acb5ed57124f209b1a9cb8f8aae706ddcb7e415ca8094dfcd5f075,6328339.836875,6330173.104167,1833.2672920003533,95186,25000000,,success,1,0,,,8581802
pilot_1790514765259,transfer_N1000_c3,0,2026-09-27T14:58:14.950Z,zkSyncTestnet,300,sepolia.era.zksync.dev,transfer,1000,3,4636,0xa65d49e4810b8a2444b78ea3fe14fdfd6cff8fa815393aa3f666d914fe5d6976,6328690.698458,6330655.732625,1965.0341670000926,95186,25000000,,success,1,0,,,8581803
pilot_1790514765259,transfer_N1000_c3,0,2026-09-27T14:58:16.006Z,zkSyncTestnet,300,sepolia.era.zksync.dev,transfer,1000,3,4637,0x923db17384fef359ac2be496172709111de06893acfe2a348fc19a3f0b3658f4,6329939.963958,6331711.458917,1771.494959000498,95186,25000000,,success,1,0,,,8581804
pilot_1790514765259,transfer_N1000_c3,0,2026-09-27T14:58:16.326Z,zkSyncTestnet,300,sepolia.era.zksync.dev,transfer,1000,3,4638,0xb3e1d07bdad59705da013af85ebb00ecf9082b0c89e07b463498bfdf90012104,6330173.186042,6332031.525417,1858.339375000447,95180,25000000,,success,1,0,,,8581804
pilot_1790514765259,transfer_N1000_c3,0,2026-09-27T14:58:16.785Z,zkSyncTestnet,300,sepolia.era.zksync.dev,transfer,1000,3,4639,0xfcd8f684e0d815a0db5fbf4bf54897ec028ff85acf943e284550c2c86b631e11,6330655.866417,6332490.537333,1834.670916000381,95186,25000000,,success,1,0,,,8581805
pilot_1790514765259,transfer_N1000_c3,0,2026-09-27T14:58:17.846Z,zkSyncTestnet,300,sepolia.era.zksync.dev,transfer,1000,3,4640,0x4d6e704d468c6392f48813fa30f06f6880030cdfc288ffe32184063079ac0bf6,6331711.601208,6333551.250625,1839.6494169998914,95180,25000000,,success,1,0,,,8581806
pilot_1790514765259,transfer_N1000_c3,0,2026-09-27T14:58:18.124Z,zkSyncTestnet,300,sepolia.era.zksync.dev,transfer,1000,3,4641,0x8425628a7abc018e934822fa8980db5a46bc3f56c8a1aa59fb2148dcf67a2c46,6332031.640417,6333829.852292,1798.2118750000373,95180,25000000,,success,1,0,,,8581806
pilot_1790514765259,transfer_N1000_c3,0,2026-09-27T14:58:18.634Z,zkSyncTestnet,300,sepolia.era.zksync.dev,transfer,1000,3,4642,0xc2978d3ecafd4798bffa557b5f73a200563c252e1b0d10d8c30519b291ad7342,6332490.653833,6334339.072875,1848.4190419996157,95186,25000000,,success,1,0,,,8581807
pilot_1790514765259,transfer_N1000_c3,0,2026-09-27T14:58:19.665Z,zkSyncTestnet,300,sepolia.era.zksync.dev,transfer,1000,3,4643,0x260633d85346f8b6ae48bbc966cb8dc22c80a472d285d16f7782d09b756dad15,6333551.354958,6335370.790417,1819.4354590000585,95180,25000000,,success,1,0,,,8581808
pilot_1790514765259,transfer_N1000_c3,0,2026-09-27T14:58:19.935Z,zkSyncTestnet,300,sepolia.era.zksync.dev,transfer,1000,3,4644,0x31721bdb0f11782b5b804942bf15c42dbe65d71b9db82b45a13c8ef52560163f,6333829.937917,6335640.448167,1810.5102500002831,95186,25000000,,success,1,0,,,8581808
pilot_1790514765259,transfer_N1000_c3,0,2026-09-27T14:58:20.541Z,zkSyncTestnet,300,sepolia.era.zksync.dev,transfer,1000,3,4645,0xb02556fe9e52bbc5f7a492c9aff7e889be0efc2d53e4329bc2ceb00f05dd07cf,6334339.179708,6336246.610292,1907.4305839994922,95180,25000000,,success,1,0,,,8581809
pilot_1790514765259,transfer_N1000_c3,0,2026-09-27T14:58:21.517Z,zkSyncTestnet,300,sepolia.era.zksync.dev,transfer,1000,3,4646,0xc36eff64d7fc3e1a14ca3772fcba63b60e3eae4973126a7b01c3d21114f67971,6335370.901,6337221.969083,1851.0680830003694,95617,25000000,,success,1,0,,,8581810
pilot_1790514765259,transfer_N1000_c3,0,2026-09-27T14:58:21.790Z,zkSyncTestnet,300,sepolia.era.zksync.dev,transfer,1000,3,4647,0x76786cfd7ee63b95210d52fe274fb8f05b9408e374667de95eed9fcbf351409f,6335640.548042,6337495.123625,1854.575582999736,95186,25000000,,success,1,0,,,8581810
pilot_1790514765259,transfer_N1000_c3,0,2026-09-27T14:58:22.415Z,zkSyncTestnet,300,sepolia.era.zksync.dev,transfer,1000,3,4648,0x2eac5580f1434b39461c63e53f2d1fcf437839b2d496f49145e351285fdee2c8,6336246.745833,6338120.377125,1873.6312919994816,95180,25000000,,success,1,0,,,8581811
pilot_1790514765259,transfer_N1000_c3,0,2026-09-27T14:58:23.341Z,zkSyncTestnet,300,sepolia.era.zksync.dev,transfer,1000,3,4649,0x5908131b428d0e236fa7551c25a37817249b69ca2163de5f646d09f3ab216820,6337222.08025,6339046.14,1824.059750000015,95186,25000000,,success,1,0,,,8581812
pilot_1790514765259,transfer_N1000_c3,0,2026-09-27T14:58:23.576Z,zkSyncTestnet,300,sepolia.era.zksync.dev,transfer,1000,3,4650,0x8e7963688e52b13f4e7f7d165fb0869a89c5ba7467747b4b7937279c5bd062c7,6337495.212375,6339281.326667,1786.114291999489,95186,25000000,,success,1,0,,,8581813
pilot_1790514765259,transfer_N1000_c3,0,2026-09-27T14:58:24.386Z,zkSyncTestnet,300,sepolia.era.zksync.dev,transfer,1000,3,4651,0x9da1e5419740b5ed0a5dee1a0252ed9e51ceaa5bbc496336ab5c33ff99dd46e2,6338120.50275,6340091.563542,1971.060792000033,95180,25000000,,success,1,0,,,8581814
pilot_1790514765259,transfer_N1000_c3,0,2026-09-27T14:58:25.180Z,zkSyncTestnet,300,sepolia.era.zksync.dev,transfer,1000,3,4652,0x02cc9e92f13b1370a3be2e84ad38c0baded3a966521114c73919e960af2ff772,6339046.256042,6340885.684917,1839.428875000216,95186,25000000,,success,1,0,,,8581815
pilot_1790514765259,transfer_N1000_c3,0,2026-09-27T14:58:25.676Z,zkSyncTestnet,300,sepolia.era.zksync.dev,transfer,1000,3,4653,0x43bfd8d610f684b27b579779d89dfc377440c7dc986686bf5a736285c4006702,6339281.456292,6341381.01325,2099.5569580001757,95186,25000000,,success,1,0,,,8581816
pilot_1790514765259,transfer_N1000_c3,0,2026-09-27T14:58:27.042Z,zkSyncTestnet,300,sepolia.era.zksync.dev,transfer,1000,3,4654,0x7a65a086778671566e35e0165675640cc1fda89c12babcb859c8e8bcc958790f,6340091.699542,6342747.56825,2655.868707999587,95180,25000000,,success,1,0,,,8581817
pilot_1790514765259,transfer_N1000_c3,0,2026-09-27T14:58:28.680Z,zkSyncTestnet,300,sepolia.era.zksync.dev,transfer,1000,3,4655,0xa9c3749a8c7586ebd515d764797e7e6e89a51837219b8b22518c4a49b9d8f867,6340885.7765,6344385.190667,3499.414166999981,95186,25000000,,success,1,0,,,8581818
pilot_1790514765259,transfer_N1000_c3,0,2026-09-27T14:58:28.949Z,zkSyncTestnet,300,sepolia.era.zksync.dev,transfer,1000,3,4656,0x271542e72e0623af4a1ef77fc6220214d34839e6874e4f43bd5b0c61a2dbe0db,6341381.141583,6344654.824292,3273.6827090000734,95186,25000000,,success,1,0,,,8581819
pilot_1790514765259,transfer_N1000_c3,0,2026-09-27T14:58:30.683Z,zkSyncTestnet,300,sepolia.era.zksync.dev,transfer,1000,3,4657,0xe22257a38d69253b0a7c5f94bd3b1d79222f8c294af0f46ac72fa3e2804c2001,6342747.649083,6346388.128833,3640.4797499999404,95180,25000000,,success,1,0,,,8581821
pilot_1790514765259,transfer_N1000_c3,0,2026-09-27T14:58:31.039Z,zkSyncTestnet,300,sepolia.era.zksync.dev,transfer,1000,3,4658,0xa8e2d8dad5ebd199a7d1327b6c1370d8391ed096312e7f8783bc5a4ca60e5868,6344385.346583,6346744.280833,2358.934249999933,95180,25000000,,success,1,0,,,8581821
pilot_1790514765259,transfer_N1000_c3,0,2026-09-27T14:58:31.982Z,zkSyncTestnet,300,sepolia.era.zksync.dev,transfer,1000,3,4659,0x5866f64086e6e461082afc4ca9951c2cacbdc96570eec1b91e3e9bba477bfbbb,6344654.9045,6347687.063875,3032.1593749998137,95186,25000000,,success,1,0,,,8581821
pilot_1790514765259,transfer_N1000_c3,0,2026-09-27T14:58:33.830Z,zkSyncTestnet,300,sepolia.era.zksync.dev,transfer,1000,3,4661,0x7b7daab48a8a885c505769d17d3e65a0fa35592ab11f0b4cbfec22242798c1fd,6346744.506333,6349535.225292,2790.7189589999616,95180,25000000,,success,1,0,,,8581823
pilot_1790514765259,transfer_N1000_c3,0,2026-09-27T14:58:33.873Z,zkSyncTestnet,300,sepolia.era.zksync.dev,transfer,1000,3,4660,0xe4757e9bde2891f801feb2f29167991dd2430f480f046743307c6f371c3b261d,6346388.405458,6349577.957,3189.551542000845,95180,25000000,,success,1,0,,,8581822
pilot_1790514765259,transfer_N1000_c3,0,2026-09-27T14:58:35.229Z,zkSyncTestnet,300,sepolia.era.zksync.dev,transfer,1000,3,4662,0xda2d15f14df42955dc7c0ec15c391711ff2747a0421d34edfe179fabb5c5825b,6347687.119917,6350934.4975,3247.3775829998776,95186,25000000,,success,1,0,,,8581824
pilot_1790514765259,transfer_N1000_c3,0,2026-09-27T14:58:35.658Z,zkSyncTestnet,300,sepolia.era.zksync.dev,transfer,1000,3,4663,0x1b29e25b7b84e0e634d916dec5436fc3020b5ca9074aa5127db1130fd97826de,6349535.459292,6351363.3555,1827.896207999438,95180,25000000,,success,1,0,,,8581825
pilot_1790514765259,transfer_N1000_c3,0,2026-09-27T14:58:36.971Z,zkSyncTestnet,300,sepolia.era.zksync.dev,transfer,1000,3,4664,0x97dfb0735497d1dd8e9018cd134a0b8e87b3d7e5abdeec0e65482460b896dc9a,6349578.121875,6352676.117667,3097.995791999623,95180,25000000,,success,1,0,,,8581826
pilot_1790514765259,transfer_N1000_c3,0,2026-09-27T14:58:37.245Z,zkSyncTestnet,300,sepolia.era.zksync.dev,transfer,1000,3,4665,0x91543298092c9a16e49af71663a8b12a63490b3323e1ae6260c88e8f2f3aa5c9,6350934.642875,6352950.441792,2015.798917000182,95180,25000000,,success,1,0,,,8581827
pilot_1790514765259,transfer_N1000_c3,0,2026-09-27T14:58:37.561Z,zkSyncTestnet,300,sepolia.era.zksync.dev,transfer,1000,3,4666,0xb42cb19c4371b1a11c81fa58cd6957540ac09e90af5fd8a9314149a71ece5c44,6351363.442875,6353266.886333,1903.443458000198,95180,25000000,,success,1,0,,,8581828
pilot_1790514765259,transfer_N1000_c3,0,2026-09-27T14:58:38.834Z,zkSyncTestnet,300,sepolia.era.zksync.dev,transfer,1000,3,4667,0x7e47712a16b3fff9c4f07f87aeaa19b63798f0efe69ccd454a81fb94ac1633d7,6352676.240875,6354539.308208,1863.0673329997808,95186,25000000,,success,1,0,,,8581829
pilot_1790514765259,transfer_N1000_c3,0,2026-09-27T14:58:39.163Z,zkSyncTestnet,300,sepolia.era.zksync.dev,transfer,1000,3,4668,0x255ad0e72f73aab8c7d1cc6fea2dcfb1dc4aa7f40ede4cc30ce1145682ba3c49,6352950.559792,6354868.125708,1917.565915999934,95180,25000000,,success,1,0,,,8581830
pilot_1790514765259,transfer_N1000_c3,0,2026-09-27T14:58:39.360Z,zkSyncTestnet,300,sepolia.era.zksync.dev,transfer,1000,3,4669,0xdf9bde0932f7f1e8939b80f6b583d589ad6ac842ebbb8cb09c0751044324e3e0,6353266.974458,6355065.24475,1798.2702919999138,95180,25000000,,success,1,0,,,8581831
pilot_1790514765259,transfer_N1000_c3,0,2026-09-27T14:58:40.637Z,zkSyncTestnet,300,sepolia.era.zksync.dev,transfer,1000,3,4670,0x172ac8157e9f8a2be2d80591ac7b8a14ace8aeefc7ef4b775e36637e1f9aab92,6354539.417583,6356342.537292,1803.1197089999914,95186,25000000,,success,1,0,,,8581832
pilot_1790514765259,transfer_N1000_c3,0,2026-09-27T14:58:41.167Z,zkSyncTestnet,300,sepolia.era.zksync.dev,transfer,1000,3,4671,0x54b4898b9074d36965005729f392a33960630e88056ff7f8ea7cf5b9d8335eab,6354868.247375,6356871.968417,2003.7210419997573,95180,25000000,,success,1,0,,,8581833
pilot_1790514765259,transfer_N1000_c3,0,2026-09-27T14:58:42.441Z,zkSyncTestnet,300,sepolia.era.zksync.dev,transfer,1000,3,4672,0x8c73eebb8e23a928c0d33359a49a2e038c5da30ae09d16ea964670417b8d1e33,6355065.277125,6358146.363875,3081.086749999784,95186,25000000,,success,1,0,,,8581834
pilot_1790514765259,transfer_N1000_c3,0,2026-09-27T14:58:42.462Z,zkSyncTestnet,300,sepolia.era.zksync.dev,transfer,1000,3,4673,0xdf2194a11f5c35d972cd8bb6f407dd90bbeb2412965cba32f3f9694629dc3331,6356342.650375,6358167.51075,1824.860375000164,95186,25000000,,success,1,0,,,8581835
pilot_1790514765259,transfer_N1000_c3,0,2026-09-27T14:58:43.017Z,zkSyncTestnet,300,sepolia.era.zksync.dev,transfer,1000,3,4674,0x8882d6045c19b979c27d2ed36885d97aa9c6bf538f5755f6d24659f4064cbfb3,6356872.111917,6358722.294583,1850.1826659999788,95186,25000000,,success,1,0,,,8581836
pilot_1790514765259,transfer_N1000_c3,0,2026-09-27T14:58:44.368Z,zkSyncTestnet,300,sepolia.era.zksync.dev,transfer,1000,3,4675,0x581b71a50e4a25d5c5331a67e38214844a82df4d6a30a2af7bf9aed4ca963d01,6358146.405458,6360073.074125,1926.6686670007184,95186,25000000,,success,1,0,,,8581837
pilot_1790514765259,transfer_N1000_c3,0,2026-09-27T14:58:44.828Z,zkSyncTestnet,300,sepolia.era.zksync.dev,transfer,1000,3,4676,0x0ad419be81ff1ec13d142cb0946b2b3d7909971a63f99f6460dd425de1578c2f,6358167.55075,6360533.301083,2365.7503329999745,95180,25000000,,success,1,0,,,8581838
pilot_1790514765259,transfer_N1000_c3,0,2026-09-27T14:58:44.850Z,zkSyncTestnet,300,sepolia.era.zksync.dev,transfer,1000,3,4677,0x3feece3e1e1255aae26cfa5cbd7ad1948cad69fb2c6228c507262588f8531e39,6358722.406667,6360555.407292,1833.0006250003353,95180,25000000,,success,1,0,,,8581838
pilot_1790514765259,transfer_N1000_c3,0,2026-09-27T14:58:46.243Z,zkSyncTestnet,300,sepolia.era.zksync.dev,transfer,1000,3,4678,0xc913d0b5863eeb9584dbdff545abe8008b45b6153e2e4f86aa72b740a11b26b2,6360073.196875,6361948.7475,1875.5506249992177,95180,25000000,,success,1,0,,,8581839
pilot_1790514765259,transfer_N1000_c3,0,2026-09-27T14:58:46.650Z,zkSyncTestnet,300,sepolia.era.zksync.dev,transfer,1000,3,4679,0x57087dfa42569ef7f3dab142318b5ec8537680ce2d2b6c2570b88d8957576304,6360533.351167,6362355.174042,1821.8228750005364,95180,25000000,,success,1,0,,,8581840
pilot_1790514765259,transfer_N1000_c3,0,2026-09-27T14:58:47.978Z,zkSyncTestnet,300,sepolia.era.zksync.dev,transfer,1000,3,4680,0x3327e1326d85dbe5e07ee9bd41c563253a35748b181b9f033ad3e018cbaf7f2a,6360555.439208,6363683.100625,3127.6614169999957,95186,25000000,,success,1,0,,,8581841
pilot_1790514765259,transfer_N1000_c3,0,2026-09-27T14:58:48.084Z,zkSyncTestnet,300,sepolia.era.zksync.dev,transfer,1000,3,4681,0x497559fc6c873a15ea46b8a1e77ee1df2eef065aa2860acffe84312d48950f33,6361948.842625,6363789.143375,1840.3007500004023,95180,25000000,,success,1,0,,,8581842
pilot_1790514765259,transfer_N1000_c3,0,2026-09-27T14:58:48.517Z,zkSyncTestnet,300,sepolia.era.zksync.dev,transfer,1000,3,4682,0x977475e63c857cba763a6bad1b051f1f379a69cb0100bfb125c285ee5642ac52,6362355.2315,6364222.5995,1867.367999999784,95180,25000000,,success,1,0,,,8581843
pilot_1790514765259,transfer_N1000_c3,0,2026-09-27T14:58:49.877Z,zkSyncTestnet,300,sepolia.era.zksync.dev,transfer,1000,3,4683,0x4fbb4496734c14aab9432ee46a88d383094209b4368bf21b0665d4200b2ad605,6363683.231542,6365581.985167,1898.753625000827,95186,25000000,,success,1,0,,,8581844
pilot_1790514765259,transfer_N1000_c3,0,2026-09-27T14:58:52.492Z,zkSyncTestnet,300,sepolia.era.zksync.dev,transfer,1000,3,4685,0xc970d3ea3a16cda5b4dc7c9e903845816d0c39110d0416a6975eae3997661efe,6364222.721917,6368197.183042,3974.46112500038,95186,25000000,,success,1,0,,,8581845
pilot_1790514765259,transfer_N1000_c3,0,2026-09-27T14:58:52.698Z,zkSyncTestnet,300,sepolia.era.zksync.dev,transfer,1000,3,4686,0x4ec8f692f0081a727f31f7dfac2256019917a892c042cd976849e98f1f1bdede,6365582.111625,6368403.59375,2821.482125000097,95186,25000000,,success,1,0,,,8581845
pilot_1790514765259,transfer_N1000_c3,0,2026-09-27T14:58:52.766Z,zkSyncTestnet,300,sepolia.era.zksync.dev,transfer,1000,3,4684,0x3429d047f91798b5993558b85730ac12a6e8e160facfc78c792edc4a72ad8613,6363789.202,6368471.060792,4681.85879200045,95180,25000000,,success,1,0,,,8581845
pilot_1790514765259,transfer_N1000_c3,0,2026-09-27T14:58:56.906Z,zkSyncTestnet,300,sepolia.era.zksync.dev,transfer,1000,3,4687,0xf025b6b7c1a8a533fb4f95eec5bae1433495bd3361145a4e8eccc4072957cc9b,6368197.295792,6372611.10625,4413.810457999818,95186,25000000,,success,1,0,,,8581846
pilot_1790514765259,transfer_N1000_c3,0,2026-09-27T14:58:57.668Z,zkSyncTestnet,300,sepolia.era.zksync.dev,transfer,1000,3,4688,0x9663822ec2377498816276101977383d356d518f81a44ab2787e2f90f3c222e3,6368403.651417,6373373.158042,4969.506624999456,95186,25000000,,success,1,0,,,8581847
pilot_1790514765259,transfer_N1000_c3,0,2026-09-27T14:58:58.124Z,zkSyncTestnet,300,sepolia.era.zksync.dev,transfer,1000,3,4689,0x8d09a55d8299d806880e0579871ae5f21400df7df4c033f82cc7ba14270e5c5c,6368471.099708,6373829.338583,5358.238874999806,95186,25000000,,success,1,0,,,8581847
pilot_1790514765259,transfer_N1000_c3,0,2026-09-27T14:58:59.607Z,zkSyncTestnet,300,sepolia.era.zksync.dev,transfer,1000,3,4690,0x023943351a697cf233f6e54bddd38cca8674dc6a31abebe4ae83e4b76928bb76,6372611.226917,6375312.431125,2701.204208000563,95186,25000000,,success,1,0,,,8581848
pilot_1790514765259,transfer_N1000_c3,0,2026-09-27T14:59:00.626Z,zkSyncTestnet,300,sepolia.era.zksync.dev,transfer,1000,3,4691,0x212c94ceba9ab5257a73684648b3c08ac0a2c0fcd91a2825598cecd663dfea53,6373373.206125,6376331.782042,2958.5759170008823,95180,25000000,,success,1,0,,,8581849
pilot_1790514765259,transfer_N1000_c3,0,2026-09-27T14:59:00.931Z,zkSyncTestnet,300,sepolia.era.zksync.dev,transfer,1000,3,4692,0xcb4681ac4b61b302c2b31ea6c461cf602386ad302d88e0ef94bb248fb014d3cf,6373829.463667,6376636.606333,2807.1426659999415,95186,25000000,,success,1,0,,,8581850
pilot_1790514765259,transfer_N1000_c3,0,2026-09-27T14:59:01.489Z,zkSyncTestnet,300,sepolia.era.zksync.dev,transfer,1000,3,4693,0xd19ca7fdc32773061cb60dc1c8684b036150448b8c59a809b01511be94cadaff,6375312.551958,6377194.170458,1881.618499999866,95180,25000000,,success,1,0,,,8581851
pilot_1790514765259,transfer_N1000_c3,0,2026-09-27T14:59:02.664Z,zkSyncTestnet,300,sepolia.era.zksync.dev,transfer,1000,3,4694,0x7eaa608d52c20fafb7d98957731382e45f3f85807d601128af07a6821465d8ab,6376331.921167,6378369.012042,2037.0908749997616,95186,25000000,,success,1,0,,,8581852
pilot_1790514765259,transfer_N1000_c3,0,2026-09-27T14:59:03.943Z,zkSyncTestnet,300,sepolia.era.zksync.dev,transfer,1000,3,4695,0xc757e7984c2d10ed13d4542e4e70cdc81e455c358505702854bc11f79da0027d,6376636.750875,6379648.553958,3011.8030829997733,95180,25000000,,success,1,0,,,8581852
pilot_1790514765259,transfer_N1000_c3,0,2026-09-27T14:59:05.302Z,zkSyncTestnet,300,sepolia.era.zksync.dev,transfer,1000,3,4696,0x1043355e6a2b06ef94bf984afbff63f85f824be64c429085642553b2ee932cca,6377194.3105,6381007.229667,3812.919166999869,95186,25000000,,success,1,0,,,8581854
pilot_1790514765259,transfer_N1000_c3,0,2026-09-27T14:59:08.003Z,zkSyncTestnet,300,sepolia.era.zksync.dev,transfer,1000,3,4697,0xa43ee7682e981c7b58880bdac7e237ec69c0746943d6c413311373316f9a9059,6378369.175542,6383708.162,5338.986457999796,95186,25000000,,success,1,0,,,8581855
pilot_1790514765259,transfer_N1000_c3,0,2026-09-27T14:59:08.230Z,zkSyncTestnet,300,sepolia.era.zksync.dev,transfer,1000,3,4698,0xf10a9228f022940c4b50e8bfa2804c0b0924782ce448914dd72ef427fed9f38b,6379648.700792,6383934.98625,4286.285458000377,95180,25000000,,success,1,0,,,8581856
pilot_1790514765259,transfer_N1000_c3,0,2026-09-27T14:59:08.983Z,zkSyncTestnet,300,sepolia.era.zksync.dev,transfer,1000,3,4699,0x38ce520a48637c9dac21cfba75e2b5e90fa714f06f1f4b82db62aa1b06225a63,6381007.325375,6384687.915833,3680.590458000079,95180,25000000,,success,1,0,,,8581857
pilot_1790514765259,transfer_N1000_c3,0,2026-09-27T14:59:09.997Z,zkSyncTestnet,300,sepolia.era.zksync.dev,transfer,1000,3,4700,0x060dfe6cb0efb2d6cd5568abb41ce444341ca7e7fe3466bef81b143f0af0aeb0,6383708.266292,6385702.576125,1994.3098329994828,95186,25000000,,success,1,0,,,8581858
pilot_1790514765259,transfer_N1000_c3,0,2026-09-27T14:59:10.823Z,zkSyncTestnet,300,sepolia.era.zksync.dev,transfer,1000,3,4702,0xa82a92be5fdb12d19058128ae9ad89148937bbe4c9c5d343ca84c6532d482467,6384687.998042,6386528.103375,1840.1053329994902,95180,25000000,,success,1,0,,,8581859
pilot_1790514765259,transfer_N1000_c3,0,2026-09-27T14:59:12.235Z,zkSyncTestnet,300,sepolia.era.zksync.dev,transfer,1000,3,4701,0xbdc3223bb867a8281073740649f906d1039e8a1845f7d329283a1776218f7118,6383935.075667,6387940.461375,4005.3857079995796,95180,25000000,,success,1,0,,,8581859
pilot_1790514765259,transfer_N1000_c3,0,2026-09-27T14:59:12.851Z,zkSyncTestnet,300,sepolia.era.zksync.dev,transfer,1000,3,4703,0x2719c8c385b0bed2cfa44b99a07e4c3a512628608d7af93cea0ff3e58c03437a,6385702.684667,6388556.788292,2854.1036250004545,95180,25000000,,success,1,0,,,8581860
pilot_1790514765259,transfer_N1000_c3,0,2026-09-27T14:59:13.685Z,zkSyncTestnet,300,sepolia.era.zksync.dev,transfer,1000,3,4704,0x7944f7ae4d3701a3b662697d47fd256228acbcedb09d2b5122dbfdcc41041784,6386528.232792,6389390.707083,2862.474290999584,95180,25000000,,success,1,0,,,8581861
pilot_1790514765259,transfer_N1000_c3,0,2026-09-27T14:59:14.194Z,zkSyncTestnet,300,sepolia.era.zksync.dev,transfer,1000,3,4705,0xbe48a2becf98dd98662fb38393e5aec944b1a3a26680236413b64bf964ed6e39,6387940.591417,6389899.280083,1958.688666000031,95180,25000000,,success,1,0,,,8581862
pilot_1790514765259,transfer_N1000_c3,0,2026-09-27T14:59:14.759Z,zkSyncTestnet,300,sepolia.era.zksync.dev,transfer,1000,3,4706,0x26effe58b311b2037f1451cbfb4742f17b24bb6a027890d28c51058af93207af,6388556.896125,6390464.808292,1907.912166999653,95180,25000000,,success,1,0,,,8581863
pilot_1790514765259,transfer_N1000_c3,0,2026-09-27T14:59:15.505Z,zkSyncTestnet,300,sepolia.era.zksync.dev,transfer,1000,3,4707,0xabd592f455b52e805edd890ad7fc2611e2e83af9390af5f0e3814ef4700258eb,6389390.826667,6391210.185333,1819.3586659999564,95186,25000000,,success,1,0,,,8581864
pilot_1790514765259,transfer_N1000_c3,0,2026-09-27T14:59:16.036Z,zkSyncTestnet,300,sepolia.era.zksync.dev,transfer,1000,3,4708,0xea1825c169710c2d72f8bbef0ffed5a038e8d70fc3de7cbaa6ea4a8a61b87b82,6389899.396208,6391741.609625,1842.213416999206,95186,25000000,,success,1,0,,,8581865
pilot_1790514765259,transfer_N1000_c3,0,2026-09-27T14:59:16.635Z,zkSyncTestnet,300,sepolia.era.zksync.dev,transfer,1000,3,4709,0xf4ab6d9173bd4e4250d77b941a8e74c38cbea373f465c6d14dca3bae11d48008,6390464.862958,6392340.107125,1875.2441670000553,95180,25000000,,success,1,0,,,8581866
pilot_1790514765259,transfer_N1000_c3,0,2026-09-27T14:59:17.893Z,zkSyncTestnet,300,sepolia.era.zksync.dev,transfer,1000,3,4710,0x1bedb6fc3ec3ed60672f0e89ff73b508cddd268a1e97f4683247214320e44a1e,6391210.317667,6393598.664125,2388.346458000131,95186,25000000,,success,1,0,,,8581867
pilot_1790514765259,transfer_N1000_c3,0,2026-09-27T14:59:18.386Z,zkSyncTestnet,300,sepolia.era.zksync.dev,transfer,1000,3,4711,0xb4dbf61ca2903f60860de7a826d71800e75993bafe3bbf1e94de9b2cdcf759b2,6391741.7615,6394091.363083,2349.6015830002725,95186,25000000,,success,1,0,,,8581868
pilot_1790514765259,transfer_N1000_c3,0,2026-09-27T14:59:18.444Z,zkSyncTestnet,300,sepolia.era.zksync.dev,transfer,1000,3,4712,0xfc9b765213b78afb6c5bbf34ca66cd6887742fae3d43721e5dfedbaea75e3409,6392340.23125,6394149.09175,1808.860499999486,95180,25000000,,success,1,0,,,8581868
pilot_1790514765259,transfer_N1000_c3,0,2026-09-27T14:59:20.245Z,zkSyncTestnet,300,sepolia.era.zksync.dev,transfer,1000,3,4714,0xff43a1949cfe46311d9c94918448a9a1a4b7d9ceeafa5fb0604e401e602da729,6394091.491417,6395950.400792,1858.9093749998137,95186,25000000,,success,1,0,,,8581870
pilot_1790514765259,transfer_N1000_c3,0,2026-09-27T14:59:20.626Z,zkSyncTestnet,300,sepolia.era.zksync.dev,transfer,1000,3,4713,0xd5b31de368cef50384425bfa3cf2320f8cd878c40c9eafdbda2d65679f1ed9e4,6393598.760083,6396330.818542,2732.0584589997306,95186,25000000,,success,1,0,,,8581869
pilot_1790514765259,transfer_N1000_c3,0,2026-09-27T14:59:21.531Z,zkSyncTestnet,300,sepolia.era.zksync.dev,transfer,1000,3,4715,0x87c6ab3aee324a4921cb036e4fc24819aad6c19044ef1d6c81636886869f1d89,6394149.122333,6397236.723292,3087.6009589992464,95180,25000000,,success,1,0,,,8581871
pilot_1790514765259,transfer_N1000_c3,0,2026-09-27T14:59:24.012Z,zkSyncTestnet,300,sepolia.era.zksync.dev,transfer,1000,3,4716,0x726a41058d9ab53491003f40add63bb1969fe80daecbc9c5b0a19d7d524ea14f,6395950.530958,6399716.974583,3766.4436250003055,95186,25000000,,success,1,0,,,8581873
pilot_1790514765259,transfer_N1000_c3,0,2026-09-27T14:59:24.231Z,zkSyncTestnet,300,sepolia.era.zksync.dev,transfer,1000,3,4718,0x4f18556b14845bd490366e2a0509a3ffcdee32486d53568bd599a7fddd5f4bd9,6397236.831458,6399935.834875,2699.0034170001745,95186,25000000,,success,1,0,,,8581874
pilot_1790514765259,transfer_N1000_c3,0,2026-09-27T14:59:24.704Z,zkSyncTestnet,300,sepolia.era.zksync.dev,transfer,1000,3,4717,0x71b53a9be611998e0d72fe84cdf7e7ff238aaf6b552f65f70450359dfc646406,6396330.881625,6400409.423333,4078.5417080000043,95180,25000000,,success,1,0,,,8581874
pilot_1790514765259,transfer_N1000_c3,0,2026-09-27T14:59:25.829Z,zkSyncTestnet,300,sepolia.era.zksync.dev,transfer,1000,3,4719,0x250477d6a0bd55b4a40a877695fbe66682268848f39647b8419b97675386de89,6399717.104458,6401533.924917,1816.8204590007663,95180,25000000,,success,1,0,,,8581875
pilot_1790514765259,transfer_N1000_c3,0,2026-09-27T14:59:26.130Z,zkSyncTestnet,300,sepolia.era.zksync.dev,transfer,1000,3,4720,0x641816eb3222d055e8ef962c68ea36171c6d02f511bf1bbc10508856032919f0,6399935.972917,6401835.210417,1899.2374999998137,95186,25000000,,success,1,0,,,8581876
pilot_1790514765259,transfer_N1000_c3,0,2026-09-27T14:59:26.779Z,zkSyncTestnet,300,sepolia.era.zksync.dev,transfer,1000,3,4721,0x1500591ae3fe6dbfced08072b5db00d9eb1f1605aaff08fa646f2d8a5b90f8d1,6400409.54775,6402484.060208,2074.512458000332,95180,25000000,,success,1,0,,,8581877
pilot_1790514765259,transfer_N1000_c3,0,2026-09-27T14:59:27.826Z,zkSyncTestnet,300,sepolia.era.zksync.dev,transfer,1000,3,4722,0x6fc0e93e287d1e9fb9609a73f1b2d51ff4956652437b04063cc04279419506e2,6401534.039625,6403531.599875,1997.5602500000969,95186,25000000,,success,1,0,,,8581878
pilot_1790514765259,transfer_N1000_c3,0,2026-09-27T14:59:28.175Z,zkSyncTestnet,300,sepolia.era.zksync.dev,transfer,1000,3,4723,0x9d21251cbd689359ec81d0bfa83bbaf020f024595ecfe553de1acdb4e493e3fd,6401835.312958,6403880.175208,2044.862249999307,95180,25000000,,success,1,0,,,8581879
pilot_1790514765259,transfer_N1000_c3,0,2026-09-27T14:59:28.630Z,zkSyncTestnet,300,sepolia.era.zksync.dev,transfer,1000,3,4724,0xc6427db3553d5606fd5edc4275163ea6305aab00cf1a7ca06437347606814617,6402484.195958,6404334.806625,1850.6106670005247,95180,25000000,,success,1,0,,,8581880
pilot_1790514765259,transfer_N1000_c3,0,2026-09-27T14:59:31.042Z,zkSyncTestnet,300,sepolia.era.zksync.dev,transfer,1000,3,4725,0xfab1ebd9f4043fbb3ea937f8e811d73a6ad1cf014cdcee55da5e36b32eeb7883,6403531.729167,6406746.831292,3215.1021249992773,95180,25000000,,success,1,0,,,8581881
pilot_1790514765259,transfer_N1000_c3,0,2026-09-27T14:59:31.047Z,zkSyncTestnet,300,sepolia.era.zksync.dev,transfer,1000,3,4726,0x127eb4f06066dedf309257c056d29a8fd1eff37270a8ed4b0ae8ef339360af96,6403880.3085,6406751.950167,2871.641667000018,95186,25000000,,success,1,0,,,8581882
pilot_1790514765259,transfer_N1000_c3,0,2026-09-27T14:59:31.542Z,zkSyncTestnet,300,sepolia.era.zksync.dev,transfer,1000,3,4727,0x37c5b7875c5db40c4c1b69ae6adf99fe7c753cb32cdc9aa531e912068fb10d4d,6404334.862167,6407247.109167,2912.2470000004396,95186,25000000,,success,1,0,,,8581883
pilot_1790514765259,transfer_N1000_c3,0,2026-09-27T14:59:33.703Z,zkSyncTestnet,300,sepolia.era.zksync.dev,transfer,1000,3,4729,0x9e92321166eb19ffdacf5589ea2aa021efff5a692e6f5b1d6da4535c32265354,6406751.971875,6409408.377333,2656.4054580004886,95180,25000000,,success,1,0,,,8581885
pilot_1790514765259,transfer_N1000_c3,0,2026-09-27T14:59:33.708Z,zkSyncTestnet,300,sepolia.era.zksync.dev,transfer,1000,3,4728,0xb7f8057903773b847c48f7abf61e2d16e1ed91acb04721d9a520b6c48b201838,6406746.988708,6409413.501708,2666.513000000268,95186,25000000,,success,1,0,,,8581884
pilot_1790514765259,transfer_N1000_c3,0,2026-09-27T14:59:34.160Z,zkSyncTestnet,300,sepolia.era.zksync.dev,transfer,1000,3,4730,0xb9cd306b2e170b245d9d0eb9a6f1b88e41abc7f3863f000093dd2362e9347997,6407247.237583,6409864.810083,2617.5724999997765,95180,25000000,,success,1,0,,,8581886
pilot_1790514765259,transfer_N1000_c3,0,2026-09-27T14:59:36.313Z,zkSyncTestnet,300,sepolia.era.zksync.dev,transfer,1000,3,4731,0x127c1681f419e3585d3bd84c0034576336c872eba0377b9a9222f418f2420c73,6409408.516042,6412018.250875,2609.734833000228,95186,25000000,,success,1,0,,,8581887
pilot_1790514765259,transfer_N1000_c3,0,2026-09-27T14:59:36.556Z,zkSyncTestnet,300,sepolia.era.zksync.dev,transfer,1000,3,4733,0x6f8a81768966bc9996b6e3dcc2a33dc4b1f932f60837bccdb7f06202ddb08fc2,6409864.924958,6412260.921458,2395.9965000003576,95180,25000000,,success,1,0,,,8581888
pilot_1790514765259,transfer_N1000_c3,0,2026-09-27T14:59:36.584Z,zkSyncTestnet,300,sepolia.era.zksync.dev,transfer,1000,3,4732,0x61811bb1214caa5c54286cbed4ce8032640b296d4ff2bf2b91e4b0eb09bd714e,6409413.523667,6412288.8325,2875.308832999319,95186,25000000,,success,1,0,,,8581888
pilot_1790514765259,transfer_N1000_c3,0,2026-09-27T14:59:39.007Z,zkSyncTestnet,300,sepolia.era.zksync.dev,transfer,1000,3,4734,0x9bad473c5f1857d8c6f2d7cfcca64f94606e0267d457e266b8e200fb93c49659,6412018.373458,6414712.177792,2693.804333999753,95186,25000000,,success,1,0,,,8581889
pilot_1790514765259,transfer_N1000_c3,0,2026-09-27T14:59:41.808Z,zkSyncTestnet,300,sepolia.era.zksync.dev,transfer,1000,3,4735,0x27a727d1a46b70551bd10f5b2319be797d1da43791d5c9b815ddd86bc788d7b7,6412261.155292,6417513.47525,5252.319958000444,95180,25000000,,success,1,0,,,8581890
pilot_1790514765259,transfer_N1000_c3,0,2026-09-27T14:59:42.765Z,zkSyncTestnet,300,sepolia.era.zksync.dev,transfer,1000,3,4736,0x460fc66ed9e0b9d7d4bc2eecc6e47384539e712e9508b3124f9cf934be37edcb,6412288.912792,6418470.495292,6181.582499999553,95180,25000000,,success,1,0,,,8581891
pilot_1790514765259,transfer_N1000_c3,0,2026-09-27T14:59:43.040Z,zkSyncTestnet,300,sepolia.era.zksync.dev,transfer,1000,3,4737,0x69d0030ef5bf2fb75584ed09a9dd675a9ac23729d0b02c602d05b20b4e4deee4,6414712.220125,6418745.070833,4032.850708000362,95186,25000000,,success,1,0,,,8581892
pilot_1790514765259,transfer_N1000_c3,0,2026-09-27T14:59:46.202Z,zkSyncTestnet,300,sepolia.era.zksync.dev,transfer,1000,3,4738,0x36aae121e28ddc7e276c73eb7fae022762a4259f02ee2da34b0d118e13453eeb,6417513.60225,6421907.285958,4393.683707999997,95186,25000000,,success,1,0,,,8581893
pilot_1790514765259,transfer_N1000_c3,0,2026-09-27T14:59:46.955Z,zkSyncTestnet,300,sepolia.era.zksync.dev,transfer,1000,3,4739,0xfae5d85e175517e71d1b333e96b86700c348aecb3bda89602772132e5748012c,6418470.595083,6422660.717083,4190.121999999508,95186,25000000,,success,1,0,,,8581894
pilot_1790514765259,transfer_N1000_c3,0,2026-09-27T14:59:47.994Z,zkSyncTestnet,300,sepolia.era.zksync.dev,transfer,1000,3,4740,0x276dad992b6502dd1f0bd668d385fd8a4c8ba725c2063fc0751abecc85923b11,6418745.203,6423699.299958,4954.096958000213,95180,25000000,,success,1,0,,,8581895
pilot_1790514765259,transfer_N1000_c3,0,2026-09-27T14:59:48.077Z,zkSyncTestnet,300,sepolia.era.zksync.dev,transfer,1000,3,4741,0xeaeb13a64e135db1928bdcb60b252620fabe56232858a3d26489a79c71e65fdc,6421907.422833,6423781.835583,1874.412750000134,95186,25000000,,success,1,0,,,8581895
pilot_1790514765259,transfer_N1000_c3,0,2026-09-27T14:59:50.278Z,zkSyncTestnet,300,sepolia.era.zksync.dev,transfer,1000,3,4742,0xcff66b78ba9b138fb7c1ff735bfd81345218a58a228234f948e130f0b9b58e2f,6422660.873958,6425983.179292,3322.305333999917,95186,25000000,,success,1,0,,,8581896
pilot_1790514765259,transfer_N1000_c3,0,2026-09-27T14:59:52.034Z,zkSyncTestnet,300,sepolia.era.zksync.dev,transfer,1000,3,4743,0x7c69b0fdb519aeb1bec230816e812e19844b8c35cbb21e74bc7fca04e0e327ce,6423699.433708,6427739.706792,4040.273083999753,95180,25000000,,success,1,0,,,8581897
pilot_1790514765259,transfer_N1000_c3,0,2026-09-27T14:59:53.030Z,zkSyncTestnet,300,sepolia.era.zksync.dev,transfer,1000,3,4744,0x9c72263eb31235da88ed8f955efbfa7d745dc591b111bef9949995cdd072a3bf,6423781.892167,6428735.339708,4953.4475410003215,95186,25000000,,success,1,0,,,8581898
pilot_1790514765259,transfer_N1000_c3,0,2026-09-27T14:59:53.596Z,zkSyncTestnet,300,sepolia.era.zksync.dev,transfer,1000,3,4745,0x5538eee1e90a9690b63fc78ad6ba5865cb398e82812661fb5ef309158206d47c,6425983.317792,6429301.291833,3317.9740410000086,95180,25000000,,success,1,0,,,8581899
pilot_1790514765259,transfer_N1000_c3,0,2026-09-27T14:59:53.877Z,zkSyncTestnet,300,sepolia.era.zksync.dev,transfer,1000,3,4746,0x63b7a299fe9c60151e85b2536ffadb5c16fc902a6403ed557b47a8198def838b,6427739.818833,6429581.744917,1841.926083999686,95186,25000000,,success,1,0,,,8581900
pilot_1790514765259,transfer_N1000_c3,0,2026-09-27T14:59:56.135Z,zkSyncTestnet,300,sepolia.era.zksync.dev,transfer,1000,3,4747,0xf3002234632ec7d7e68e781b4f2af4da5a5a9ae9a6f00e5d86062fc9e30654d1,6428735.451292,6431840.705125,3105.253833000548,95186,25000000,,success,1,0,,,8581901
pilot_1790514765259,transfer_N1000_c3,0,2026-09-27T14:59:56.367Z,zkSyncTestnet,300,sepolia.era.zksync.dev,transfer,1000,3,4748,0xb1c3810188ea5854f003897cfe327e5a0da9763d0672e074e949aa433e77238f,6429301.435125,6432072.680083,2771.2449580002576,95180,25000000,,success,1,0,,,8581901
pilot_1790514765259,transfer_N1000_c3,0,2026-09-27T14:59:57.408Z,zkSyncTestnet,300,sepolia.era.zksync.dev,transfer,1000,3,4749,0x2c091a7ce0cdd39613884c5c19aaa52ee4e29d740d2ac07cdb5caec4514d2ccd,6429581.808833,6433113.285333,3531.4764999998733,95180,25000000,,success,1,0,,,8581902
pilot_1790514765259,transfer_N1000_c3,0,2026-09-27T14:59:58.563Z,zkSyncTestnet,300,sepolia.era.zksync.dev,transfer,1000,3,4750,0x1c749c94471bbb1de28f885c72a4643a8e45dbeb97f16ebbeba18847165ffbc6,6431840.832542,6434268.167208,2427.334665999748,95180,25000000,,success,1,0,,,8581903
pilot_1790514765259,transfer_N1000_c3,0,2026-09-27T15:00:00.437Z,zkSyncTestnet,300,sepolia.era.zksync.dev,transfer,1000,3,4753,0xe35baa27fdcc0c0fcace7602bdec01e08613698fc249b8714494a2f0638907f7,6434268.284,6436141.729917,1873.4459170000628,95186,25000000,,success,1,0,,,8581904
pilot_1790514765259,transfer_N1000_c3,0,2026-09-27T15:00:01.074Z,zkSyncTestnet,300,sepolia.era.zksync.dev,transfer,1000,3,4752,0xa2ee07cb6c8fa3ae0f15dce37252c46991408bf96f80971366ce6195bd3cdad3,6433113.413458,6436778.710792,3665.2973340004683,95186,25000000,,success,1,0,,,8581904
pilot_1790514765259,transfer_N1000_c3,0,2026-09-27T15:00:01.372Z,zkSyncTestnet,300,sepolia.era.zksync.dev,transfer,1000,3,4751,0xd559bd086fe641ebd6805086c910239dbf0a61ce1e3dabbd9d6dab799bfcbb1a,6432072.774375,6437076.925333,5004.150957999751,95180,25000000,,success,1,0,,,8581904
pilot_1790514765259,transfer_N1000_c3,0,2026-09-27T15:00:03.299Z,zkSyncTestnet,300,sepolia.era.zksync.dev,transfer,1000,3,4754,0x4099c801199ab6ac8d47ef12dd48021893731a8a4bbb1fbf127f5c4e503db6ca,6436141.863667,6439004.470167,2862.6064999997616,95180,25000000,,success,1,0,,,8581905
pilot_1790514765259,transfer_N1000_c3,0,2026-09-27T15:00:04.290Z,zkSyncTestnet,300,sepolia.era.zksync.dev,transfer,1000,3,4755,0xa1f188c23bca8ebc5835928c3b0e966e70a2b5139bdf3ff57f0e7197eab4c9cb,6436778.962125,6439995.691917,3216.729792000726,95180,25000000,,success,1,0,,,8581906
pilot_1790514765259,transfer_N1000_c3,0,2026-09-27T15:00:04.551Z,zkSyncTestnet,300,sepolia.era.zksync.dev,transfer,1000,3,4756,0x21e425b7c1e318c82e54cd8eb73b268674da41864afe5d98ee1490df2e166972,6437076.997667,6440256.33375,3179.336083000526,95180,25000000,,success,1,0,,,8581906
pilot_1790514765259,transfer_N1000_c3,0,2026-09-27T15:00:07.143Z,zkSyncTestnet,300,sepolia.era.zksync.dev,transfer,1000,3,4758,0x1b99561ae33b2f45f3946bc24ed9a0586636cc30853c88ed0b4b90485a2a3478,6439995.828292,6442848.439,2852.6107080001384,95180,25000000,,success,1,0,,,8581908
pilot_1790514765259,transfer_N1000_c3,0,2026-09-27T15:00:07.148Z,zkSyncTestnet,300,sepolia.era.zksync.dev,transfer,1000,3,4757,0xbbe29cdf59466dc8eafb7b17c2d9c24a9c152a0a343f648cb5077aee88df4cd3,6439004.614333,6442853.401542,3848.787208999507,95180,25000000,,success,1,0,,,8581907
pilot_1790514765259,transfer_N1000_c3,0,2026-09-27T15:00:07.412Z,zkSyncTestnet,300,sepolia.era.zksync.dev,transfer,1000,3,4759,0x4fd8b00dac93b1565faf311bd46c076adebbfecbc95cbfba428b69670de993a2,6440256.405583,6443116.815792,2860.4102090001106,95180,25000000,,success,1,0,,,8581908
pilot_1790514765259,transfer_N1000_c3,0,2026-09-27T15:00:09.894Z,zkSyncTestnet,300,sepolia.era.zksync.dev,transfer,1000,3,4760,0xca31b7dc5ec2cf8b9487655117041e788cc69bcb6756ba6fd16abdd72cdf6842,6442848.56575,6445599.58075,2751.0149999996647,95186,25000000,,success,1,0,,,8581909
pilot_1790514765259,transfer_N1000_c3,0,2026-09-27T15:00:10.672Z,zkSyncTestnet,300,sepolia.era.zksync.dev,transfer,1000,3,4761,0xd07355587e35a6696aee2cde8a2401b28e2162c01f3c880230efde75f4103539,6442853.426625,6446377.686375,3524.25974999927,95180,25000000,,success,1,0,,,8581910
pilot_1790514765259,transfer_N1000_c3,0,2026-09-27T15:00:12.253Z,zkSyncTestnet,300,sepolia.era.zksync.dev,transfer,1000,3,4762,0xe9e9ab487cc92e5462774dce8c91e3a3079eab2df5607cf01c1c012dbdc84cbe,6443116.860375,6447958.344542,4841.484167000279,95180,25000000,,success,1,0,,,8581911
pilot_1790514765259,transfer_N1000_c3,0,2026-09-27T15:00:12.538Z,zkSyncTestnet,300,sepolia.era.zksync.dev,transfer,1000,3,4763,0xd512f8af3fd353c62deac75c8c1ca30c1ca6beea910fce9a1c4bb530820df516,6445599.694833,6448243.384583,2643.689749999903,95180,25000000,,success,1,0,,,8581912
pilot_1790514765259,transfer_N1000_c3,0,2026-09-27T15:00:13.440Z,zkSyncTestnet,300,sepolia.era.zksync.dev,transfer,1000,3,4764,0xa31d189356486769fbee5dded74f1ac54d92af8ba1468f0be7df8040b4c32bff,6446377.818125,6449144.853375,2767.0352499997243,95186,25000000,,success,1,0,,,8581913
pilot_1790514765259,transfer_N1000_c3,0,2026-09-27T15:00:14.217Z,zkSyncTestnet,300,sepolia.era.zksync.dev,transfer,1000,3,4765,0x4ac17e198be5c5c3d613eac62bf356707c075c60012dcbd67426adb2a8af601a,6447958.461625,6449922.584958,1964.1233329996467,95180,25000000,,success,1,0,,,8581914
pilot_1790514765259,transfer_N1000_c3,0,2026-09-27T15:00:14.760Z,zkSyncTestnet,300,sepolia.era.zksync.dev,transfer,1000,3,4766,0xea0c62a44196b68f8c33889c88915b5065727be751ba26c9026410caf2f1740f,6448243.480417,6450465.216458,2221.736041000113,95180,25000000,,success,1,0,,,8581915
pilot_1790514765259,transfer_N1000_c3,0,2026-09-27T15:00:15.349Z,zkSyncTestnet,300,sepolia.era.zksync.dev,transfer,1000,3,4767,0xcd4a78e7dd1cda8b00d3ad45a7bbabeedd7dcb46f34124ccd592de302556c3c1,6449144.942958,6451054.156875,1909.2139170002192,95180,25000000,,success,1,0,,,8581916
pilot_1790514765259,transfer_N1000_c3,0,2026-09-27T15:00:16.940Z,zkSyncTestnet,300,sepolia.era.zksync.dev,transfer,1000,3,4768,0x2f7b52d90445a0661950c169ece8014078de598b47aa7b2c7ce325c6ddd5c2ab,6449922.844542,6452645.253792,2722.4092499995604,95186,25000000,,success,1,0,,,8581917
pilot_1790514765259,transfer_N1000_c3,0,2026-09-27T15:00:18.469Z,zkSyncTestnet,300,sepolia.era.zksync.dev,transfer,1000,3,4769,0xb3dcbe68de187d0b59347861450a3cefbf03aff93475e0a17b4d5f5879cabea2,6450465.269208,6454174.366542,3709.097334000282,95186,25000000,,success,1,0,,,8581918
pilot_1790514765259,transfer_N1000_c3,0,2026-09-27T15:00:19.824Z,zkSyncTestnet,300,sepolia.era.zksync.dev,transfer,1000,3,4770,0xde90d56a689af10214aa35195fe0ba2d8f534eb8a9cadeb7d623c9e7359af7c8,6451054.425875,6455529.279333,4474.853458000347,95186,25000000,,success,1,0,,,8581919
pilot_1790514765259,transfer_N1000_c3,0,2026-09-27T15:00:21.137Z,zkSyncTestnet,300,sepolia.era.zksync.dev,transfer,1000,3,4771,0x311af9fb5d62e4504218de358e9394d00d2387ce268891e85a42ae1be1450413,6452645.33325,6456842.591167,4197.257916999981,95180,25000000,,success,1,0,,,8581920
pilot_1790514765259,transfer_N1000_c3,0,2026-09-27T15:00:22.737Z,zkSyncTestnet,300,sepolia.era.zksync.dev,transfer,1000,3,4772,0xa4c1bf9c8b85db561840913b51a0e45a945ac1a2a7418620bab15816eaa6371d,6454174.484958,6458442.009292,4267.524334000424,95186,25000000,,success,1,0,,,8581921
pilot_1790514765259,transfer_N1000_c3,0,2026-09-27T15:00:23.099Z,zkSyncTestnet,300,sepolia.era.zksync.dev,transfer,1000,3,4773,0xabf194e56417d0c3582ebf69fa43a41ed1264dd8a3be620aef4efcf646c0b9eb,6455529.401333,6458804.633667,3275.2323340000585,95186,25000000,,success,1,0,,,8581922
pilot_1790514765259,transfer_N1000_c3,0,2026-09-27T15:00:25.373Z,zkSyncTestnet,300,sepolia.era.zksync.dev,transfer,1000,3,4774,0xdc35d5c5c4afd2286f362b9d85c37f2a90bd2c527245666cfc8e34cc4b74c601,6456842.627042,6461077.723375,4235.096332999878,95180,25000000,,success,1,0,,,8581923
pilot_1790514765259,transfer_N1000_c3,0,2026-09-27T15:00:26.022Z,zkSyncTestnet,300,sepolia.era.zksync.dev,transfer,1000,3,4776,0x2081fdd13414579c381ec35f853fbf2aa4f8f8e35414dee752dc05aa45b362df,6458804.711542,6461727.522333,2922.8107909997925,95180,25000000,,success,1,0,,,8581925
pilot_1790514765259,transfer_N1000_c3,0,2026-09-27T15:00:26.642Z,zkSyncTestnet,300,sepolia.era.zksync.dev,transfer,1000,3,4775,0x7411e0f25bf3f0eed1f0bff5410b931723e45672b42fd7dc16d1faefb756e752,6458442.134792,6462347.324792,3905.19000000041,95186,25000000,,success,1,0,,,8581924
pilot_1790514765259,transfer_N1000_c3,0,2026-09-27T15:00:28.411Z,zkSyncTestnet,300,sepolia.era.zksync.dev,transfer,1000,3,4777,0xbc28a9f3b4f3f575d1a85e22d16a560a9c6937ef0ae5cb7b050f8cba5984f98f,6461077.851792,6464116.006583,3038.154790999368,95180,25000000,,success,1,0,,,8581927
pilot_1790514765259,transfer_N1000_c3,0,2026-09-27T15:00:29.165Z,zkSyncTestnet,300,sepolia.era.zksync.dev,transfer,1000,3,4778,0x73aa69381d4d8142e4680203329c24cb684acf59e16365675a488fa66808c186,6461727.66475,6464870.427875,3142.76312499959,95186,25000000,,success,1,0,,,8581928
pilot_1790514765259,transfer_N1000_c3,0,2026-09-27T15:00:29.170Z,zkSyncTestnet,300,sepolia.era.zksync.dev,transfer,1000,3,4779,0x71ad5762703de4c9723a336b82c1d7b5985fdb581811b6800b3e65062698daa3,6462347.460208,6464875.547042,2528.0868340004236,95186,25000000,,success,1,0,,,8581928
pilot_1790514765259,transfer_N1000_c3,0,2026-09-27T15:00:30.761Z,zkSyncTestnet,300,sepolia.era.zksync.dev,transfer,1000,3,4780,0xa46989a7e177322ad1627ccdbe785277f7f58df2d5e7c0d3aea7f89f15eed890,6464116.103667,6466465.668292,2349.56462499965,95180,25000000,,success,1,0,,,8581929
pilot_1790514765259,transfer_N1000_c3,0,2026-09-27T15:00:30.996Z,zkSyncTestnet,300,sepolia.era.zksync.dev,transfer,1000,3,4781,0x34effd05b4b269ef9917dc6b7d103e504e6d7de160de388af0bf07694b8e3270,6464870.538792,6466700.70125,1830.1624579997733,95180,25000000,,success,1,0,,,8581930
pilot_1790514765259,transfer_N1000_c3,0,2026-09-27T15:00:32.307Z,zkSyncTestnet,300,sepolia.era.zksync.dev,transfer,1000,3,4782,0x5ec9460d09bad973ca6621e3ffc06dc9e44184c025aee5179e921442cd1df2e3,6464875.568208,6468011.802042,3136.2338340003043,95186,25000000,,success,1,0,,,8581931
pilot_1790514765259,transfer_N1000_c3,0,2026-09-27T15:00:34.438Z,zkSyncTestnet,300,sepolia.era.zksync.dev,transfer,1000,3,4783,0xb18479df98137bde7d08425ae295cedb9dc71d9ffbe589f65e39a7a93a68711c,6466465.810875,6470143.536583,3677.7257079994306,95186,25000000,,success,1,0,,,8581932
pilot_1790514765259,transfer_N1000_c3,0,2026-09-27T15:00:34.446Z,zkSyncTestnet,300,sepolia.era.zksync.dev,transfer,1000,3,4784,0x3f5d1bf63b299520bdfbc383045b2b51b88f421e598b2c1e02a5d7bcef86c44c,6466700.779417,6470151.399917,3450.6205000001937,95186,25000000,,success,1,0,,,8581932
pilot_1790514765259,transfer_N1000_c3,0,2026-09-27T15:00:36.093Z,zkSyncTestnet,300,sepolia.era.zksync.dev,transfer,1000,3,4785,0x37ab64e3d025ba5e6719d936c2d10d3bd6decb8f8772322abca798b782104ac5,6468011.897917,6471798.125792,3786.227875000797,95180,25000000,,success,1,0,,,8581933
pilot_1790514765259,transfer_N1000_c3,0,2026-09-27T15:00:37.073Z,zkSyncTestnet,300,sepolia.era.zksync.dev,transfer,1000,3,4786,0x776a8d7d13f4997f174ea7943b74bb835787668c3a4727eaadbb3873ab292d41,6470143.693625,6472778.040458,2634.3468329999596,95186,25000000,,success,1,0,,,8581934
pilot_1790514765259,transfer_N1000_c3,0,2026-09-27T15:00:38.304Z,zkSyncTestnet,300,sepolia.era.zksync.dev,transfer,1000,3,4787,0xb925a5c897d146ffd8cd72b300a017f6a80f0b2788311152c40176492de25f27,6470151.451667,6474008.742917,3857.291250000708,95186,25000000,,success,1,0,,,8581935
pilot_1790514765259,transfer_N1000_c3,0,2026-09-27T15:00:38.871Z,zkSyncTestnet,300,sepolia.era.zksync.dev,transfer,1000,3,4788,0x5484f0bb0cb41a4d6b2c68c48ce07d2b180b4eb4d921de2d51e1d7cea8ef4432,6471798.180208,6474576.563708,2778.3834999995306,95186,25000000,,success,1,0,,,8581936
pilot_1790514765259,transfer_N1000_c3,0,2026-09-27T15:00:38.908Z,zkSyncTestnet,300,sepolia.era.zksync.dev,transfer,1000,3,4789,0xec30f4a5bc1f92654b3a7213355ee93b2558b810526af61088e1e757efbe9dcd,6472778.26525,6474613.137,1834.871749999933,95180,25000000,,success,1,0,,,8581937
pilot_1790514765259,transfer_N1000_c3,0,2026-09-27T15:00:40.700Z,zkSyncTestnet,300,sepolia.era.zksync.dev,transfer,1000,3,4790,0xcc30a34603e13a37164c186cff4a89400a6e0fcbbcdf65a6276a468d21e193f1,6474008.793792,6476404.763458,2395.9696659995243,95180,25000000,,success,1,0,,,8581938
pilot_1790514765259,transfer_N1000_c3,0,2026-09-27T15:00:40.705Z,zkSyncTestnet,300,sepolia.era.zksync.dev,transfer,1000,3,4791,0x2b2d22f95c9178858c647a2e5ea128a840928c667267b310b7ecb77e73135db2,6474576.728417,6476409.937333,1833.2089160000905,95180,25000000,,success,1,0,,,8581938
pilot_1790514765259,transfer_N1000_c3,0,2026-09-27T15:00:41.972Z,zkSyncTestnet,300,sepolia.era.zksync.dev,transfer,1000,3,4792,0xf5a60290130bfbf80f98564d04c0ef618351eda725043b9122e4bd82760ab6cd,6474613.273458,6477677.261875,3063.9884169995785,95180,25000000,,success,1,0,,,8581939
pilot_1790514765259,transfer_N1000_c3,0,2026-09-27T15:00:42.537Z,zkSyncTestnet,300,sepolia.era.zksync.dev,transfer,1000,3,4793,0x87eb1f48c9f2cf5ee04a82bba62e6da3ce0b8d0ee7b9aa9c6cec12802ed096b9,6476404.879,6478242.402417,1837.5234170006588,95180,25000000,,success,1,0,,,8581940
pilot_1790514765259,transfer_N1000_c3,0,2026-09-27T15:00:43.845Z,zkSyncTestnet,300,sepolia.era.zksync.dev,transfer,1000,3,4794,0x89ebcb4e3897084cffac42b4df67f8a70a9a8cf5b146ad0b6412a6e07cfa2270,6476409.971625,6479549.692625,3139.720999999903,95186,25000000,,success,1,0,,,8581941
pilot_1790514765259,transfer_N1000_c3,0,2026-09-27T15:00:43.849Z,zkSyncTestnet,300,sepolia.era.zksync.dev,transfer,1000,3,4795,0xe8521458689cfbbfda39d2b809751fc426d7533147083d82efa74d67d16b79c1,6477677.402208,6479554.404292,1877.0020840000361,95180,25000000,,success,1,0,,,8581942
pilot_1790514765259,transfer_N1000_c3,0,2026-09-27T15:00:45.423Z,zkSyncTestnet,300,sepolia.era.zksync.dev,transfer,1000,3,4796,0xe5b76c7a2cd6308ef29a10e12eafc30d838bb908477c314e3e0f6c541ee37ed3,6478242.458125,6481127.650583,2885.192458000034,95180,25000000,,success,1,0,,,8581943
pilot_1790514765259,transfer_N1000_c3,0,2026-09-27T15:00:46.216Z,zkSyncTestnet,300,sepolia.era.zksync.dev,transfer,1000,3,4797,0x17c03c0470c06f29685290f77f1bc79db8bc2c44f05b473c8ea394ac11af567e,6479549.80575,6481921.492917,2371.6871670000255,95180,25000000,,success,1,0,,,8581944
pilot_1790514765259,transfer_N1000_c3,0,2026-09-27T15:00:46.505Z,zkSyncTestnet,300,sepolia.era.zksync.dev,transfer,1000,3,4798,0x3e324f35b4c40b5c99ea2d71dabd026bab627c254cfd6c788a93ddecf68d2c03,6479554.425042,6482210.460875,2656.0358330002055,95186,25000000,,success,1,0,,,8581945
pilot_1790514765259,transfer_N1000_c3,0,2026-09-27T15:00:47.263Z,zkSyncTestnet,300,sepolia.era.zksync.dev,transfer,1000,3,4799,0xfd0e990ad62fb18680aded6bb4c8b916fc07f0d3f46ee19bf585c26b785830b9,6481127.751333,6482968.062042,1840.3107089996338,95186,25000000,,success,1,0,,,8581946
pilot_1790514765259,transfer_N1000_c3,0,2026-09-27T15:00:48.829Z,zkSyncTestnet,300,sepolia.era.zksync.dev,transfer,1000,3,4800,0x1aeeb2e39f1646abc1ab6cb880de6be5c2b0622a6e53629a734dbaaaf253e5e8,6481921.648875,6484534.340833,2612.691957999952,95186,25000000,,success,1,0,,,8581947
pilot_1790514765259,transfer_N1000_c3,0,2026-09-27T15:00:49.614Z,zkSyncTestnet,300,sepolia.era.zksync.dev,transfer,1000,3,4802,0x2902d32cb66424415d946e47daf98030256561de96e95db3857ae8083c114ccd,6482968.16825,6485318.960833,2350.792582999915,95180,25000000,,success,1,0,,,8581949
pilot_1790514765259,transfer_N1000_c3,0,2026-09-27T15:00:49.877Z,zkSyncTestnet,300,sepolia.era.zksync.dev,transfer,1000,3,4801,0xf9fb96ff440b14ef1e1e24def279ee9b7096ab77dd108cec85691a41d9a467fa,6482210.596125,6485581.673958,3371.077832999639,95180,25000000,,success,1,0,,,8581948
pilot_1790514765259,transfer_N1000_c3,0,2026-09-27T15:00:51.458Z,zkSyncTestnet,300,sepolia.era.zksync.dev,transfer,1000,3,4804,0xcc300654ee30fd85909689470ad6af770e8bc2158dbe54795482c5d4ed8bf7c0,6485319.102667,6487163.213167,1844.110499999486,95180,25000000,,success,1,0,,,8581950
pilot_1790514765259,transfer_N1000_c3,0,2026-09-27T15:00:51.736Z,zkSyncTestnet,300,sepolia.era.zksync.dev,transfer,1000,3,4805,0xf01f1de421f85765672cf3e9441db0444bb0f5212c770384c210299a4b219637,6485581.792792,6487441.207042,1859.41425000038,95186,25000000,,success,1,0,,,8581951
pilot_1790514765259,transfer_N1000_c3,0,2026-09-27T15:00:53.576Z,zkSyncTestnet,300,sepolia.era.zksync.dev,transfer,1000,3,4803,0x5c535ee68e3e46279168f45a3baaff3435320a2a9f99c3864c04a1e2556aeb8f,6484534.437083,6489280.995458,4746.558375000022,95180,25000000,,success,1,0,,,8581950
pilot_1790514765259,transfer_N1000_c3,0,2026-09-27T15:00:55.388Z,zkSyncTestnet,300,sepolia.era.zksync.dev,transfer,1000,3,4806,0x2daab5ec8ab898f9fd7fcf9ea680de9d21c9183fbfddd4a1005ceacbc7844b6f,6487163.363125,6491093.595542,3930.2324169995263,95180,25000000,,success,1,0,,,8581952
pilot_1790514765259,transfer_N1000_c3,0,2026-09-27T15:00:55.904Z,zkSyncTestnet,300,sepolia.era.zksync.dev,transfer,1000,3,4807,0x40a538cae408b12a3f30fbbe37ce61e496e5e94519743d59824e621f7046956a,6487441.273292,6491608.771042,4167.4977499991655,95186,25000000,,success,1,0,,,8581953
pilot_1790514765259,transfer_N1000_c3,0,2026-09-27T15:00:55.971Z,zkSyncTestnet,300,sepolia.era.zksync.dev,transfer,1000,3,4808,0xb05af4c5fe52f8e0badc495daebca25794d5f9a11e7f0b576d38cc65bac72120,6489281.208167,6491675.68875,2394.480582999997,95186,25000000,,success,1,0,,,8581953
pilot_1790514765259,transfer_N1000_c3,0,2026-09-27T15:00:58.030Z,zkSyncTestnet,300,sepolia.era.zksync.dev,transfer,1000,3,4809,0x26342d0e5a167635e1a1b97a698099ace4ee4a3ba8e484f253181aa6b27193f9,6491093.64375,6493734.959542,2641.315791999921,95180,25000000,,success,1,0,,,8581954
pilot_1790514765259,transfer_N1000_c3,0,2026-09-27T15:00:59.110Z,zkSyncTestnet,300,sepolia.era.zksync.dev,transfer,1000,3,4810,0xbd517fd9b998138e3621e1d8c47e9b5520ff01f9cb176f641f4e2961f177a1d3,6491608.870917,6494815.051708,3206.1807909999043,95180,25000000,,success,1,0,,,8581955
pilot_1790514765259,transfer_N1000_c3,0,2026-09-27T15:01:00.309Z,zkSyncTestnet,300,sepolia.era.zksync.dev,transfer,1000,3,4811,0xd2954be673f79a041bf9f13ff27a91f57eb5a63f1887ff3b3cc8248b40129493,6491675.7345,6496014.136,4338.401499999687,95186,25000000,,success,1,0,,,8581956
pilot_1790514765259,transfer_N1000_c3,0,2026-09-27T15:01:01.304Z,zkSyncTestnet,300,sepolia.era.zksync.dev,transfer,1000,3,4812,0xeb30e38d02d29427d4b6613c582a450ac7674169b56add05e2ea5b6744fc081d,6493735.063875,6497009.323625,3274.259750000201,95186,25000000,,success,1,0,,,8581958
pilot_1790514765259,transfer_N1000_c3,0,2026-09-27T15:01:01.700Z,zkSyncTestnet,300,sepolia.era.zksync.dev,transfer,1000,3,4813,0x01109d274a75f4fdd4e1329a1443e5e063aedc51db825f3c7abd6d5a83129f57,6494815.201958,6497405.507917,2590.305959000252,95186,25000000,,success,1,0,,,8581959
pilot_1790514765259,transfer_N1000_c3,0,2026-09-27T15:01:04.916Z,zkSyncTestnet,300,sepolia.era.zksync.dev,transfer,1000,3,4814,0xcc24ccd8f243e053ca2bb00168fe0c76259422b3a68dd669517068e84a50e1b6,6496014.330625,6500621.406875,4607.0762499999255,95180,25000000,,success,1,0,,,8581961
pilot_1790514765259,transfer_N1000_c3,0,2026-09-27T15:01:05.659Z,zkSyncTestnet,300,sepolia.era.zksync.dev,transfer,1000,3,4815,0x7cb9a133623ccd06cbc79c5411808550997a73bd87cde6bd070de2b8d4c75b4e,6497009.45025,6501364.499958,4355.049708000384,95186,25000000,,success,1,0,,,8581962
pilot_1790514765259,transfer_N1000_c3,0,2026-09-27T15:01:05.927Z,zkSyncTestnet,300,sepolia.era.zksync.dev,transfer,1000,3,4816,0x4a01c930ca632fcae60ee373da4572317209246e817c76fa149187c321e00053,6497405.581167,6501632.129208,4226.548041000031,95180,25000000,,success,1,0,,,8581962
pilot_1790514765259,transfer_N1000_c3,0,2026-09-27T15:01:07.434Z,zkSyncTestnet,300,sepolia.era.zksync.dev,transfer,1000,3,4817,0xe5acb962e0f474c95d54a0a1b4086e0db3e43486d9d0e32707e33b1800c8aa59,6500621.646292,6503139.124625,2517.4783330000937,95180,25000000,,success,1,0,,,8581963
pilot_1790514765259,transfer_N1000_c3,0,2026-09-27T15:01:11.934Z,zkSyncTestnet,300,sepolia.era.zksync.dev,transfer,1000,3,4819,0xfb5465b916b3886e0f501f609041245c3d5e03ea74cfae64c75b77b32580b023,6501632.261458,6507639.497208,6007.235749999993,95180,25000000,,success,1,0,,,8581964
pilot_1790514765259,transfer_N1000_c3,0,2026-09-27T15:01:12.515Z,zkSyncTestnet,300,sepolia.era.zksync.dev,transfer,1000,3,4820,0x5509f1ec1bccfef1877643c9789c5a85091b0a10f6e6f288f6c12a76f599d496,6503139.239917,6508219.819625,5080.579707999714,95180,25000000,,success,1,0,,,8581965
pilot_1790514765259,transfer_N1000_c3,0,2026-09-27T15:01:12.903Z,zkSyncTestnet,300,sepolia.era.zksync.dev,transfer,1000,3,4818,0x33e00bbbd191ccf125f566b0908849703f007a72ec7c73cf59b9bb22fcc4d8ca,6501364.631625,6508607.917792,7243.286166999489,95180,25000000,,success,1,0,,,8581964
pilot_1790514765259,transfer_N1000_c3,0,2026-09-27T15:01:17.017Z,zkSyncTestnet,300,sepolia.era.zksync.dev,transfer,1000,3,4821,0xedbab2dc4754c820fa09872b49a68e6473c1d5681b107707995e9bb591348ddf,6507639.613458,6512722.328125,5082.7146669998765,95186,25000000,,success,1,0,,,8581966
pilot_1790514765259,transfer_N1000_c3,0,2026-09-27T15:01:17.250Z,zkSyncTestnet,300,sepolia.era.zksync.dev,transfer,1000,3,4823,0x38b2e667e0e12a42409bb3064569be6a61a9f282dc64e3445b509a1e3bfd8fd2,6508608.093375,6512955.105208,4347.011832999997,95180,25000000,,success,1,0,,,8581967
pilot_1790514765259,transfer_N1000_c3,0,2026-09-27T15:01:17.280Z,zkSyncTestnet,300,sepolia.era.zksync.dev,transfer,1000,3,4822,0xdcf646175362985ba8b4f57d1300011cac24ac794419a08996902da19a0d9fa9,6508219.866,6512984.678625,4764.812624999322,95180,25000000,,success,1,0,,,8581967
pilot_1790514765259,transfer_N1000_c3,0,2026-09-27T15:01:19.752Z,zkSyncTestnet,300,sepolia.era.zksync.dev,transfer,1000,3,4824,0x12848614274efcaed776176481e55624f2d14f7ac765487047644926dbc74374,6512722.479083,6515457.115708,2734.6366250002757,95186,25000000,,success,1,0,,,8581968
pilot_1790514765259,transfer_N1000_c3,0,2026-09-27T15:01:20.020Z,zkSyncTestnet,300,sepolia.era.zksync.dev,transfer,1000,3,4825,0x977637cc392637333f5a73d07502d490f3b950bebc6eb6571c4afc768a3ba74c,6512955.161792,6515725.366042,2770.2042500004172,95186,25000000,,success,1,0,,,8581969
pilot_1790514765259,transfer_N1000_c3,0,2026-09-27T15:01:20.271Z,zkSyncTestnet,300,sepolia.era.zksync.dev,transfer,1000,3,4826,0x7570c63311d1fcca173f1c973ec4ecb9dc0b8887b9c6ac4aba908b3d814eacd1,6512984.73775,6515975.912917,2991.175166999921,95186,25000000,,success,1,0,,,8581969
pilot_1790514765259,transfer_N1000_c3,0,2026-09-27T15:01:22.412Z,zkSyncTestnet,300,sepolia.era.zksync.dev,transfer,1000,3,4827,0x12aa8966867798fc8d8942e20915b4b4000fc239fc9b8fd04d1de19323c02e10,6515457.242917,6518116.642625,2659.3997080000117,95180,25000000,,success,1,0,,,8581970
pilot_1790514765259,transfer_N1000_c3,0,2026-09-27T15:01:22.644Z,zkSyncTestnet,300,sepolia.era.zksync.dev,transfer,1000,3,4828,0xaebeca49cb6adbdf7d653e285537f901daf4f1423a4be0357e7126e15abeb769,6515725.473792,6518349.327792,2623.854000000283,95180,25000000,,success,1,0,,,8581971
pilot_1790514765259,transfer_N1000_c3,0,2026-09-27T15:01:23.189Z,zkSyncTestnet,300,sepolia.era.zksync.dev,transfer,1000,3,4829,0x7e016cdf53a77cce05f5a94f0698a73281ed967674a88e4b4c9d65243a6f2b90,6515976.038833,6518893.596167,2917.5573340002447,95186,25000000,,success,1,0,,,8581972
pilot_1790514765259,transfer_N1000_c3,0,2026-09-27T15:01:24.244Z,zkSyncTestnet,300,sepolia.era.zksync.dev,transfer,1000,3,4830,0xe6a060d99aa427e61e5df483032bbda35c8901ee7e00c8efadfe2baa99d1b04a,6518116.761958,6519949.096917,1832.3349589994177,95186,25000000,,success,1,0,,,8581973
pilot_1790514765259,transfer_N1000_c3,0,2026-09-27T15:01:25.320Z,zkSyncTestnet,300,sepolia.era.zksync.dev,transfer,1000,3,4831,0xc3bc2300c6858289d484df463382512a006db675b0fecb898141949d17f51c85,6518349.409708,6521025.39125,2675.981542000547,95186,25000000,,success,1,0,,,8581974
pilot_1790514765259,transfer_N1000_c3,0,2026-09-27T15:01:26.674Z,zkSyncTestnet,300,sepolia.era.zksync.dev,transfer,1000,3,4832,0xd68bb081a6d3914221745f92b59bd166daed6243f80b8b66f82ec0eced9d7f22,6518893.723333,6522378.615958,3484.8926249993965,95186,25000000,,success,1,0,,,8581975
pilot_1790514765259,transfer_N1000_c3,0,2026-09-27T15:01:26.677Z,zkSyncTestnet,300,sepolia.era.zksync.dev,transfer,1000,3,4833,0x1531ab2c464a0bb43ecb08c873daa699f4860252fc2f4ab27d62535cf36faabd,6519949.23975,6522381.567542,2432.3277920000255,95186,25000000,,success,1,0,,,8581976
pilot_1790514765259,transfer_N1000_c3,0,2026-09-27T15:01:27.269Z,zkSyncTestnet,300,sepolia.era.zksync.dev,transfer,1000,3,4834,0x8a82301485faa9832b0e35d35f38b62ed47099bcfc2dea13a8ffac9d25414a8d,6521025.551708,6522973.831583,1948.2798750000075,95186,25000000,,success,1,0,,,8581977
pilot_1790514765259,transfer_N1000_c3,0,2026-09-27T15:01:29.522Z,zkSyncTestnet,300,sepolia.era.zksync.dev,transfer,1000,3,4835,0xace5e670a2085b727a9f102af35efba0bf5c1e80270f9fde8958d5235d1f1153,6522378.737,6525226.598583,2847.861583000049,95180,25000000,,success,1,0,,,8581978
pilot_1790514765259,transfer_N1000_c3,0,2026-09-27T15:01:29.786Z,zkSyncTestnet,300,sepolia.era.zksync.dev,transfer,1000,3,4836,0x65eab50f4fdb6a5056c221ff4985fb1dd2b92939eb33b0c82a22c8212052e63c,6522381.586292,6525490.76225,3109.1759580001235,95180,25000000,,success,1,0,,,8581979
pilot_1790514765259,transfer_N1000_c3,0,2026-09-27T15:01:30.323Z,zkSyncTestnet,300,sepolia.era.zksync.dev,transfer,1000,3,4837,0xe31cd54406dd6b8be75be2d4555cd363293cc843479b81c698488349609c2100,6522973.953667,6526028.094375,3054.140708000399,95180,25000000,,success,1,0,,,8581980
pilot_1790514765259,transfer_N1000_c3,0,2026-09-27T15:01:31.662Z,zkSyncTestnet,300,sepolia.era.zksync.dev,transfer,1000,3,4839,0x6ac67a11d51a5dc9bdff9848e3d33a4074bca5a907473bcb7a9dd549b1a29347,6525490.907833,6527366.777208,1875.8693750007078,95180,25000000,,success,1,0,,,8581981
pilot_1790514765259,transfer_N1000_c3,0,2026-09-27T15:01:32.125Z,zkSyncTestnet,300,sepolia.era.zksync.dev,transfer,1000,3,4838,0xe2f5e3591250e085da32533a332dd0f1779a1f97ab9d6f6e2293c98511623db5,6525226.742583,6527829.805042,2603.062458999455,95186,25000000,,success,1,0,,,8581981
pilot_1790514765259,transfer_N1000_c3,0,2026-09-27T15:01:32.131Z,zkSyncTestnet,300,sepolia.era.zksync.dev,transfer,1000,3,4840,0x064ae8c1707eff56cba1f390ec08de1de1c11f303dfc5e123becccf848129160,6526028.231958,6527835.703583,1807.4716250002384,95186,25000000,,success,1,0,,,8581982
pilot_1790514765259,transfer_N1000_c3,0,2026-09-27T15:01:34.176Z,zkSyncTestnet,300,sepolia.era.zksync.dev,transfer,1000,3,4841,0x12e0a4fe15cda43c9883212582fc7766d75ade581bd9f515942e391390d58a22,6527366.83025,6529880.824417,2513.9941670000553,95180,25000000,,success,1,0,,,8581984
pilot_1790514765259,transfer_N1000_c3,0,2026-09-27T15:01:34.418Z,zkSyncTestnet,300,sepolia.era.zksync.dev,transfer,1000,3,4842,0x4711f2d6dc33c294c8bc18f698bfbf908248658d984e4eca9eead5876226c7cc,6527829.92725,6530122.572917,2292.6456670006737,95186,25000000,,success,1,0,,,8581985
pilot_1790514765259,transfer_N1000_c3,0,2026-09-27T15:01:34.760Z,zkSyncTestnet,300,sepolia.era.zksync.dev,transfer,1000,3,4843,0xf50e58e7213367782d4d6f7f1426bdb7c2ca4aa99c8e65d2d398013898b67cb8,6527835.7385,6530464.591708,2628.8532079998404,95180,25000000,,success,1,0,,,8581986
pilot_1790514765259,transfer_N1000_c3,0,2026-09-27T15:01:36.116Z,zkSyncTestnet,300,sepolia.era.zksync.dev,transfer,1000,3,4844,0x33ec0d7f0dc7b6f5cd2e0506e188d8eb746edd7a94ea771648d1ec32cd00c03f,6529880.95225,6531820.589917,1939.6376670002937,95180,25000000,,success,1,0,,,8581987
pilot_1790514765259,transfer_N1000_c3,0,2026-09-27T15:01:36.297Z,zkSyncTestnet,300,sepolia.era.zksync.dev,transfer,1000,3,4845,0x36830f88872f5483470e6d742ed745b6490bf3788b1739413e1db4d6950ecf1e,6530122.69125,6532002.214417,1879.5231670001522,95186,25000000,,success,1,0,,,8581988
pilot_1790514765259,transfer_N1000_c3,0,2026-09-27T15:01:37.461Z,zkSyncTestnet,300,sepolia.era.zksync.dev,transfer,1000,3,4846,0x0c3112291b095b315d42fefee8841a02d34e660562cf9fe423859e98c67c7842,6530464.687667,6533166.030667,2701.3430000003427,95186,25000000,,success,1,0,,,8581989
pilot_1790514765259,transfer_N1000_c3,0,2026-09-27T15:01:39.163Z,zkSyncTestnet,300,sepolia.era.zksync.dev,transfer,1000,3,4847,0x8c9a14b1efcd13607bfb8d88034cbdbe1d1775b557450721605de80583a9070d,6531820.664708,6534868.076208,3047.411500000395,95186,25000000,,success,1,0,,,8581990
pilot_1790514765259,transfer_N1000_c3,0,2026-09-27T15:01:39.960Z,zkSyncTestnet,300,sepolia.era.zksync.dev,transfer,1000,3,4848,0xa363030e021dc33a1fcd035c1da49ebb531b7a840e727e2abe3519d523956782,6532002.266625,6535664.817125,3662.5504999998957,95186,25000000,,success,1,0,,,8581991
pilot_1790514765259,transfer_N1000_c3,0,2026-09-27T15:01:40.192Z,zkSyncTestnet,300,sepolia.era.zksync.dev,transfer,1000,3,4849,0xf218db453451f48dbe1e1740e8b5c73e01eb9ef188cd1c93788db3f398bbe3bc,6533166.190708,6535896.974083,2730.78337499965,95186,25000000,,success,1,0,,,8581992
pilot_1790514765259,transfer_N1000_c3,0,2026-09-27T15:01:41.018Z,zkSyncTestnet,300,sepolia.era.zksync.dev,transfer,1000,3,4850,0xb9846a44e59c886b0f233dec49591a45d2c9ab8b70973a28270343e3c9fe90cb,6534868.213458,6536723.158292,1854.944834000431,95180,25000000,,success,1,0,,,8581993
pilot_1790514765259,transfer_N1000_c3,0,2026-09-27T15:01:42.669Z,zkSyncTestnet,300,sepolia.era.zksync.dev,transfer,1000,3,4851,0x658455681e806e334e6c0d9653b9b617ce73fc013d31d2f27352c4762f13985b,6535664.862125,6538374.485333,2709.6232080003247,95186,25000000,,success,1,0,,,8581995
pilot_1790514765259,transfer_N1000_c3,0,2026-09-27T15:01:44.660Z,zkSyncTestnet,300,sepolia.era.zksync.dev,transfer,1000,3,4852,0x11e21891cc3bf720579d7c6f429a028e4cd0e8daa1dcbd33d22a91cc37105dfd,6535897.112208,6540364.584583,4467.472374999896,95186,25000000,,success,1,0,,,8581996
pilot_1790514765259,transfer_N1000_c3,0,2026-09-27T15:01:44.909Z,zkSyncTestnet,300,sepolia.era.zksync.dev,transfer,1000,3,4853,0xa53c58e6b67b1cbabc6e801bdc27e201f873b3e83e49662ec5714529b2a577d6,6536723.294875,6540613.660208,3890.365333000198,95186,25000000,,success,1,0,,,8581996
pilot_1790514765259,transfer_N1000_c3,0,2026-09-27T15:01:46.276Z,zkSyncTestnet,300,sepolia.era.zksync.dev,transfer,1000,3,4854,0x02f3e8c38af6fd9bf2af7f23b6eeac8d6ce14a069a0a7d9e759988c111333641,6538374.536458,6541981.16325,3606.6267920006067,95186,25000000,,success,1,0,,,8581997
pilot_1790514765259,transfer_N1000_c3,0,2026-09-27T15:01:47.345Z,zkSyncTestnet,300,sepolia.era.zksync.dev,transfer,1000,3,4855,0x52bfdd429254285f65856282a94d186a5a6f6c31a9848111e158922dc411ebcd,6540364.629958,6543049.623625,2684.9936669999734,95180,25000000,,success,1,0,,,8581998
pilot_1790514765259,transfer_N1000_c3,0,2026-09-27T15:01:47.614Z,zkSyncTestnet,300,sepolia.era.zksync.dev,transfer,1000,3,4856,0xbfffbb5cc965f32626c2b61cd2adc5005c006d7f6ecb4d7f24d379c4e53e78b2,6540613.781875,6543318.5445,2704.7626249995083,95180,25000000,,success,1,0,,,8581998
pilot_1790514765259,transfer_N1000_c3,0,2026-09-27T15:01:49.932Z,zkSyncTestnet,300,sepolia.era.zksync.dev,transfer,1000,3,4857,0x5116fc832fa3ce04f080f860ac488a1530bb275d9b6d40b817eebbccdf0d9e12,6541981.3065,6545636.489167,3655.182667000219,95180,25000000,,success,1,0,,,8581999
pilot_1790514765259,transfer_N1000_c3,0,2026-09-27T15:01:50.209Z,zkSyncTestnet,300,sepolia.era.zksync.dev,transfer,1000,3,4858,0x11faf74e47ec328c2c592bc0fe98cf8f4c3eb4664fc260d48f148453e000836d,6543049.723208,6545913.885875,2864.162666999735,95180,25000000,,success,1,0,,,8581999
pilot_1790514765259,transfer_N1000_c3,0,2026-09-27T15:01:51.589Z,zkSyncTestnet,300,sepolia.era.zksync.dev,transfer,1000,3,4859,0x1c78614fe47a18150e90af3e53aecb6d53084c466473519ed88aea9e2b090611,6543318.66275,6547294.223208,3975.560457999818,95180,25000000,,success,1,0,,,8582000
pilot_1790514765259,transfer_N1000_c3,0,2026-09-27T15:01:51.852Z,zkSyncTestnet,300,sepolia.era.zksync.dev,transfer,1000,3,4860,0x8c5e8cefb5a4d3b88da1db7aa65918f361f34ceba48e0047cbde72989bc24045,6545636.608458,6547556.841708,1920.2332499995828,95180,25000000,,success,1,0,,,8582001
pilot_1790514765259,transfer_N1000_c3,0,2026-09-27T15:01:53.071Z,zkSyncTestnet,300,sepolia.era.zksync.dev,transfer,1000,3,4861,0x1d6d978579d7f4078627f2316f1f0ba329b26ca4356c7ebd0f0590ce389e37be,6545914.024792,6548775.971167,2861.9463750002906,95186,25000000,,success,1,0,,,8582002
pilot_1790514765259,transfer_N1000_c3,0,2026-09-27T15:01:54.385Z,zkSyncTestnet,300,sepolia.era.zksync.dev,transfer,1000,3,4862,0x7337b26798d973de9c9f7b40e9ad743cabbab010843a63f18ff2ee1d6afd6d5c,6547294.359333,6550090.180625,2795.8212919998914,95180,25000000,,success,1,0,,,8582004
pilot_1790514765259,transfer_N1000_c3,0,2026-09-27T15:01:56.792Z,zkSyncTestnet,300,sepolia.era.zksync.dev,transfer,1000,3,4863,0xdc474cd4236b77e101b3779eb2bfcc13d1fb4897c0d09e66806925bab276bc16,6547557.064375,6552496.681125,4939.616750000045,95186,25000000,,success,1,0,,,8582005
pilot_1790514765259,transfer_N1000_c3,0,2026-09-27T15:01:57.392Z,zkSyncTestnet,300,sepolia.era.zksync.dev,transfer,1000,3,4864,0x49e380e13d3ecccfbadb8cda8d55cb993865c68d64dee89fc21c5af56da2794a,6548776.1175,6553096.53925,4320.421750000678,95186,25000000,,success,1,0,,,8582007
pilot_1790514765259,transfer_N1000_c3,0,2026-09-27T15:01:58.817Z,zkSyncTestnet,300,sepolia.era.zksync.dev,transfer,1000,3,4866,0xff9647bf1180939da1b942e5fd667c9b17f94fef378561e406f141c4f7e9dce9,6552496.814875,6554521.656667,2024.8417919995263,95180,25000000,,success,1,0,,,8582008
pilot_1790514765259,transfer_N1000_c3,0,2026-09-27T15:01:59.339Z,zkSyncTestnet,300,sepolia.era.zksync.dev,transfer,1000,3,4865,0xfdadb5884087f52dca445bec83161e860af4976a7a4643954a97e9c3ba1e1efd,6550090.286708,6555044.347042,4954.060333999805,95186,25000000,,success,1,0,,,8582008
pilot_1790514765259,transfer_N1000_c3,0,2026-09-27T15:01:59.391Z,zkSyncTestnet,300,sepolia.era.zksync.dev,transfer,1000,3,4867,0xf6ba6995a0fbfb40182bb5189b8038259e3db4468d511d3a997a5d43c6dea501,6553096.677417,6555095.779083,1999.1016659997404,95186,25000000,,success,1,0,,,8582009
pilot_1790514765259,transfer_N1000_c3,0,2026-09-27T15:02:01.233Z,zkSyncTestnet,300,sepolia.era.zksync.dev,transfer,1000,3,4869,0x126343f2b7dfe281ba6afe291a906f14b46764fbe054661cc495a09f5384f063,6555044.586917,6556937.921042,1893.3341250000522,95180,25000000,,success,1,0,,,8582011
pilot_1790514765259,transfer_N1000_c3,0,2026-09-27T15:02:01.466Z,zkSyncTestnet,300,sepolia.era.zksync.dev,transfer,1000,3,4868,0x930b364abf947aca319378959fd02dce7f38274b02b028913af9fc7419528624,6554521.784167,6557170.525208,2648.741041000001,95180,25000000,,success,1,0,,,8582010
pilot_1790514765259,transfer_N1000_c3,0,2026-09-27T15:02:02.760Z,zkSyncTestnet,300,sepolia.era.zksync.dev,transfer,1000,3,4870,0xc922945e10e30bbc68c68cdeef6c05444d51905aa7b4bfe166e75905f0e2e5a1,6555095.823292,6558465.052125,3369.2288330001757,95180,25000000,,success,1,0,,,8582012
pilot_1790514765259,transfer_N1000_c3,0,2026-09-27T15:02:05.273Z,zkSyncTestnet,300,sepolia.era.zksync.dev,transfer,1000,3,4871,0xc39f81d5340f153d7821835cdf07db7fc4c592df45a464563775a87d751f5272,6556938.030458,6560977.649792,4039.619334000163,95180,25000000,,success,1,0,,,8582013
pilot_1790514765259,transfer_N1000_c3,0,2026-09-27T15:02:05.884Z,zkSyncTestnet,300,sepolia.era.zksync.dev,transfer,1000,3,4872,0xdb0eb4adbde24d704cbdd6462a5fea8ba5e844d2e7a862b864469bd17dd33a87,6557170.594167,6561588.57,4417.975833000615,95186,25000000,,success,1,0,,,8582014
pilot_1790514765259,transfer_N1000_c3,0,2026-09-27T15:02:06.902Z,zkSyncTestnet,300,sepolia.era.zksync.dev,transfer,1000,3,4873,0x07b0e296da0569d55b0331c2bda5b500a0b381053931aafdfe4420b8c242b51d,6558465.18725,6562607.252,4142.064749999903,95186,25000000,,success,1,0,,,8582015
pilot_1790514765259,transfer_N1000_c3,0,2026-09-27T15:02:09.613Z,zkSyncTestnet,300,sepolia.era.zksync.dev,transfer,1000,3,4874,0x76e50f8b25b3278f510f2048fa65329a37798f1faa5f5417f1be90d9544b0efc,6560977.805542,6565318.313958,4340.508416000754,95180,25000000,,success,1,0,,,8582016
pilot_1790514765259,transfer_N1000_c3,0,2026-09-27T15:02:10.366Z,zkSyncTestnet,300,sepolia.era.zksync.dev,transfer,1000,3,4875,0x44b9da87eae8a02bd020ec507b918dad1aa8cc34bf67eadc5f12671a827bd74f,6561588.634417,6566071.428167,4482.793750000186,95180,25000000,,success,1,0,,,8582017
pilot_1790514765259,transfer_N1000_c3,0,2026-09-27T15:02:11.923Z,zkSyncTestnet,300,sepolia.era.zksync.dev,transfer,1000,3,4876,0x796a9337de105d4f3bab1b91c08ea6adde6c7e0c4a86618b1047440bce206517,6562607.386292,6567628.086375,5020.700082999654,95180,25000000,,success,1,0,,,8582018
pilot_1790514765259,transfer_N1000_c3,0,2026-09-27T15:02:12.213Z,zkSyncTestnet,300,sepolia.era.zksync.dev,transfer,1000,3,4877,0xe82bfab0a15a07e23a1cc1c585f0bbda3d3c6f38fb16e3a6984221421aea89e3,6565318.437417,6567918.262083,2599.8246659999713,95180,25000000,,success,1,0,,,8582019
pilot_1790514765259,transfer_N1000_c3,0,2026-09-27T15:02:12.436Z,zkSyncTestnet,300,sepolia.era.zksync.dev,transfer,1000,3,4878,0x6878d078173ae6a14b6d25a1b07e0300e35b56c9a0cbee6b7151819cfb711218,6566071.489208,6568140.460958,2068.9717500004917,95180,25000000,,success,1,0,,,8582019
pilot_1790514765259,transfer_N1000_c3,0,2026-09-27T15:02:16.216Z,zkSyncTestnet,300,sepolia.era.zksync.dev,transfer,1000,3,4879,0x93987c1843e1cc1eea4e9f056ae1ba63144a2f085ab5205ff0a45408bba029eb,6567628.210125,6571920.706167,4292.49604200013,95180,25000000,,success,1,0,,,8582020
pilot_1790514765259,transfer_N1000_c3,0,2026-09-27T15:02:16.703Z,zkSyncTestnet,300,sepolia.era.zksync.dev,transfer,1000,3,4880,0xd9787c7b1697e49c3ec0c40633e7369ffff4ab6048658a7b2af85e875d97c373,6567918.381083,6572407.689625,4489.3085419991985,95180,25000000,,success,1,0,,,8582021
pilot_1790514765259,transfer_N1000_c3,0,2026-09-27T15:02:17.689Z,zkSyncTestnet,300,sepolia.era.zksync.dev,transfer,1000,3,4881,0x123e4265f3628a60a6ac90143d5f92930f93eaf984617c1ee265f5acc7cc9b02,6568140.508708,6573393.835917,5253.327208999544,95180,25000000,,success,1,0,,,8582022
pilot_1790514765259,transfer_N1000_c3,0,2026-09-27T15:02:19.008Z,zkSyncTestnet,300,sepolia.era.zksync.dev,transfer,1000,3,4882,0x9dabeeb60d4aacb70ca0ccc8e5a988c2f1144bbca0f5670950feb6c82f5eef7e,6571920.816208,6574712.427875,2791.6116669997573,95180,25000000,,success,1,0,,,8582023
pilot_1790514765259,transfer_N1000_c3,0,2026-09-27T15:02:19.565Z,zkSyncTestnet,300,sepolia.era.zksync.dev,transfer,1000,3,4883,0x0c15cbb666e1e54d4287a2a648c109a0bbf3a2d136e362ea3c8b3331aa6a6ee6,6572407.741917,6575269.6945,2861.952583000064,95186,25000000,,success,1,0,,,8582024
pilot_1790514765259,transfer_N1000_c3,0,2026-09-27T15:02:20.315Z,zkSyncTestnet,300,sepolia.era.zksync.dev,transfer,1000,3,4884,0xdb95f3a74814cbb9f66874ced0893325e6acfb6146ac6a11f46c4d1c6b0e4cf0,6573393.9455,6576019.675667,2625.730166999623,95180,25000000,,success,1,0,,,8582025
pilot_1790514765259,transfer_N1000_c3,0,2026-09-27T15:02:20.835Z,zkSyncTestnet,300,sepolia.era.zksync.dev,transfer,1000,3,4885,0xfbf44a14c81d3c53deafd8404b053ded0aba97c723d5e9dacf9dc3886d40fed0,6574712.566917,6576539.676917,1827.109999999404,95180,25000000,,success,1,0,,,8582026
pilot_1790514765259,transfer_N1000_c3,0,2026-09-27T15:02:21.360Z,zkSyncTestnet,300,sepolia.era.zksync.dev,transfer,1000,3,4886,0x81d6bddf3e1d558ee57777642d81988716214fb6be93a7e1edad23dc07bb66dd,6575269.799,6577064.665458,1794.8664580006152,95186,25000000,,success,1,0,,,8582027
pilot_1790514765259,transfer_N1000_c3,0,2026-09-27T15:02:22.145Z,zkSyncTestnet,300,sepolia.era.zksync.dev,transfer,1000,3,4887,0xd7c6fc14a9af796989c6f8b5b81e38180367fe57f29c19bcd5664cddec8eb6b2,6576019.795083,6577850.247708,1830.452624999918,95186,25000000,,success,1,0,,,8582028
pilot_1790514765259,transfer_N1000_c3,0,2026-09-27T15:02:22.682Z,zkSyncTestnet,300,sepolia.era.zksync.dev,transfer,1000,3,4888,0xde8b0d8f5580024dc969196b5b941ddc49183ecb0ef5cea6df05b173be7ac138,6576539.815125,6578386.580333,1846.7652080003172,95186,25000000,,success,1,0,,,8582029
pilot_1790514765259,transfer_N1000_c3,0,2026-09-27T15:02:23.281Z,zkSyncTestnet,300,sepolia.era.zksync.dev,transfer,1000,3,4889,0x1e073929fd3aacfe336ddc9495d60554b6f8acd56af9f016ab70f3844052b195,6577064.814542,6578986.288083,1921.4735409999266,95186,25000000,,success,1,0,,,8582030
pilot_1790514765259,transfer_N1000_c3,0,2026-09-27T15:02:25.046Z,zkSyncTestnet,300,sepolia.era.zksync.dev,transfer,1000,3,4890,0xb66ec09e6a29fcf949ff24609a23f68e68c8cac152a83cdb373910fae123d6e1,6577850.35775,6580750.693958,2900.336207999848,95180,25000000,,success,1,0,,,8582032
pilot_1790514765259,transfer_N1000_c3,0,2026-09-27T15:02:25.271Z,zkSyncTestnet,300,sepolia.era.zksync.dev,transfer,1000,3,4891,0x242a80062484d9ad353917b7a44dc18d3f38c897ff9dca79c08f78279402479b,6578386.796833,6580976.339167,2589.5423339996487,95180,25000000,,success,1,0,,,8582033
pilot_1790514765259,transfer_N1000_c3,0,2026-09-27T15:02:26.099Z,zkSyncTestnet,300,sepolia.era.zksync.dev,transfer,1000,3,4892,0x12c2ab7670d10ab954cd904fd520d2074f2ac77e9d78fcbbd0a6480097ca365f,6578986.423458,6581803.814083,2817.390625,95186,25000000,,success,1,0,,,8582034
pilot_1790514765259,transfer_N1000_c3,0,2026-09-27T15:02:36.647Z,zkSyncTestnet,300,sepolia.era.zksync.dev,transfer,1000,3,4893,0xca50603117c3305f3b8a2fc1cbb0ddb1d4eda5f8ae664cb85f9dcd6e8bab8a05,6580750.801083,6592352.123917,11601.322833999991,95186,25000000,,success,1,0,,,8582035
pilot_1790514765259,transfer_N1000_c3,0,2026-09-27T15:02:37.386Z,zkSyncTestnet,300,sepolia.era.zksync.dev,transfer,1000,3,4894,0x0e9be79923471ad7a379eb5fe4a4667be7a667a2b164b569037ca9de7bba3c08,6580976.382625,6593091.303375,12114.920750000514,95180,25000000,,success,1,0,,,8582036
pilot_1790514765259,transfer_N1000_c3,0,2026-09-27T15:02:37.707Z,zkSyncTestnet,300,sepolia.era.zksync.dev,transfer,1000,3,4895,0xf7c64a8550707d9d3cd1d34f3fd5c05b2ebacf392daf1e12790d737bfd311162,6581803.9075,6593412.120542,11608.213042000309,95180,25000000,,success,1,0,,,8582037
pilot_1790514765259,transfer_N1000_c3,0,2026-09-27T15:02:38.662Z,zkSyncTestnet,300,sepolia.era.zksync.dev,transfer,1000,3,4896,0x7103961b006c21a1056776bc1534dc83d3ff175488c9cba2d002c428b8f55390,6592352.265417,6594366.772,2014.506582999602,95186,25000000,,success,1,0,,,8582038
pilot_1790514765259,transfer_N1000_c3,0,2026-09-27T15:02:39.326Z,zkSyncTestnet,300,sepolia.era.zksync.dev,transfer,1000,3,4897,0xb283ae1865f64c77e57d6405942bd3c36c361c3e39e6f580c3750e38bfc35b45,6593091.558458,6595031.153542,1939.5950839994475,95186,25000000,,success,1,0,,,8582039
pilot_1790514765259,transfer_N1000_c3,0,2026-09-27T15:02:39.543Z,zkSyncTestnet,300,sepolia.era.zksync.dev,transfer,1000,3,4898,0x3e95d71ea68cd931be47d4f95030ccd7a8e9ee433b381832faa8fb9ae3c3c22a,6593412.243,6595248.144167,1835.901167000644,95180,25000000,,success,1,0,,,8582040
pilot_1790514765259,transfer_N1000_c3,0,2026-09-27T15:02:40.502Z,zkSyncTestnet,300,sepolia.era.zksync.dev,transfer,1000,3,4899,0xb80405a512712775b7081e173ef46e150d8fa9efdd34ee3e215f6c2519144a89,6594366.904708,6596207.155667,1840.2509590005502,95186,25000000,,success,1,0,,,8582041
pilot_1790514765259,transfer_N1000_c3,0,2026-09-27T15:02:41.141Z,zkSyncTestnet,300,sepolia.era.zksync.dev,transfer,1000,3,4900,0x16fc16cc57e87f36690233ee7690fd891b6ea98afc69a6f7ee6c495a8d484f56,6595031.272708,6596845.442708,1814.1699999999255,95186,25000000,,success,1,0,,,8582042
pilot_1790514765259,transfer_N1000_c3,0,2026-09-27T15:02:41.370Z,zkSyncTestnet,300,sepolia.era.zksync.dev,transfer,1000,3,4901,0x42608ee5b348d618b672be3a79edeb24321c90b688e5caa3e43bcd8ed788d1bf,6595248.258667,6597074.825375,1826.5667080003768,95252,25000000,,success,1,0,,,8582043
pilot_1790514765259,transfer_N1000_c3,0,2026-09-27T15:02:43.115Z,zkSyncTestnet,300,sepolia.era.zksync.dev,transfer,1000,3,4903,0x8930edba66c69a6009a6c600695db6eff480cd011b71c6a219756095b67a0701,6596845.682542,6598819.711833,1974.0292910002172,95186,25000000,,success,1,0,,,8582044
pilot_1790514765259,transfer_N1000_c3,0,2026-09-27T15:02:43.602Z,zkSyncTestnet,300,sepolia.era.zksync.dev,transfer,1000,3,4902,0xcc571674470877e02b7ce2469d545d7c0c31ecaf42a83d4fc5149cabbe1946b0,6596207.478208,6599307.250625,3099.772417000495,95180,25000000,,success,1,0,,,8582044
pilot_1790514765259,transfer_N1000_c3,0,2026-09-27T15:02:44.695Z,zkSyncTestnet,300,sepolia.era.zksync.dev,transfer,1000,3,4904,0x414f70dd1612bdfdb6ee2d80df00c8e815edd2cca1e0644c64172048f78536dc,6597075.075333,6600400.349083,3325.273749999702,95186,25000000,,success,1,0,,,8582045
pilot_1790514765259,transfer_N1000_c3,0,2026-09-27T15:02:45.229Z,zkSyncTestnet,300,sepolia.era.zksync.dev,transfer,1000,3,4905,0x8b98fa5b72657f4cb2d02d345d8ba11eb3141ad341f08ca0d76698ba2729d492,6598819.78675,6600933.369792,2113.5830420004204,95180,25000000,,success,1,0,,,8582046
pilot_1790514765259,transfer_N1000_c3,0,2026-09-27T15:02:45.476Z,zkSyncTestnet,300,sepolia.era.zksync.dev,transfer,1000,3,4906,0xa79eed5ca1259bc30295232799db33b6d50ef827525b471a4c58c2869b356a2f,6599307.353875,6601181.121083,1873.7672079997137,95186,25000000,,success,1,0,,,8582046
pilot_1790514765259,transfer_N1000_c3,0,2026-09-27T15:02:47.046Z,zkSyncTestnet,300,sepolia.era.zksync.dev,transfer,1000,3,4907,0x0077db52770df81901921a96e9c3446c799e0ec17e22a36d95bff4f2be56fa8c,6600400.4895,6602750.999458,2350.5099579999223,95180,25000000,,success,1,0,,,8582047
pilot_1790514765259,transfer_N1000_c3,0,2026-09-27T15:02:47.121Z,zkSyncTestnet,300,sepolia.era.zksync.dev,transfer,1000,3,4908,0x2dbe78fef7348f02dc46c9187c864d1af7af2a26cd5c3b4c5b52375f569fe488,6600933.517625,6602825.722792,1892.2051669992507,95186,25000000,,success,1,0,,,8582047
pilot_1790514765259,transfer_N1000_c3,0,2026-09-27T15:02:47.299Z,zkSyncTestnet,300,sepolia.era.zksync.dev,transfer,1000,3,4909,0x2437a5d556b08930e4daae725849707ceab5316a4fcdedec3d61e45ca3f440d6,6601181.226667,6603003.509833,1822.2831659996882,95186,25000000,,success,1,0,,,8582048
pilot_1790514765259,transfer_N1000_c3,0,2026-09-27T15:02:48.907Z,zkSyncTestnet,300,sepolia.era.zksync.dev,transfer,1000,3,4910,0xe2f53edd025bbaaa3845ed0d9b2783981542c96b59ef7519e6b909ef9c40c59d,6602751.112167,6604611.756208,1860.644040999934,95180,25000000,,success,1,0,,,8582049
pilot_1790514765259,transfer_N1000_c3,0,2026-09-27T15:02:48.940Z,zkSyncTestnet,300,sepolia.era.zksync.dev,transfer,1000,3,4911,0x6ae6c6f75940bb9ca4e2a846cea4888cb0ee4f96ab29fea940e1acf1be6c2093,6602825.78275,6604644.955708,1819.1729579996318,95180,25000000,,success,1,0,,,8582050
pilot_1790514765259,transfer_N1000_c3,0,2026-09-27T15:02:49.167Z,zkSyncTestnet,300,sepolia.era.zksync.dev,transfer,1000,3,4912,0xb091ff13d6e966c428216ccaeb9dad636a94dce82cb044d1326fa71d1939c86b,6603003.612792,6604871.685833,1868.0730409994721,95186,25000000,,success,1,0,,,8582050
pilot_1790514765259,transfer_N1000_c3,0,2026-09-27T15:02:50.783Z,zkSyncTestnet,300,sepolia.era.zksync.dev,transfer,1000,3,4914,0x08778b38470305f53a02696fbecaf2d6705fa111d19861fc286ba10089869df5,6604645.012542,6606487.663667,1842.6511249998584,95180,25000000,,success,1,0,,,8582052
pilot_1790514765259,transfer_N1000_c3,0,2026-09-27T15:02:50.787Z,zkSyncTestnet,300,sepolia.era.zksync.dev,transfer,1000,3,4913,0x011f94889ab5291a54629f988cc879c14bd523de95ddf68605f39887a6d37699,6604611.84425,6606492.313083,1880.4688329994678,95186,25000000,,success,1,0,,,8582051
pilot_1790514765259,transfer_N1000_c3,0,2026-09-27T15:02:50.981Z,zkSyncTestnet,300,sepolia.era.zksync.dev,transfer,1000,3,4915,0x04b7ea86be56656f4783fb594edd6866e8bd5eaf8f2539c454b7fe714e3b8aff,6604871.781125,6606686.174042,1814.3929170006886,95186,25000000,,success,1,0,,,8582052
pilot_1790514765259,transfer_N1000_c3,0,2026-09-27T15:02:52.584Z,zkSyncTestnet,300,sepolia.era.zksync.dev,transfer,1000,3,4916,0x9ecb47cb6abe4a4b364b3700b0773e2e78c1581444e14057378d2733a3f0eb0d,6606487.777042,6608288.75075,1800.973708000034,95180,25000000,,success,1,0,,,8582053
pilot_1790514765259,transfer_N1000_c3,0,2026-09-27T15:02:52.597Z,zkSyncTestnet,300,sepolia.era.zksync.dev,transfer,1000,3,4917,0xc4e9b831d30f7c7639d5c9d822d016a547b81858c155f64fc48cd60d935af83b,6606492.333583,6608301.537917,1809.2043340001255,95186,25000000,,success,1,0,,,8582054
pilot_1790514765259,transfer_N1000_c3,0,2026-09-27T15:02:52.839Z,zkSyncTestnet,300,sepolia.era.zksync.dev,transfer,1000,3,4918,0x961dd4dd9ccff1a19ae9e84851aa1057e4ee4b24fae23ecf0eb7745310c5c0ba,6606686.229083,6608544.294708,1858.0656249998137,95186,25000000,,success,1,0,,,8582054
pilot_1790514765259,transfer_N1000_c3,0,2026-09-27T15:02:54.407Z,zkSyncTestnet,300,sepolia.era.zksync.dev,transfer,1000,3,4919,0x5031030e0ab392322297d52611c1dc571579d43b749959bfcb560f9a0e98c01a,6608288.876417,6610112.067333,1823.190915999934,95186,25000000,,success,1,0,,,8582055
pilot_1790514765259,transfer_N1000_c3,0,2026-09-27T15:02:54.458Z,zkSyncTestnet,300,sepolia.era.zksync.dev,transfer,1000,3,4920,0x8804675ff31b83a31b988fcf835c19659b4b53a660c46d9f322ec1ddba384b1f,6608301.578917,6610162.967333,1861.3884159997106,95186,25000000,,success,1,0,,,8582056
pilot_1790514765259,transfer_N1000_c3,0,2026-09-27T15:02:54.622Z,zkSyncTestnet,300,sepolia.era.zksync.dev,transfer,1000,3,4921,0x54529bf9efd5c4f78581cdc1c5a8bc376368c44fe0a17817a7dc6aceac6881b4,6608544.372042,6610327.143,1782.7709579998627,95186,25000000,,success,1,0,,,8582056
pilot_1790514765259,transfer_N1000_c3,0,2026-09-27T15:02:56.204Z,zkSyncTestnet,300,sepolia.era.zksync.dev,transfer,1000,3,4922,0x8ea0505a5623567d0b2aab3db2ff05685415f339a80fa6f7452096a2114a9102,6610112.192667,6611909.304625,1797.1119579998776,95186,25000000,,success,1,0,,,8582057
pilot_1790514765259,transfer_N1000_c3,0,2026-09-27T15:02:56.262Z,zkSyncTestnet,300,sepolia.era.zksync.dev,transfer,1000,3,4923,0xd6a429435d0c5be9f7437247076f91a2e0b8050715a890776d6725b1e6506f85,6610163.011208,6611966.341417,1803.3302090000361,95180,25000000,,success,1,0,,,8582058
pilot_1790514765259,transfer_N1000_c3,0,2026-09-27T15:02:56.516Z,zkSyncTestnet,300,sepolia.era.zksync.dev,transfer,1000,3,4924,0xfbe3893bc783bfbdee903ef9c15fb84f77bb4a069393736b099762b89bb78d94,6610327.308,6612221.07475,1893.766749999486,95180,25000000,,success,1,0,,,8582058
pilot_1790514765259,transfer_N1000_c3,0,2026-09-27T15:02:58.063Z,zkSyncTestnet,300,sepolia.era.zksync.dev,transfer,1000,3,4926,0x2cb8a5cb201066f820f885e49ec8daa9b1c3fd7e57b6f2c118e99a8cd6b2f25f,6611966.456833,6613768.02275,1801.5659169992432,95180,25000000,,success,1,0,,,8582060
pilot_1790514765259,transfer_N1000_c3,0,2026-09-27T15:02:58.102Z,zkSyncTestnet,300,sepolia.era.zksync.dev,transfer,1000,3,4925,0xb85b968e870aec234c646c8954890d5c2b0ff01eef7b3e5491818896714b3ba2,6611909.431792,6613806.605417,1897.1736249998212,95186,25000000,,success,1,0,,,8582059
pilot_1790514765259,transfer_N1000_c3,0,2026-09-27T15:02:58.323Z,zkSyncTestnet,300,sepolia.era.zksync.dev,transfer,1000,3,4927,0x616804903657348bc7e7038f6e0cb032e1fa9449d5ad7e20e62e952846f8c767,6612221.130083,6614028.183042,1807.0529589997604,95180,25000000,,success,1,0,,,8582060
pilot_1790514765259,transfer_N1000_c3,0,2026-09-27T15:03:01.981Z,zkSyncTestnet,300,sepolia.era.zksync.dev,transfer,1000,3,4928,0x5ebad0c1db38d2f713acbd7510469377ee5073846fbf65e81d9ee6135d2673b9,6613768.141208,6617685.482875,3917.3416670002043,95186,25000000,,success,1,0,,,8582061
pilot_1790514765259,transfer_N1000_c3,0,2026-09-27T15:03:02.253Z,zkSyncTestnet,300,sepolia.era.zksync.dev,transfer,1000,3,4929,0x35df74a6b25efcac3e28374b278447d595d184b266e28c3edffa13be702fe226,6613806.642792,6617958.155042,4151.51224999968,95186,25000000,,success,1,0,,,8582062
pilot_1790514765259,transfer_N1000_c3,0,2026-09-27T15:03:02.485Z,zkSyncTestnet,300,sepolia.era.zksync.dev,transfer,1000,3,4930,0x36e0611ee0561d5ac486916215b662b69a2fdb46b04358f198bab2ec371cd2f1,6614028.305042,6618190.067333,4161.762291000225,95180,25000000,,success,1,0,,,8582062
pilot_1790514765259,transfer_N1000_c3,0,2026-09-27T15:03:03.876Z,zkSyncTestnet,300,sepolia.era.zksync.dev,transfer,1000,3,4931,0x9e961bb7af138bc07510c963de43f255124540b664ef233a47224e262dd4329a,6617685.875167,6619581.108,1895.2328329999,95186,25000000,,success,1,0,,,8582063
pilot_1790514765259,transfer_N1000_c3,0,2026-09-27T15:03:04.087Z,zkSyncTestnet,300,sepolia.era.zksync.dev,transfer,1000,3,4932,0x53ca3e4e407aedf2e48a6c6dea25be8093770e7cccd15850ec3918909c1afe70,6617958.312167,6619791.449208,1833.137040999718,95180,25000000,,success,1,0,,,8582064
pilot_1790514765259,transfer_N1000_c3,0,2026-09-27T15:03:04.366Z,zkSyncTestnet,300,sepolia.era.zksync.dev,transfer,1000,3,4933,0x30302f2e2564d232f89f6671189dc88288294466f9a964bde452000cff321456,6618190.141208,6620070.949208,1880.8080000001937,95186,25000000,,success,1,0,,,8582065
pilot_1790514765259,transfer_N1000_c3,0,2026-09-27T15:03:05.700Z,zkSyncTestnet,300,sepolia.era.zksync.dev,transfer,1000,3,4934,0xf26b70c91f557fd3732444f69b93534dd160f278af9690a752a6a4fe31a9a6ad,6619581.193708,6621404.357958,1823.16425000038,95180,25000000,,success,1,0,,,8582066
pilot_1790514765259,transfer_N1000_c3,0,2026-09-27T15:03:05.943Z,zkSyncTestnet,300,sepolia.era.zksync.dev,transfer,1000,3,4935,0xbe575a17e0b545be3c56e6aa37827595043d444743f4bc08bda256897d5bc198,6619791.533958,6621647.325042,1855.7910839999095,95186,25000000,,success,1,0,,,8582067
pilot_1790514765259,transfer_N1000_c3,0,2026-09-27T15:03:06.172Z,zkSyncTestnet,300,sepolia.era.zksync.dev,transfer,1000,3,4936,0x64b0032191009e0f6bd5f00a87dfcec488ac37d4fc68460fa061686d35c09c9e,6620071.096875,6621877.291125,1806.1942500006407,95186,25000000,,success,1,0,,,8582068
pilot_1790514765259,transfer_N1000_c3,0,2026-09-27T15:03:07.541Z,zkSyncTestnet,300,sepolia.era.zksync.dev,transfer,1000,3,4937,0xdca0c1788e594e749f195d47258112300293588cef25655752a5f73043ed295a,6621404.485292,6623245.816125,1841.330833000131,95186,25000000,,success,1,0,,,8582069
pilot_1790514765259,transfer_N1000_c3,0,2026-09-27T15:03:08.068Z,zkSyncTestnet,300,sepolia.era.zksync.dev,transfer,1000,3,4939,0xfa54faf073c9d49efaa1d58a2b9b5f53323ea6dc2d9fc9c3b2fe8dd0698740af,6621877.554083,6623773.099542,1895.5454590003937,95186,25000000,,success,1,0,,,8582071
pilot_1790514765259,transfer_N1000_c3,0,2026-09-27T15:03:08.432Z,zkSyncTestnet,300,sepolia.era.zksync.dev,transfer,1000,3,4938,0x7e562709ee9d90f69b39b20c8d01f78aec9f58f4b97dca7c9000eb87b896cbf0,6621647.374792,6624136.498792,2489.123999999836,95186,25000000,,success,1,0,,,8582070
pilot_1790514765259,transfer_N1000_c3,0,2026-09-27T15:03:09.345Z,zkSyncTestnet,300,sepolia.era.zksync.dev,transfer,1000,3,4940,0xc67d5edbc31e6e2f38dea846eef8ce5076603bb2fea94d8090cbc434b73d3bae,6623245.962583,6625050.266375,1804.303791999817,95186,25000000,,success,1,0,,,8582072
pilot_1790514765259,transfer_N1000_c3,0,2026-09-27T15:03:09.881Z,zkSyncTestnet,300,sepolia.era.zksync.dev,transfer,1000,3,4941,0x996cc849353c47dbd631b5a8a3d558180b55f51972eacd2beb48740d3485fc26,6623773.146167,6625585.974583,1812.8284160001203,95186,25000000,,success,1,0,,,8582073
pilot_1790514765259,transfer_N1000_c3,0,2026-09-27T15:03:10.372Z,zkSyncTestnet,300,sepolia.era.zksync.dev,transfer,1000,3,4942,0x82c23dacc7ac5fd198a8ac0224ae96503512e45a788b0bcb9795f90dc700b7fc,6624136.638458,6626076.84075,1940.2022920008749,95180,25000000,,success,1,0,,,8582074
pilot_1790514765259,transfer_N1000_c3,0,2026-09-27T15:03:11.169Z,zkSyncTestnet,300,sepolia.era.zksync.dev,transfer,1000,3,4943,0x9f6dd4b520bd61f53a75fdd2b69274e742b8cef1fc908224ee2b1da49ce5afd3,6625050.50975,6626873.766958,1823.2572079999372,95186,25000000,,success,1,0,,,8582075
pilot_1790514765259,transfer_N1000_c3,0,2026-09-27T15:03:11.693Z,zkSyncTestnet,300,sepolia.era.zksync.dev,transfer,1000,3,4944,0x0ea6359f23510ae737ad75924cebd277468c02f85dee1ba71c5e28da1a57ab2d,6625586.081417,6627397.834042,1811.7526249997318,95186,25000000,,success,1,0,,,8582076
pilot_1790514765259,transfer_N1000_c3,0,2026-09-27T15:03:12.223Z,zkSyncTestnet,300,sepolia.era.zksync.dev,transfer,1000,3,4945,0x4bf24b1bca311cc402ddf935532a1122dc50dca0601d58d2ab1e82c5ca85921a,6626076.977417,6627927.955833,1850.9784160004929,95186,25000000,,success,1,0,,,8582077
pilot_1790514765259,transfer_N1000_c3,0,2026-09-27T15:03:12.966Z,zkSyncTestnet,300,sepolia.era.zksync.dev,transfer,1000,3,4946,0x162bcfc7eca164ad0859b1068eb9278d930daa069775cee22669f72a10352ecc,6626873.92425,6628670.542833,1796.618583000265,95186,25000000,,success,1,0,,,8582078
pilot_1790514765259,transfer_N1000_c3,0,2026-09-27T15:03:13.495Z,zkSyncTestnet,300,sepolia.era.zksync.dev,transfer,1000,3,4947,0x73fb170d99ad2d3d8203bd4fde5982857e36e8acbbf552755ebe672d2c415a29,6627398.095083,6629200.097875,1802.0027919998392,95186,25000000,,success,1,0,,,8582079
pilot_1790514765259,transfer_N1000_c3,0,2026-09-27T15:03:14.066Z,zkSyncTestnet,300,sepolia.era.zksync.dev,transfer,1000,3,4948,0xab108057b6c7624108ad29900038afa6292d5463d6834e8063f10f1657ece1dc,6627928.088792,6629770.914792,1842.8260000003502,95186,25000000,,success,1,0,,,8582080
pilot_1790514765259,transfer_N1000_c3,0,2026-09-27T15:03:14.839Z,zkSyncTestnet,300,sepolia.era.zksync.dev,transfer,1000,3,4949,0x7a10ee111a2581ec2b55c6dfce477e3604136540c2189d112166913bcaa7062c,6628670.654375,6630543.899875,1873.2455000001937,95180,25000000,,success,1,0,,,8582081
pilot_1790514765259,transfer_N1000_c3,0,2026-09-27T15:03:15.370Z,zkSyncTestnet,300,sepolia.era.zksync.dev,transfer,1000,3,4950,0x3c1fd8f18f45b5d07580ff93c3e5e97b70d4e542363ecff457099b1d59e54334,6629200.335917,6631075.028,1874.6920830002055,95180,25000000,,success,1,0,,,8582082
pilot_1790514765259,transfer_N1000_c3,0,2026-09-27T15:03:15.894Z,zkSyncTestnet,300,sepolia.era.zksync.dev,transfer,1000,3,4951,0x6a4bb6cf87a8f9f11006c2e766cf993090567f521af5e0c06843687b4fa79258,6629771.013708,6631599.250833,1828.237124999985,95180,25000000,,success,1,0,,,8582083
pilot_1790514765259,transfer_N1000_c3,0,2026-09-27T15:03:16.686Z,zkSyncTestnet,300,sepolia.era.zksync.dev,transfer,1000,3,4952,0x37df3778ba71424aa92f5126f0a9def04d1ad107a0cdb7bd1ca2436e8d4aa594,6630544.039125,6632390.899125,1846.8600000003353,95067,25000000,,success,1,0,,,8582084
pilot_1790514765259,transfer_N1000_c3,0,2026-09-27T15:03:17.175Z,zkSyncTestnet,300,sepolia.era.zksync.dev,transfer,1000,3,4953,0x81d89686fa13d320c264b38b99a539d00dcb7c48bc058d4b238003221180a455,6631075.30025,6632879.599458,1804.299207999371,95186,25000000,,success,1,0,,,8582085
pilot_1790514765259,transfer_N1000_c3,0,2026-09-27T15:03:17.720Z,zkSyncTestnet,300,sepolia.era.zksync.dev,transfer,1000,3,4954,0x7eae0f1e7d6b77d0b3c20c2db1027c80b65220061572c6f964d05235f72bf5d8,6631599.39675,6633424.942792,1825.5460419999436,95180,25000000,,success,1,0,,,8582086
pilot_1790514765259,transfer_N1000_c3,0,2026-09-27T15:03:18.511Z,zkSyncTestnet,300,sepolia.era.zksync.dev,transfer,1000,3,4955,0x3cfbe60c23c022ff2af11253b7ba181ce601d3dd09bff7a5542a6617caf08082,6632390.959167,6634216.227375,1825.2682079998776,95180,25000000,,success,1,0,,,8582087
pilot_1790514765259,transfer_N1000_c3,0,2026-09-27T15:03:19.047Z,zkSyncTestnet,300,sepolia.era.zksync.dev,transfer,1000,3,4956,0x5d97de7ef80c38597f4679cb962104eb00d8f0c8e62e5c3de3465ea1d249bfbb,6632879.721292,6634752.26375,1872.5424579996616,95186,25000000,,success,1,0,,,8582088
pilot_1790514765259,transfer_N1000_c3,0,2026-09-27T15:03:19.559Z,zkSyncTestnet,300,sepolia.era.zksync.dev,transfer,1000,3,4957,0x2473cdd44a66979b8db94568953094a7f9f34903d84fa8a4250a3ccd7e394bb4,6633424.989125,6635263.767292,1838.7781670000404,95186,25000000,,success,1,0,,,8582089
pilot_1790514765259,transfer_N1000_c3,0,2026-09-27T15:03:20.352Z,zkSyncTestnet,300,sepolia.era.zksync.dev,transfer,1000,3,4958,0xc6237cefb4ced6d83177dbb93da00b424975af48e6c084ca526fd185091356a9,6634216.343625,6636056.393417,1840.0497920000926,95186,25000000,,success,1,0,,,8582090
pilot_1790514765259,transfer_N1000_c3,0,2026-09-27T15:03:20.842Z,zkSyncTestnet,300,sepolia.era.zksync.dev,transfer,1000,3,4959,0x7f4018a3b5960ab32cd1c5a7d79632dd9d4128268ca81cccc7a68e03a9dd0bd1,6634752.392208,6636546.527,1794.1347920000553,95186,25000000,,success,1,0,,,8582091
pilot_1790514765259,transfer_N1000_c3,0,2026-09-27T15:03:21.402Z,zkSyncTestnet,300,sepolia.era.zksync.dev,transfer,1000,3,4960,0xadcbc0109093f78a4e8973d77aafb7b8ac3143a77a07c1a084df375ca86a30b8,6635264.026708,6637107.172958,1843.1462499992922,95180,25000000,,success,1,0,,,8582092
pilot_1790514765259,transfer_N1000_c3,0,2026-09-27T15:03:22.186Z,zkSyncTestnet,300,sepolia.era.zksync.dev,transfer,1000,3,4961,0xa668e767571e7f2723f908e259606fb886d4a21cff573433976873df7cb54dc8,6636056.531292,6637890.397292,1833.8660000003874,95186,25000000,,success,1,0,,,8582093
pilot_1790514765259,transfer_N1000_c3,0,2026-09-27T15:03:22.714Z,zkSyncTestnet,300,sepolia.era.zksync.dev,transfer,1000,3,4962,0x919bc1c5ee62bba6d3e97be7189ca3b043dcb085d2291a87b533418778ab47b1,6636546.616333,6638418.716667,1872.1003339998424,95180,25000000,,success,1,0,,,8582094
pilot_1790514765259,transfer_N1000_c3,0,2026-09-27T15:03:23.233Z,zkSyncTestnet,300,sepolia.era.zksync.dev,transfer,1000,3,4963,0x4e7e978d670455b183152bf150354c7103fcb6557a66c8d54826eb6cf0097a13,6637107.284542,6638937.409375,1830.1248329998925,95180,25000000,,success,1,0,,,8582095
pilot_1790514765259,transfer_N1000_c3,0,2026-09-27T15:03:24.011Z,zkSyncTestnet,300,sepolia.era.zksync.dev,transfer,1000,3,4964,0x978fbc3b4c9ba465e58ce7489bd643c59d5ec3e476268fc33064ed96e1475300,6637890.528625,6639715.763458,1825.2348329992965,95180,25000000,,success,1,0,,,8582096
pilot_1790514765259,transfer_N1000_c3,0,2026-09-27T15:03:24.510Z,zkSyncTestnet,300,sepolia.era.zksync.dev,transfer,1000,3,4965,0x78805b69606eba03fe67db10b1d57929b8e013677eea9d1041d90c131d1de551,6638418.852458,6640215.197708,1796.3452500002459,95180,25000000,,success,1,0,,,8582097
pilot_1790514765259,transfer_N1000_c3,0,2026-09-27T15:03:25.091Z,zkSyncTestnet,300,sepolia.era.zksync.dev,transfer,1000,3,4966,0xe2be009bf78a552061effe71d6e75cd56f56ca273f888f452700854e7e011885,6638937.560625,6640795.289,1857.7283749999478,95180,25000000,,success,1,0,,,8582098
pilot_1790514765259,transfer_N1000_c3,0,2026-09-27T15:03:25.875Z,zkSyncTestnet,300,sepolia.era.zksync.dev,transfer,1000,3,4967,0x34410ef41f4f5e2fa51e5fa4f08d386c4d1285361cb7708222c6a5b9c5a920bd,6639715.898042,6641579.710083,1863.812041000463,95186,25000000,,success,1,0,,,8582099
pilot_1790514765259,transfer_N1000_c3,0,2026-09-27T15:03:26.426Z,zkSyncTestnet,300,sepolia.era.zksync.dev,transfer,1000,3,4968,0x45810fef0bd18e1811e3ba0aa892c753728a099e515e91ad98cb6ad2473a1dcf,6640215.293,6642130.7775,1915.4845000002533,95186,25000000,,success,1,0,,,8582100
pilot_1790514765259,transfer_N1000_c3,0,2026-09-27T15:03:26.898Z,zkSyncTestnet,300,sepolia.era.zksync.dev,transfer,1000,3,4969,0xa96489748403827181540f623595e5cecf9bd77e876c575ddc6b0029a60d23e3,6640795.383542,6642602.772958,1807.3894159998745,95180,25000000,,success,1,0,,,8582101
pilot_1790514765259,transfer_N1000_c3,0,2026-09-27T15:03:27.703Z,zkSyncTestnet,300,sepolia.era.zksync.dev,transfer,1000,3,4970,0x93d53b3a2cc3faabc7994a487102d9d8dfb0a6650c41b1e1d9af6602f6facecb,6641579.814542,6643408.150542,1828.3360000001267,95180,25000000,,success,1,0,,,8582102
pilot_1790514765259,transfer_N1000_c3,0,2026-09-27T15:03:28.238Z,zkSyncTestnet,300,sepolia.era.zksync.dev,transfer,1000,3,4971,0x4fd51a13357d71e16cd999271a82aef416fcc6fdb4de0409e17031634a4d05e1,6642130.904,6643942.440833,1811.536832999438,95180,25000000,,success,1,0,,,8582103
pilot_1790514765259,transfer_N1000_c3,0,2026-09-27T15:03:28.728Z,zkSyncTestnet,300,sepolia.era.zksync.dev,transfer,1000,3,4972,0x250039de2ebaa3043d0992bf9d62cbb964f5410580b4e6dd9ca69e9bf2211e2d,6642602.91625,6644433.19475,1830.278500000015,95186,25000000,,success,1,0,,,8582104
pilot_1790514765259,transfer_N1000_c3,0,2026-09-27T15:03:29.549Z,zkSyncTestnet,300,sepolia.era.zksync.dev,transfer,1000,3,4973,0x44b3f55b115bb80af0a5aa4071d4b7b7959dfa996b4867921bf319320e288739,6643408.239583,6645253.74875,1845.5091670006514,95180,25000000,,success,1,0,,,8582105
pilot_1790514765259,transfer_N1000_c3,0,2026-09-27T15:03:30.045Z,zkSyncTestnet,300,sepolia.era.zksync.dev,transfer,1000,3,4974,0xe6ee71a1ff322f908a321773332c583c4e399d791fb3812075b78336192a0a30,6643942.580458,6645749.681417,1807.1009589992464,95186,25000000,,success,1,0,,,8582106
pilot_1790514765259,transfer_N1000_c3,0,2026-09-27T15:03:30.570Z,zkSyncTestnet,300,sepolia.era.zksync.dev,transfer,1000,3,4975,0x6299bf80e0d4d90519afe38523b4f2c829054ab8f109c607caa414c59b1f5bb4,6644433.275875,6646275.124625,1841.8487499998882,95186,25000000,,success,1,0,,,8582107
pilot_1790514765259,transfer_N1000_c3,0,2026-09-27T15:03:31.324Z,zkSyncTestnet,300,sepolia.era.zksync.dev,transfer,1000,3,4976,0xcc4481e80ca94bd5702362c4e9bbf2c39655c351cc9e5b64b71b0272cea9a16b,6645253.811083,6647028.284958,1774.4738750001416,95186,25000000,,success,1,0,,,8582108
pilot_1790514765259,transfer_N1000_c3,0,2026-09-27T15:03:31.892Z,zkSyncTestnet,300,sepolia.era.zksync.dev,transfer,1000,3,4977,0xb2585e357f23dd729921998778ce5703e2577ba9b5a1375c2463dc276f3b04dd,6645749.78875,6647596.301542,1846.5127919996157,95180,25000000,,success,1,0,,,8582109
pilot_1790514765259,transfer_N1000_c3,0,2026-09-27T15:03:32.511Z,zkSyncTestnet,300,sepolia.era.zksync.dev,transfer,1000,3,4978,0x61a5d73dd10bfb9128415730f58e47562c7f5c710d95fef39766bf4f216ea252,6646275.390375,6648215.727833,1940.337457999587,95186,25000000,,success,1,0,,,8582110
pilot_1790514765259,transfer_N1000_c3,0,2026-09-27T15:03:33.456Z,zkSyncTestnet,300,sepolia.era.zksync.dev,transfer,1000,3,4979,0x56657eddf2793e04c6d14a16766b54c8c5b39162c46e600123c14022f52408b8,6647028.387625,6649161.020375,2132.6327499998733,95180,25000000,,success,1,0,,,8582111
pilot_1790514765259,transfer_N1000_c3,0,2026-09-27T15:03:33.802Z,zkSyncTestnet,300,sepolia.era.zksync.dev,transfer,1000,3,4980,0xdb6fab60db79a17b4c430d95bb7489b46e83c58a2619ead1046db0339cb38c9e,6647596.424958,6649506.901167,1910.476208999753,95186,25000000,,success,1,0,,,8582112
pilot_1790514765259,transfer_N1000_c3,0,2026-09-27T15:03:34.500Z,zkSyncTestnet,300,sepolia.era.zksync.dev,transfer,1000,3,4981,0xfa0cc1d9d32c6f9e0ba5c73599d4212971c74e8d118e5f3d2dd0a694e22959fc,6648215.825125,6650204.684375,1988.8592499997467,95180,25000000,,success,1,0,,,8582113
pilot_1790514765259,transfer_N1000_c3,0,2026-09-27T15:03:35.288Z,zkSyncTestnet,300,sepolia.era.zksync.dev,transfer,1000,3,4982,0x6f4cf46b9b40fdf55c0d7b3e387e34bae2890516da6bcbf23608f6eb6037afd1,6649161.152917,6650992.545542,1831.3926249993965,95186,25000000,,success,1,0,,,8582116
pilot_1790514765259,transfer_N1000_c3,0,2026-09-27T15:03:35.650Z,zkSyncTestnet,300,sepolia.era.zksync.dev,transfer,1000,3,4983,0x078e817194c884f51f8c24f299dd08daf2bdfaeec5d0eb7cc740505c38fa5214,6649506.956625,6651354.593708,1847.6370830005035,95180,25000000,,success,1,0,,,8582116
pilot_1790514765259,transfer_N1000_c3,0,2026-09-27T15:03:36.379Z,zkSyncTestnet,300,sepolia.era.zksync.dev,transfer,1000,3,4984,0xe959cae8aa758df6abfd94a5d23f852a5db0729d3089857c8f8a683b6d01bbea,6650204.8205,6652083.697958,1878.8774579996243,95186,25000000,,success,1,0,,,8582117
pilot_1790514765259,transfer_N1000_c3,0,2026-09-27T15:03:37.467Z,zkSyncTestnet,300,sepolia.era.zksync.dev,transfer,1000,3,4986,0x24582f3495056572f3bf948fcaf2d783331a1efcad659ebb9bf7316b5b318406,6651354.780208,6653171.932708,1817.152499999851,95180,25000000,,success,1,0,,,8582119
pilot_1790514765259,transfer_N1000_c3,0,2026-09-27T15:03:37.614Z,zkSyncTestnet,300,sepolia.era.zksync.dev,transfer,1000,3,4985,0xa2885e17bcc4200e6b2f0e6bf5a3cac33defa3668f0ac502d72a7a7e2a74a371,6650992.70625,6653318.803167,2326.096917000599,95180,25000000,,success,1,0,,,8582119
pilot_1790514765259,transfer_N1000_c3,0,2026-09-27T15:03:38.242Z,zkSyncTestnet,300,sepolia.era.zksync.dev,transfer,1000,3,4987,0x6c9bc2feb40b997939ed4005f319bcbef48132aedce4eece84f1c74c10680c37,6652083.91975,6653946.784583,1862.8648329991847,95180,25000000,,success,1,0,,,8582120
pilot_1790514765259,transfer_N1000_c3,0,2026-09-27T15:03:39.302Z,zkSyncTestnet,300,sepolia.era.zksync.dev,transfer,1000,3,4988,0xf0a9033ba545d3d74729a14870ce6647265deea7717240dd56499720feb75302,6653172.052833,6655006.659625,1834.6067920001224,95186,25000000,,success,1,0,,,8582121
pilot_1790514765259,transfer_N1000_c3,0,2026-09-27T15:03:39.482Z,zkSyncTestnet,300,sepolia.era.zksync.dev,transfer,1000,3,4989,0xa0ff2b3cfebea2fcad8526e02857424b8b975baaf967e5cd49d332046568d356,6653318.871333,6655186.575625,1867.70429199934,95186,25000000,,success,1,0,,,8582121
pilot_1790514765259,transfer_N1000_c3,0,2026-09-27T15:03:41.315Z,zkSyncTestnet,300,sepolia.era.zksync.dev,transfer,1000,3,4991,0x7e0e837a65370cc6318ef8a601d8f2696ccf6359d4f1a05c7fffd218cd91cd70,6655006.792208,6657019.843583,2013.0513749998063,95180,25000000,,success,1,0,,,8582124
pilot_1790514765259,transfer_N1000_c3,0,2026-09-27T15:03:41.380Z,zkSyncTestnet,300,sepolia.era.zksync.dev,transfer,1000,3,4990,0xe117fc6077c388aa3f4828d837e5d115ec9c3be46fc582d532eca7936b01095b,6653946.907375,6657085.180625,3138.27324999962,95186,25000000,,success,1,0,,,8582123
pilot_1790514765259,transfer_N1000_c3,0,2026-09-27T15:03:42.852Z,zkSyncTestnet,300,sepolia.era.zksync.dev,transfer,1000,3,4992,0x73a3d11978a33498b9a885ebdfbbc165431ee88b91af7245d3ab0bf7fb68521e,6655186.66575,6658556.752792,3370.0870420001447,95180,25000000,,success,1,0,,,8582125
pilot_1790514765259,transfer_N1000_c3,0,2026-09-27T15:03:43.167Z,zkSyncTestnet,300,sepolia.era.zksync.dev,transfer,1000,3,4993,0x16a8a138c70564ad520ae2efabd6e7dd0607356dd2e1ab1f3f3aa1fe67953230,6657019.982833,6658871.609792,1851.6269589997828,95180,25000000,,success,1,0,,,8582126
pilot_1790514765259,transfer_N1000_c3,0,2026-09-27T15:03:44.424Z,zkSyncTestnet,300,sepolia.era.zksync.dev,transfer,1000,3,4994,0xeca6552c0d6e9887eb29c2a0559b8f302f44c167b6f4274ae5cf0b571503d2d5,6657085.213208,6660128.608,3043.394791999832,95180,25000000,,success,1,0,,,8582127
pilot_1790514765259,transfer_N1000_c3,0,2026-09-27T15:03:44.751Z,zkSyncTestnet,300,sepolia.era.zksync.dev,transfer,1000,3,4995,0x7d0f53f4aea04b0b5827604f0548a4a233670ccafc0a09cb2101c0cdfa4e0e4e,6658556.896083,6660455.591417,1898.6953339995816,95186,25000000,,success,1,0,,,8582128
pilot_1790514765259,transfer_N1000_c3,0,2026-09-27T15:03:44.994Z,zkSyncTestnet,300,sepolia.era.zksync.dev,transfer,1000,3,4996,0x619478e659901994f7b5c1869fb84ee76cf110e426b81320c5d83a92c4df5c81,6658871.656333,6660698.563667,1826.9073339998722,95180,25000000,,success,1,0,,,8582129
pilot_1790514765259,transfer_N1000_c3,0,2026-09-27T15:03:46.589Z,zkSyncTestnet,300,sepolia.era.zksync.dev,transfer,1000,3,4998,0xdc520523170fdbf04ed2732830384479d8dcc70a7030722716efdd336301f840,6660455.750042,6662293.248792,1837.4987500002608,95180,25000000,,success,1,0,,,8582131
pilot_1790514765259,transfer_N1000_c3,0,2026-09-27T15:03:46.861Z,zkSyncTestnet,300,sepolia.era.zksync.dev,transfer,1000,3,4999,0x9a36f719ba85b1d26b4771e3159bcf19002c4bc8e3928414e572e8a115152d31,6660698.651583,6662565.605333,1866.9537500003353,95186,25000000,,success,1,0,,,8582132
pilot_1790514765259,transfer_N1000_c3,0,2026-09-27T15:03:47.047Z,zkSyncTestnet,300,sepolia.era.zksync.dev,transfer,1000,3,4997,0xdccdcc152e4395f011671afb12d458863850502918b6e589b9517c608f4cdefe,6660128.757708,6662751.760583,2623.0028750002384,95180,25000000,,success,1,0,,,8582130
pilot_1790514765259,transfer_N1000_c3,0,2026-09-27T15:03:48.440Z,zkSyncTestnet,300,sepolia.era.zksync.dev,transfer,1000,3,5000,0xdb368066c8cffb9509653961c12fcca2f6351a3fc7c47f3cb596e2af5b778b4c,6662293.389875,6664144.757792,1851.3679169993848,95186,25000000,,success,1,0,,,8582133
pilot_1790514765259,transfer_N1000_c3,0,2026-09-27T15:03:48.684Z,zkSyncTestnet,300,sepolia.era.zksync.dev,transfer,1000,3,5001,0x4aec393e9e45383fa61c0988228badecfc6b87f235754de1014baaf702857acc,6662565.891625,6664388.704542,1822.8129169996828,95186,25000000,,success,1,0,,,8582134
pilot_1790514765259,transfer_N1000_c3,0,2026-09-27T15:03:48.919Z,zkSyncTestnet,300,sepolia.era.zksync.dev,transfer,1000,3,5002,0xaefaffe41b10736a1cc2ebf33b26de7378a43da717b0920008a56cc2ff5a61fe,6662751.874833,6664623.672125,1871.7972919996828,95180,25000000,,success,1,0,,,8582135
pilot_1790514765259,transfer_N1000_c3,0,2026-09-27T15:03:50.323Z,zkSyncTestnet,300,sepolia.era.zksync.dev,transfer,1000,3,5003,0x88996070fb7e5406fb2c20e0bdf6ad365d81b8337050135333ec2ce70cdf1cbf,6664144.89625,6666027.621875,1882.7256249999627,95186,25000000,,success,1,0,,,8582136
pilot_1790514765259,transfer_N1000_c3,0,2026-09-27T15:03:50.615Z,zkSyncTestnet,300,sepolia.era.zksync.dev,transfer,1000,3,5004,0x40dfe953369c4b65e2ed076d3328b4c5ea56a28d3f618e26d57cccc9ddd26431,6664388.941458,6666319.773833,1930.832375000231,95180,25000000,,success,1,0,,,8582137
pilot_1790514765259,transfer_N1000_c3,0,2026-09-27T15:03:50.836Z,zkSyncTestnet,300,sepolia.era.zksync.dev,transfer,1000,3,5005,0xc2d7577ce0657bbba7c053c67dacd1a237074aaa1fca38541fc175630ce54468,6664623.791125,6666541.125792,1917.3346669999883,95186,25000000,,success,1,0,,,8582138
pilot_1790514765259,transfer_N1000_c3,0,2026-09-27T15:03:52.147Z,zkSyncTestnet,300,sepolia.era.zksync.dev,transfer,1000,3,5006,0xb5f50ea9d246a7a7311d70ba25fb7396de2a006bfab41359bcf0ffc32516552f,6666027.756625,6667851.846417,1824.0897919991985,95180,25000000,,success,1,0,,,8582139
pilot_1790514765259,transfer_N1000_c3,0,2026-09-27T15:03:52.393Z,zkSyncTestnet,300,sepolia.era.zksync.dev,transfer,1000,3,5007,0xba727c27a3ff379ba110d3ba89120cb95799add19603c26f078f2a96fa8f9459,6666319.850625,6668097.758125,1777.9074999997392,95186,25000000,,success,1,0,,,8582140
pilot_1790514765259,transfer_N1000_c3,0,2026-09-27T15:03:52.653Z,zkSyncTestnet,300,sepolia.era.zksync.dev,transfer,1000,3,5008,0xaf1b4c0e8eb0962ac44d0fb22820908ea2a3e24e6db92ddcee51ac741af9009f,6666541.40325,6668357.4545,1816.051249999553,95180,25000000,,success,1,0,,,8582141
pilot_1790514765259,transfer_N1000_c3,0,2026-09-27T15:03:53.962Z,zkSyncTestnet,300,sepolia.era.zksync.dev,transfer,1000,3,5009,0x90bd2bab32143bd4eef08aa4b95487274c730c4951fe0b49a699ca84e457acf9,6667851.89175,6669667.099208,1815.2074579996988,95180,25000000,,success,1,0,,,8582142
pilot_1790514765259,transfer_N1000_c3,0,2026-09-27T15:03:54.203Z,zkSyncTestnet,300,sepolia.era.zksync.dev,transfer,1000,3,5010,0x25300b75153675d5ba1268695c6a0b4457459f371b598e2424cdd7ad8e9af332,6668097.992042,6669907.875625,1809.8835829999298,95180,25000000,,success,1,0,,,8582143
pilot_1790514765259,transfer_N1000_c3,0,2026-09-27T15:03:54.491Z,zkSyncTestnet,300,sepolia.era.zksync.dev,transfer,1000,3,5011,0xfeb7cb385788593162ea8e716f2da8f71d3c753c57ab6926cedb32cf8c92db8b,6668357.583333,6670195.870333,1838.2870000004768,95180,25000000,,success,1,0,,,8582144
pilot_1790514765259,transfer_N1000_c3,0,2026-09-27T15:03:55.811Z,zkSyncTestnet,300,sepolia.era.zksync.dev,transfer,1000,3,5012,0x8badd96295511d2b9189ba3802fb5204db902188f6840656385e91393f58a6cb,6669667.364917,6671515.552458,1848.187541000545,95180,25000000,,success,1,0,,,8582145
pilot_1790514765259,transfer_N1000_c3,0,2026-09-27T15:03:55.994Z,zkSyncTestnet,300,sepolia.era.zksync.dev,transfer,1000,3,5013,0xab75a6f3ca6f6441271b5d80f23a6d4aa871369c56282b6d512a86816ad0900c,6669907.927167,6671698.243292,1790.3161249998957,95186,25000000,,success,1,0,,,8582146
pilot_1790514765259,transfer_N1000_c3,0,2026-09-27T15:03:56.310Z,zkSyncTestnet,300,sepolia.era.zksync.dev,transfer,1000,3,5014,0xc394c07715760f7eca5cc45d86081e4dd044ad754fe7ae3c25cdc9785fd1bf4d,6670195.968292,6672014.384417,1818.4161250004545,95180,25000000,,success,1,0,,,8582147
pilot_1790514765259,transfer_N1000_c3,0,2026-09-27T15:03:57.650Z,zkSyncTestnet,300,sepolia.era.zksync.dev,transfer,1000,3,5015,0x1061644f692a74865893fc48bb8e187a7f52fa9b80ff5524f5c591d5f452385a,6671515.670625,6673354.65975,1838.9891249993816,95180,25000000,,success,1,0,,,8582148
pilot_1790514765259,transfer_N1000_c3,0,2026-09-27T15:03:57.833Z,zkSyncTestnet,300,sepolia.era.zksync.dev,transfer,1000,3,5016,0xc8857a4dc28a869c3ff6299ebd45c28c8f2b7bb63dcc00da84f9fdd74a63bf32,6671698.37925,6673537.830167,1839.450916999951,95180,25000000,,success,1,0,,,8582149
pilot_1790514765259,transfer_N1000_c3,0,2026-09-27T15:03:58.073Z,zkSyncTestnet,300,sepolia.era.zksync.dev,transfer,1000,3,5017,0xae8ab0e6f0ceac2b2ea844b8eee4022ea6e93a22a2ab11c80bbd37b82d0f8379,6672014.498292,6673777.304458,1762.806165999733,95180,25000000,,success,1,0,,,8582149
pilot_1790514765259,transfer_N1000_c3,0,2026-09-27T15:04:00.456Z,zkSyncTestnet,300,sepolia.era.zksync.dev,transfer,1000,3,5018,0x97643a8becc62ba09f8f2d2533b8cb9acec7a1d96dac0100285bbe27bc984241,6673354.779542,6676160.784042,2806.0044999998063,95180,25000000,,success,1,0,,,8582150
pilot_1790514765259,transfer_N1000_c3,0,2026-09-27T15:04:00.461Z,zkSyncTestnet,300,sepolia.era.zksync.dev,transfer,1000,3,5019,0x5674c701db2ced253efb184f4f0771268dc78c4b8ac7ce244acd664c93805921,6673538.010625,6676166.174583,2628.163958000019,95180,25000000,,success,1,0,,,8582151
pilot_1790514765259,transfer_N1000_c3,0,2026-09-27T15:04:00.804Z,zkSyncTestnet,300,sepolia.era.zksync.dev,transfer,1000,3,5020,0xf2faf1da4370c5f1518b0ec374b508c857242922cb4ed2a5b02974c4f90f6296,6673777.367292,6676509.177625,2731.8103329995647,95180,25000000,,success,1,0,,,8582151
pilot_1790514765259,transfer_N1000_c3,0,2026-09-27T15:04:02.285Z,zkSyncTestnet,300,sepolia.era.zksync.dev,transfer,1000,3,5021,0xbe91d72c5350e9c2d866983f9f95abbb4b111985ce0cc2c611ca5e3637012fd5,6676161.027125,6677989.353292,1828.3261669995263,95180,25000000,,success,1,0,,,8582152
pilot_1790514765259,transfer_N1000_c3,0,2026-09-27T15:04:02.293Z,zkSyncTestnet,300,sepolia.era.zksync.dev,transfer,1000,3,5022,0xdcbb1150fd1cfb82ad761651b2274277ed7ae55cbeed381afffd1d4ed52a962c,6676166.202167,6677997.529792,1831.327624999918,95186,25000000,,success,1,0,,,8582153
pilot_1790514765259,transfer_N1000_c3,0,2026-09-27T15:04:02.604Z,zkSyncTestnet,300,sepolia.era.zksync.dev,transfer,1000,3,5023,0x59f55894728ca399baccbffe56ede5a1bf299cd0ae76410d190090e6b96522c8,6676509.40925,6678308.613625,1799.2043750006706,95186,25000000,,success,1,0,,,8582153
pilot_1790514765259,transfer_N1000_c3,0,2026-09-27T15:04:04.148Z,zkSyncTestnet,300,sepolia.era.zksync.dev,transfer,1000,3,5024,0xbcde53687f5770da491e2751bed448233ae5ceab06079a35c17d56e7da56297f,6677989.478625,6679852.469292,1862.9906669994816,95186,25000000,,success,1,0,,,8582154
pilot_1790514765259,transfer_N1000_c3,0,2026-09-27T15:04:04.668Z,zkSyncTestnet,300,sepolia.era.zksync.dev,transfer,1000,3,5026,0x15acd341309191d2591435ec0da8fff16fe8c21ae86db10182e7129749cb308e,6678308.824875,6680372.632917,2063.808042000048,95186,25000000,,success,1,0,,,8582155
pilot_1790514765259,transfer_N1000_c3,0,2026-09-27T15:04:04.672Z,zkSyncTestnet,300,sepolia.era.zksync.dev,transfer,1000,3,5025,0xe22c647681e3e37d46ee93bc0d48d31a5673e688ec13f132b9cdb48f174dd776,6677997.568083,6680376.875042,2379.306958999485,95180,25000000,,success,1,0,,,8582155
pilot_1790514765259,transfer_N1000_c3,0,2026-09-27T15:04:06.457Z,zkSyncTestnet,300,sepolia.era.zksync.dev,transfer,1000,3,5028,0x54940ffb0cf43b74b9e163c264d6a602428a0d661de24876df900873631a296b,6680372.692333,6682161.939458,1789.2471249997616,95180,25000000,,success,1,0,,,8582157
pilot_1790514765259,transfer_N1000_c3,0,2026-09-27T15:04:07.003Z,zkSyncTestnet,300,sepolia.era.zksync.dev,transfer,1000,3,5027,0x4c51bd6353cefbada2ce7330b386393b395f8c76044404fe2c578a16a86ebf57,6679852.599542,6682708.011,2855.4114579996094,95186,25000000,,success,1,0,,,8582157
pilot_1790514765259,transfer_N1000_c3,0,2026-09-27T15:04:08.041Z,zkSyncTestnet,300,sepolia.era.zksync.dev,transfer,1000,3,5029,0x12f3997aa1869848cf6f7cb865859410bb55ffa1029c5e5dd5e8f32d99cc9c5e,6680376.891458,6683745.992083,3369.1006249999627,95180,25000000,,success,1,0,,,8582158
pilot_1790514765259,transfer_N1000_c3,0,2026-09-27T15:04:08.318Z,zkSyncTestnet,300,sepolia.era.zksync.dev,transfer,1000,3,5030,0xd5082c8f466e556a3d6894d72372d2dc01dd1bc6b84c6f56ab494fce66ad692e,6682162.05775,6684023.0715,1861.0137499999255,95180,25000000,,success,1,0,,,8582159
pilot_1790514765259,transfer_N1000_c3,0,2026-09-27T15:04:08.875Z,zkSyncTestnet,300,sepolia.era.zksync.dev,transfer,1000,3,5031,0x6e04e6948fdea704766c9cf81e597bbeb977dfd3c49c29a146cf902074018265,6682708.090833,6684579.390333,1871.2994999997318,95186,25000000,,success,1,0,,,8582160
pilot_1790514765259,transfer_N1000_c3,0,2026-09-27T15:04:11.984Z,zkSyncTestnet,300,sepolia.era.zksync.dev,transfer,1000,3,5032,0x9b11effa7de0311bf96adefe2e58d6bf504dbb7699a5625e2cc4563ffc75db1a,6683746.034958,6687688.578792,3942.5438339998946,95180,25000000,,success,1,0,,,8582161
