experiment_id,run_id,repeat_index,timestamp_utc,network,chain_id,rpc_provider,operation,N,concurrency,token_id,tx_hash,submit_time_ms,receipt_time_ms,latency_ms,gas_used,effective_gas_price,transaction_cost_native,status,attempt_number,retry_count,error_type,error_message,block_number
pilot_1790499507788,transfer_N100_c3,0,2026-09-27T09:03:26.976Z,zkSyncTestnet,300,sepolia.era.zksync.dev,transfer,100,3,,,300131.744625,300132.594542,0.8499169999849983,,,,failed,1,0,UNKNOWN,Cannot read properties of undefined (reading 'address'),
pilot_1790499507788,transfer_N100_c3,0,2026-09-27T09:03:26.977Z,zkSyncTestnet,300,sepolia.era.zksync.dev,transfer,100,3,,,300132.333625,300134.044125,1.7104999999864958,,,,failed,1,0,UNKNOWN,Cannot read properties of undefined (reading 'address'),
pilot_1790499507788,transfer_N100_c3,0,2026-09-27T09:03:26.977Z,zkSyncTestnet,300,sepolia.era.zksync.dev,transfer,100,3,,,300132.470375,300134.218917,1.748542000015732,,,,failed,1,0,UNKNOWN,Cannot read properties of undefined (reading 'address'),
pilot_1790499507788,transfer_N100_c3,0,2026-09-27T09:03:26.977Z,zkSyncTestnet,300,sepolia.era.zksync.dev,transfer,100,3,,,300134.274208,300134.58975,0.3155419999966398,,,,failed,1,0,UNKNOWN,Cannot read properties of undefined (reading 'address'),
pilot_1790499507788,transfer_N100_c3,0,2026-09-27T09:03:26.977Z,zkSyncTestnet,300,sepolia.era.zksync.dev,transfer,100,3,,,300134.401542,300134.644583,0.24304099997971207,,,,failed,1,0,UNKNOWN,Cannot read properties of undefined (reading 'address'),
pilot_1790499507788,transfer_N100_c3,0,2026-09-27T09:03:26.978Z,zkSyncTestnet,300,sepolia.era.zksync.dev,transfer,100,3,,,300134.499625,300135.065625,0.5659999999916181,,,,failed,1,0,UNKNOWN,Cannot read properties of undefined (reading 'address'),
pilot_1790499507788,transfer_N100_c3,0,2026-09-27T09:03:26.978Z,zkSyncTestnet,300,sepolia.era.zksync.dev,transfer,100,3,,,300135.129333,300135.604208,0.4748750000144355,,,,failed,1,0,UNKNOWN,Cannot read properties of undefined (reading 'address'),
pilot_1790499507788,transfer_N100_c3,0,2026-09-27T09:03:26.978Z,zkSyncTestnet,300,sepolia.era.zksync.dev,transfer,100,3,,,300135.232583,300135.658917,0.4263340000179596,,,,failed,1,0,UNKNOWN,Cannot read properties of undefined (reading 'address'),
pilot_1790499507788,transfer_N100_c3,0,2026-09-27T09:03:26.978Z,zkSyncTestnet,300,sepolia.era.zksync.dev,transfer,100,3,,,300135.324917,300135.697833,0.3729159999638796,,,,failed,1,0,UNKNOWN,Cannot read properties of undefined (reading 'address'),
pilot_1790499507788,transfer_N100_c3,0,2026-09-27T09:03:26.979Z,zkSyncTestnet,300,sepolia.era.zksync.dev,transfer,100,3,,,300135.892708,300136.134625,0.24191699997754768,,,,failed,1,0,UNKNOWN,Cannot read properties of undefined (reading 'address'),
pilot_1790499507788,transfer_N100_c3,0,2026-09-27T09:03:26.979Z,zkSyncTestnet,300,sepolia.era.zksync.dev,transfer,100,3,,,300135.985875,300136.2155,0.22962499997811392,,,,failed,1,0,UNKNOWN,Cannot read properties of undefined (reading 'address'),
pilot_1790499507788,transfer_N100_c3,0,2026-09-27T09:03:26.979Z,zkSyncTestnet,300,sepolia.era.zksync.dev,transfer,100,3,,,300136.061958,300136.24375,0.18179200001759455,,,,failed,1,0,UNKNOWN,Cannot read properties of undefined (reading 'address'),
pilot_1790499507788,transfer_N100_c3,0,2026-09-27T09:03:26.979Z,zkSyncTestnet,300,sepolia.era.zksync.dev,transfer,100,3,,,300136.256833,300136.477667,0.22083400003612041,,,,failed,1,0,UNKNOWN,Cannot read properties of undefined (reading 'address'),
pilot_1790499507788,transfer_N100_c3,0,2026-09-27T09:03:26.979Z,zkSyncTestnet,300,sepolia.era.zksync.dev,transfer,100,3,,,300136.333417,300136.494542,0.16112499998416752,,,,failed,1,0,UNKNOWN,Cannot read properties of undefined (reading 'address'),
pilot_1790499507788,transfer_N100_c3,0,2026-09-27T09:03:26.979Z,zkSyncTestnet,300,sepolia.era.zksync.dev,transfer,100,3,,,300136.406,300136.50575,0.0997499999939464,,,,failed,1,0,UNKNOWN,Cannot read properties of undefined (reading 'address'),
pilot_1790499507788,transfer_N100_c3,0,2026-09-27T09:03:26.979Z,zkSyncTestnet,300,sepolia.era.zksync.dev,transfer,100,3,,,300136.526083,300136.74,0.21391699998639524,,,,failed,1,0,UNKNOWN,Cannot read properties of undefined (reading 'address'),
pilot_1790499507788,transfer_N100_c3,0,2026-09-27T09:03:26.979Z,zkSyncTestnet,300,sepolia.era.zksync.dev,transfer,100,3,,,300136.601,300136.7565,0.15549999999348074,,,,failed,1,0,UNKNOWN,Cannot read properties of undefined (reading 'address'),
pilot_1790499507788,transfer_N100_c3,0,2026-09-27T09:03:26.979Z,zkSyncTestnet,300,sepolia.era.zksync.dev,transfer,100,3,,,300136.670167,300136.767292,0.09712500002933666,,,,failed,1,0,UNKNOWN,Cannot read properties of undefined (reading 'address'),
pilot_1790499507788,transfer_N100_c3,0,2026-09-27T09:03:26.979Z,zkSyncTestnet,300,sepolia.era.zksync.dev,transfer,100,3,,,300136.7775,300137.000208,0.2227079999865964,,,,failed,1,0,UNKNOWN,Cannot read properties of undefined (reading 'address'),
pilot_1790499507788,transfer_N100_c3,0,2026-09-27T09:03:26.979Z,zkSyncTestnet,300,sepolia.era.zksync.dev,transfer,100,3,,,300136.860542,300137.015667,0.15512500004842877,,,,failed,1,0,UNKNOWN,Cannot read properties of undefined (reading 'address'),
pilot_1790499507788,transfer_N100_c3,0,2026-09-27T09:03:26.979Z,zkSyncTestnet,300,sepolia.era.zksync.dev,transfer,100,3,,,300136.930167,300137.028917,0.09875000000465661,,,,failed,1,0,UNKNOWN,Cannot read properties of undefined (reading 'address'),
pilot_1790499507788,transfer_N100_c3,0,2026-09-27T09:03:26.980Z,zkSyncTestnet,300,sepolia.era.zksync.dev,transfer,100,3,,,300137.0385,300137.248958,0.2104579999577254,,,,failed,1,0,UNKNOWN,Cannot read properties of undefined (reading 'address'),
pilot_1790499507788,transfer_N100_c3,0,2026-09-27T09:03:26.980Z,zkSyncTestnet,300,sepolia.era.zksync.dev,transfer,100,3,,,300137.110333,300137.263542,0.15320899995276704,,,,failed,1,0,UNKNOWN,Cannot read properties of undefined (reading 'address'),
pilot_1790499507788,transfer_N100_c3,0,2026-09-27T09:03:26.980Z,zkSyncTestnet,300,sepolia.era.zksync.dev,transfer,100,3,,,300137.17925,300137.273792,0.09454200003528967,,,,failed,1,0,UNKNOWN,Cannot read properties of undefined (reading 'address'),
pilot_1790499507788,transfer_N100_c3,0,2026-09-27T09:03:26.980Z,zkSyncTestnet,300,sepolia.era.zksync.dev,transfer,100,3,,,300137.28825,300137.498167,0.20991700002923608,,,,failed,1,0,UNKNOWN,Cannot read properties of undefined (reading 'address'),
pilot_1790499507788,transfer_N100_c3,0,2026-09-27T09:03:26.980Z,zkSyncTestnet,300,sepolia.era.zksync.dev,transfer,100,3,,,300137.359417,300137.512625,0.15320799994515255,,,,failed,1,0,UNKNOWN,Cannot read properties of undefined (reading 'address'),
pilot_1790499507788,transfer_N100_c3,0,2026-09-27T09:03:26.980Z,zkSyncTestnet,300,sepolia.era.zksync.dev,transfer,100,3,,,300137.428417,300137.522792,0.09437499998603016,,,,failed,1,0,UNKNOWN,Cannot read properties of undefined (reading 'address'),
pilot_1790499507788,transfer_N100_c3,0,2026-09-27T09:03:26.981Z,zkSyncTestnet,300,sepolia.era.zksync.dev,transfer,100,3,,,300137.532083,300138.307292,0.7752089999848977,,,,failed,1,0,UNKNOWN,Cannot read properties of undefined (reading 'address'),
pilot_1790499507788,transfer_N100_c3,0,2026-09-27T09:03:26.981Z,zkSyncTestnet,300,sepolia.era.zksync.dev,transfer,100,3,,,300137.603042,300138.323375,0.7203330000047572,,,,failed,1,0,UNKNOWN,Cannot read properties of undefined (reading 'address'),
pilot_1790499507788,transfer_N100_c3,0,2026-09-27T09:03:26.981Z,zkSyncTestnet,300,sepolia.era.zksync.dev,transfer,100,3,,,300137.6715,300138.333583,0.6620830000028946,,,,failed,1,0,UNKNOWN,Cannot read properties of undefined (reading 'address'),
pilot_1790499507788,transfer_N100_c3,0,2026-09-27T09:03:26.981Z,zkSyncTestnet,300,sepolia.era.zksync.dev,transfer,100,3,,,300138.355333,300138.568417,0.2130839999881573,,,,failed,1,0,UNKNOWN,Cannot read properties of undefined (reading 'address'),
pilot_1790499507788,transfer_N100_c3,0,2026-09-27T09:03:26.981Z,zkSyncTestnet,300,sepolia.era.zksync.dev,transfer,100,3,,,300138.428667,300138.583167,0.15450000000419095,,,,failed,1,0,UNKNOWN,Cannot read properties of undefined (reading 'address'),
pilot_1790499507788,transfer_N100_c3,0,2026-09-27T09:03:26.981Z,zkSyncTestnet,300,sepolia.era.zksync.dev,transfer,100,3,,,300138.497583,300138.593417,0.09583400003612041,,,,failed,1,0,UNKNOWN,Cannot read properties of undefined (reading 'address'),
pilot_1790499507788,transfer_N100_c3,0,2026-09-27T09:03:26.981Z,zkSyncTestnet,300,sepolia.era.zksync.dev,transfer,100,3,,,300138.602667,300138.814792,0.21212499996181577,,,,failed,1,0,UNKNOWN,Cannot read properties of undefined (reading 'address'),
pilot_1790499507788,transfer_N100_c3,0,2026-09-27T09:03:26.981Z,zkSyncTestnet,300,sepolia.era.zksync.dev,transfer,100,3,,,300138.676083,300138.829125,0.1530419999617152,,,,failed,1,0,UNKNOWN,Cannot read properties of undefined (reading 'address'),
pilot_1790499507788,transfer_N100_c3,0,2026-09-27T09:03:26.981Z,zkSyncTestnet,300,sepolia.era.zksync.dev,transfer,100,3,,,300138.745208,300138.839292,0.0940839999821037,,,,failed,1,0,UNKNOWN,Cannot read properties of undefined (reading 'address'),
pilot_1790499507788,transfer_N100_c3,0,2026-09-27T09:03:26.982Z,zkSyncTestnet,300,sepolia.era.zksync.dev,transfer,100,3,,,300138.8485,300139.059167,0.21066699997754768,,,,failed,1,0,UNKNOWN,Cannot read properties of undefined (reading 'address'),
pilot_1790499507788,transfer_N100_c3,0,2026-09-27T09:03:26.982Z,zkSyncTestnet,300,sepolia.era.zksync.dev,transfer,100,3,,,300138.919167,300139.0735,0.1543330000131391,,,,failed,1,0,UNKNOWN,Cannot read properties of undefined (reading 'address'),
pilot_1790499507788,transfer_N100_c3,0,2026-09-27T09:03:26.982Z,zkSyncTestnet,300,sepolia.era.zksync.dev,transfer,100,3,,,300138.988292,300139.084167,0.09587499999906868,,,,failed,1,0,UNKNOWN,Cannot read properties of undefined (reading 'address'),
pilot_1790499507788,transfer_N100_c3,0,2026-09-27T09:03:26.982Z,zkSyncTestnet,300,sepolia.era.zksync.dev,transfer,100,3,,,300139.093375,300139.301,0.2076249999809079,,,,failed,1,0,UNKNOWN,Cannot read properties of undefined (reading 'address'),
pilot_1790499507788,transfer_N100_c3,0,2026-09-27T09:03:26.982Z,zkSyncTestnet,300,sepolia.era.zksync.dev,transfer,100,3,,,300139.16425,300139.337292,0.1730420000385493,,,,failed,1,0,UNKNOWN,Cannot read properties of undefined (reading 'address'),
pilot_1790499507788,transfer_N100_c3,0,2026-09-27T09:03:26.982Z,zkSyncTestnet,300,sepolia.era.zksync.dev,transfer,100,3,,,300139.232042,300139.3495,0.11745800002245232,,,,failed,1,0,UNKNOWN,Cannot read properties of undefined (reading 'address'),
pilot_1790499507788,transfer_N100_c3,0,2026-09-27T09:03:26.982Z,zkSyncTestnet,300,sepolia.era.zksync.dev,transfer,100,3,,,300139.358917,300139.567875,0.20895800000289455,,,,failed,1,0,UNKNOWN,Cannot read properties of undefined (reading 'address'),
pilot_1790499507788,transfer_N100_c3,0,2026-09-27T09:03:26.982Z,zkSyncTestnet,300,sepolia.era.zksync.dev,transfer,100,3,,,300139.431,300139.581833,0.150833000021521,,,,failed,1,0,UNKNOWN,Cannot read properties of undefined (reading 'address'),
pilot_1790499507788,transfer_N100_c3,0,2026-09-27T09:03:26.982Z,zkSyncTestnet,300,sepolia.era.zksync.dev,transfer,100,3,,,300139.49875,300139.592208,0.09345799998845905,,,,failed,1,0,UNKNOWN,Cannot read properties of undefined (reading 'address'),
pilot_1790499507788,transfer_N100_c3,0,2026-09-27T09:03:26.982Z,zkSyncTestnet,300,sepolia.era.zksync.dev,transfer,100,3,,,300139.601583,300139.809208,0.20762500003911555,,,,failed,1,0,UNKNOWN,Cannot read properties of undefined (reading 'address'),
pilot_1790499507788,transfer_N100_c3,0,2026-09-27T09:03:26.982Z,zkSyncTestnet,300,sepolia.era.zksync.dev,transfer,100,3,,,300139.672042,300139.823458,0.1514160000369884,,,,failed,1,0,UNKNOWN,Cannot read properties of undefined (reading 'address'),
pilot_1790499507788,transfer_N100_c3,0,2026-09-27T09:03:26.982Z,zkSyncTestnet,300,sepolia.era.zksync.dev,transfer,100,3,,,300139.740708,300139.833792,0.09308399999281392,,,,failed,1,0,UNKNOWN,Cannot read properties of undefined (reading 'address'),
pilot_1790499507788,transfer_N100_c3,0,2026-09-27T09:03:26.983Z,zkSyncTestnet,300,sepolia.era.zksync.dev,transfer,100,3,,,300139.843042,300140.050625,0.20758299995213747,,,,failed,1,0,UNKNOWN,Cannot read properties of undefined (reading 'address'),
pilot_1790499507788,transfer_N100_c3,0,2026-09-27T09:03:26.983Z,zkSyncTestnet,300,sepolia.era.zksync.dev,transfer,100,3,,,300139.913583,300140.0645,0.15091699996264651,,,,failed,1,0,UNKNOWN,Cannot read properties of undefined (reading 'address'),
pilot_1790499507788,transfer_N100_c3,0,2026-09-27T09:03:26.983Z,zkSyncTestnet,300,sepolia.era.zksync.dev,transfer,100,3,,,300139.981417,300140.076542,0.09512499999254942,,,,failed,1,0,UNKNOWN,Cannot read properties of undefined (reading 'address'),
pilot_1790499507788,transfer_N100_c3,0,2026-09-27T09:03:26.983Z,zkSyncTestnet,300,sepolia.era.zksync.dev,transfer,100,3,,,300140.085833,300140.295417,0.2095839999965392,,,,failed,1,0,UNKNOWN,Cannot read properties of undefined (reading 'address'),
pilot_1790499507788,transfer_N100_c3,0,2026-09-27T09:03:26.983Z,zkSyncTestnet,300,sepolia.era.zksync.dev,transfer,100,3,,,300140.156542,300140.309542,0.15299999999115244,,,,failed,1,0,UNKNOWN,Cannot read properties of undefined (reading 'address'),
pilot_1790499507788,transfer_N100_c3,0,2026-09-27T09:03:26.983Z,zkSyncTestnet,300,sepolia.era.zksync.dev,transfer,100,3,,,300140.226333,300140.319833,0.09350000001722947,,,,failed,1,0,UNKNOWN,Cannot read properties of undefined (reading 'address'),
pilot_1790499507788,transfer_N100_c3,0,2026-09-27T09:03:26.983Z,zkSyncTestnet,300,sepolia.era.zksync.dev,transfer,100,3,,,300140.328875,300140.535083,0.2062080000177957,,,,failed,1,0,UNKNOWN,Cannot read properties of undefined (reading 'address'),
pilot_1790499507788,transfer_N100_c3,0,2026-09-27T09:03:26.983Z,zkSyncTestnet,300,sepolia.era.zksync.dev,transfer,100,3,,,300140.399,300140.549292,0.150292000034824,,,,failed,1,0,UNKNOWN,Cannot read properties of undefined (reading 'address'),
pilot_1790499507788,transfer_N100_c3,0,2026-09-27T09:03:26.983Z,zkSyncTestnet,300,sepolia.era.zksync.dev,transfer,100,3,,,300140.46675,300140.559667,0.09291700000176206,,,,failed,1,0,UNKNOWN,Cannot read properties of undefined (reading 'address'),
pilot_1790499507788,transfer_N100_c3,0,2026-09-27T09:03:26.983Z,zkSyncTestnet,300,sepolia.era.zksync.dev,transfer,100,3,,,300140.568792,300140.775708,0.20691599999554455,,,,failed,1,0,UNKNOWN,Cannot read properties of undefined (reading 'address'),
pilot_1790499507788,transfer_N100_c3,0,2026-09-27T09:03:26.983Z,zkSyncTestnet,300,sepolia.era.zksync.dev,transfer,100,3,,,300140.639208,300140.789417,0.15020900004310533,,,,failed,1,0,UNKNOWN,Cannot read properties of undefined (reading 'address'),
pilot_1790499507788,transfer_N100_c3,0,2026-09-27T09:03:26.983Z,zkSyncTestnet,300,sepolia.era.zksync.dev,transfer,100,3,,,300140.707042,300140.799542,0.09249999996973202,,,,failed,1,0,UNKNOWN,Cannot read properties of undefined (reading 'address'),
pilot_1790499507788,transfer_N100_c3,0,2026-09-27T09:03:26.983Z,zkSyncTestnet,300,sepolia.era.zksync.dev,transfer,100,3,,,300140.817917,300141.026083,0.20816600002581254,,,,failed,1,0,UNKNOWN,Cannot read properties of undefined (reading 'address'),
pilot_1790499507788,transfer_N100_c3,0,2026-09-27T09:03:26.984Z,zkSyncTestnet,300,sepolia.era.zksync.dev,transfer,100,3,,,300140.889458,300141.040417,0.15095899999141693,,,,failed,1,0,UNKNOWN,Cannot read properties of undefined (reading 'address'),
pilot_1790499507788,transfer_N100_c3,0,2026-09-27T09:03:26.984Z,zkSyncTestnet,300,sepolia.era.zksync.dev,transfer,100,3,,,300140.957292,300141.0505,0.09320800000568852,,,,failed,1,0,UNKNOWN,Cannot read properties of undefined (reading 'address'),
pilot_1790499507788,transfer_N100_c3,0,2026-09-27T09:03:26.984Z,zkSyncTestnet,300,sepolia.era.zksync.dev,transfer,100,3,,,300141.059917,300141.267167,0.20724999997764826,,,,failed,1,0,UNKNOWN,Cannot read properties of undefined (reading 'address'),
pilot_1790499507788,transfer_N100_c3,0,2026-09-27T09:03:26.984Z,zkSyncTestnet,300,sepolia.era.zksync.dev,transfer,100,3,,,300141.130417,300141.28125,0.150833000021521,,,,failed,1,0,UNKNOWN,Cannot read properties of undefined (reading 'address'),
pilot_1790499507788,transfer_N100_c3,0,2026-09-27T09:03:26.984Z,zkSyncTestnet,300,sepolia.era.zksync.dev,transfer,100,3,,,300141.198292,300141.291375,0.09308299998519942,,,,failed,1,0,UNKNOWN,Cannot read properties of undefined (reading 'address'),
pilot_1790499507788,transfer_N100_c3,0,2026-09-27T09:03:26.984Z,zkSyncTestnet,300,sepolia.era.zksync.dev,transfer,100,3,,,300141.30025,300141.508875,0.20862500002840534,,,,failed,1,0,UNKNOWN,Cannot read properties of undefined (reading 'address'),
pilot_1790499507788,transfer_N100_c3,0,2026-09-27T09:03:26.984Z,zkSyncTestnet,300,sepolia.era.zksync.dev,transfer,100,3,,,300141.372,300141.523125,0.15112500003306195,,,,failed,1,0,UNKNOWN,Cannot read properties of undefined (reading 'address'),
pilot_1790499507788,transfer_N100_c3,0,2026-09-27T09:03:26.984Z,zkSyncTestnet,300,sepolia.era.zksync.dev,transfer,100,3,,,300141.440417,300141.533292,0.0928750000311993,,,,failed,1,0,UNKNOWN,Cannot read properties of undefined (reading 'address'),
pilot_1790499507788,transfer_N100_c3,0,2026-09-27T09:03:26.984Z,zkSyncTestnet,300,sepolia.era.zksync.dev,transfer,100,3,,,300141.54275,300141.753375,0.21062499994877726,,,,failed,1,0,UNKNOWN,Cannot read properties of undefined (reading 'address'),
pilot_1790499507788,transfer_N100_c3,0,2026-09-27T09:03:26.984Z,zkSyncTestnet,300,sepolia.era.zksync.dev,transfer,100,3,,,300141.613,300141.7695,0.15649999998277053,,,,failed,1,0,UNKNOWN,Cannot read properties of undefined (reading 'address'),
pilot_1790499507788,transfer_N100_c3,0,2026-09-27T09:03:26.984Z,zkSyncTestnet,300,sepolia.era.zksync.dev,transfer,100,3,,,300141.684708,300141.779375,0.09466699999757111,,,,failed,1,0,UNKNOWN,Cannot read properties of undefined (reading 'address'),
pilot_1790499507788,transfer_N100_c3,0,2026-09-27T09:03:26.984Z,zkSyncTestnet,300,sepolia.era.zksync.dev,transfer,100,3,,,300141.787208,300141.964208,0.17699999996693805,,,,failed,1,0,UNKNOWN,Cannot read properties of undefined (reading 'address'),
pilot_1790499507788,transfer_N100_c3,0,2026-09-27T09:03:26.984Z,zkSyncTestnet,300,sepolia.era.zksync.dev,transfer,100,3,,,300141.84725,300141.976208,0.1289579999865964,,,,failed,1,0,UNKNOWN,Cannot read properties of undefined (reading 'address'),
pilot_1790499507788,transfer_N100_c3,0,2026-09-27T09:03:26.984Z,zkSyncTestnet,300,sepolia.era.zksync.dev,transfer,100,3,,,300141.905125,300141.984792,0.07966699998360127,,,,failed,1,0,UNKNOWN,Cannot read properties of undefined (reading 'address'),
pilot_1790499507788,transfer_N100_c3,0,2026-09-27T09:03:26.985Z,zkSyncTestnet,300,sepolia.era.zksync.dev,transfer,100,3,,,300141.992583,300142.167875,0.17529199999989942,,,,failed,1,0,UNKNOWN,Cannot read properties of undefined (reading 'address'),
pilot_1790499507788,transfer_N100_c3,0,2026-09-27T09:03:26.985Z,zkSyncTestnet,300,sepolia.era.zksync.dev,transfer,100,3,,,300142.052167,300142.179917,0.12774999998509884,,,,failed,1,0,UNKNOWN,Cannot read properties of undefined (reading 'address'),
pilot_1790499507788,transfer_N100_c3,0,2026-09-27T09:03:26.985Z,zkSyncTestnet,300,sepolia.era.zksync.dev,transfer,100,3,,,300142.109542,300142.188583,0.07904099998995662,,,,failed,1,0,UNKNOWN,Cannot read properties of undefined (reading 'address'),
pilot_1790499507788,transfer_N100_c3,0,2026-09-27T09:03:26.985Z,zkSyncTestnet,300,sepolia.era.zksync.dev,transfer,100,3,,,300142.196208,300142.374458,0.17824999999720603,,,,failed,1,0,UNKNOWN,Cannot read properties of undefined (reading 'address'),
pilot_1790499507788,transfer_N100_c3,0,2026-09-27T09:03:26.985Z,zkSyncTestnet,300,sepolia.era.zksync.dev,transfer,100,3,,,300142.25575,300142.386333,0.13058299996191636,,,,failed,1,0,UNKNOWN,Cannot read properties of undefined (reading 'address'),
pilot_1790499507788,transfer_N100_c3,0,2026-09-27T09:03:26.985Z,zkSyncTestnet,300,sepolia.era.zksync.dev,transfer,100,3,,,300142.313542,300142.412583,0.09904100000858307,,,,failed,1,0,UNKNOWN,Cannot read properties of undefined (reading 'address'),
pilot_1790499507788,transfer_N100_c3,0,2026-09-27T09:03:26.985Z,zkSyncTestnet,300,sepolia.era.zksync.dev,transfer,100,3,,,300142.6755,300142.903208,0.22770799999125302,,,,failed,1,0,UNKNOWN,Cannot read properties of undefined (reading 'address'),
pilot_1790499507788,transfer_N100_c3,0,2026-09-27T09:03:26.985Z,zkSyncTestnet,300,sepolia.era.zksync.dev,transfer,100,3,,,300142.78575,300142.915708,0.12995800003409386,,,,failed,1,0,UNKNOWN,Cannot read properties of undefined (reading 'address'),
pilot_1790499507788,transfer_N100_c3,0,2026-09-27T09:03:26.985Z,zkSyncTestnet,300,sepolia.era.zksync.dev,transfer,100,3,,,300142.844208,300142.924792,0.08058399998117238,,,,failed,1,0,UNKNOWN,Cannot read properties of undefined (reading 'address'),
pilot_1790499507788,transfer_N100_c3,0,2026-09-27T09:03:26.986Z,zkSyncTestnet,300,sepolia.era.zksync.dev,transfer,100,3,,,300142.93275,300143.109333,0.17658299999311566,,,,failed,1,0,UNKNOWN,Cannot read properties of undefined (reading 'address'),
pilot_1790499507788,transfer_N100_c3,0,2026-09-27T09:03:26.986Z,zkSyncTestnet,300,sepolia.era.zksync.dev,transfer,100,3,,,300142.992958,300143.121,0.1280419999966398,,,,failed,1,0,UNKNOWN,Cannot read properties of undefined (reading 'address'),
pilot_1790499507788,transfer_N100_c3,0,2026-09-27T09:03:26.986Z,zkSyncTestnet,300,sepolia.era.zksync.dev,transfer,100,3,,,300143.05075,300143.129792,0.07904199999757111,,,,failed,1,0,UNKNOWN,Cannot read properties of undefined (reading 'address'),
pilot_1790499507788,transfer_N100_c3,0,2026-09-27T09:03:26.986Z,zkSyncTestnet,300,sepolia.era.zksync.dev,transfer,100,3,,,300143.137458,300143.314042,0.17658400000073016,,,,failed,1,0,UNKNOWN,Cannot read properties of undefined (reading 'address'),
pilot_1790499507788,transfer_N100_c3,0,2026-09-27T09:03:26.986Z,zkSyncTestnet,300,sepolia.era.zksync.dev,transfer,100,3,,,300143.197542,300143.325792,0.12825000000884756,,,,failed,1,0,UNKNOWN,Cannot read properties of undefined (reading 'address'),
pilot_1790499507788,transfer_N100_c3,0,2026-09-27T09:03:26.986Z,zkSyncTestnet,300,sepolia.era.zksync.dev,transfer,100,3,,,300143.255917,300143.3345,0.07858299999497831,,,,failed,1,0,UNKNOWN,Cannot read properties of undefined (reading 'address'),
pilot_1790499507788,transfer_N100_c3,0,2026-09-27T09:03:26.986Z,zkSyncTestnet,300,sepolia.era.zksync.dev,transfer,100,3,,,300143.344083,300143.521792,0.17770900001050904,,,,failed,1,0,UNKNOWN,Cannot read properties of undefined (reading 'address'),
pilot_1790499507788,transfer_N100_c3,0,2026-09-27T09:03:26.986Z,zkSyncTestnet,300,sepolia.era.zksync.dev,transfer,100,3,,,300143.403625,300143.533833,0.1302080000168644,,,,failed,1,0,UNKNOWN,Cannot read properties of undefined (reading 'address'),
pilot_1790499507788,transfer_N100_c3,0,2026-09-27T09:03:26.986Z,zkSyncTestnet,300,sepolia.era.zksync.dev,transfer,100,3,,,300143.462625,300143.542375,0.07975000003352761,,,,failed,1,0,UNKNOWN,Cannot read properties of undefined (reading 'address'),
pilot_1790499507788,transfer_N100_c3,0,2026-09-27T09:03:26.986Z,zkSyncTestnet,300,sepolia.era.zksync.dev,transfer,100,3,,,300143.550042,300143.725833,0.175790999957826,,,,failed,1,0,UNKNOWN,Cannot read properties of undefined (reading 'address'),
pilot_1790499507788,transfer_N100_c3,0,2026-09-27T09:03:26.986Z,zkSyncTestnet,300,sepolia.era.zksync.dev,transfer,100,3,,,300143.610125,300143.737708,0.12758299999404699,,,,failed,1,0,UNKNOWN,Cannot read properties of undefined (reading 'address'),
pilot_1790499507788,transfer_N100_c3,0,2026-09-27T09:03:26.986Z,zkSyncTestnet,300,sepolia.era.zksync.dev,transfer,100,3,,,300143.667875,300143.750792,0.08291699999244884,,,,failed,1,0,UNKNOWN,Cannot read properties of undefined (reading 'address'),
pilot_1790499507788,transfer_N100_c3,0,2026-09-27T09:03:26.986Z,zkSyncTestnet,300,sepolia.era.zksync.dev,transfer,100,3,,,300143.758583,300143.935208,0.17662500002188608,,,,failed,1,0,UNKNOWN,Cannot read properties of undefined (reading 'address'),
pilot_1790499507788,transfer_N100_c3,0,2026-09-27T09:03:26.986Z,zkSyncTestnet,300,sepolia.era.zksync.dev,transfer,100,3,,,300143.818917,300143.946958,0.1280409999890253,,,,failed,1,0,UNKNOWN,Cannot read properties of undefined (reading 'address'),
pilot_1790499507788,transfer_N100_c3,0,2026-09-27T09:03:26.986Z,zkSyncTestnet,300,sepolia.era.zksync.dev,transfer,100,3,,,300143.876625,300143.955625,0.07900000002700835,,,,failed,1,0,UNKNOWN,Cannot read properties of undefined (reading 'address'),
pilot_1790499507788,transfer_N100_c3,0,2026-09-27T09:03:26.987Z,zkSyncTestnet,300,sepolia.era.zksync.dev,transfer,100,3,,,300143.974375,300144.037167,0.06279200001154095,,,,failed,1,0,UNKNOWN,Cannot read properties of undefined (reading 'address'),
pilot_1790499507788,transfer_N500_c3,0,2026-09-27T09:31:19.734Z,zkSyncTestnet,300,sepolia.era.zksync.dev,transfer,500,3,,,1972897.095042,1972898.569667,1.474625000031665,,,,failed,1,0,UNKNOWN,Cannot read properties of undefined (reading 'address'),
pilot_1790499507788,transfer_N500_c3,0,2026-09-27T09:31:19.738Z,zkSyncTestnet,300,sepolia.era.zksync.dev,transfer,500,3,,,1972898.0905,1972902.469125,4.3786250001285225,,,,failed,1,0,UNKNOWN,Cannot read properties of undefined (reading 'address'),
pilot_1790499507788,transfer_N500_c3,0,2026-09-27T09:31:19.738Z,zkSyncTestnet,300,sepolia.era.zksync.dev,transfer,500,3,,,1972898.32825,1972902.555875,4.227625000057742,,,,failed,1,0,UNKNOWN,Cannot read properties of undefined (reading 'address'),
pilot_1790499507788,transfer_N500_c3,0,2026-09-27T09:31:19.739Z,zkSyncTestnet,300,sepolia.era.zksync.dev,transfer,500,3,,,1972902.59575,1972902.962167,0.36641699983738363,,,,failed,1,0,UNKNOWN,Cannot read properties of undefined (reading 'address'),
pilot_1790499507788,transfer_N500_c3,0,2026-09-27T09:31:19.739Z,zkSyncTestnet,300,sepolia.era.zksync.dev,transfer,500,3,,,1972902.782917,1972903.012458,0.2295410002116114,,,,failed,1,0,UNKNOWN,Cannot read properties of undefined (reading 'address'),
pilot_1790499507788,transfer_N500_c3,0,2026-09-27T09:31:19.739Z,zkSyncTestnet,300,sepolia.era.zksync.dev,transfer,500,3,,,1972902.88475,1972903.026833,0.14208299992606044,,,,failed,1,0,UNKNOWN,Cannot read properties of undefined (reading 'address'),
pilot_1790499507788,transfer_N500_c3,0,2026-09-27T09:31:19.739Z,zkSyncTestnet,300,sepolia.era.zksync.dev,transfer,500,3,,,1972903.037042,1972903.249792,0.21274999994784594,,,,failed,1,0,UNKNOWN,Cannot read properties of undefined (reading 'address'),
pilot_1790499507788,transfer_N500_c3,0,2026-09-27T09:31:19.739Z,zkSyncTestnet,300,sepolia.era.zksync.dev,transfer,500,3,,,1972903.113625,1972903.266208,0.15258300001733005,,,,failed,1,0,UNKNOWN,Cannot read properties of undefined (reading 'address'),
pilot_1790499507788,transfer_N500_c3,0,2026-09-27T09:31:19.739Z,zkSyncTestnet,300,sepolia.era.zksync.dev,transfer,500,3,,,1972903.182417,1972903.280167,0.09774999995715916,,,,failed,1,0,UNKNOWN,Cannot read properties of undefined (reading 'address'),
pilot_1790499507788,transfer_N500_c3,0,2026-09-27T09:31:19.739Z,zkSyncTestnet,300,sepolia.era.zksync.dev,transfer,500,3,,,1972903.339958,1972903.539083,0.19912500004284084,,,,failed,1,0,UNKNOWN,Cannot read properties of undefined (reading 'address'),
pilot_1790499507788,transfer_N500_c3,0,2026-09-27T09:31:19.739Z,zkSyncTestnet,300,sepolia.era.zksync.dev,transfer,500,3,,,1972903.411167,1972903.554458,0.14329100004397333,,,,failed,1,0,UNKNOWN,Cannot read properties of undefined (reading 'address'),
pilot_1790499507788,transfer_N500_c3,0,2026-09-27T09:31:19.739Z,zkSyncTestnet,300,sepolia.era.zksync.dev,transfer,500,3,,,1972903.47525,1972903.564375,0.089125000173226,,,,failed,1,0,UNKNOWN,Cannot read properties of undefined (reading 'address'),
pilot_1790499507788,transfer_N500_c3,0,2026-09-27T09:31:19.739Z,zkSyncTestnet,300,sepolia.era.zksync.dev,transfer,500,3,,,1972903.572708,1972903.776083,0.2033750000409782,,,,failed,1,0,UNKNOWN,Cannot read properties of undefined (reading 'address'),
pilot_1790499507788,transfer_N500_c3,0,2026-09-27T09:31:19.739Z,zkSyncTestnet,300,sepolia.era.zksync.dev,transfer,500,3,,,1972903.637167,1972903.793292,0.1561249999795109,,,,failed,1,0,UNKNOWN,Cannot read properties of undefined (reading 'address'),
pilot_1790499507788,transfer_N500_c3,0,2026-09-27T09:31:19.739Z,zkSyncTestnet,300,sepolia.era.zksync.dev,transfer,500,3,,,1972903.7115,1972903.803542,0.09204200003296137,,,,failed,1,0,UNKNOWN,Cannot read properties of undefined (reading 'address'),
pilot_1790499507788,transfer_N500_c3,0,2026-09-27T09:31:19.740Z,zkSyncTestnet,300,sepolia.era.zksync.dev,transfer,500,3,,,1972903.811792,1972904.000292,0.18849999993108213,,,,failed,1,0,UNKNOWN,Cannot read properties of undefined (reading 'address'),
pilot_1790499507788,transfer_N500_c3,0,2026-09-27T09:31:19.740Z,zkSyncTestnet,300,sepolia.era.zksync.dev,transfer,500,3,,,1972903.876792,1972904.014083,0.13729099999181926,,,,failed,1,0,UNKNOWN,Cannot read properties of undefined (reading 'address'),
pilot_1790499507788,transfer_N500_c3,0,2026-09-27T09:31:19.740Z,zkSyncTestnet,300,sepolia.era.zksync.dev,transfer,500,3,,,1972903.937958,1972904.024208,0.08624999993480742,,,,failed,1,0,UNKNOWN,Cannot read properties of undefined (reading 'address'),
pilot_1790499507788,transfer_N500_c3,0,2026-09-27T09:31:19.740Z,zkSyncTestnet,300,sepolia.era.zksync.dev,transfer,500,3,,,1972904.032708,1972904.222125,0.18941700016148388,,,,failed,1,0,UNKNOWN,Cannot read properties of undefined (reading 'address'),
pilot_1790499507788,transfer_N500_c3,0,2026-09-27T09:31:19.740Z,zkSyncTestnet,300,sepolia.era.zksync.dev,transfer,500,3,,,1972904.096417,1972904.237625,0.1412080000154674,,,,failed,1,0,UNKNOWN,Cannot read properties of undefined (reading 'address'),
pilot_1790499507788,transfer_N500_c3,0,2026-09-27T09:31:19.740Z,zkSyncTestnet,300,sepolia.era.zksync.dev,transfer,500,3,,,1972904.160167,1972904.247375,0.08720800001174212,,,,failed,1,0,UNKNOWN,Cannot read properties of undefined (reading 'address'),
pilot_1790499507788,transfer_N500_c3,0,2026-09-27T09:31:19.740Z,zkSyncTestnet,300,sepolia.era.zksync.dev,transfer,500,3,,,1972904.255667,1972904.44175,0.1860829999204725,,,,failed,1,0,UNKNOWN,Cannot read properties of undefined (reading 'address'),
pilot_1790499507788,transfer_N500_c3,0,2026-09-27T09:31:19.740Z,zkSyncTestnet,300,sepolia.era.zksync.dev,transfer,500,3,,,1972904.319375,1972904.472833,0.15345799992792308,,,,failed,1,0,UNKNOWN,Cannot read properties of undefined (reading 'address'),
pilot_1790499507788,transfer_N500_c3,0,2026-09-27T09:31:19.740Z,zkSyncTestnet,300,sepolia.era.zksync.dev,transfer,500,3,,,1972904.380042,1972904.483833,0.10379100008867681,,,,failed,1,0,UNKNOWN,Cannot read properties of undefined (reading 'address'),
pilot_1790499507788,transfer_N500_c3,0,2026-09-27T09:31:19.740Z,zkSyncTestnet,300,sepolia.era.zksync.dev,transfer,500,3,,,1972904.492375,1972904.680125,0.1877500000409782,,,,failed,1,0,UNKNOWN,Cannot read properties of undefined (reading 'address'),
pilot_1790499507788,transfer_N500_c3,0,2026-09-27T09:31:19.740Z,zkSyncTestnet,300,sepolia.era.zksync.dev,transfer,500,3,,,1972904.556958,1972904.69375,0.136792000150308,,,,failed,1,0,UNKNOWN,Cannot read properties of undefined (reading 'address'),
pilot_1790499507788,transfer_N500_c3,0,2026-09-27T09:31:19.740Z,zkSyncTestnet,300,sepolia.era.zksync.dev,transfer,500,3,,,1972904.618125,1972904.703458,0.08533299993723631,,,,failed,1,0,UNKNOWN,Cannot read properties of undefined (reading 'address'),
pilot_1790499507788,transfer_N500_c3,0,2026-09-27T09:31:19.741Z,zkSyncTestnet,300,sepolia.era.zksync.dev,transfer,500,3,,,1972904.711583,1972904.897542,0.18595900014042854,,,,failed,1,0,UNKNOWN,Cannot read properties of undefined (reading 'address'),
pilot_1790499507788,transfer_N500_c3,0,2026-09-27T09:31:19.741Z,zkSyncTestnet,300,sepolia.era.zksync.dev,transfer,500,3,,,1972904.775042,1972904.911292,0.13624999998137355,,,,failed,1,0,UNKNOWN,Cannot read properties of undefined (reading 'address'),
pilot_1790499507788,transfer_N500_c3,0,2026-09-27T09:31:19.741Z,zkSyncTestnet,300,sepolia.era.zksync.dev,transfer,500,3,,,1972904.835875,1972904.92075,0.084874999942258,,,,failed,1,0,UNKNOWN,Cannot read properties of undefined (reading 'address'),
pilot_1790499507788,transfer_N500_c3,0,2026-09-27T09:31:19.741Z,zkSyncTestnet,300,sepolia.era.zksync.dev,transfer,500,3,,,1972904.9295,1972905.11375,0.18424999993294477,,,,failed,1,0,UNKNOWN,Cannot read properties of undefined (reading 'address'),
pilot_1790499507788,transfer_N500_c3,0,2026-09-27T09:31:19.741Z,zkSyncTestnet,300,sepolia.era.zksync.dev,transfer,500,3,,,1972904.9925,1972905.126667,0.13416699995286763,,,,failed,1,0,UNKNOWN,Cannot read properties of undefined (reading 'address'),
pilot_1790499507788,transfer_N500_c3,0,2026-09-27T09:31:19.741Z,zkSyncTestnet,300,sepolia.era.zksync.dev,transfer,500,3,,,1972905.052708,1972905.1385,0.08579199993982911,,,,failed,1,0,UNKNOWN,Cannot read properties of undefined (reading 'address'),
pilot_1790499507788,transfer_N500_c3,0,2026-09-27T09:31:19.741Z,zkSyncTestnet,300,sepolia.era.zksync.dev,transfer,500,3,,,1972905.14725,1972905.336833,0.18958300002850592,,,,failed,1,0,UNKNOWN,Cannot read properties of undefined (reading 'address'),
pilot_1790499507788,transfer_N500_c3,0,2026-09-27T09:31:19.741Z,zkSyncTestnet,300,sepolia.era.zksync.dev,transfer,500,3,,,1972905.21175,1972905.351625,0.13987499987706542,,,,failed,1,0,UNKNOWN,Cannot read properties of undefined (reading 'address'),
pilot_1790499507788,transfer_N500_c3,0,2026-09-27T09:31:19.741Z,zkSyncTestnet,300,sepolia.era.zksync.dev,transfer,500,3,,,1972905.2745,1972905.361875,0.08737499988637865,,,,failed,1,0,UNKNOWN,Cannot read properties of undefined (reading 'address'),
pilot_1790499507788,transfer_N500_c3,0,2026-09-27T09:31:19.741Z,zkSyncTestnet,300,sepolia.era.zksync.dev,transfer,500,3,,,1972905.3705,1972905.555125,0.18462499999441206,,,,failed,1,0,UNKNOWN,Cannot read properties of undefined (reading 'address'),
pilot_1790499507788,transfer_N500_c3,0,2026-09-27T09:31:19.741Z,zkSyncTestnet,300,sepolia.era.zksync.dev,transfer,500,3,,,1972905.433208,1972905.568625,0.1354170001577586,,,,failed,1,0,UNKNOWN,Cannot read properties of undefined (reading 'address'),
pilot_1790499507788,transfer_N500_c3,0,2026-09-27T09:31:19.741Z,zkSyncTestnet,300,sepolia.era.zksync.dev,transfer,500,3,,,1972905.493667,1972905.57825,0.08458300004713237,,,,failed,1,0,UNKNOWN,Cannot read properties of undefined (reading 'address'),
pilot_1790499507788,transfer_N500_c3,0,2026-09-27T09:31:19.741Z,zkSyncTestnet,300,sepolia.era.zksync.dev,transfer,500,3,,,1972905.595,1972905.780208,0.18520800000987947,,,,failed,1,0,UNKNOWN,Cannot read properties of undefined (reading 'address'),
pilot_1790499507788,transfer_N500_c3,0,2026-09-27T09:31:19.741Z,zkSyncTestnet,300,sepolia.era.zksync.dev,transfer,500,3,,,1972905.658542,1972905.794,0.13545800000429153,,,,failed,1,0,UNKNOWN,Cannot read properties of undefined (reading 'address'),
pilot_1790499507788,transfer_N500_c3,0,2026-09-27T09:31:19.741Z,zkSyncTestnet,300,sepolia.era.zksync.dev,transfer,500,3,,,1972905.719042,1972905.803583,0.08454100019298494,,,,failed,1,0,UNKNOWN,Cannot read properties of undefined (reading 'address'),
pilot_1790499507788,transfer_N500_c3,0,2026-09-27T09:31:19.742Z,zkSyncTestnet,300,sepolia.era.zksync.dev,transfer,500,3,,,1972905.832458,1972906.007583,0.17512500006705523,,,,failed,1,0,UNKNOWN,Cannot read properties of undefined (reading 'address'),
pilot_1790499507788,transfer_N500_c3,0,2026-09-27T09:31:19.742Z,zkSyncTestnet,300,sepolia.era.zksync.dev,transfer,500,3,,,1972905.89775,1972906.019083,0.12133300001733005,,,,failed,1,0,UNKNOWN,Cannot read properties of undefined (reading 'address'),
pilot_1790499507788,transfer_N500_c3,0,2026-09-27T09:31:19.742Z,zkSyncTestnet,300,sepolia.era.zksync.dev,transfer,500,3,,,1972905.955583,1972906.027292,0.07170899980701506,,,,failed,1,0,UNKNOWN,Cannot read properties of undefined (reading 'address'),
pilot_1790499507788,transfer_N500_c3,0,2026-09-27T09:31:19.742Z,zkSyncTestnet,300,sepolia.era.zksync.dev,transfer,500,3,,,1972906.034292,1972906.190708,0.15641599986702204,,,,failed,1,0,UNKNOWN,Cannot read properties of undefined (reading 'address'),
pilot_1790499507788,transfer_N500_c3,0,2026-09-27T09:31:19.742Z,zkSyncTestnet,300,sepolia.era.zksync.dev,transfer,500,3,,,1972906.087625,1972906.202,0.11437500012107193,,,,failed,1,0,UNKNOWN,Cannot read properties of undefined (reading 'address'),
pilot_1790499507788,transfer_N500_c3,0,2026-09-27T09:31:19.742Z,zkSyncTestnet,300,sepolia.era.zksync.dev,transfer,500,3,,,1972906.139,1972906.210083,0.07108299992978573,,,,failed,1,0,UNKNOWN,Cannot read properties of undefined (reading 'address'),
pilot_1790499507788,transfer_N500_c3,0,2026-09-27T09:31:19.742Z,zkSyncTestnet,300,sepolia.era.zksync.dev,transfer,500,3,,,1972906.216917,1972906.37425,0.1573330000974238,,,,failed,1,0,UNKNOWN,Cannot read properties of undefined (reading 'address'),
pilot_1790499507788,transfer_N500_c3,0,2026-09-27T09:31:19.742Z,zkSyncTestnet,300,sepolia.era.zksync.dev,transfer,500,3,,,1972906.271083,1972906.385542,0.1144589998293668,,,,failed,1,0,UNKNOWN,Cannot read properties of undefined (reading 'address'),
pilot_1790499507788,transfer_N500_c3,0,2026-09-27T09:31:19.742Z,zkSyncTestnet,300,sepolia.era.zksync.dev,transfer,500,3,,,1972906.322333,1972906.399625,0.07729200017638505,,,,failed,1,0,UNKNOWN,Cannot read properties of undefined (reading 'address'),
pilot_1790499507788,transfer_N500_c3,0,2026-09-27T09:31:19.742Z,zkSyncTestnet,300,sepolia.era.zksync.dev,transfer,500,3,,,1972906.408167,1972906.566083,0.1579160001128912,,,,failed,1,0,UNKNOWN,Cannot read properties of undefined (reading 'address'),
pilot_1790499507788,transfer_N500_c3,0,2026-09-27T09:31:19.742Z,zkSyncTestnet,300,sepolia.era.zksync.dev,transfer,500,3,,,1972906.462083,1972906.577167,0.11508399993181229,,,,failed,1,0,UNKNOWN,Cannot read properties of undefined (reading 'address'),
pilot_1790499507788,transfer_N500_c3,0,2026-09-27T09:31:19.742Z,zkSyncTestnet,300,sepolia.era.zksync.dev,transfer,500,3,,,1972906.51325,1972906.585167,0.07191699999384582,,,,failed,1,0,UNKNOWN,Cannot read properties of undefined (reading 'address'),
pilot_1790499507788,transfer_N500_c3,0,2026-09-27T09:31:19.743Z,zkSyncTestnet,300,sepolia.era.zksync.dev,transfer,500,3,,,1972907.039458,1972907.206125,0.16666699992492795,,,,failed,1,0,UNKNOWN,Cannot read properties of undefined (reading 'address'),
pilot_1790499507788,transfer_N500_c3,0,2026-09-27T09:31:19.743Z,zkSyncTestnet,300,sepolia.era.zksync.dev,transfer,500,3,,,1972907.10075,1972907.219083,0.11833299999125302,,,,failed,1,0,UNKNOWN,Cannot read properties of undefined (reading 'address'),
pilot_1790499507788,transfer_N500_c3,0,2026-09-27T09:31:19.743Z,zkSyncTestnet,300,sepolia.era.zksync.dev,transfer,500,3,,,1972907.153292,1972907.227583,0.07429099990986288,,,,failed,1,0,UNKNOWN,Cannot read properties of undefined (reading 'address'),
pilot_1790499507788,transfer_N500_c3,0,2026-09-27T09:31:19.743Z,zkSyncTestnet,300,sepolia.era.zksync.dev,transfer,500,3,,,1972907.234542,1972907.393083,0.15854099998250604,,,,failed,1,0,UNKNOWN,Cannot read properties of undefined (reading 'address'),
pilot_1790499507788,transfer_N500_c3,0,2026-09-27T09:31:19.743Z,zkSyncTestnet,300,sepolia.era.zksync.dev,transfer,500,3,,,1972907.288875,1972907.404167,0.1152919998858124,,,,failed,1,0,UNKNOWN,Cannot read properties of undefined (reading 'address'),
pilot_1790499507788,transfer_N500_c3,0,2026-09-27T09:31:19.743Z,zkSyncTestnet,300,sepolia.era.zksync.dev,transfer,500,3,,,1972907.340542,1972907.412458,0.07191599998623133,,,,failed,1,0,UNKNOWN,Cannot read properties of undefined (reading 'address'),
pilot_1790499507788,transfer_N500_c3,0,2026-09-27T09:31:19.743Z,zkSyncTestnet,300,sepolia.era.zksync.dev,transfer,500,3,,,1972907.432208,1972907.709,0.27679200004786253,,,,failed,1,0,UNKNOWN,Cannot read properties of undefined (reading 'address'),
pilot_1790499507788,transfer_N500_c3,0,2026-09-27T09:31:19.743Z,zkSyncTestnet,300,sepolia.era.zksync.dev,transfer,500,3,,,1972907.600667,1972907.721042,0.12037499994039536,,,,failed,1,0,UNKNOWN,Cannot read properties of undefined (reading 'address'),
pilot_1790499507788,transfer_N500_c3,0,2026-09-27T09:31:19.743Z,zkSyncTestnet,300,sepolia.era.zksync.dev,transfer,500,3,,,1972907.656292,1972907.729417,0.07312499987892807,,,,failed,1,0,UNKNOWN,Cannot read properties of undefined (reading 'address'),
pilot_1790499507788,transfer_N500_c3,0,2026-09-27T09:31:19.744Z,zkSyncTestnet,300,sepolia.era.zksync.dev,transfer,500,3,,,1972907.736333,1972907.903792,0.16745899990200996,,,,failed,1,0,UNKNOWN,Cannot read properties of undefined (reading 'address'),
pilot_1790499507788,transfer_N500_c3,0,2026-09-27T09:31:19.744Z,zkSyncTestnet,300,sepolia.era.zksync.dev,transfer,500,3,,,1972907.79075,1972907.915375,0.12462500017136335,,,,failed,1,0,UNKNOWN,Cannot read properties of undefined (reading 'address'),
pilot_1790499507788,transfer_N500_c3,0,2026-09-27T09:31:19.744Z,zkSyncTestnet,300,sepolia.era.zksync.dev,transfer,500,3,,,1972907.842125,1972907.923583,0.08145800000056624,,,,failed,1,0,UNKNOWN,Cannot read properties of undefined (reading 'address'),
pilot_1790499507788,transfer_N500_c3,0,2026-09-27T09:31:19.744Z,zkSyncTestnet,300,sepolia.era.zksync.dev,transfer,500,3,,,1972907.930458,1972908.088542,0.15808399999514222,,,,failed,1,0,UNKNOWN,Cannot read properties of undefined (reading 'address'),
pilot_1790499507788,transfer_N500_c3,0,2026-09-27T09:31:19.744Z,zkSyncTestnet,300,sepolia.era.zksync.dev,transfer,500,3,,,1972907.985125,1972908.099667,0.11454199999570847,,,,failed,1,0,UNKNOWN,Cannot read properties of undefined (reading 'address'),
pilot_1790499507788,transfer_N500_c3,0,2026-09-27T09:31:19.744Z,zkSyncTestnet,300,sepolia.era.zksync.dev,transfer,500,3,,,1972908.036333,1972908.10775,0.07141699991188943,,,,failed,1,0,UNKNOWN,Cannot read properties of undefined (reading 'address'),
pilot_1790499507788,transfer_N500_c3,0,2026-09-27T09:31:19.744Z,zkSyncTestnet,300,sepolia.era.zksync.dev,transfer,500,3,,,1972908.116833,1972908.276208,0.15937500004656613,,,,failed,1,0,UNKNOWN,Cannot read properties of undefined (reading 'address'),
pilot_1790499507788,transfer_N500_c3,0,2026-09-27T09:31:19.744Z,zkSyncTestnet,300,sepolia.era.zksync.dev,transfer,500,3,,,1972908.169708,1972908.287708,0.1180000000167638,,,,failed,1,0,UNKNOWN,Cannot read properties of undefined (reading 'address'),
pilot_1790499507788,transfer_N500_c3,0,2026-09-27T09:31:19.744Z,zkSyncTestnet,300,sepolia.era.zksync.dev,transfer,500,3,,,1972908.221417,1972908.295667,0.07425000006332994,,,,failed,1,0,UNKNOWN,Cannot read properties of undefined (reading 'address'),
pilot_1790499507788,transfer_N500_c3,0,2026-09-27T09:31:19.744Z,zkSyncTestnet,300,sepolia.era.zksync.dev,transfer,500,3,,,1972908.302542,1972908.458792,0.15625,,,,failed,1,0,UNKNOWN,Cannot read properties of undefined (reading 'address'),
pilot_1790499507788,transfer_N500_c3,0,2026-09-27T09:31:19.744Z,zkSyncTestnet,300,sepolia.era.zksync.dev,transfer,500,3,,,1972908.355667,1972908.470333,0.11466600000858307,,,,failed,1,0,UNKNOWN,Cannot read properties of undefined (reading 'address'),
pilot_1790499507788,transfer_N500_c3,0,2026-09-27T09:31:19.744Z,zkSyncTestnet,300,sepolia.era.zksync.dev,transfer,500,3,,,1972908.40675,1972908.478583,0.07183299981988966,,,,failed,1,0,UNKNOWN,Cannot read properties of undefined (reading 'address'),
pilot_1790499507788,transfer_N500_c3,0,2026-09-27T09:31:19.744Z,zkSyncTestnet,300,sepolia.era.zksync.dev,transfer,500,3,,,1972908.485458,1972908.641375,0.15591699979268014,,,,failed,1,0,UNKNOWN,Cannot read properties of undefined (reading 'address'),
pilot_1790499507788,transfer_N500_c3,0,2026-09-27T09:31:19.744Z,zkSyncTestnet,300,sepolia.era.zksync.dev,transfer,500,3,,,1972908.538458,1972908.652667,0.11420900002121925,,,,failed,1,0,UNKNOWN,Cannot read properties of undefined (reading 'address'),
pilot_1790499507788,transfer_N500_c3,0,2026-09-27T09:31:19.744Z,zkSyncTestnet,300,sepolia.era.zksync.dev,transfer,500,3,,,1972908.589542,1972908.660625,0.07108299992978573,,,,failed,1,0,UNKNOWN,Cannot read properties of undefined (reading 'address'),
pilot_1790499507788,transfer_N500_c3,0,2026-09-27T09:31:19.745Z,zkSyncTestnet,300,sepolia.era.zksync.dev,transfer,500,3,,,1972908.679833,1972908.836542,0.1567090000025928,,,,failed,1,0,UNKNOWN,Cannot read properties of undefined (reading 'address'),
pilot_1790499507788,transfer_N500_c3,0,2026-09-27T09:31:19.745Z,zkSyncTestnet,300,sepolia.era.zksync.dev,transfer,500,3,,,1972908.733958,1972908.847875,0.11391699989326298,,,,failed,1,0,UNKNOWN,Cannot read properties of undefined (reading 'address'),
pilot_1790499507788,transfer_N500_c3,0,2026-09-27T09:31:19.745Z,zkSyncTestnet,300,sepolia.era.zksync.dev,transfer,500,3,,,1972908.784625,1972908.856042,0.07141699991188943,,,,failed,1,0,UNKNOWN,Cannot read properties of undefined (reading 'address'),
pilot_1790499507788,transfer_N500_c3,0,2026-09-27T09:31:19.745Z,zkSyncTestnet,300,sepolia.era.zksync.dev,transfer,500,3,,,1972908.862917,1972909.0185,0.15558300004340708,,,,failed,1,0,UNKNOWN,Cannot read properties of undefined (reading 'address'),
pilot_1790499507788,transfer_N500_c3,0,2026-09-27T09:31:19.745Z,zkSyncTestnet,300,sepolia.era.zksync.dev,transfer,500,3,,,1972908.915625,1972909.029625,0.11400000005960464,,,,failed,1,0,UNKNOWN,Cannot read properties of undefined (reading 'address'),
pilot_1790499507788,transfer_N500_c3,0,2026-09-27T09:31:19.745Z,zkSyncTestnet,300,sepolia.era.zksync.dev,transfer,500,3,,,1972908.966708,1972909.037875,0.07116699987091124,,,,failed,1,0,UNKNOWN,Cannot read properties of undefined (reading 'address'),
pilot_1790499507788,transfer_N500_c3,0,2026-09-27T09:31:19.745Z,zkSyncTestnet,300,sepolia.era.zksync.dev,transfer,500,3,,,1972909.044875,1972909.201792,0.15691700018942356,,,,failed,1,0,UNKNOWN,Cannot read properties of undefined (reading 'address'),
pilot_1790499507788,transfer_N500_c3,0,2026-09-27T09:31:19.745Z,zkSyncTestnet,300,sepolia.era.zksync.dev,transfer,500,3,,,1972909.09775,1972909.212958,0.11520799994468689,,,,failed,1,0,UNKNOWN,Cannot read properties of undefined (reading 'address'),
pilot_1790499507788,transfer_N500_c3,0,2026-09-27T09:31:19.745Z,zkSyncTestnet,300,sepolia.era.zksync.dev,transfer,500,3,,,1972909.148542,1972909.221042,0.07250000000931323,,,,failed,1,0,UNKNOWN,Cannot read properties of undefined (reading 'address'),
pilot_1790499507788,transfer_N500_c3,0,2026-09-27T09:31:19.745Z,zkSyncTestnet,300,sepolia.era.zksync.dev,transfer,500,3,,,1972909.229417,1972909.385125,0.15570800006389618,,,,failed,1,0,UNKNOWN,Cannot read properties of undefined (reading 'address'),
pilot_1790499507788,transfer_N500_c3,0,2026-09-27T09:31:19.745Z,zkSyncTestnet,300,sepolia.era.zksync.dev,transfer,500,3,,,1972909.282625,1972909.396,0.11337499995715916,,,,failed,1,0,UNKNOWN,Cannot read properties of undefined (reading 'address'),
pilot_1790499507788,transfer_N500_c3,0,2026-09-27T09:31:19.745Z,zkSyncTestnet,300,sepolia.era.zksync.dev,transfer,500,3,,,1972909.333375,1972909.404333,0.07095800014212728,,,,failed,1,0,UNKNOWN,Cannot read properties of undefined (reading 'address'),
pilot_1790499507788,transfer_N500_c3,0,2026-09-27T09:31:19.745Z,zkSyncTestnet,300,sepolia.era.zksync.dev,transfer,500,3,,,1972909.411125,1972909.566708,0.15558299981057644,,,,failed,1,0,UNKNOWN,Cannot read properties of undefined (reading 'address'),
pilot_1790499507788,transfer_N500_c3,0,2026-09-27T09:31:19.745Z,zkSyncTestnet,300,sepolia.era.zksync.dev,transfer,500,3,,,1972909.464167,1972909.578125,0.11395799997262657,,,,failed,1,0,UNKNOWN,Cannot read properties of undefined (reading 'address'),
pilot_1790499507788,transfer_N500_c3,0,2026-09-27T09:31:19.745Z,zkSyncTestnet,300,sepolia.era.zksync.dev,transfer,500,3,,,1972909.514833,1972909.586125,0.07129199989140034,,,,failed,1,0,UNKNOWN,Cannot read properties of undefined (reading 'address'),
pilot_1790499507788,transfer_N500_c3,0,2026-09-27T09:31:19.745Z,zkSyncTestnet,300,sepolia.era.zksync.dev,transfer,500,3,,,1972909.592833,1972909.748667,0.15583400009199977,,,,failed,1,0,UNKNOWN,Cannot read properties of undefined (reading 'address'),
pilot_1790499507788,transfer_N500_c3,0,2026-09-27T09:31:19.745Z,zkSyncTestnet,300,sepolia.era.zksync.dev,transfer,500,3,,,1972909.645583,1972909.759708,0.11412500008009374,,,,failed,1,0,UNKNOWN,Cannot read properties of undefined (reading 'address'),
pilot_1790499507788,transfer_N500_c3,0,2026-09-27T09:31:19.745Z,zkSyncTestnet,300,sepolia.era.zksync.dev,transfer,500,3,,,1972909.696625,1972909.767792,0.07116699987091124,,,,failed,1,0,UNKNOWN,Cannot read properties of undefined (reading 'address'),
pilot_1790499507788,transfer_N500_c3,0,2026-09-27T09:31:19.746Z,zkSyncTestnet,300,sepolia.era.zksync.dev,transfer,500,3,,,1972909.780292,1972909.936708,0.15641600009985268,,,,failed,1,0,UNKNOWN,Cannot read properties of undefined (reading 'address'),
pilot_1790499507788,transfer_N500_c3,0,2026-09-27T09:31:19.746Z,zkSyncTestnet,300,sepolia.era.zksync.dev,transfer,500,3,,,1972909.833542,1972909.948458,0.11491600004956126,,,,failed,1,0,UNKNOWN,Cannot read properties of undefined (reading 'address'),
pilot_1790499507788,transfer_N500_c3,0,2026-09-27T09:31:19.746Z,zkSyncTestnet,300,sepolia.era.zksync.dev,transfer,500,3,,,1972909.884417,1972909.956542,0.07212499994784594,,,,failed,1,0,UNKNOWN,Cannot read properties of undefined (reading 'address'),
pilot_1790499507788,transfer_N500_c3,0,2026-09-27T09:31:19.746Z,zkSyncTestnet,300,sepolia.era.zksync.dev,transfer,500,3,,,1972909.963292,1972910.118792,0.15550000010989606,,,,failed,1,0,UNKNOWN,Cannot read properties of undefined (reading 'address'),
pilot_1790499507788,transfer_N500_c3,0,2026-09-27T09:31:19.746Z,zkSyncTestnet,300,sepolia.era.zksync.dev,transfer,500,3,,,1972910.016333,1972910.129583,0.11324999993667006,,,,failed,1,0,UNKNOWN,Cannot read properties of undefined (reading 'address'),
pilot_1790499507788,transfer_N500_c3,0,2026-09-27T09:31:19.746Z,zkSyncTestnet,300,sepolia.era.zksync.dev,transfer,500,3,,,1972910.067042,1972910.13775,0.07070800010114908,,,,failed,1,0,UNKNOWN,Cannot read properties of undefined (reading 'address'),
pilot_1790499507788,transfer_N500_c3,0,2026-09-27T09:31:19.746Z,zkSyncTestnet,300,sepolia.era.zksync.dev,transfer,500,3,,,1972910.144958,1972910.301167,0.15620900015346706,,,,failed,1,0,UNKNOWN,Cannot read properties of undefined (reading 'address'),
pilot_1790499507788,transfer_N500_c3,0,2026-09-27T09:31:19.746Z,zkSyncTestnet,300,sepolia.era.zksync.dev,transfer,500,3,,,1972910.198208,1972910.312792,0.1145839998498559,,,,failed,1,0,UNKNOWN,Cannot read properties of undefined (reading 'address'),
pilot_1790499507788,transfer_N500_c3,0,2026-09-27T09:31:19.746Z,zkSyncTestnet,300,sepolia.era.zksync.dev,transfer,500,3,,,1972910.249208,1972910.320875,0.07166699995286763,,,,failed,1,0,UNKNOWN,Cannot read properties of undefined (reading 'address'),
pilot_1790499507788,transfer_N500_c3,0,2026-09-27T09:31:19.746Z,zkSyncTestnet,300,sepolia.era.zksync.dev,transfer,500,3,,,1972910.33325,1972910.490458,0.1572080000769347,,,,failed,1,0,UNKNOWN,Cannot read properties of undefined (reading 'address'),
pilot_1790499507788,transfer_N500_c3,0,2026-09-27T09:31:19.746Z,zkSyncTestnet,300,sepolia.era.zksync.dev,transfer,500,3,,,1972910.38625,1972910.502167,0.11591699998825788,,,,failed,1,0,UNKNOWN,Cannot read properties of undefined (reading 'address'),
pilot_1790499507788,transfer_N500_c3,0,2026-09-27T09:31:19.746Z,zkSyncTestnet,300,sepolia.era.zksync.dev,transfer,500,3,,,1972910.438667,1972910.510333,0.07166599994525313,,,,failed,1,0,UNKNOWN,Cannot read properties of undefined (reading 'address'),
pilot_1790499507788,transfer_N500_c3,0,2026-09-27T09:31:19.746Z,zkSyncTestnet,300,sepolia.era.zksync.dev,transfer,500,3,,,1972910.517375,1972910.673292,0.1559170000255108,,,,failed,1,0,UNKNOWN,Cannot read properties of undefined (reading 'address'),
pilot_1790499507788,transfer_N500_c3,0,2026-09-27T09:31:19.746Z,zkSyncTestnet,300,sepolia.era.zksync.dev,transfer,500,3,,,1972910.570583,1972910.684458,0.1138749998062849,,,,failed,1,0,UNKNOWN,Cannot read properties of undefined (reading 'address'),
pilot_1790499507788,transfer_N500_c3,0,2026-09-27T09:31:19.746Z,zkSyncTestnet,300,sepolia.era.zksync.dev,transfer,500,3,,,1972910.621708,1972910.6925,0.07079199980944395,,,,failed,1,0,UNKNOWN,Cannot read properties of undefined (reading 'address'),
pilot_1790499507788,transfer_N500_c3,0,2026-09-27T09:31:19.747Z,zkSyncTestnet,300,sepolia.era.zksync.dev,transfer,500,3,,,1972910.699292,1972910.856667,0.15737500018440187,,,,failed,1,0,UNKNOWN,Cannot read properties of undefined (reading 'address'),
pilot_1790499507788,transfer_N500_c3,0,2026-09-27T09:31:19.747Z,zkSyncTestnet,300,sepolia.era.zksync.dev,transfer,500,3,,,1972910.754208,1972910.867625,0.11341700004413724,,,,failed,1,0,UNKNOWN,Cannot read properties of undefined (reading 'address'),
pilot_1790499507788,transfer_N500_c3,0,2026-09-27T09:31:19.747Z,zkSyncTestnet,300,sepolia.era.zksync.dev,transfer,500,3,,,1972910.805,1972910.876042,0.07104200008325279,,,,failed,1,0,UNKNOWN,Cannot read properties of undefined (reading 'address'),
pilot_1790499507788,transfer_N500_c3,0,2026-09-27T09:31:19.747Z,zkSyncTestnet,300,sepolia.era.zksync.dev,transfer,500,3,,,1972910.883125,1972911.038458,0.1553330000024289,,,,failed,1,0,UNKNOWN,Cannot read properties of undefined (reading 'address'),
pilot_1790499507788,transfer_N500_c3,0,2026-09-27T09:31:19.747Z,zkSyncTestnet,300,sepolia.era.zksync.dev,transfer,500,3,,,1972910.935708,1972911.064958,0.12924999999813735,,,,failed,1,0,UNKNOWN,Cannot read properties of undefined (reading 'address'),
pilot_1790499507788,transfer_N500_c3,0,2026-09-27T09:31:19.747Z,zkSyncTestnet,300,sepolia.era.zksync.dev,transfer,500,3,,,1972910.986583,1972911.074375,0.08779200003482401,,,,failed,1,0,UNKNOWN,Cannot read properties of undefined (reading 'address'),
pilot_1790499507788,transfer_N500_c3,0,2026-09-27T09:31:19.747Z,zkSyncTestnet,300,sepolia.era.zksync.dev,transfer,500,3,,,1972911.081208,1972911.237417,0.15620900015346706,,,,failed,1,0,UNKNOWN,Cannot read properties of undefined (reading 'address'),
pilot_1790499507788,transfer_N500_c3,0,2026-09-27T09:31:19.747Z,zkSyncTestnet,300,sepolia.era.zksync.dev,transfer,500,3,,,1972911.135083,1972911.248375,0.11329200002364814,,,,failed,1,0,UNKNOWN,Cannot read properties of undefined (reading 'address'),
pilot_1790499507788,transfer_N500_c3,0,2026-09-27T09:31:19.747Z,zkSyncTestnet,300,sepolia.era.zksync.dev,transfer,500,3,,,1972911.185917,1972911.256375,0.07045800006017089,,,,failed,1,0,UNKNOWN,Cannot read properties of undefined (reading 'address'),
pilot_1790499507788,transfer_N500_c3,0,2026-09-27T09:31:19.747Z,zkSyncTestnet,300,sepolia.era.zksync.dev,transfer,500,3,,,1972911.263292,1972911.420875,0.15758300013840199,,,,failed,1,0,UNKNOWN,Cannot read properties of undefined (reading 'address'),
pilot_1790499507788,transfer_N500_c3,0,2026-09-27T09:31:19.747Z,zkSyncTestnet,300,sepolia.era.zksync.dev,transfer,500,3,,,1972911.318833,1972911.432042,0.11320899985730648,,,,failed,1,0,UNKNOWN,Cannot read properties of undefined (reading 'address'),
pilot_1790499507788,transfer_N500_c3,0,2026-09-27T09:31:19.747Z,zkSyncTestnet,300,sepolia.era.zksync.dev,transfer,500,3,,,1972911.369292,1972911.439958,0.070666000014171,,,,failed,1,0,UNKNOWN,Cannot read properties of undefined (reading 'address'),
pilot_1790499507788,transfer_N500_c3,0,2026-09-27T09:31:19.747Z,zkSyncTestnet,300,sepolia.era.zksync.dev,transfer,500,3,,,1972911.44725,1972911.602583,0.1553330000024289,,,,failed,1,0,UNKNOWN,Cannot read properties of undefined (reading 'address'),
pilot_1790499507788,transfer_N500_c3,0,2026-09-27T09:31:19.747Z,zkSyncTestnet,300,sepolia.era.zksync.dev,transfer,500,3,,,1972911.499875,1972911.615167,0.11529200011864305,,,,failed,1,0,UNKNOWN,Cannot read properties of undefined (reading 'address'),
pilot_1790499507788,transfer_N500_c3,0,2026-09-27T09:31:19.747Z,zkSyncTestnet,300,sepolia.era.zksync.dev,transfer,500,3,,,1972911.551167,1972911.623375,0.07220799988135695,,,,failed,1,0,UNKNOWN,Cannot read properties of undefined (reading 'address'),
pilot_1790499507788,transfer_N500_c3,0,2026-09-27T09:31:19.748Z,zkSyncTestnet,300,sepolia.era.zksync.dev,transfer,500,3,,,1972911.630167,1972912.089917,0.4597499999217689,,,,failed,1,0,UNKNOWN,Cannot read properties of undefined (reading 'address'),
pilot_1790499507788,transfer_N500_c3,0,2026-09-27T09:31:19.748Z,zkSyncTestnet,300,sepolia.era.zksync.dev,transfer,500,3,,,1972911.979125,1972912.101542,0.12241699988953769,,,,failed,1,0,UNKNOWN,Cannot read properties of undefined (reading 'address'),
pilot_1790499507788,transfer_N500_c3,0,2026-09-27T09:31:19.748Z,zkSyncTestnet,300,sepolia.era.zksync.dev,transfer,500,3,,,1972912.037333,1972912.109625,0.07229200005531311,,,,failed,1,0,UNKNOWN,Cannot read properties of undefined (reading 'address'),
pilot_1790499507788,transfer_N500_c3,0,2026-09-27T09:31:19.748Z,zkSyncTestnet,300,sepolia.era.zksync.dev,transfer,500,3,,,1972912.116625,1972912.272625,0.1559999999590218,,,,failed,1,0,UNKNOWN,Cannot read properties of undefined (reading 'address'),
pilot_1790499507788,transfer_N500_c3,0,2026-09-27T09:31:19.748Z,zkSyncTestnet,300,sepolia.era.zksync.dev,transfer,500,3,,,1972912.169875,1972912.283792,0.11391700012609363,,,,failed,1,0,UNKNOWN,Cannot read properties of undefined (reading 'address'),
pilot_1790499507788,transfer_N500_c3,0,2026-09-27T09:31:19.748Z,zkSyncTestnet,300,sepolia.era.zksync.dev,transfer,500,3,,,1972912.220667,1972912.291708,0.0710410000756383,,,,failed,1,0,UNKNOWN,Cannot read properties of undefined (reading 'address'),
pilot_1790499507788,transfer_N500_c3,0,2026-09-27T09:31:19.748Z,zkSyncTestnet,300,sepolia.era.zksync.dev,transfer,500,3,,,1972912.298625,1972912.454458,0.15583299985155463,,,,failed,1,0,UNKNOWN,Cannot read properties of undefined (reading 'address'),
pilot_1790499507788,transfer_N500_c3,0,2026-09-27T09:31:19.748Z,zkSyncTestnet,300,sepolia.era.zksync.dev,transfer,500,3,,,1972912.351292,1972912.475958,0.1246660000178963,,,,failed,1,0,UNKNOWN,Cannot read properties of undefined (reading 'address'),
pilot_1790499507788,transfer_N500_c3,0,2026-09-27T09:31:19.748Z,zkSyncTestnet,300,sepolia.era.zksync.dev,transfer,500,3,,,1972912.402542,1972912.485083,0.08254100009799004,,,,failed,1,0,UNKNOWN,Cannot read properties of undefined (reading 'address'),
pilot_1790499507788,transfer_N500_c3,0,2026-09-27T09:31:19.748Z,zkSyncTestnet,300,sepolia.era.zksync.dev,transfer,500,3,,,1972912.492,1972912.633333,0.14133299980312586,,,,failed,1,0,UNKNOWN,Cannot read properties of undefined (reading 'address'),
pilot_1790499507788,transfer_N500_c3,0,2026-09-27T09:31:19.748Z,zkSyncTestnet,300,sepolia.era.zksync.dev,transfer,500,3,,,1972912.543917,1972912.642917,0.09899999992921948,,,,failed,1,0,UNKNOWN,Cannot read properties of undefined (reading 'address'),
pilot_1790499507788,transfer_N500_c3,0,2026-09-27T09:31:19.748Z,zkSyncTestnet,300,sepolia.era.zksync.dev,transfer,500,3,,,1972912.588292,1972912.649958,0.06166600016877055,,,,failed,1,0,UNKNOWN,Cannot read properties of undefined (reading 'address'),
pilot_1790499507788,transfer_N500_c3,0,2026-09-27T09:31:19.748Z,zkSyncTestnet,300,sepolia.era.zksync.dev,transfer,500,3,,,1972912.655875,1972912.790958,0.1350830001756549,,,,failed,1,0,UNKNOWN,Cannot read properties of undefined (reading 'address'),
pilot_1790499507788,transfer_N500_c3,0,2026-09-27T09:31:19.748Z,zkSyncTestnet,300,sepolia.era.zksync.dev,transfer,500,3,,,1972912.701625,1972912.8005,0.09887499990873039,,,,failed,1,0,UNKNOWN,Cannot read properties of undefined (reading 'address'),
pilot_1790499507788,transfer_N500_c3,0,2026-09-27T09:31:19.748Z,zkSyncTestnet,300,sepolia.era.zksync.dev,transfer,500,3,,,1972912.745833,1972912.807625,0.0617919999640435,,,,failed,1,0,UNKNOWN,Cannot read properties of undefined (reading 'address'),
pilot_1790499507788,transfer_N500_c3,0,2026-09-27T09:31:19.749Z,zkSyncTestnet,300,sepolia.era.zksync.dev,transfer,500,3,,,1972912.81475,1972912.949875,0.13512500002980232,,,,failed,1,0,UNKNOWN,Cannot read properties of undefined (reading 'address'),
pilot_1790499507788,transfer_N500_c3,0,2026-09-27T09:31:19.749Z,zkSyncTestnet,300,sepolia.era.zksync.dev,transfer,500,3,,,1972912.860708,1972912.960917,0.10020900005474687,,,,failed,1,0,UNKNOWN,Cannot read properties of undefined (reading 'address'),
pilot_1790499507788,transfer_N500_c3,0,2026-09-27T09:31:19.749Z,zkSyncTestnet,300,sepolia.era.zksync.dev,transfer,500,3,,,1972912.904875,1972912.968167,0.06329199997708201,,,,failed,1,0,UNKNOWN,Cannot read properties of undefined (reading 'address'),
pilot_1790499507788,transfer_N500_c3,0,2026-09-27T09:31:19.749Z,zkSyncTestnet,300,sepolia.era.zksync.dev,transfer,500,3,,,1972912.974,1972913.108792,0.1347920000553131,,,,failed,1,0,UNKNOWN,Cannot read properties of undefined (reading 'address'),
pilot_1790499507788,transfer_N500_c3,0,2026-09-27T09:31:19.749Z,zkSyncTestnet,300,sepolia.era.zksync.dev,transfer,500,3,,,1972913.019833,1972913.11825,0.09841700014658272,,,,failed,1,0,UNKNOWN,Cannot read properties of undefined (reading 'address'),
pilot_1790499507788,transfer_N500_c3,0,2026-09-27T09:31:19.749Z,zkSyncTestnet,300,sepolia.era.zksync.dev,transfer,500,3,,,1972913.063708,1972913.125458,0.061750000109896064,,,,failed,1,0,UNKNOWN,Cannot read properties of undefined (reading 'address'),
pilot_1790499507788,transfer_N500_c3,0,2026-09-27T09:31:19.749Z,zkSyncTestnet,300,sepolia.era.zksync.dev,transfer,500,3,,,1972913.131583,1972913.266208,0.13462499994784594,,,,failed,1,0,UNKNOWN,Cannot read properties of undefined (reading 'address'),
pilot_1790499507788,transfer_N500_c3,0,2026-09-27T09:31:19.749Z,zkSyncTestnet,300,sepolia.era.zksync.dev,transfer,500,3,,,1972913.177667,1972913.275833,0.09816599986515939,,,,failed,1,0,UNKNOWN,Cannot read properties of undefined (reading 'address'),
pilot_1790499507788,transfer_N500_c3,0,2026-09-27T09:31:19.749Z,zkSyncTestnet,300,sepolia.era.zksync.dev,transfer,500,3,,,1972913.221375,1972913.282917,0.061541999923065305,,,,failed,1,0,UNKNOWN,Cannot read properties of undefined (reading 'address'),
pilot_1790499507788,transfer_N500_c3,0,2026-09-27T09:31:19.749Z,zkSyncTestnet,300,sepolia.era.zksync.dev,transfer,500,3,,,1972913.288917,1972913.424125,0.13520799996331334,,,,failed,1,0,UNKNOWN,Cannot read properties of undefined (reading 'address'),
pilot_1790499507788,transfer_N500_c3,0,2026-09-27T09:31:19.749Z,zkSyncTestnet,300,sepolia.era.zksync.dev,transfer,500,3,,,1972913.334833,1972913.444833,0.10999999986961484,,,,failed,1,0,UNKNOWN,Cannot read properties of undefined (reading 'address'),
pilot_1790499507788,transfer_N500_c3,0,2026-09-27T09:31:19.749Z,zkSyncTestnet,300,sepolia.era.zksync.dev,transfer,500,3,,,1972913.379167,1972913.452625,0.07345799985341728,,,,failed,1,0,UNKNOWN,Cannot read properties of undefined (reading 'address'),
pilot_1790499507788,transfer_N500_c3,0,2026-09-27T09:31:19.749Z,zkSyncTestnet,300,sepolia.era.zksync.dev,transfer,500,3,,,1972913.4585,1972913.593792,0.1352920001372695,,,,failed,1,0,UNKNOWN,Cannot read properties of undefined (reading 'address'),
pilot_1790499507788,transfer_N500_c3,0,2026-09-27T09:31:19.749Z,zkSyncTestnet,300,sepolia.era.zksync.dev,transfer,500,3,,,1972913.504917,1972913.603375,0.09845799999311566,,,,failed,1,0,UNKNOWN,Cannot read properties of undefined (reading 'address'),
pilot_1790499507788,transfer_N500_c3,0,2026-09-27T09:31:19.749Z,zkSyncTestnet,300,sepolia.era.zksync.dev,transfer,500,3,,,1972913.548875,1972913.610458,0.06158300000242889,,,,failed,1,0,UNKNOWN,Cannot read properties of undefined (reading 'address'),
pilot_1790499507788,transfer_N500_c3,0,2026-09-27T09:31:19.749Z,zkSyncTestnet,300,sepolia.era.zksync.dev,transfer,500,3,,,1972913.616417,1972913.750958,0.13454100000672042,,,,failed,1,0,UNKNOWN,Cannot read properties of undefined (reading 'address'),
pilot_1790499507788,transfer_N500_c3,0,2026-09-27T09:31:19.749Z,zkSyncTestnet,300,sepolia.era.zksync.dev,transfer,500,3,,,1972913.662042,1972913.760542,0.0984999998472631,,,,failed,1,0,UNKNOWN,Cannot read properties of undefined (reading 'address'),
pilot_1790499507788,transfer_N500_c3,0,2026-09-27T09:31:19.749Z,zkSyncTestnet,300,sepolia.era.zksync.dev,transfer,500,3,,,1972913.706,1972913.767583,0.06158300000242889,,,,failed,1,0,UNKNOWN,Cannot read properties of undefined (reading 'address'),
pilot_1790499507788,transfer_N500_c3,0,2026-09-27T09:31:19.750Z,zkSyncTestnet,300,sepolia.era.zksync.dev,transfer,500,3,,,1972913.773458,1972913.909667,0.13620899990200996,,,,failed,1,0,UNKNOWN,Cannot read properties of undefined (reading 'address'),
pilot_1790499507788,transfer_N500_c3,0,2026-09-27T09:31:19.750Z,zkSyncTestnet,300,sepolia.era.zksync.dev,transfer,500,3,,,1972913.819375,1972913.921208,0.10183300008065999,,,,failed,1,0,UNKNOWN,Cannot read properties of undefined (reading 'address'),
pilot_1790499507788,transfer_N500_c3,0,2026-09-27T09:31:19.750Z,zkSyncTestnet,300,sepolia.era.zksync.dev,transfer,500,3,,,1972913.863625,1972913.928375,0.06474999990314245,,,,failed,1,0,UNKNOWN,Cannot read properties of undefined (reading 'address'),
pilot_1790499507788,transfer_N500_c3,0,2026-09-27T09:31:19.750Z,zkSyncTestnet,300,sepolia.era.zksync.dev,transfer,500,3,,,1972913.934708,1972914.069958,0.13525000005029142,,,,failed,1,0,UNKNOWN,Cannot read properties of undefined (reading 'address'),
pilot_1790499507788,transfer_N500_c3,0,2026-09-27T09:31:19.750Z,zkSyncTestnet,300,sepolia.era.zksync.dev,transfer,500,3,,,1972913.9805,1972914.079458,0.0989579998422414,,,,failed,1,0,UNKNOWN,Cannot read properties of undefined (reading 'address'),
pilot_1790499507788,transfer_N500_c3,0,2026-09-27T09:31:19.750Z,zkSyncTestnet,300,sepolia.era.zksync.dev,transfer,500,3,,,1972914.025,1972914.086417,0.06141700013540685,,,,failed,1,0,UNKNOWN,Cannot read properties of undefined (reading 'address'),
pilot_1790499507788,transfer_N500_c3,0,2026-09-27T09:31:19.750Z,zkSyncTestnet,300,sepolia.era.zksync.dev,transfer,500,3,,,1972914.092292,1972914.22675,0.13445799984037876,,,,failed,1,0,UNKNOWN,Cannot read properties of undefined (reading 'address'),
pilot_1790499507788,transfer_N500_c3,0,2026-09-27T09:31:19.750Z,zkSyncTestnet,300,sepolia.era.zksync.dev,transfer,500,3,,,1972914.138208,1972914.23625,0.09804200008511543,,,,failed,1,0,UNKNOWN,Cannot read properties of undefined (reading 'address'),
pilot_1790499507788,transfer_N500_c3,0,2026-09-27T09:31:19.750Z,zkSyncTestnet,300,sepolia.era.zksync.dev,transfer,500,3,,,1972914.182042,1972914.243125,0.061083000153303146,,,,failed,1,0,UNKNOWN,Cannot read properties of undefined (reading 'address'),
pilot_1790499507788,transfer_N500_c3,0,2026-09-27T09:31:19.750Z,zkSyncTestnet,300,sepolia.era.zksync.dev,transfer,500,3,,,1972914.249042,1972914.383333,0.13429099996574223,,,,failed,1,0,UNKNOWN,Cannot read properties of undefined (reading 'address'),
pilot_1790499507788,transfer_N500_c3,0,2026-09-27T09:31:19.750Z,zkSyncTestnet,300,sepolia.era.zksync.dev,transfer,500,3,,,1972914.294625,1972914.4015,0.10687499982304871,,,,failed,1,0,UNKNOWN,Cannot read properties of undefined (reading 'address'),
pilot_1790499507788,transfer_N500_c3,0,2026-09-27T09:31:19.750Z,zkSyncTestnet,300,sepolia.era.zksync.dev,transfer,500,3,,,1972914.338417,1972914.40925,0.07083300012163818,,,,failed,1,0,UNKNOWN,Cannot read properties of undefined (reading 'address'),
pilot_1790499507788,transfer_N500_c3,0,2026-09-27T09:31:19.750Z,zkSyncTestnet,300,sepolia.era.zksync.dev,transfer,500,3,,,1972914.41525,1972914.551042,0.13579199998639524,,,,failed,1,0,UNKNOWN,Cannot read properties of undefined (reading 'address'),
pilot_1790499507788,transfer_N500_c3,0,2026-09-27T09:31:19.750Z,zkSyncTestnet,300,sepolia.era.zksync.dev,transfer,500,3,,,1972914.462167,1972914.560583,0.09841600013896823,,,,failed,1,0,UNKNOWN,Cannot read properties of undefined (reading 'address'),
pilot_1790499507788,transfer_N500_c3,0,2026-09-27T09:31:19.750Z,zkSyncTestnet,300,sepolia.era.zksync.dev,transfer,500,3,,,1972914.506292,1972914.567625,0.061332999961450696,,,,failed,1,0,UNKNOWN,Cannot read properties of undefined (reading 'address'),
pilot_1790499507788,transfer_N500_c3,0,2026-09-27T09:31:19.750Z,zkSyncTestnet,300,sepolia.era.zksync.dev,transfer,500,3,,,1972914.573625,1972914.708375,0.13474999996833503,,,,failed,1,0,UNKNOWN,Cannot read properties of undefined (reading 'address'),
pilot_1790499507788,transfer_N500_c3,0,2026-09-27T09:31:19.750Z,zkSyncTestnet,300,sepolia.era.zksync.dev,transfer,500,3,,,1972914.619458,1972914.718,0.09854200016707182,,,,failed,1,0,UNKNOWN,Cannot read properties of undefined (reading 'address'),
pilot_1790499507788,transfer_N500_c3,0,2026-09-27T09:31:19.750Z,zkSyncTestnet,300,sepolia.era.zksync.dev,transfer,500,3,,,1972914.663375,1972914.725042,0.0616669999435544,,,,failed,1,0,UNKNOWN,Cannot read properties of undefined (reading 'address'),
pilot_1790499507788,transfer_N500_c3,0,2026-09-27T09:31:19.751Z,zkSyncTestnet,300,sepolia.era.zksync.dev,transfer,500,3,,,1972914.730958,1972914.866042,0.13508399995043874,,,,failed,1,0,UNKNOWN,Cannot read properties of undefined (reading 'address'),
pilot_1790499507788,transfer_N500_c3,0,2026-09-27T09:31:19.751Z,zkSyncTestnet,300,sepolia.era.zksync.dev,transfer,500,3,,,1972914.776417,1972914.876792,0.1003749999217689,,,,failed,1,0,UNKNOWN,Cannot read properties of undefined (reading 'address'),
pilot_1790499507788,transfer_N500_c3,0,2026-09-27T09:31:19.751Z,zkSyncTestnet,300,sepolia.era.zksync.dev,transfer,500,3,,,1972914.820917,1972914.883875,0.06295799999497831,,,,failed,1,0,UNKNOWN,Cannot read properties of undefined (reading 'address'),
pilot_1790499507788,transfer_N500_c3,0,2026-09-27T09:31:19.751Z,zkSyncTestnet,300,sepolia.era.zksync.dev,transfer,500,3,,,1972914.889792,1972915.026208,0.13641600008122623,,,,failed,1,0,UNKNOWN,Cannot read properties of undefined (reading 'address'),
pilot_1790499507788,transfer_N500_c3,0,2026-09-27T09:31:19.751Z,zkSyncTestnet,300,sepolia.era.zksync.dev,transfer,500,3,,,1972914.93575,1972915.035833,0.10008300002664328,,,,failed,1,0,UNKNOWN,Cannot read properties of undefined (reading 'address'),
pilot_1790499507788,transfer_N500_c3,0,2026-09-27T09:31:19.751Z,zkSyncTestnet,300,sepolia.era.zksync.dev,transfer,500,3,,,1972914.980875,1972915.042833,0.06195800006389618,,,,failed,1,0,UNKNOWN,Cannot read properties of undefined (reading 'address'),
pilot_1790499507788,transfer_N500_c3,0,2026-09-27T09:31:19.751Z,zkSyncTestnet,300,sepolia.era.zksync.dev,transfer,500,3,,,1972915.048708,1972915.1835,0.1347920000553131,,,,failed,1,0,UNKNOWN,Cannot read properties of undefined (reading 'address'),
pilot_1790499507788,transfer_N500_c3,0,2026-09-27T09:31:19.751Z,zkSyncTestnet,300,sepolia.era.zksync.dev,transfer,500,3,,,1972915.0945,1972915.193208,0.09870800003409386,,,,failed,1,0,UNKNOWN,Cannot read properties of undefined (reading 'address'),
pilot_1790499507788,transfer_N500_c3,0,2026-09-27T09:31:19.751Z,zkSyncTestnet,300,sepolia.era.zksync.dev,transfer,500,3,,,1972915.138292,1972915.200375,0.062083000084385276,,,,failed,1,0,UNKNOWN,Cannot read properties of undefined (reading 'address'),
pilot_1790499507788,transfer_N500_c3,0,2026-09-27T09:31:19.751Z,zkSyncTestnet,300,sepolia.era.zksync.dev,transfer,500,3,,,1972915.206208,1972915.343208,0.13700000010430813,,,,failed,1,0,UNKNOWN,Cannot read properties of undefined (reading 'address'),
pilot_1790499507788,transfer_N500_c3,0,2026-09-27T09:31:19.751Z,zkSyncTestnet,300,sepolia.era.zksync.dev,transfer,500,3,,,1972915.253833,1972915.3625,0.1086669999640435,,,,failed,1,0,UNKNOWN,Cannot read properties of undefined (reading 'address'),
pilot_1790499507788,transfer_N500_c3,0,2026-09-27T09:31:19.751Z,zkSyncTestnet,300,sepolia.era.zksync.dev,transfer,500,3,,,1972915.298333,1972915.370417,0.072084000101313,,,,failed,1,0,UNKNOWN,Cannot read properties of undefined (reading 'address'),
pilot_1790499507788,transfer_N500_c3,0,2026-09-27T09:31:19.751Z,zkSyncTestnet,300,sepolia.era.zksync.dev,transfer,500,3,,,1972915.376375,1972915.512375,0.13599999994039536,,,,failed,1,0,UNKNOWN,Cannot read properties of undefined (reading 'address'),
pilot_1790499507788,transfer_N500_c3,0,2026-09-27T09:31:19.751Z,zkSyncTestnet,300,sepolia.era.zksync.dev,transfer,500,3,,,1972915.423167,1972915.521875,0.09870800003409386,,,,failed,1,0,UNKNOWN,Cannot read properties of undefined (reading 'address'),
pilot_1790499507788,transfer_N500_c3,0,2026-09-27T09:31:19.751Z,zkSyncTestnet,300,sepolia.era.zksync.dev,transfer,500,3,,,1972915.467125,1972915.529,0.06187500013038516,,,,failed,1,0,UNKNOWN,Cannot read properties of undefined (reading 'address'),
pilot_1790499507788,transfer_N500_c3,0,2026-09-27T09:31:19.751Z,zkSyncTestnet,300,sepolia.era.zksync.dev,transfer,500,3,,,1972915.534958,1972915.67,0.13504199986346066,,,,failed,1,0,UNKNOWN,Cannot read properties of undefined (reading 'address'),
pilot_1790499507788,transfer_N500_c3,0,2026-09-27T09:31:19.751Z,zkSyncTestnet,300,sepolia.era.zksync.dev,transfer,500,3,,,1972915.580875,1972915.679917,0.09904200001619756,,,,failed,1,0,UNKNOWN,Cannot read properties of undefined (reading 'address'),
pilot_1790499507788,transfer_N500_c3,0,2026-09-27T09:31:19.751Z,zkSyncTestnet,300,sepolia.era.zksync.dev,transfer,500,3,,,1972915.624958,1972915.686958,0.06200000015087426,,,,failed,1,0,UNKNOWN,Cannot read properties of undefined (reading 'address'),
pilot_1790499507788,transfer_N500_c3,0,2026-09-27T09:31:19.752Z,zkSyncTestnet,300,sepolia.era.zksync.dev,transfer,500,3,,,1972915.693458,1972915.829083,0.1356250001117587,,,,failed,1,0,UNKNOWN,Cannot read properties of undefined (reading 'address'),
pilot_1790499507788,transfer_N500_c3,0,2026-09-27T09:31:19.752Z,zkSyncTestnet,300,sepolia.era.zksync.dev,transfer,500,3,,,1972915.739542,1972915.839792,0.10024999990127981,,,,failed,1,0,UNKNOWN,Cannot read properties of undefined (reading 'address'),
pilot_1790499507788,transfer_N500_c3,0,2026-09-27T09:31:19.752Z,zkSyncTestnet,300,sepolia.era.zksync.dev,transfer,500,3,,,1972915.783708,1972915.847,0.06329199997708201,,,,failed,1,0,UNKNOWN,Cannot read properties of undefined (reading 'address'),
pilot_1790499507788,transfer_N500_c3,0,2026-09-27T09:31:19.752Z,zkSyncTestnet,300,sepolia.era.zksync.dev,transfer,500,3,,,1972915.852958,1972915.987792,0.13483399990946054,,,,failed,1,0,UNKNOWN,Cannot read properties of undefined (reading 'address'),
pilot_1790499507788,transfer_N500_c3,0,2026-09-27T09:31:19.752Z,zkSyncTestnet,300,sepolia.era.zksync.dev,transfer,500,3,,,1972915.898542,1972915.997583,0.09904100000858307,,,,failed,1,0,UNKNOWN,Cannot read properties of undefined (reading 'address'),
pilot_1790499507788,transfer_N500_c3,0,2026-09-27T09:31:19.752Z,zkSyncTestnet,300,sepolia.era.zksync.dev,transfer,500,3,,,1972915.942833,1972916.0045,0.0616669999435544,,,,failed,1,0,UNKNOWN,Cannot read properties of undefined (reading 'address'),
pilot_1790499507788,transfer_N500_c3,0,2026-09-27T09:31:19.752Z,zkSyncTestnet,300,sepolia.era.zksync.dev,transfer,500,3,,,1972916.010458,1972916.532542,0.5220840000547469,,,,failed,1,0,UNKNOWN,Cannot read properties of undefined (reading 'address'),
pilot_1790499507788,transfer_N500_c3,0,2026-09-27T09:31:19.752Z,zkSyncTestnet,300,sepolia.era.zksync.dev,transfer,500,3,,,1972916.405708,1972916.559167,0.15345899993553758,,,,failed,1,0,UNKNOWN,Cannot read properties of undefined (reading 'address'),
pilot_1790499507788,transfer_N500_c3,0,2026-09-27T09:31:19.752Z,zkSyncTestnet,300,sepolia.era.zksync.dev,transfer,500,3,,,1972916.476292,1972916.570875,0.0945830000564456,,,,failed,1,0,UNKNOWN,Cannot read properties of undefined (reading 'address'),
pilot_1790499507788,transfer_N500_c3,0,2026-09-27T09:31:19.752Z,zkSyncTestnet,300,sepolia.era.zksync.dev,transfer,500,3,,,1972916.578417,1972916.730042,0.151625000173226,,,,failed,1,0,UNKNOWN,Cannot read properties of undefined (reading 'address'),
pilot_1790499507788,transfer_N500_c3,0,2026-09-27T09:31:19.752Z,zkSyncTestnet,300,sepolia.era.zksync.dev,transfer,500,3,,,1972916.631917,1972916.758458,0.12654099985957146,,,,failed,1,0,UNKNOWN,Cannot read properties of undefined (reading 'address'),
pilot_1790499507788,transfer_N500_c3,0,2026-09-27T09:31:19.752Z,zkSyncTestnet,300,sepolia.era.zksync.dev,transfer,500,3,,,1972916.681208,1972916.767833,0.08662499999627471,,,,failed,1,0,UNKNOWN,Cannot read properties of undefined (reading 'address'),
pilot_1790499507788,transfer_N500_c3,0,2026-09-27T09:31:19.753Z,zkSyncTestnet,300,sepolia.era.zksync.dev,transfer,500,3,,,1972916.774583,1972916.919375,0.14479200006462634,,,,failed,1,0,UNKNOWN,Cannot read properties of undefined (reading 'address'),
pilot_1790499507788,transfer_N500_c3,0,2026-09-27T09:31:19.753Z,zkSyncTestnet,300,sepolia.era.zksync.dev,transfer,500,3,,,1972916.825167,1972916.93075,0.10558299999684095,,,,failed,1,0,UNKNOWN,Cannot read properties of undefined (reading 'address'),
pilot_1790499507788,transfer_N500_c3,0,2026-09-27T09:31:19.753Z,zkSyncTestnet,300,sepolia.era.zksync.dev,transfer,500,3,,,1972916.872083,1972916.938542,0.06645900011062622,,,,failed,1,0,UNKNOWN,Cannot read properties of undefined (reading 'address'),
pilot_1790499507788,transfer_N500_c3,0,2026-09-27T09:31:19.753Z,zkSyncTestnet,300,sepolia.era.zksync.dev,transfer,500,3,,,1972916.944958,1972917.086167,0.1412090000230819,,,,failed,1,0,UNKNOWN,Cannot read properties of undefined (reading 'address'),
pilot_1790499507788,transfer_N500_c3,0,2026-09-27T09:31:19.753Z,zkSyncTestnet,300,sepolia.era.zksync.dev,transfer,500,3,,,1972916.993,1972917.097042,0.10404199990443885,,,,failed,1,0,UNKNOWN,Cannot read properties of undefined (reading 'address'),
pilot_1790499507788,transfer_N500_c3,0,2026-09-27T09:31:19.753Z,zkSyncTestnet,300,sepolia.era.zksync.dev,transfer,500,3,,,1972917.039333,1972917.104625,0.06529199983924627,,,,failed,1,0,UNKNOWN,Cannot read properties of undefined (reading 'address'),
pilot_1790499507788,transfer_N500_c3,0,2026-09-27T09:31:19.753Z,zkSyncTestnet,300,sepolia.era.zksync.dev,transfer,500,3,,,1972917.110833,1972917.251583,0.1407500000204891,,,,failed,1,0,UNKNOWN,Cannot read properties of undefined (reading 'address'),
pilot_1790499507788,transfer_N500_c3,0,2026-09-27T09:31:19.753Z,zkSyncTestnet,300,sepolia.era.zksync.dev,transfer,500,3,,,1972917.159792,1972917.26375,0.10395799996331334,,,,failed,1,0,UNKNOWN,Cannot read properties of undefined (reading 'address'),
pilot_1790499507788,transfer_N500_c3,0,2026-09-27T09:31:19.753Z,zkSyncTestnet,300,sepolia.era.zksync.dev,transfer,500,3,,,1972917.205375,1972917.27125,0.06587500008754432,,,,failed,1,0,UNKNOWN,Cannot read properties of undefined (reading 'address'),
pilot_1790499507788,transfer_N500_c3,0,2026-09-27T09:31:19.753Z,zkSyncTestnet,300,sepolia.era.zksync.dev,transfer,500,3,,,1972917.277333,1972917.416667,0.1393339999485761,,,,failed,1,0,UNKNOWN,Cannot read properties of undefined (reading 'address'),
pilot_1790499507788,transfer_N500_c3,0,2026-09-27T09:31:19.753Z,zkSyncTestnet,300,sepolia.era.zksync.dev,transfer,500,3,,,1972917.32525,1972917.427,0.10174999991431832,,,,failed,1,0,UNKNOWN,Cannot read properties of undefined (reading 'address'),
pilot_1790499507788,transfer_N500_c3,0,2026-09-27T09:31:19.753Z,zkSyncTestnet,300,sepolia.era.zksync.dev,transfer,500,3,,,1972917.370583,1972917.434333,0.06375000020489097,,,,failed,1,0,UNKNOWN,Cannot read properties of undefined (reading 'address'),
pilot_1790499507788,transfer_N500_c3,0,2026-09-27T09:31:19.753Z,zkSyncTestnet,300,sepolia.era.zksync.dev,transfer,500,3,,,1972917.441667,1972917.580167,0.138499999884516,,,,failed,1,0,UNKNOWN,Cannot read properties of undefined (reading 'address'),
pilot_1790499507788,transfer_N500_c3,0,2026-09-27T09:31:19.753Z,zkSyncTestnet,300,sepolia.era.zksync.dev,transfer,500,3,,,1972917.488792,1972917.590958,0.10216599982231855,,,,failed,1,0,UNKNOWN,Cannot read properties of undefined (reading 'address'),
pilot_1790499507788,transfer_N500_c3,0,2026-09-27T09:31:19.753Z,zkSyncTestnet,300,sepolia.era.zksync.dev,transfer,500,3,,,1972917.534083,1972917.598292,0.06420899997465312,,,,failed,1,0,UNKNOWN,Cannot read properties of undefined (reading 'address'),
pilot_1790499507788,transfer_N500_c3,0,2026-09-27T09:31:19.753Z,zkSyncTestnet,300,sepolia.era.zksync.dev,transfer,500,3,,,1972917.6045,1972917.742,0.13750000018626451,,,,failed,1,0,UNKNOWN,Cannot read properties of undefined (reading 'address'),
pilot_1790499507788,transfer_N500_c3,0,2026-09-27T09:31:19.753Z,zkSyncTestnet,300,sepolia.era.zksync.dev,transfer,500,3,,,1972917.651375,1972917.752125,0.10075000021606684,,,,failed,1,0,UNKNOWN,Cannot read properties of undefined (reading 'address'),
pilot_1790499507788,transfer_N500_c3,0,2026-09-27T09:31:19.753Z,zkSyncTestnet,300,sepolia.era.zksync.dev,transfer,500,3,,,1972917.696333,1972917.768667,0.07233400014229119,,,,failed,1,0,UNKNOWN,Cannot read properties of undefined (reading 'address'),
pilot_1790499507788,transfer_N500_c3,0,2026-09-27T09:31:19.754Z,zkSyncTestnet,300,sepolia.era.zksync.dev,transfer,500,3,,,1972917.77575,1972917.914917,0.13916700007393956,,,,failed,1,0,UNKNOWN,Cannot read properties of undefined (reading 'address'),
pilot_1790499507788,transfer_N500_c3,0,2026-09-27T09:31:19.754Z,zkSyncTestnet,300,sepolia.era.zksync.dev,transfer,500,3,,,1972917.823583,1972917.925083,0.10149999987334013,,,,failed,1,0,UNKNOWN,Cannot read properties of undefined (reading 'address'),
pilot_1790499507788,transfer_N500_c3,0,2026-09-27T09:31:19.754Z,zkSyncTestnet,300,sepolia.era.zksync.dev,transfer,500,3,,,1972917.868958,1972917.932208,0.06324999989010394,,,,failed,1,0,UNKNOWN,Cannot read properties of undefined (reading 'address'),
pilot_1790499507788,transfer_N500_c3,0,2026-09-27T09:31:19.754Z,zkSyncTestnet,300,sepolia.era.zksync.dev,transfer,500,3,,,1972917.93875,1972918.076583,0.13783299992792308,,,,failed,1,0,UNKNOWN,Cannot read properties of undefined (reading 'address'),
pilot_1790499507788,transfer_N500_c3,0,2026-09-27T09:31:19.754Z,zkSyncTestnet,300,sepolia.era.zksync.dev,transfer,500,3,,,1972917.985583,1972918.086917,0.10133400000631809,,,,failed,1,0,UNKNOWN,Cannot read properties of undefined (reading 'address'),
pilot_1790499507788,transfer_N500_c3,0,2026-09-27T09:31:19.754Z,zkSyncTestnet,300,sepolia.era.zksync.dev,transfer,500,3,,,1972918.03075,1972918.094125,0.06337500014342368,,,,failed,1,0,UNKNOWN,Cannot read properties of undefined (reading 'address'),
pilot_1790499507788,transfer_N500_c3,0,2026-09-27T09:31:19.754Z,zkSyncTestnet,300,sepolia.era.zksync.dev,transfer,500,3,,,1972918.100208,1972918.238875,0.13866699999198318,,,,failed,1,0,UNKNOWN,Cannot read properties of undefined (reading 'address'),
pilot_1790499507788,transfer_N500_c3,0,2026-09-27T09:31:19.754Z,zkSyncTestnet,300,sepolia.era.zksync.dev,transfer,500,3,,,1972918.146875,1972918.249375,0.10249999980442226,,,,failed,1,0,UNKNOWN,Cannot read properties of undefined (reading 'address'),
pilot_1790499507788,transfer_N500_c3,0,2026-09-27T09:31:19.754Z,zkSyncTestnet,300,sepolia.era.zksync.dev,transfer,500,3,,,1972918.192,1972918.258792,0.06679199985228479,,,,failed,1,0,UNKNOWN,Cannot read properties of undefined (reading 'address'),
pilot_1790499507788,transfer_N500_c3,0,2026-09-27T09:31:19.754Z,zkSyncTestnet,300,sepolia.era.zksync.dev,transfer,500,3,,,1972918.265292,1972918.403542,0.13825000007636845,,,,failed,1,0,UNKNOWN,Cannot read properties of undefined (reading 'address'),
pilot_1790499507788,transfer_N500_c3,0,2026-09-27T09:31:19.754Z,zkSyncTestnet,300,sepolia.era.zksync.dev,transfer,500,3,,,1972918.3125,1972918.413417,0.10091700009070337,,,,failed,1,0,UNKNOWN,Cannot read properties of undefined (reading 'address'),
pilot_1790499507788,transfer_N500_c3,0,2026-09-27T09:31:19.754Z,zkSyncTestnet,300,sepolia.era.zksync.dev,transfer,500,3,,,1972918.357583,1972918.42075,0.06316699995659292,,,,failed,1,0,UNKNOWN,Cannot read properties of undefined (reading 'address'),
pilot_1790499507788,transfer_N500_c3,0,2026-09-27T09:31:19.754Z,zkSyncTestnet,300,sepolia.era.zksync.dev,transfer,500,3,,,1972918.426708,1972918.56375,0.13704199995845556,,,,failed,1,0,UNKNOWN,Cannot read properties of undefined (reading 'address'),
pilot_1790499507788,transfer_N500_c3,0,2026-09-27T09:31:19.754Z,zkSyncTestnet,300,sepolia.era.zksync.dev,transfer,500,3,,,1972918.473333,1972918.573375,0.10004199994727969,,,,failed,1,0,UNKNOWN,Cannot read properties of undefined (reading 'address'),
pilot_1790499507788,transfer_N500_c3,0,2026-09-27T09:31:19.754Z,zkSyncTestnet,300,sepolia.era.zksync.dev,transfer,500,3,,,1972918.518042,1972918.580375,0.062332999892532825,,,,failed,1,0,UNKNOWN,Cannot read properties of undefined (reading 'address'),
pilot_1790499507788,transfer_N500_c3,0,2026-09-27T09:31:19.754Z,zkSyncTestnet,300,sepolia.era.zksync.dev,transfer,500,3,,,1972918.586333,1972918.72325,0.13691699993796647,,,,failed,1,0,UNKNOWN,Cannot read properties of undefined (reading 'address'),
pilot_1790499507788,transfer_N500_c3,0,2026-09-27T09:31:19.754Z,zkSyncTestnet,300,sepolia.era.zksync.dev,transfer,500,3,,,1972918.63325,1972918.732875,0.09962500003166497,,,,failed,1,0,UNKNOWN,Cannot read properties of undefined (reading 'address'),
pilot_1790499507788,transfer_N500_c3,0,2026-09-27T09:31:19.754Z,zkSyncTestnet,300,sepolia.era.zksync.dev,transfer,500,3,,,1972918.677792,1972918.758667,0.08087500021792948,,,,failed,1,0,UNKNOWN,Cannot read properties of undefined (reading 'address'),
pilot_1790499507788,transfer_N500_c3,0,2026-09-27T09:31:19.755Z,zkSyncTestnet,300,sepolia.era.zksync.dev,transfer,500,3,,,1972918.765667,1972918.903625,0.13795799994841218,,,,failed,1,0,UNKNOWN,Cannot read properties of undefined (reading 'address'),
pilot_1790499507788,transfer_N500_c3,0,2026-09-27T09:31:19.755Z,zkSyncTestnet,300,sepolia.era.zksync.dev,transfer,500,3,,,1972918.813208,1972918.913333,0.10012499988079071,,,,failed,1,0,UNKNOWN,Cannot read properties of undefined (reading 'address'),
pilot_1790499507788,transfer_N500_c3,0,2026-09-27T09:31:19.755Z,zkSyncTestnet,300,sepolia.era.zksync.dev,transfer,500,3,,,1972918.858042,1972918.920333,0.06229099980555475,,,,failed,1,0,UNKNOWN,Cannot read properties of undefined (reading 'address'),
pilot_1790499507788,transfer_N500_c3,0,2026-09-27T09:31:19.755Z,zkSyncTestnet,300,sepolia.era.zksync.dev,transfer,500,3,,,1972918.926208,1972919.062458,0.13624999998137355,,,,failed,1,0,UNKNOWN,Cannot read properties of undefined (reading 'address'),
pilot_1790499507788,transfer_N500_c3,0,2026-09-27T09:31:19.755Z,zkSyncTestnet,300,sepolia.era.zksync.dev,transfer,500,3,,,1972918.972625,1972919.072375,0.09975000005215406,,,,failed,1,0,UNKNOWN,Cannot read properties of undefined (reading 'address'),
pilot_1790499507788,transfer_N500_c3,0,2026-09-27T09:31:19.755Z,zkSyncTestnet,300,sepolia.era.zksync.dev,transfer,500,3,,,1972919.017042,1972919.079458,0.062415999826043844,,,,failed,1,0,UNKNOWN,Cannot read properties of undefined (reading 'address'),
pilot_1790499507788,transfer_N500_c3,0,2026-09-27T09:31:19.755Z,zkSyncTestnet,300,sepolia.era.zksync.dev,transfer,500,3,,,1972919.084625,1972919.205375,0.12075000000186265,,,,failed,1,0,UNKNOWN,Cannot read properties of undefined (reading 'address'),
pilot_1790499507788,transfer_N500_c3,0,2026-09-27T09:31:19.755Z,zkSyncTestnet,300,sepolia.era.zksync.dev,transfer,500,3,,,1972919.125625,1972919.213792,0.08816699986346066,,,,failed,1,0,UNKNOWN,Cannot read properties of undefined (reading 'address'),
pilot_1790499507788,transfer_N500_c3,0,2026-09-27T09:31:19.755Z,zkSyncTestnet,300,sepolia.era.zksync.dev,transfer,500,3,,,1972919.165083,1972919.22125,0.056166999973356724,,,,failed,1,0,UNKNOWN,Cannot read properties of undefined (reading 'address'),
pilot_1790499507788,transfer_N500_c3,0,2026-09-27T09:31:19.755Z,zkSyncTestnet,300,sepolia.era.zksync.dev,transfer,500,3,,,1972919.22675,1972919.348083,0.12133300001733005,,,,failed,1,0,UNKNOWN,Cannot read properties of undefined (reading 'address'),
pilot_1790499507788,transfer_N500_c3,0,2026-09-27T09:31:19.755Z,zkSyncTestnet,300,sepolia.era.zksync.dev,transfer,500,3,,,1972919.267583,1972919.357083,0.08950000000186265,,,,failed,1,0,UNKNOWN,Cannot read properties of undefined (reading 'address'),
pilot_1790499507788,transfer_N500_c3,0,2026-09-27T09:31:19.755Z,zkSyncTestnet,300,sepolia.era.zksync.dev,transfer,500,3,,,1972919.307958,1972919.363458,0.05549999978393316,,,,failed,1,0,UNKNOWN,Cannot read properties of undefined (reading 'address'),
pilot_1790499507788,transfer_N500_c3,0,2026-09-27T09:31:19.755Z,zkSyncTestnet,300,sepolia.era.zksync.dev,transfer,500,3,,,1972919.368917,1972919.48975,0.12083299993537366,,,,failed,1,0,UNKNOWN,Cannot read properties of undefined (reading 'address'),
pilot_1790499507788,transfer_N500_c3,0,2026-09-27T09:31:19.755Z,zkSyncTestnet,300,sepolia.era.zksync.dev,transfer,500,3,,,1972919.41,1972919.498542,0.0885420001577586,,,,failed,1,0,UNKNOWN,Cannot read properties of undefined (reading 'address'),
pilot_1790499507788,transfer_N500_c3,0,2026-09-27T09:31:19.755Z,zkSyncTestnet,300,sepolia.era.zksync.dev,transfer,500,3,,,1972919.449375,1972919.504917,0.05554199987091124,,,,failed,1,0,UNKNOWN,Cannot read properties of undefined (reading 'address'),
pilot_1790499507788,transfer_N500_c3,0,2026-09-27T09:31:19.755Z,zkSyncTestnet,300,sepolia.era.zksync.dev,transfer,500,3,,,1972919.510125,1972919.632667,0.12254199991002679,,,,failed,1,0,UNKNOWN,Cannot read properties of undefined (reading 'address'),
pilot_1790499507788,transfer_N500_c3,0,2026-09-27T09:31:19.755Z,zkSyncTestnet,300,sepolia.era.zksync.dev,transfer,500,3,,,1972919.553167,1972919.64125,0.08808300015516579,,,,failed,1,0,UNKNOWN,Cannot read properties of undefined (reading 'address'),
pilot_1790499507788,transfer_N500_c3,0,2026-09-27T09:31:19.755Z,zkSyncTestnet,300,sepolia.era.zksync.dev,transfer,500,3,,,1972919.5925,1972919.647458,0.054958000080659986,,,,failed,1,0,UNKNOWN,Cannot read properties of undefined (reading 'address'),
pilot_1790499507788,transfer_N500_c3,0,2026-09-27T09:31:19.755Z,zkSyncTestnet,300,sepolia.era.zksync.dev,transfer,500,3,,,1972919.659417,1972919.780875,0.12145800003781915,,,,failed,1,0,UNKNOWN,Cannot read properties of undefined (reading 'address'),
pilot_1790499507788,transfer_N500_c3,0,2026-09-27T09:31:19.755Z,zkSyncTestnet,300,sepolia.era.zksync.dev,transfer,500,3,,,1972919.701417,1972919.789667,0.08825000002980232,,,,failed,1,0,UNKNOWN,Cannot read properties of undefined (reading 'address'),
pilot_1790499507788,transfer_N500_c3,0,2026-09-27T09:31:19.755Z,zkSyncTestnet,300,sepolia.era.zksync.dev,transfer,500,3,,,1972919.740708,1972919.795917,0.05520899989642203,,,,failed,1,0,UNKNOWN,Cannot read properties of undefined (reading 'address'),
pilot_1790499507788,transfer_N500_c3,0,2026-09-27T09:31:19.756Z,zkSyncTestnet,300,sepolia.era.zksync.dev,transfer,500,3,,,1972919.801167,1972919.921875,0.12070799991488457,,,,failed,1,0,UNKNOWN,Cannot read properties of undefined (reading 'address'),
pilot_1790499507788,transfer_N500_c3,0,2026-09-27T09:31:19.756Z,zkSyncTestnet,300,sepolia.era.zksync.dev,transfer,500,3,,,1972919.842125,1972919.930417,0.0882920001167804,,,,failed,1,0,UNKNOWN,Cannot read properties of undefined (reading 'address'),
pilot_1790499507788,transfer_N500_c3,0,2026-09-27T09:31:19.756Z,zkSyncTestnet,300,sepolia.era.zksync.dev,transfer,500,3,,,1972919.88175,1972919.936833,0.05508300010114908,,,,failed,1,0,UNKNOWN,Cannot read properties of undefined (reading 'address'),
pilot_1790499507788,transfer_N500_c3,0,2026-09-27T09:31:19.756Z,zkSyncTestnet,300,sepolia.era.zksync.dev,transfer,500,3,,,1972919.94225,1972920.062625,0.12037499994039536,,,,failed,1,0,UNKNOWN,Cannot read properties of undefined (reading 'address'),
pilot_1790499507788,transfer_N500_c3,0,2026-09-27T09:31:19.756Z,zkSyncTestnet,300,sepolia.era.zksync.dev,transfer,500,3,,,1972919.98325,1972920.07125,0.08799999998882413,,,,failed,1,0,UNKNOWN,Cannot read properties of undefined (reading 'address'),
pilot_1790499507788,transfer_N500_c3,0,2026-09-27T09:31:19.756Z,zkSyncTestnet,300,sepolia.era.zksync.dev,transfer,500,3,,,1972920.022542,1972920.0775,0.05495799984782934,,,,failed,1,0,UNKNOWN,Cannot read properties of undefined (reading 'address'),
pilot_1790499507788,transfer_N500_c3,0,2026-09-27T09:31:19.756Z,zkSyncTestnet,300,sepolia.era.zksync.dev,transfer,500,3,,,1972920.084208,1972920.204583,0.12037499994039536,,,,failed,1,0,UNKNOWN,Cannot read properties of undefined (reading 'address'),
pilot_1790499507788,transfer_N500_c3,0,2026-09-27T09:31:19.756Z,zkSyncTestnet,300,sepolia.era.zksync.dev,transfer,500,3,,,1972920.125125,1972920.213208,0.08808299992233515,,,,failed,1,0,UNKNOWN,Cannot read properties of undefined (reading 'address'),
pilot_1790499507788,transfer_N500_c3,0,2026-09-27T09:31:19.756Z,zkSyncTestnet,300,sepolia.era.zksync.dev,transfer,500,3,,,1972920.164583,1972920.219333,0.05475000012665987,,,,failed,1,0,UNKNOWN,Cannot read properties of undefined (reading 'address'),
pilot_1790499507788,transfer_N500_c3,0,2026-09-27T09:31:19.756Z,zkSyncTestnet,300,sepolia.era.zksync.dev,transfer,500,3,,,1972920.224625,1972920.668917,0.4442920000292361,,,,failed,1,0,UNKNOWN,Cannot read properties of undefined (reading 'address'),
pilot_1790499507788,transfer_N500_c3,0,2026-09-27T09:31:19.756Z,zkSyncTestnet,300,sepolia.era.zksync.dev,transfer,500,3,,,1972920.588292,1972920.678375,0.09008300001733005,,,,failed,1,0,UNKNOWN,Cannot read properties of undefined (reading 'address'),
pilot_1790499507788,transfer_N500_c3,0,2026-09-27T09:31:19.756Z,zkSyncTestnet,300,sepolia.era.zksync.dev,transfer,500,3,,,1972920.628542,1972920.684833,0.05629099998623133,,,,failed,1,0,UNKNOWN,Cannot read properties of undefined (reading 'address'),
pilot_1790499507788,transfer_N500_c3,0,2026-09-27T09:31:19.756Z,zkSyncTestnet,300,sepolia.era.zksync.dev,transfer,500,3,,,1972920.690333,1972920.811167,0.1208340001758188,,,,failed,1,0,UNKNOWN,Cannot read properties of undefined (reading 'address'),
pilot_1790499507788,transfer_N500_c3,0,2026-09-27T09:31:19.757Z,zkSyncTestnet,300,sepolia.era.zksync.dev,transfer,500,3,,,1972920.7315,1972920.819833,0.08833299996331334,,,,failed,1,0,UNKNOWN,Cannot read properties of undefined (reading 'address'),
pilot_1790499507788,transfer_N500_c3,0,2026-09-27T09:31:19.757Z,zkSyncTestnet,300,sepolia.era.zksync.dev,transfer,500,3,,,1972920.770958,1972920.826125,0.05516699980944395,,,,failed,1,0,UNKNOWN,Cannot read properties of undefined (reading 'address'),
pilot_1790499507788,transfer_N500_c3,0,2026-09-27T09:31:19.757Z,zkSyncTestnet,300,sepolia.era.zksync.dev,transfer,500,3,,,1972920.840917,1972920.962417,0.12149999989196658,,,,failed,1,0,UNKNOWN,Cannot read properties of undefined (reading 'address'),
pilot_1790499507788,transfer_N500_c3,0,2026-09-27T09:31:19.757Z,zkSyncTestnet,300,sepolia.era.zksync.dev,transfer,500,3,,,1972920.882958,1972920.971083,0.08812500000931323,,,,failed,1,0,UNKNOWN,Cannot read properties of undefined (reading 'address'),
pilot_1790499507788,transfer_N500_c3,0,2026-09-27T09:31:19.757Z,zkSyncTestnet,300,sepolia.era.zksync.dev,transfer,500,3,,,1972920.92225,1972920.977292,0.0550420000217855,,,,failed,1,0,UNKNOWN,Cannot read properties of undefined (reading 'address'),
pilot_1790499507788,transfer_N500_c3,0,2026-09-27T09:31:19.757Z,zkSyncTestnet,300,sepolia.era.zksync.dev,transfer,500,3,,,1972920.982542,1972921.102792,0.12024999991990626,,,,failed,1,0,UNKNOWN,Cannot read properties of undefined (reading 'address'),
pilot_1790499507788,transfer_N500_c3,0,2026-09-27T09:31:19.757Z,zkSyncTestnet,300,sepolia.era.zksync.dev,transfer,500,3,,,1972921.023458,1972921.111208,0.08774999994784594,,,,failed,1,0,UNKNOWN,Cannot read properties of undefined (reading 'address'),
pilot_1790499507788,transfer_N500_c3,0,2026-09-27T09:31:19.757Z,zkSyncTestnet,300,sepolia.era.zksync.dev,transfer,500,3,,,1972921.062875,1972921.117375,0.05449999985285103,,,,failed,1,0,UNKNOWN,Cannot read properties of undefined (reading 'address'),
pilot_1790499507788,transfer_N500_c3,0,2026-09-27T09:31:19.757Z,zkSyncTestnet,300,sepolia.era.zksync.dev,transfer,500,3,,,1972921.122458,1972921.243375,0.12091700010932982,,,,failed,1,0,UNKNOWN,Cannot read properties of undefined (reading 'address'),
pilot_1790499507788,transfer_N500_c3,0,2026-09-27T09:31:19.757Z,zkSyncTestnet,300,sepolia.era.zksync.dev,transfer,500,3,,,1972921.164208,1972921.251917,0.08770899986848235,,,,failed,1,0,UNKNOWN,Cannot read properties of undefined (reading 'address'),
pilot_1790499507788,transfer_N500_c3,0,2026-09-27T09:31:19.757Z,zkSyncTestnet,300,sepolia.era.zksync.dev,transfer,500,3,,,1972921.203458,1972921.258083,0.054625000106170774,,,,failed,1,0,UNKNOWN,Cannot read properties of undefined (reading 'address'),
pilot_1790499507788,transfer_N500_c3,0,2026-09-27T09:31:19.757Z,zkSyncTestnet,300,sepolia.era.zksync.dev,transfer,500,3,,,1972921.264542,1972921.384917,0.120375000173226,,,,failed,1,0,UNKNOWN,Cannot read properties of undefined (reading 'address'),
pilot_1790499507788,transfer_N500_c3,0,2026-09-27T09:31:19.757Z,zkSyncTestnet,300,sepolia.era.zksync.dev,transfer,500,3,,,1972921.305833,1972921.393583,0.08774999994784594,,,,failed,1,0,UNKNOWN,Cannot read properties of undefined (reading 'address'),
pilot_1790499507788,transfer_N500_c3,0,2026-09-27T09:31:19.757Z,zkSyncTestnet,300,sepolia.era.zksync.dev,transfer,500,3,,,1972921.345167,1972921.399792,0.05462499987334013,,,,failed,1,0,UNKNOWN,Cannot read properties of undefined (reading 'address'),
pilot_1790499507788,transfer_N500_c3,0,2026-09-27T09:31:19.757Z,zkSyncTestnet,300,sepolia.era.zksync.dev,transfer,500,3,,,1972921.404958,1972921.5255,0.12054200004786253,,,,failed,1,0,UNKNOWN,Cannot read properties of undefined (reading 'address'),
pilot_1790499507788,transfer_N500_c3,0,2026-09-27T09:31:19.757Z,zkSyncTestnet,300,sepolia.era.zksync.dev,transfer,500,3,,,1972921.446042,1972921.533958,0.08791599981486797,,,,failed,1,0,UNKNOWN,Cannot read properties of undefined (reading 'address'),
pilot_1790499507788,transfer_N500_c3,0,2026-09-27T09:31:19.757Z,zkSyncTestnet,300,sepolia.era.zksync.dev,transfer,500,3,,,1972921.485417,1972921.540125,0.05470800003968179,,,,failed,1,0,UNKNOWN,Cannot read properties of undefined (reading 'address'),
pilot_1790499507788,transfer_N500_c3,0,2026-09-27T09:31:19.757Z,zkSyncTestnet,300,sepolia.era.zksync.dev,transfer,500,3,,,1972921.54525,1972921.665583,0.12033300008624792,,,,failed,1,0,UNKNOWN,Cannot read properties of undefined (reading 'address'),
pilot_1790499507788,transfer_N500_c3,0,2026-09-27T09:31:19.757Z,zkSyncTestnet,300,sepolia.era.zksync.dev,transfer,500,3,,,1972921.586292,1972921.674083,0.08779100002720952,,,,failed,1,0,UNKNOWN,Cannot read properties of undefined (reading 'address'),
pilot_1790499507788,transfer_N500_c3,0,2026-09-27T09:31:19.757Z,zkSyncTestnet,300,sepolia.era.zksync.dev,transfer,500,3,,,1972921.625583,1972921.680167,0.05458400002680719,,,,failed,1,0,UNKNOWN,Cannot read properties of undefined (reading 'address'),
pilot_1790499507788,transfer_N500_c3,0,2026-09-27T09:31:19.758Z,zkSyncTestnet,300,sepolia.era.zksync.dev,transfer,500,3,,,1972921.700417,1972921.822083,0.12166599999181926,,,,failed,1,0,UNKNOWN,Cannot read properties of undefined (reading 'address'),
pilot_1790499507788,transfer_N500_c3,0,2026-09-27T09:31:19.758Z,zkSyncTestnet,300,sepolia.era.zksync.dev,transfer,500,3,,,1972921.742625,1972921.83075,0.08812500000931323,,,,failed,1,0,UNKNOWN,Cannot read properties of undefined (reading 'address'),
pilot_1790499507788,transfer_N500_c3,0,2026-09-27T09:31:19.758Z,zkSyncTestnet,300,sepolia.era.zksync.dev,transfer,500,3,,,1972921.781958,1972921.836958,0.05499999993480742,,,,failed,1,0,UNKNOWN,Cannot read properties of undefined (reading 'address'),
pilot_1790499507788,transfer_N500_c3,0,2026-09-27T09:31:19.758Z,zkSyncTestnet,300,sepolia.era.zksync.dev,transfer,500,3,,,1972921.842167,1972921.962542,0.12037499994039536,,,,failed,1,0,UNKNOWN,Cannot read properties of undefined (reading 'address'),
pilot_1790499507788,transfer_N500_c3,0,2026-09-27T09:31:19.758Z,zkSyncTestnet,300,sepolia.era.zksync.dev,transfer,500,3,,,1972921.883167,1972921.970875,0.0877080000936985,,,,failed,1,0,UNKNOWN,Cannot read properties of undefined (reading 'address'),
pilot_1790499507788,transfer_N500_c3,0,2026-09-27T09:31:19.758Z,zkSyncTestnet,300,sepolia.era.zksync.dev,transfer,500,3,,,1972921.9225,1972921.977042,0.05454199993982911,,,,failed,1,0,UNKNOWN,Cannot read properties of undefined (reading 'address'),
pilot_1790499507788,transfer_N500_c3,0,2026-09-27T09:31:19.758Z,zkSyncTestnet,300,sepolia.era.zksync.dev,transfer,500,3,,,1972921.982333,1972922.102708,0.12037499994039536,,,,failed,1,0,UNKNOWN,Cannot read properties of undefined (reading 'address'),
pilot_1790499507788,transfer_N500_c3,0,2026-09-27T09:31:19.758Z,zkSyncTestnet,300,sepolia.era.zksync.dev,transfer,500,3,,,1972922.023417,1972922.111208,0.08779100002720952,,,,failed,1,0,UNKNOWN,Cannot read properties of undefined (reading 'address'),
pilot_1790499507788,transfer_N500_c3,0,2026-09-27T09:31:19.758Z,zkSyncTestnet,300,sepolia.era.zksync.dev,transfer,500,3,,,1972922.062792,1972922.118042,0.05525000020861626,,,,failed,1,0,UNKNOWN,Cannot read properties of undefined (reading 'address'),
pilot_1790499507788,transfer_N500_c3,0,2026-09-27T09:31:19.758Z,zkSyncTestnet,300,sepolia.era.zksync.dev,transfer,500,3,,,1972922.124583,1972922.244792,0.12020899984054267,,,,failed,1,0,UNKNOWN,Cannot read properties of undefined (reading 'address'),
pilot_1790499507788,transfer_N500_c3,0,2026-09-27T09:31:19.758Z,zkSyncTestnet,300,sepolia.era.zksync.dev,transfer,500,3,,,1972922.1655,1972922.253417,0.08791700005531311,,,,failed,1,0,UNKNOWN,Cannot read properties of undefined (reading 'address'),
pilot_1790499507788,transfer_N500_c3,0,2026-09-27T09:31:19.758Z,zkSyncTestnet,300,sepolia.era.zksync.dev,transfer,500,3,,,1972922.204875,1972922.259458,0.054583000019192696,,,,failed,1,0,UNKNOWN,Cannot read properties of undefined (reading 'address'),
pilot_1790499507788,transfer_N500_c3,0,2026-09-27T09:31:19.758Z,zkSyncTestnet,300,sepolia.era.zksync.dev,transfer,500,3,,,1972922.264667,1972922.385292,0.12062499998137355,,,,failed,1,0,UNKNOWN,Cannot read properties of undefined (reading 'address'),
pilot_1790499507788,transfer_N500_c3,0,2026-09-27T09:31:19.758Z,zkSyncTestnet,300,sepolia.era.zksync.dev,transfer,500,3,,,1972922.305708,1972922.393792,0.08808399992994964,,,,failed,1,0,UNKNOWN,Cannot read properties of undefined (reading 'address'),
pilot_1790499507788,transfer_N500_c3,0,2026-09-27T09:31:19.758Z,zkSyncTestnet,300,sepolia.era.zksync.dev,transfer,500,3,,,1972922.345333,1972922.4,0.05466699996031821,,,,failed,1,0,UNKNOWN,Cannot read properties of undefined (reading 'address'),
pilot_1790499507788,transfer_N500_c3,0,2026-09-27T09:31:19.758Z,zkSyncTestnet,300,sepolia.era.zksync.dev,transfer,500,3,,,1972922.405333,1972922.525958,0.12062499998137355,,,,failed,1,0,UNKNOWN,Cannot read properties of undefined (reading 'address'),
pilot_1790499507788,transfer_N500_c3,0,2026-09-27T09:31:19.758Z,zkSyncTestnet,300,sepolia.era.zksync.dev,transfer,500,3,,,1972922.446583,1972922.534417,0.08783399988897145,,,,failed,1,0,UNKNOWN,Cannot read properties of undefined (reading 'address'),
pilot_1790499507788,transfer_N500_c3,0,2026-09-27T09:31:19.758Z,zkSyncTestnet,300,sepolia.era.zksync.dev,transfer,500,3,,,1972922.486,1972922.540542,0.05454199993982911,,,,failed,1,0,UNKNOWN,Cannot read properties of undefined (reading 'address'),
pilot_1790499507788,transfer_N500_c3,0,2026-09-27T09:31:19.758Z,zkSyncTestnet,300,sepolia.era.zksync.dev,transfer,500,3,,,1972922.545583,1972922.665708,0.1201250001322478,,,,failed,1,0,UNKNOWN,Cannot read properties of undefined (reading 'address'),
pilot_1790499507788,transfer_N500_c3,0,2026-09-27T09:31:19.758Z,zkSyncTestnet,300,sepolia.era.zksync.dev,transfer,500,3,,,1972922.5865,1972922.682833,0.09633300011046231,,,,failed,1,0,UNKNOWN,Cannot read properties of undefined (reading 'address'),
pilot_1790499507788,transfer_N500_c3,0,2026-09-27T09:31:19.758Z,zkSyncTestnet,300,sepolia.era.zksync.dev,transfer,500,3,,,1972922.62575,1972922.689875,0.06412500003352761,,,,failed,1,0,UNKNOWN,Cannot read properties of undefined (reading 'address'),
pilot_1790499507788,transfer_N500_c3,0,2026-09-27T09:31:19.759Z,zkSyncTestnet,300,sepolia.era.zksync.dev,transfer,500,3,,,1972922.694958,1972922.815292,0.12033400009386241,,,,failed,1,0,UNKNOWN,Cannot read properties of undefined (reading 'address'),
pilot_1790499507788,transfer_N500_c3,0,2026-09-27T09:31:19.759Z,zkSyncTestnet,300,sepolia.era.zksync.dev,transfer,500,3,,,1972922.73625,1972922.823833,0.08758299984037876,,,,failed,1,0,UNKNOWN,Cannot read properties of undefined (reading 'address'),
pilot_1790499507788,transfer_N500_c3,0,2026-09-27T09:31:19.759Z,zkSyncTestnet,300,sepolia.era.zksync.dev,transfer,500,3,,,1972922.77525,1972922.83,0.05475000012665987,,,,failed,1,0,UNKNOWN,Cannot read properties of undefined (reading 'address'),
pilot_1790499507788,transfer_N500_c3,0,2026-09-27T09:31:19.759Z,zkSyncTestnet,300,sepolia.era.zksync.dev,transfer,500,3,,,1972922.83525,1972922.955417,0.12016699998639524,,,,failed,1,0,UNKNOWN,Cannot read properties of undefined (reading 'address'),
pilot_1790499507788,transfer_N500_c3,0,2026-09-27T09:31:19.759Z,zkSyncTestnet,300,sepolia.era.zksync.dev,transfer,500,3,,,1972922.876208,1972922.963875,0.08766700001433492,,,,failed,1,0,UNKNOWN,Cannot read properties of undefined (reading 'address'),
pilot_1790499507788,transfer_N500_c3,0,2026-09-27T09:31:19.759Z,zkSyncTestnet,300,sepolia.era.zksync.dev,transfer,500,3,,,1972922.915417,1972922.969958,0.05454099993221462,,,,failed,1,0,UNKNOWN,Cannot read properties of undefined (reading 'address'),
pilot_1790499507788,transfer_N500_c3,0,2026-09-27T09:31:19.759Z,zkSyncTestnet,300,sepolia.era.zksync.dev,transfer,500,3,,,1972922.975208,1972923.096583,0.12137499987147748,,,,failed,1,0,UNKNOWN,Cannot read properties of undefined (reading 'address'),
pilot_1790499507788,transfer_N500_c3,0,2026-09-27T09:31:19.759Z,zkSyncTestnet,300,sepolia.era.zksync.dev,transfer,500,3,,,1972923.016083,1972923.106333,0.09024999989196658,,,,failed,1,0,UNKNOWN,Cannot read properties of undefined (reading 'address'),
pilot_1790499507788,transfer_N500_c3,0,2026-09-27T09:31:19.759Z,zkSyncTestnet,300,sepolia.era.zksync.dev,transfer,500,3,,,1972923.055583,1972923.112583,0.05700000002980232,,,,failed,1,0,UNKNOWN,Cannot read properties of undefined (reading 'address'),
pilot_1790499507788,transfer_N500_c3,0,2026-09-27T09:31:19.759Z,zkSyncTestnet,300,sepolia.era.zksync.dev,transfer,500,3,,,1972923.117708,1972923.237625,0.11991700017824769,,,,failed,1,0,UNKNOWN,Cannot read properties of undefined (reading 'address'),
pilot_1790499507788,transfer_N500_c3,0,2026-09-27T09:31:19.759Z,zkSyncTestnet,300,sepolia.era.zksync.dev,transfer,500,3,,,1972923.158792,1972923.246125,0.08733300003223121,,,,failed,1,0,UNKNOWN,Cannot read properties of undefined (reading 'address'),
pilot_1790499507788,transfer_N500_c3,0,2026-09-27T09:31:19.759Z,zkSyncTestnet,300,sepolia.era.zksync.dev,transfer,500,3,,,1972923.197833,1972923.252292,0.05445900000631809,,,,failed,1,0,UNKNOWN,Cannot read properties of undefined (reading 'address'),
pilot_1790499507788,transfer_N500_c3,0,2026-09-27T09:31:19.759Z,zkSyncTestnet,300,sepolia.era.zksync.dev,transfer,500,3,,,1972923.257375,1972923.377542,0.12016699998639524,,,,failed,1,0,UNKNOWN,Cannot read properties of undefined (reading 'address'),
pilot_1790499507788,transfer_N500_c3,0,2026-09-27T09:31:19.759Z,zkSyncTestnet,300,sepolia.era.zksync.dev,transfer,500,3,,,1972923.29825,1972923.385917,0.08766700001433492,,,,failed,1,0,UNKNOWN,Cannot read properties of undefined (reading 'address'),
pilot_1790499507788,transfer_N500_c3,0,2026-09-27T09:31:19.759Z,zkSyncTestnet,300,sepolia.era.zksync.dev,transfer,500,3,,,1972923.33775,1972923.392,0.054250000044703484,,,,failed,1,0,UNKNOWN,Cannot read properties of undefined (reading 'address'),
pilot_1790499507788,transfer_N500_c3,0,2026-09-27T09:31:19.759Z,zkSyncTestnet,300,sepolia.era.zksync.dev,transfer,500,3,,,1972923.397167,1972923.51725,0.12008300004526973,,,,failed,1,0,UNKNOWN,Cannot read properties of undefined (reading 'address'),
pilot_1790499507788,transfer_N500_c3,0,2026-09-27T09:31:19.759Z,zkSyncTestnet,300,sepolia.era.zksync.dev,transfer,500,3,,,1972923.437875,1972923.534542,0.09666699985973537,,,,failed,1,0,UNKNOWN,Cannot read properties of undefined (reading 'address'),
pilot_1790499507788,transfer_N500_c3,0,2026-09-27T09:31:19.759Z,zkSyncTestnet,300,sepolia.era.zksync.dev,transfer,500,3,,,1972923.477083,1972923.541333,0.06425000005401671,,,,failed,1,0,UNKNOWN,Cannot read properties of undefined (reading 'address'),
pilot_1790499507788,transfer_N500_c3,0,2026-09-27T09:31:19.759Z,zkSyncTestnet,300,sepolia.era.zksync.dev,transfer,500,3,,,1972923.546542,1972923.667375,0.12083299993537366,,,,failed,1,0,UNKNOWN,Cannot read properties of undefined (reading 'address'),
pilot_1790499507788,transfer_N500_c3,0,2026-09-27T09:31:19.759Z,zkSyncTestnet,300,sepolia.era.zksync.dev,transfer,500,3,,,1972923.588167,1972923.67575,0.08758299984037876,,,,failed,1,0,UNKNOWN,Cannot read properties of undefined (reading 'address'),
pilot_1790499507788,transfer_N500_c3,0,2026-09-27T09:31:19.759Z,zkSyncTestnet,300,sepolia.era.zksync.dev,transfer,500,3,,,1972923.627458,1972923.681875,0.054416999919340014,,,,failed,1,0,UNKNOWN,Cannot read properties of undefined (reading 'address'),
pilot_1790499507788,transfer_N500_c3,0,2026-09-27T09:31:19.759Z,zkSyncTestnet,300,sepolia.era.zksync.dev,transfer,500,3,,,1972923.687083,1972923.807292,0.12020899984054267,,,,failed,1,0,UNKNOWN,Cannot read properties of undefined (reading 'address'),
pilot_1790499507788,transfer_N500_c3,0,2026-09-27T09:31:19.760Z,zkSyncTestnet,300,sepolia.era.zksync.dev,transfer,500,3,,,1972923.727833,1972923.81575,0.08791700005531311,,,,failed,1,0,UNKNOWN,Cannot read properties of undefined (reading 'address'),
pilot_1790499507788,transfer_N500_c3,0,2026-09-27T09:31:19.760Z,zkSyncTestnet,300,sepolia.era.zksync.dev,transfer,500,3,,,1972923.767208,1972923.821917,0.054709000047296286,,,,failed,1,0,UNKNOWN,Cannot read properties of undefined (reading 'address'),
pilot_1790499507788,transfer_N500_c3,0,2026-09-27T09:31:19.760Z,zkSyncTestnet,300,sepolia.era.zksync.dev,transfer,500,3,,,1972923.827083,1972923.947167,0.12008400005288422,,,,failed,1,0,UNKNOWN,Cannot read properties of undefined (reading 'address'),
pilot_1790499507788,transfer_N500_c3,0,2026-09-27T09:31:19.760Z,zkSyncTestnet,300,sepolia.era.zksync.dev,transfer,500,3,,,1972923.867708,1972923.95675,0.08904200000688434,,,,failed,1,0,UNKNOWN,Cannot read properties of undefined (reading 'address'),
pilot_1790499507788,transfer_N500_c3,0,2026-09-27T09:31:19.760Z,zkSyncTestnet,300,sepolia.era.zksync.dev,transfer,500,3,,,1972923.907083,1972923.963083,0.05599999986588955,,,,failed,1,0,UNKNOWN,Cannot read properties of undefined (reading 'address'),
pilot_1790499507788,transfer_N500_c3,0,2026-09-27T09:31:19.760Z,zkSyncTestnet,300,sepolia.era.zksync.dev,transfer,500,3,,,1972923.96825,1972924.097167,0.12891700002364814,,,,failed,1,0,UNKNOWN,Cannot read properties of undefined (reading 'address'),
pilot_1790499507788,transfer_N500_c3,0,2026-09-27T09:31:19.760Z,zkSyncTestnet,300,sepolia.era.zksync.dev,transfer,500,3,,,1972924.00925,1972924.105958,0.0967080001719296,,,,failed,1,0,UNKNOWN,Cannot read properties of undefined (reading 'address'),
pilot_1790499507788,transfer_N500_c3,0,2026-09-27T09:31:19.760Z,zkSyncTestnet,300,sepolia.era.zksync.dev,transfer,500,3,,,1972924.049458,1972924.11225,0.06279199989512563,,,,failed,1,0,UNKNOWN,Cannot read properties of undefined (reading 'address'),
pilot_1790499507788,transfer_N500_c3,0,2026-09-27T09:31:19.760Z,zkSyncTestnet,300,sepolia.era.zksync.dev,transfer,500,3,,,1972924.117583,1972924.253,0.13541699992492795,,,,failed,1,0,UNKNOWN,Cannot read properties of undefined (reading 'address'),
pilot_1790499507788,transfer_N500_c3,0,2026-09-27T09:31:19.760Z,zkSyncTestnet,300,sepolia.era.zksync.dev,transfer,500,3,,,1972924.164833,1972924.261708,0.09687500004656613,,,,failed,1,0,UNKNOWN,Cannot read properties of undefined (reading 'address'),
pilot_1790499507788,transfer_N500_c3,0,2026-09-27T09:31:19.760Z,zkSyncTestnet,300,sepolia.era.zksync.dev,transfer,500,3,,,1972924.204125,1972924.267833,0.06370800011791289,,,,failed,1,0,UNKNOWN,Cannot read properties of undefined (reading 'address'),
pilot_1790499507788,transfer_N500_c3,0,2026-09-27T09:31:19.760Z,zkSyncTestnet,300,sepolia.era.zksync.dev,transfer,500,3,,,1972924.273083,1972924.410833,0.13774999999441206,,,,failed,1,0,UNKNOWN,Cannot read properties of undefined (reading 'address'),
pilot_1790499507788,transfer_N500_c3,0,2026-09-27T09:31:19.760Z,zkSyncTestnet,300,sepolia.era.zksync.dev,transfer,500,3,,,1972924.319708,1972924.43825,0.11854199995286763,,,,failed,1,0,UNKNOWN,Cannot read properties of undefined (reading 'address'),
pilot_1790499507788,transfer_N500_c3,0,2026-09-27T09:31:19.760Z,zkSyncTestnet,300,sepolia.era.zksync.dev,transfer,500,3,,,1972924.370417,1972924.451,0.08058299985714257,,,,failed,1,0,UNKNOWN,Cannot read properties of undefined (reading 'address'),
pilot_1790499507788,transfer_N500_c3,0,2026-09-27T09:31:19.760Z,zkSyncTestnet,300,sepolia.era.zksync.dev,transfer,500,3,,,1972924.456333,1972924.59875,0.14241699990816414,,,,failed,1,0,UNKNOWN,Cannot read properties of undefined (reading 'address'),
pilot_1790499507788,transfer_N500_c3,0,2026-09-27T09:31:19.760Z,zkSyncTestnet,300,sepolia.era.zksync.dev,transfer,500,3,,,1972924.497917,1972924.6075,0.10958299995400012,,,,failed,1,0,UNKNOWN,Cannot read properties of undefined (reading 'address'),
pilot_1790499507788,transfer_N500_c3,0,2026-09-27T09:31:19.760Z,zkSyncTestnet,300,sepolia.era.zksync.dev,transfer,500,3,,,1972924.550125,1972924.613792,0.0636670000385493,,,,failed,1,0,UNKNOWN,Cannot read properties of undefined (reading 'address'),
pilot_1790499507788,transfer_N500_c3,0,2026-09-27T09:31:19.760Z,zkSyncTestnet,300,sepolia.era.zksync.dev,transfer,500,3,,,1972924.619125,1972924.756208,0.13708300003781915,,,,failed,1,0,UNKNOWN,Cannot read properties of undefined (reading 'address'),
pilot_1790499507788,transfer_N500_c3,0,2026-09-27T09:31:19.760Z,zkSyncTestnet,300,sepolia.era.zksync.dev,transfer,500,3,,,1972924.66975,1972924.765,0.09525000001303852,,,,failed,1,0,UNKNOWN,Cannot read properties of undefined (reading 'address'),
pilot_1790499507788,transfer_N500_c3,0,2026-09-27T09:31:19.760Z,zkSyncTestnet,300,sepolia.era.zksync.dev,transfer,500,3,,,1972924.709333,1972924.78275,0.07341700000688434,,,,failed,1,0,UNKNOWN,Cannot read properties of undefined (reading 'address'),
pilot_1790499507788,transfer_N500_c3,0,2026-09-27T09:31:19.761Z,zkSyncTestnet,300,sepolia.era.zksync.dev,transfer,500,3,,,1972924.789083,1972924.929958,0.1408750000409782,,,,failed,1,0,UNKNOWN,Cannot read properties of undefined (reading 'address'),
pilot_1790499507788,transfer_N500_c3,0,2026-09-27T09:31:19.761Z,zkSyncTestnet,300,sepolia.era.zksync.dev,transfer,500,3,,,1972924.8375,1972924.940167,0.10266700014472008,,,,failed,1,0,UNKNOWN,Cannot read properties of undefined (reading 'address'),
pilot_1790499507788,transfer_N500_c3,0,2026-09-27T09:31:19.761Z,zkSyncTestnet,300,sepolia.era.zksync.dev,transfer,500,3,,,1972924.877458,1972924.946625,0.06916700000874698,,,,failed,1,0,UNKNOWN,Cannot read properties of undefined (reading 'address'),
pilot_1790499507788,transfer_N500_c3,0,2026-09-27T09:31:19.761Z,zkSyncTestnet,300,sepolia.era.zksync.dev,transfer,500,3,,,1972924.951875,1972925.092583,0.14070799993351102,,,,failed,1,0,UNKNOWN,Cannot read properties of undefined (reading 'address'),
pilot_1790499507788,transfer_N500_c3,0,2026-09-27T09:31:19.761Z,zkSyncTestnet,300,sepolia.era.zksync.dev,transfer,500,3,,,1972925.002417,1972925.1015,0.09908300009556115,,,,failed,1,0,UNKNOWN,Cannot read properties of undefined (reading 'address'),
pilot_1790499507788,transfer_N500_c3,0,2026-09-27T09:31:19.761Z,zkSyncTestnet,300,sepolia.era.zksync.dev,transfer,500,3,,,1972925.051333,1972925.107708,0.05637500016018748,,,,failed,1,0,UNKNOWN,Cannot read properties of undefined (reading 'address'),
pilot_1790499507788,transfer_N500_c3,0,2026-09-27T09:31:19.761Z,zkSyncTestnet,300,sepolia.era.zksync.dev,transfer,500,3,,,1972925.113708,1972925.252083,0.13837500009685755,,,,failed,1,0,UNKNOWN,Cannot read properties of undefined (reading 'address'),
pilot_1790499507788,transfer_N500_c3,0,2026-09-27T09:31:19.761Z,zkSyncTestnet,300,sepolia.era.zksync.dev,transfer,500,3,,,1972925.161208,1972925.260958,0.09975000005215406,,,,failed,1,0,UNKNOWN,Cannot read properties of undefined (reading 'address'),
pilot_1790499507788,transfer_N500_c3,0,2026-09-27T09:31:19.761Z,zkSyncTestnet,300,sepolia.era.zksync.dev,transfer,500,3,,,1972925.201542,1972925.267125,0.06558299995958805,,,,failed,1,0,UNKNOWN,Cannot read properties of undefined (reading 'address'),
pilot_1790499507788,transfer_N500_c3,0,2026-09-27T09:31:19.761Z,zkSyncTestnet,300,sepolia.era.zksync.dev,transfer,500,3,,,1972925.272292,1972925.412667,0.1403749999590218,,,,failed,1,0,UNKNOWN,Cannot read properties of undefined (reading 'address'),
pilot_1790499507788,transfer_N500_c3,0,2026-09-27T09:31:19.761Z,zkSyncTestnet,300,sepolia.era.zksync.dev,transfer,500,3,,,1972925.324625,1972925.429083,0.10445800004526973,,,,failed,1,0,UNKNOWN,Cannot read properties of undefined (reading 'address'),
pilot_1790499507788,transfer_N500_c3,0,2026-09-27T09:31:19.761Z,zkSyncTestnet,300,sepolia.era.zksync.dev,transfer,500,3,,,1972925.364625,1972925.43625,0.07162500009872019,,,,failed,1,0,UNKNOWN,Cannot read properties of undefined (reading 'address'),
pilot_1790499507788,transfer_N500_c3,0,2026-09-27T09:31:19.761Z,zkSyncTestnet,300,sepolia.era.zksync.dev,transfer,500,3,,,1972925.449583,1972925.578083,0.12849999987520278,,,,failed,1,0,UNKNOWN,Cannot read properties of undefined (reading 'address'),
pilot_1790499507788,transfer_N500_c3,0,2026-09-27T09:31:19.761Z,zkSyncTestnet,300,sepolia.era.zksync.dev,transfer,500,3,,,1972925.491583,1972925.5975,0.10591699997894466,,,,failed,1,0,UNKNOWN,Cannot read properties of undefined (reading 'address'),
pilot_1790499507788,transfer_N500_c3,0,2026-09-27T09:31:19.761Z,zkSyncTestnet,300,sepolia.era.zksync.dev,transfer,500,3,,,1972925.537667,1972925.604417,0.06674999999813735,,,,failed,1,0,UNKNOWN,Cannot read properties of undefined (reading 'address'),
pilot_1790499507788,transfer_N500_c3,0,2026-09-27T09:31:19.761Z,zkSyncTestnet,300,sepolia.era.zksync.dev,transfer,500,3,,,1972925.609792,1972925.745792,0.136000000173226,,,,failed,1,0,UNKNOWN,Cannot read properties of undefined (reading 'address'),
pilot_1790499507788,transfer_N500_c3,0,2026-09-27T09:31:19.761Z,zkSyncTestnet,300,sepolia.era.zksync.dev,transfer,500,3,,,1972925.656458,1972925.754667,0.09820899995975196,,,,failed,1,0,UNKNOWN,Cannot read properties of undefined (reading 'address'),
pilot_1790499507788,transfer_N500_c3,0,2026-09-27T09:31:19.761Z,zkSyncTestnet,300,sepolia.era.zksync.dev,transfer,500,3,,,1972925.697208,1972925.760917,0.06370899989269674,,,,failed,1,0,UNKNOWN,Cannot read properties of undefined (reading 'address'),
pilot_1790499507788,transfer_N500_c3,0,2026-09-27T09:31:19.762Z,zkSyncTestnet,300,sepolia.era.zksync.dev,transfer,500,3,,,1972925.766333,1972925.903167,0.13683400000445545,,,,failed,1,0,UNKNOWN,Cannot read properties of undefined (reading 'address'),
pilot_1790499507788,transfer_N500_c3,0,2026-09-27T09:31:19.762Z,zkSyncTestnet,300,sepolia.era.zksync.dev,transfer,500,3,,,1972925.813458,1972925.913542,0.10008400003425777,,,,failed,1,0,UNKNOWN,Cannot read properties of undefined (reading 'address'),
pilot_1790499507788,transfer_N500_c3,0,2026-09-27T09:31:19.762Z,zkSyncTestnet,300,sepolia.era.zksync.dev,transfer,500,3,,,1972925.853,1972925.919917,0.06691700010560453,,,,failed,1,0,UNKNOWN,Cannot read properties of undefined (reading 'address'),
pilot_1790499507788,transfer_N500_c3,0,2026-09-27T09:31:19.762Z,zkSyncTestnet,300,sepolia.era.zksync.dev,transfer,500,3,,,1972925.929417,1972926.056333,0.1269160001538694,,,,failed,1,0,UNKNOWN,Cannot read properties of undefined (reading 'address'),
pilot_1790499507788,transfer_N500_c3,0,2026-09-27T09:31:19.762Z,zkSyncTestnet,300,sepolia.era.zksync.dev,transfer,500,3,,,1972925.970875,1972926.071042,0.10016699996776879,,,,failed,1,0,UNKNOWN,Cannot read properties of undefined (reading 'address'),
pilot_1790499507788,transfer_N500_c3,0,2026-09-27T09:31:19.762Z,zkSyncTestnet,300,sepolia.era.zksync.dev,transfer,500,3,,,1972926.016042,1972926.077792,0.061750000109896064,,,,failed,1,0,UNKNOWN,Cannot read properties of undefined (reading 'address'),
pilot_1790499507788,transfer_N500_c3,0,2026-09-27T09:31:19.762Z,zkSyncTestnet,300,sepolia.era.zksync.dev,transfer,500,3,,,1972926.083042,1972926.217917,0.13487499998882413,,,,failed,1,0,UNKNOWN,Cannot read properties of undefined (reading 'address'),
pilot_1790499507788,transfer_N500_c3,0,2026-09-27T09:31:19.762Z,zkSyncTestnet,300,sepolia.era.zksync.dev,transfer,500,3,,,1972926.130542,1972926.226542,0.09599999990314245,,,,failed,1,0,UNKNOWN,Cannot read properties of undefined (reading 'address'),
pilot_1790499507788,transfer_N500_c3,0,2026-09-27T09:31:19.762Z,zkSyncTestnet,300,sepolia.era.zksync.dev,transfer,500,3,,,1972926.171417,1972926.23275,0.061332999961450696,,,,failed,1,0,UNKNOWN,Cannot read properties of undefined (reading 'address'),
pilot_1790499507788,transfer_N500_c3,0,2026-09-27T09:31:19.762Z,zkSyncTestnet,300,sepolia.era.zksync.dev,transfer,500,3,,,1972926.237917,1972926.371708,0.1337910001166165,,,,failed,1,0,UNKNOWN,Cannot read properties of undefined (reading 'address'),
pilot_1790499507788,transfer_N500_c3,0,2026-09-27T09:31:19.762Z,zkSyncTestnet,300,sepolia.era.zksync.dev,transfer,500,3,,,1972926.284125,1972926.384417,0.10029199998825788,,,,failed,1,0,UNKNOWN,Cannot read properties of undefined (reading 'address'),
pilot_1790499507788,transfer_N500_c3,0,2026-09-27T09:31:19.762Z,zkSyncTestnet,300,sepolia.era.zksync.dev,transfer,500,3,,,1972926.331417,1972926.395708,0.0642910001333803,,,,failed,1,0,UNKNOWN,Cannot read properties of undefined (reading 'address'),
pilot_1790499507788,transfer_N500_c3,0,2026-09-27T09:31:19.762Z,zkSyncTestnet,300,sepolia.era.zksync.dev,transfer,500,3,,,1972926.401042,1972926.535,0.13395799999125302,,,,failed,1,0,UNKNOWN,Cannot read properties of undefined (reading 'address'),
pilot_1790499507788,transfer_N500_c3,0,2026-09-27T09:31:19.762Z,zkSyncTestnet,300,sepolia.era.zksync.dev,transfer,500,3,,,1972926.442375,1972926.543792,0.10141699993982911,,,,failed,1,0,UNKNOWN,Cannot read properties of undefined (reading 'address'),
pilot_1790499507788,transfer_N500_c3,0,2026-09-27T09:31:19.762Z,zkSyncTestnet,300,sepolia.era.zksync.dev,transfer,500,3,,,1972926.489583,1972926.549917,0.06033400003798306,,,,failed,1,0,UNKNOWN,Cannot read properties of undefined (reading 'address'),
pilot_1790499507788,transfer_N500_c3,0,2026-09-27T09:31:19.762Z,zkSyncTestnet,300,sepolia.era.zksync.dev,transfer,500,3,,,1972926.555125,1972926.69025,0.13512500002980232,,,,failed,1,0,UNKNOWN,Cannot read properties of undefined (reading 'address'),
pilot_1790499507788,transfer_N500_c3,0,2026-09-27T09:31:19.762Z,zkSyncTestnet,300,sepolia.era.zksync.dev,transfer,500,3,,,1972926.600875,1972926.69875,0.09787499997764826,,,,failed,1,0,UNKNOWN,Cannot read properties of undefined (reading 'address'),
pilot_1790499507788,transfer_N500_c3,0,2026-09-27T09:31:19.762Z,zkSyncTestnet,300,sepolia.era.zksync.dev,transfer,500,3,,,1972926.640292,1972926.704792,0.06449999986216426,,,,failed,1,0,UNKNOWN,Cannot read properties of undefined (reading 'address'),
pilot_1790499507788,transfer_N500_c3,0,2026-09-27T09:31:19.763Z,zkSyncTestnet,300,sepolia.era.zksync.dev,transfer,500,3,,,1972926.71,1972926.837375,0.12737499992363155,,,,failed,1,0,UNKNOWN,Cannot read properties of undefined (reading 'address'),
pilot_1790499507788,transfer_N500_c3,0,2026-09-27T09:31:19.763Z,zkSyncTestnet,300,sepolia.era.zksync.dev,transfer,500,3,,,1972926.752417,1972926.845917,0.0934999999590218,,,,failed,1,0,UNKNOWN,Cannot read properties of undefined (reading 'address'),
pilot_1790499507788,transfer_N500_c3,0,2026-09-27T09:31:19.763Z,zkSyncTestnet,300,sepolia.era.zksync.dev,transfer,500,3,,,1972926.797083,1972926.858292,0.06120899994857609,,,,failed,1,0,UNKNOWN,Cannot read properties of undefined (reading 'address'),
pilot_1790499507788,transfer_N500_c3,0,2026-09-27T09:31:19.763Z,zkSyncTestnet,300,sepolia.era.zksync.dev,transfer,500,3,,,1972926.864083,1972926.999375,0.13529199990443885,,,,failed,1,0,UNKNOWN,Cannot read properties of undefined (reading 'address'),
pilot_1790499507788,transfer_N500_c3,0,2026-09-27T09:31:19.763Z,zkSyncTestnet,300,sepolia.era.zksync.dev,transfer,500,3,,,1972926.905458,1972927.007958,0.1025000000372529,,,,failed,1,0,UNKNOWN,Cannot read properties of undefined (reading 'address'),
pilot_1790499507788,transfer_N500_c3,0,2026-09-27T09:31:19.763Z,zkSyncTestnet,300,sepolia.era.zksync.dev,transfer,500,3,,,1972926.952375,1972927.014208,0.06183299981057644,,,,failed,1,0,UNKNOWN,Cannot read properties of undefined (reading 'address'),
pilot_1790499507788,transfer_N500_c3,0,2026-09-27T09:31:19.763Z,zkSyncTestnet,300,sepolia.era.zksync.dev,transfer,500,3,,,1972927.019458,1972927.155917,0.13645899994298816,,,,failed,1,0,UNKNOWN,Cannot read properties of undefined (reading 'address'),
pilot_1790499507788,transfer_N500_c3,0,2026-09-27T09:31:19.763Z,zkSyncTestnet,300,sepolia.era.zksync.dev,transfer,500,3,,,1972927.069458,1972927.164583,0.09512499999254942,,,,failed,1,0,UNKNOWN,Cannot read properties of undefined (reading 'address'),
pilot_1790499507788,transfer_N500_c3,0,2026-09-27T09:31:19.763Z,zkSyncTestnet,300,sepolia.era.zksync.dev,transfer,500,3,,,1972927.10875,1972927.170708,0.06195800006389618,,,,failed,1,0,UNKNOWN,Cannot read properties of undefined (reading 'address'),
pilot_1790499507788,transfer_N500_c3,0,2026-09-27T09:31:19.763Z,zkSyncTestnet,300,sepolia.era.zksync.dev,transfer,500,3,,,1972927.175917,1972927.307583,0.1316660000011325,,,,failed,1,0,UNKNOWN,Cannot read properties of undefined (reading 'address'),
pilot_1790499507788,transfer_N500_c3,0,2026-09-27T09:31:19.763Z,zkSyncTestnet,300,sepolia.era.zksync.dev,transfer,500,3,,,1972927.221458,1972927.3165,0.0950420000590384,,,,failed,1,0,UNKNOWN,Cannot read properties of undefined (reading 'address'),
pilot_1790499507788,transfer_N500_c3,0,2026-09-27T09:31:19.763Z,zkSyncTestnet,300,sepolia.era.zksync.dev,transfer,500,3,,,1972927.2615,1972927.322792,0.06129199988208711,,,,failed,1,0,UNKNOWN,Cannot read properties of undefined (reading 'address'),
pilot_1790499507788,transfer_N500_c3,0,2026-09-27T09:31:19.763Z,zkSyncTestnet,300,sepolia.era.zksync.dev,transfer,500,3,,,1972927.3335,1972927.465667,0.13216700009070337,,,,failed,1,0,UNKNOWN,Cannot read properties of undefined (reading 'address'),
pilot_1790499507788,transfer_N500_c3,0,2026-09-27T09:31:19.763Z,zkSyncTestnet,300,sepolia.era.zksync.dev,transfer,500,3,,,1972927.379125,1972927.474375,0.09525000001303852,,,,failed,1,0,UNKNOWN,Cannot read properties of undefined (reading 'address'),
pilot_1790499507788,transfer_N500_c3,0,2026-09-27T09:31:19.763Z,zkSyncTestnet,300,sepolia.era.zksync.dev,transfer,500,3,,,1972927.418667,1972927.4805,0.06183300004340708,,,,failed,1,0,UNKNOWN,Cannot read properties of undefined (reading 'address'),
pilot_1790499507788,transfer_N500_c3,0,2026-09-27T09:31:19.763Z,zkSyncTestnet,300,sepolia.era.zksync.dev,transfer,500,3,,,1972927.485833,1972927.622083,0.13624999998137355,,,,failed,1,0,UNKNOWN,Cannot read properties of undefined (reading 'address'),
pilot_1790499507788,transfer_N500_c3,0,2026-09-27T09:31:19.763Z,zkSyncTestnet,300,sepolia.era.zksync.dev,transfer,500,3,,,1972927.534417,1972927.630833,0.09641600004397333,,,,failed,1,0,UNKNOWN,Cannot read properties of undefined (reading 'address'),
pilot_1790499507788,transfer_N500_c3,0,2026-09-27T09:31:19.763Z,zkSyncTestnet,300,sepolia.era.zksync.dev,transfer,500,3,,,1972927.580792,1972927.642458,0.06166599993593991,,,,failed,1,0,UNKNOWN,Cannot read properties of undefined (reading 'address'),
pilot_1790499507788,transfer_N500_c3,0,2026-09-27T09:31:19.763Z,zkSyncTestnet,300,sepolia.era.zksync.dev,transfer,500,3,,,1972927.648542,1972927.781417,0.13287500012665987,,,,failed,1,0,UNKNOWN,Cannot read properties of undefined (reading 'address'),
pilot_1790499507788,transfer_N500_c3,0,2026-09-27T09:31:19.763Z,zkSyncTestnet,300,sepolia.era.zksync.dev,transfer,500,3,,,1972927.689917,1972927.790375,0.10045800008811057,,,,failed,1,0,UNKNOWN,Cannot read properties of undefined (reading 'address'),
pilot_1790499507788,transfer_N500_c3,0,2026-09-27T09:31:19.763Z,zkSyncTestnet,300,sepolia.era.zksync.dev,transfer,500,3,,,1972927.734708,1972927.796667,0.06195900007151067,,,,failed,1,0,UNKNOWN,Cannot read properties of undefined (reading 'address'),
pilot_1790499507788,transfer_N500_c3,0,2026-09-27T09:31:19.764Z,zkSyncTestnet,300,sepolia.era.zksync.dev,transfer,500,3,,,1972927.80325,1972927.927917,0.12466699979268014,,,,failed,1,0,UNKNOWN,Cannot read properties of undefined (reading 'address'),
pilot_1790499507788,transfer_N500_c3,0,2026-09-27T09:31:19.764Z,zkSyncTestnet,300,sepolia.era.zksync.dev,transfer,500,3,,,1972927.85125,1972927.935667,0.08441699994727969,,,,failed,1,0,UNKNOWN,Cannot read properties of undefined (reading 'address'),
pilot_1790499507788,transfer_N500_c3,0,2026-09-27T09:31:19.764Z,zkSyncTestnet,300,sepolia.era.zksync.dev,transfer,500,3,,,1972927.887167,1972927.941208,0.054041000083088875,,,,failed,1,0,UNKNOWN,Cannot read properties of undefined (reading 'address'),
pilot_1790499507788,transfer_N500_c3,0,2026-09-27T09:31:19.764Z,zkSyncTestnet,300,sepolia.era.zksync.dev,transfer,500,3,,,1972927.945875,1972928.067583,0.12170800007879734,,,,failed,1,0,UNKNOWN,Cannot read properties of undefined (reading 'address'),
pilot_1790499507788,transfer_N500_c3,0,2026-09-27T09:31:19.764Z,zkSyncTestnet,300,sepolia.era.zksync.dev,transfer,500,3,,,1972927.989458,1972928.075375,0.08591699996031821,,,,failed,1,0,UNKNOWN,Cannot read properties of undefined (reading 'address'),
pilot_1790499507788,transfer_N500_c3,0,2026-09-27T09:31:19.764Z,zkSyncTestnet,300,sepolia.era.zksync.dev,transfer,500,3,,,1972928.030792,1972928.080917,0.050125000067055225,,,,failed,1,0,UNKNOWN,Cannot read properties of undefined (reading 'address'),
pilot_1790499507788,transfer_N500_c3,0,2026-09-27T09:31:19.764Z,zkSyncTestnet,300,sepolia.era.zksync.dev,transfer,500,3,,,1972928.094708,1972928.208625,0.11391699989326298,,,,failed,1,0,UNKNOWN,Cannot read properties of undefined (reading 'address'),
pilot_1790499507788,transfer_N500_c3,0,2026-09-27T09:31:19.764Z,zkSyncTestnet,300,sepolia.era.zksync.dev,transfer,500,3,,,1972928.131875,1972928.222292,0.09041699999943376,,,,failed,1,0,UNKNOWN,Cannot read properties of undefined (reading 'address'),
pilot_1790499507788,transfer_N500_c3,0,2026-09-27T09:31:19.764Z,zkSyncTestnet,300,sepolia.era.zksync.dev,transfer,500,3,,,1972928.17225,1972928.227875,0.0556250000372529,,,,failed,1,0,UNKNOWN,Cannot read properties of undefined (reading 'address'),
pilot_1790499507788,transfer_N500_c3,0,2026-09-27T09:31:19.764Z,zkSyncTestnet,300,sepolia.era.zksync.dev,transfer,500,3,,,1972928.235417,1972928.559667,0.32425000006332994,,,,failed,1,0,UNKNOWN,Cannot read properties of undefined (reading 'address'),
pilot_1790499507788,transfer_N500_c3,0,2026-09-27T09:31:19.764Z,zkSyncTestnet,300,sepolia.era.zksync.dev,transfer,500,3,,,1972928.474333,1972928.567792,0.09345900011248887,,,,failed,1,0,UNKNOWN,Cannot read properties of undefined (reading 'address'),
pilot_1790499507788,transfer_N500_c3,0,2026-09-27T09:31:19.764Z,zkSyncTestnet,300,sepolia.era.zksync.dev,transfer,500,3,,,1972928.523,1972928.573458,0.05045800004154444,,,,failed,1,0,UNKNOWN,Cannot read properties of undefined (reading 'address'),
pilot_1790499507788,transfer_N500_c3,0,2026-09-27T09:31:19.764Z,zkSyncTestnet,300,sepolia.era.zksync.dev,transfer,500,3,,,1972928.578042,1972928.685792,0.10774999996647239,,,,failed,1,0,UNKNOWN,Cannot read properties of undefined (reading 'address'),
pilot_1790499507788,transfer_N500_c3,0,2026-09-27T09:31:19.764Z,zkSyncTestnet,300,sepolia.era.zksync.dev,transfer,500,3,,,1972928.614708,1972928.6935,0.07879199995659292,,,,failed,1,0,UNKNOWN,Cannot read properties of undefined (reading 'address'),
pilot_1790499507788,transfer_N500_c3,0,2026-09-27T09:31:19.764Z,zkSyncTestnet,300,sepolia.era.zksync.dev,transfer,500,3,,,1972928.65,1972928.699083,0.04908300004899502,,,,failed,1,0,UNKNOWN,Cannot read properties of undefined (reading 'address'),
pilot_1790499507788,transfer_N500_c3,0,2026-09-27T09:31:19.764Z,zkSyncTestnet,300,sepolia.era.zksync.dev,transfer,500,3,,,1972928.70375,1972928.811958,0.1082079999614507,,,,failed,1,0,UNKNOWN,Cannot read properties of undefined (reading 'address'),
pilot_1790499507788,transfer_N500_c3,0,2026-09-27T09:31:19.765Z,zkSyncTestnet,300,sepolia.era.zksync.dev,transfer,500,3,,,1972928.740833,1972928.819583,0.07874999986961484,,,,failed,1,0,UNKNOWN,Cannot read properties of undefined (reading 'address'),
pilot_1790499507788,transfer_N500_c3,0,2026-09-27T09:31:19.765Z,zkSyncTestnet,300,sepolia.era.zksync.dev,transfer,500,3,,,1972928.776167,1972928.825125,0.04895800002850592,,,,failed,1,0,UNKNOWN,Cannot read properties of undefined (reading 'address'),
pilot_1790499507788,transfer_N500_c3,0,2026-09-27T09:31:19.765Z,zkSyncTestnet,300,sepolia.era.zksync.dev,transfer,500,3,,,1972928.830917,1972928.938542,0.10762499994598329,,,,failed,1,0,UNKNOWN,Cannot read properties of undefined (reading 'address'),
pilot_1790499507788,transfer_N500_c3,0,2026-09-27T09:31:19.765Z,zkSyncTestnet,300,sepolia.era.zksync.dev,transfer,500,3,,,1972928.867375,1972928.946083,0.0787080000154674,,,,failed,1,0,UNKNOWN,Cannot read properties of undefined (reading 'address'),
pilot_1790499507788,transfer_N500_c3,0,2026-09-27T09:31:19.765Z,zkSyncTestnet,300,sepolia.era.zksync.dev,transfer,500,3,,,1972928.902583,1972928.951542,0.048959000036120415,,,,failed,1,0,UNKNOWN,Cannot read properties of undefined (reading 'address'),
pilot_1790499507788,transfer_N500_c3,0,2026-09-27T09:31:19.765Z,zkSyncTestnet,300,sepolia.era.zksync.dev,transfer,500,3,,,1972928.956125,1972929.063833,0.10770799987949431,,,,failed,1,0,UNKNOWN,Cannot read properties of undefined (reading 'address'),
pilot_1790499507788,transfer_N500_c3,0,2026-09-27T09:31:19.765Z,zkSyncTestnet,300,sepolia.era.zksync.dev,transfer,500,3,,,1972928.992667,1972929.071458,0.07879099994897842,,,,failed,1,0,UNKNOWN,Cannot read properties of undefined (reading 'address'),
pilot_1790499507788,transfer_N500_c3,0,2026-09-27T09:31:19.765Z,zkSyncTestnet,300,sepolia.era.zksync.dev,transfer,500,3,,,1972929.028042,1972929.076917,0.0488750000949949,,,,failed,1,0,UNKNOWN,Cannot read properties of undefined (reading 'address'),
pilot_1790499507788,transfer_N500_c3,0,2026-09-27T09:31:19.765Z,zkSyncTestnet,300,sepolia.era.zksync.dev,transfer,500,3,,,1972929.081583,1972929.189917,0.10833399998955429,,,,failed,1,0,UNKNOWN,Cannot read properties of undefined (reading 'address'),
pilot_1790499507788,transfer_N500_c3,0,2026-09-27T09:31:19.765Z,zkSyncTestnet,300,sepolia.era.zksync.dev,transfer,500,3,,,1972929.118458,1972929.197292,0.078834000043571,,,,failed,1,0,UNKNOWN,Cannot read properties of undefined (reading 'address'),
pilot_1790499507788,transfer_N500_c3,0,2026-09-27T09:31:19.765Z,zkSyncTestnet,300,sepolia.era.zksync.dev,transfer,500,3,,,1972929.153917,1972929.202708,0.04879100015386939,,,,failed,1,0,UNKNOWN,Cannot read properties of undefined (reading 'address'),
pilot_1790499507788,transfer_N500_c3,0,2026-09-27T09:31:19.765Z,zkSyncTestnet,300,sepolia.era.zksync.dev,transfer,500,3,,,1972929.211292,1972929.319583,0.10829099989496171,,,,failed,1,0,UNKNOWN,Cannot read properties of undefined (reading 'address'),
pilot_1790499507788,transfer_N500_c3,0,2026-09-27T09:31:19.765Z,zkSyncTestnet,300,sepolia.era.zksync.dev,transfer,500,3,,,1972929.248583,1972929.327292,0.0787090000230819,,,,failed,1,0,UNKNOWN,Cannot read properties of undefined (reading 'address'),
pilot_1790499507788,transfer_N500_c3,0,2026-09-27T09:31:19.765Z,zkSyncTestnet,300,sepolia.era.zksync.dev,transfer,500,3,,,1972929.283792,1972929.332875,0.04908300004899502,,,,failed,1,0,UNKNOWN,Cannot read properties of undefined (reading 'address'),
pilot_1790499507788,transfer_N500_c3,0,2026-09-27T09:31:19.765Z,zkSyncTestnet,300,sepolia.era.zksync.dev,transfer,500,3,,,1972929.337458,1972929.4445,0.10704199993051589,,,,failed,1,0,UNKNOWN,Cannot read properties of undefined (reading 'address'),
pilot_1790499507788,transfer_N500_c3,0,2026-09-27T09:31:19.765Z,zkSyncTestnet,300,sepolia.era.zksync.dev,transfer,500,3,,,1972929.373917,1972929.452042,0.078125,,,,failed,1,0,UNKNOWN,Cannot read properties of undefined (reading 'address'),
pilot_1790499507788,transfer_N500_c3,0,2026-09-27T09:31:19.765Z,zkSyncTestnet,300,sepolia.era.zksync.dev,transfer,500,3,,,1972929.408833,1972929.457708,0.04887499986216426,,,,failed,1,0,UNKNOWN,Cannot read properties of undefined (reading 'address'),
pilot_1790499507788,transfer_N500_c3,0,2026-09-27T09:31:19.765Z,zkSyncTestnet,300,sepolia.era.zksync.dev,transfer,500,3,,,1972929.462458,1972929.569875,0.10741699999198318,,,,failed,1,0,UNKNOWN,Cannot read properties of undefined (reading 'address'),
pilot_1790499507788,transfer_N500_c3,0,2026-09-27T09:31:19.765Z,zkSyncTestnet,300,sepolia.era.zksync.dev,transfer,500,3,,,1972929.499,1972929.578,0.07899999991059303,,,,failed,1,0,UNKNOWN,Cannot read properties of undefined (reading 'address'),
pilot_1790499507788,transfer_N500_c3,0,2026-09-27T09:31:19.765Z,zkSyncTestnet,300,sepolia.era.zksync.dev,transfer,500,3,,,1972929.534042,1972929.58375,0.04970799991860986,,,,failed,1,0,UNKNOWN,Cannot read properties of undefined (reading 'address'),
pilot_1790499507788,transfer_N500_c3,0,2026-09-27T09:31:19.765Z,zkSyncTestnet,300,sepolia.era.zksync.dev,transfer,500,3,,,1972929.588458,1972929.696333,0.10787499998696148,,,,failed,1,0,UNKNOWN,Cannot read properties of undefined (reading 'address'),
pilot_1790499507788,transfer_N500_c3,0,2026-09-27T09:31:19.765Z,zkSyncTestnet,300,sepolia.era.zksync.dev,transfer,500,3,,,1972929.625167,1972929.704875,0.07970799994654953,,,,failed,1,0,UNKNOWN,Cannot read properties of undefined (reading 'address'),
pilot_1790499507788,transfer_N500_c3,0,2026-09-27T09:31:19.765Z,zkSyncTestnet,300,sepolia.era.zksync.dev,transfer,500,3,,,1972929.66025,1972929.710667,0.05041699996218085,,,,failed,1,0,UNKNOWN,Cannot read properties of undefined (reading 'address'),
pilot_1790499507788,transfer_N500_c3,0,2026-09-27T09:31:19.766Z,zkSyncTestnet,300,sepolia.era.zksync.dev,transfer,500,3,,,1972929.715333,1972929.82275,0.10741699999198318,,,,failed,1,0,UNKNOWN,Cannot read properties of undefined (reading 'address'),
pilot_1790499507788,transfer_N500_c3,0,2026-09-27T09:31:19.766Z,zkSyncTestnet,300,sepolia.era.zksync.dev,transfer,500,3,,,1972929.752042,1972929.83025,0.07820800016634166,,,,failed,1,0,UNKNOWN,Cannot read properties of undefined (reading 'address'),
pilot_1790499507788,transfer_N500_c3,0,2026-09-27T09:31:19.766Z,zkSyncTestnet,300,sepolia.era.zksync.dev,transfer,500,3,,,1972929.787125,1972929.83575,0.04862500005401671,,,,failed,1,0,UNKNOWN,Cannot read properties of undefined (reading 'address'),
pilot_1790499507788,transfer_N500_c3,0,2026-09-27T09:31:19.766Z,zkSyncTestnet,300,sepolia.era.zksync.dev,transfer,500,3,,,1972929.840417,1972929.947792,0.1073749999050051,,,,failed,1,0,UNKNOWN,Cannot read properties of undefined (reading 'address'),
pilot_1790499507788,transfer_N500_c3,0,2026-09-27T09:31:19.766Z,zkSyncTestnet,300,sepolia.era.zksync.dev,transfer,500,3,,,1972929.877,1972929.95525,0.0782500000204891,,,,failed,1,0,UNKNOWN,Cannot read properties of undefined (reading 'address'),
pilot_1790499507788,transfer_N500_c3,0,2026-09-27T09:31:19.766Z,zkSyncTestnet,300,sepolia.era.zksync.dev,transfer,500,3,,,1972929.911958,1972929.960792,0.04883400001563132,,,,failed,1,0,UNKNOWN,Cannot read properties of undefined (reading 'address'),
pilot_1790499507788,transfer_N500_c3,0,2026-09-27T09:31:19.766Z,zkSyncTestnet,300,sepolia.era.zksync.dev,transfer,500,3,,,1972929.965417,1972930.072792,0.1073749999050051,,,,failed,1,0,UNKNOWN,Cannot read properties of undefined (reading 'address'),
pilot_1790499507788,transfer_N500_c3,0,2026-09-27T09:31:19.766Z,zkSyncTestnet,300,sepolia.era.zksync.dev,transfer,500,3,,,1972930.001625,1972930.080333,0.0787080000154674,,,,failed,1,0,UNKNOWN,Cannot read properties of undefined (reading 'address'),
pilot_1790499507788,transfer_N500_c3,0,2026-09-27T09:31:19.766Z,zkSyncTestnet,300,sepolia.era.zksync.dev,transfer,500,3,,,1972930.036917,1972930.090667,0.0537499999627471,,,,failed,1,0,UNKNOWN,Cannot read properties of undefined (reading 'address'),
pilot_1790499507788,transfer_N500_c3,0,2026-09-27T09:31:19.766Z,zkSyncTestnet,300,sepolia.era.zksync.dev,transfer,500,3,,,1972930.095875,1972930.203833,0.1079579999204725,,,,failed,1,0,UNKNOWN,Cannot read properties of undefined (reading 'address'),
pilot_1790499507788,transfer_N500_c3,0,2026-09-27T09:31:19.766Z,zkSyncTestnet,300,sepolia.era.zksync.dev,transfer,500,3,,,1972930.132833,1972930.211375,0.07854199991561472,,,,failed,1,0,UNKNOWN,Cannot read properties of undefined (reading 'address'),
pilot_1790499507788,transfer_N500_c3,0,2026-09-27T09:31:19.766Z,zkSyncTestnet,300,sepolia.era.zksync.dev,transfer,500,3,,,1972930.167875,1972930.217,0.04912499990314245,,,,failed,1,0,UNKNOWN,Cannot read properties of undefined (reading 'address'),
pilot_1790499507788,transfer_N500_c3,0,2026-09-27T09:31:19.766Z,zkSyncTestnet,300,sepolia.era.zksync.dev,transfer,500,3,,,1972930.221667,1972930.32925,0.10758299985900521,,,,failed,1,0,UNKNOWN,Cannot read properties of undefined (reading 'address'),
pilot_1790499507788,transfer_N500_c3,0,2026-09-27T09:31:19.766Z,zkSyncTestnet,300,sepolia.era.zksync.dev,transfer,500,3,,,1972930.258375,1972930.336792,0.07841700012795627,,,,failed,1,0,UNKNOWN,Cannot read properties of undefined (reading 'address'),
pilot_1790499507788,transfer_N500_c3,0,2026-09-27T09:31:19.766Z,zkSyncTestnet,300,sepolia.era.zksync.dev,transfer,500,3,,,1972930.2935,1972930.342375,0.0488750000949949,,,,failed,1,0,UNKNOWN,Cannot read properties of undefined (reading 'address'),
pilot_1790499507788,transfer_N500_c3,0,2026-09-27T09:31:19.766Z,zkSyncTestnet,300,sepolia.era.zksync.dev,transfer,500,3,,,1972930.347042,1972930.455167,0.10812500002793968,,,,failed,1,0,UNKNOWN,Cannot read properties of undefined (reading 'address'),
pilot_1790499507788,transfer_N500_c3,0,2026-09-27T09:31:19.766Z,zkSyncTestnet,300,sepolia.era.zksync.dev,transfer,500,3,,,1972930.383333,1972930.462833,0.07950000022538006,,,,failed,1,0,UNKNOWN,Cannot read properties of undefined (reading 'address'),
pilot_1790499507788,transfer_N500_c3,0,2026-09-27T09:31:19.766Z,zkSyncTestnet,300,sepolia.era.zksync.dev,transfer,500,3,,,1972930.418417,1972930.469375,0.050958000123500824,,,,failed,1,0,UNKNOWN,Cannot read properties of undefined (reading 'address'),
pilot_1790499507788,transfer_N500_c3,0,2026-09-27T09:31:19.766Z,zkSyncTestnet,300,sepolia.era.zksync.dev,transfer,500,3,,,1972930.474083,1972930.581833,0.10774999996647239,,,,failed,1,0,UNKNOWN,Cannot read properties of undefined (reading 'address'),
pilot_1790499507788,transfer_N500_c3,0,2026-09-27T09:31:19.766Z,zkSyncTestnet,300,sepolia.era.zksync.dev,transfer,500,3,,,1972930.510917,1972930.589292,0.0783750000409782,,,,failed,1,0,UNKNOWN,Cannot read properties of undefined (reading 'address'),
pilot_1790499507788,transfer_N500_c3,0,2026-09-27T09:31:19.766Z,zkSyncTestnet,300,sepolia.era.zksync.dev,transfer,500,3,,,1972930.546125,1972930.594792,0.048666999908164144,,,,failed,1,0,UNKNOWN,Cannot read properties of undefined (reading 'address'),
pilot_1790499507788,transfer_N500_c3,0,2026-09-27T09:31:19.766Z,zkSyncTestnet,300,sepolia.era.zksync.dev,transfer,500,3,,,1972930.599333,1972930.706958,0.10762500017881393,,,,failed,1,0,UNKNOWN,Cannot read properties of undefined (reading 'address'),
pilot_1790499507788,transfer_N500_c3,0,2026-09-27T09:31:19.766Z,zkSyncTestnet,300,sepolia.era.zksync.dev,transfer,500,3,,,1972930.635958,1972930.714458,0.07849999982863665,,,,failed,1,0,UNKNOWN,Cannot read properties of undefined (reading 'address'),
pilot_1790499507788,transfer_N500_c3,0,2026-09-27T09:31:19.766Z,zkSyncTestnet,300,sepolia.era.zksync.dev,transfer,500,3,,,1972930.671125,1972930.719958,0.04883299977518618,,,,failed,1,0,UNKNOWN,Cannot read properties of undefined (reading 'address'),
pilot_1790499507788,transfer_N500_c3,0,2026-09-27T09:31:19.767Z,zkSyncTestnet,300,sepolia.era.zksync.dev,transfer,500,3,,,1972930.724542,1972930.843125,0.11858299979940057,,,,failed,1,0,UNKNOWN,Cannot read properties of undefined (reading 'address'),
pilot_1790499507788,transfer_N500_c3,0,2026-09-27T09:31:19.767Z,zkSyncTestnet,300,sepolia.era.zksync.dev,transfer,500,3,,,1972930.768667,1972930.850833,0.0821659998036921,,,,failed,1,0,UNKNOWN,Cannot read properties of undefined (reading 'address'),
pilot_1790499507788,transfer_N500_c3,0,2026-09-27T09:31:19.767Z,zkSyncTestnet,300,sepolia.era.zksync.dev,transfer,500,3,,,1972930.804375,1972930.860125,0.055749999824911356,,,,failed,1,0,UNKNOWN,Cannot read properties of undefined (reading 'address'),
pilot_1790499507788,transfer_N500_c3,0,2026-09-27T09:31:19.767Z,zkSyncTestnet,300,sepolia.era.zksync.dev,transfer,500,3,,,1972930.865333,1972930.973208,0.10787499998696148,,,,failed,1,0,UNKNOWN,Cannot read properties of undefined (reading 'address'),
pilot_1790499507788,transfer_N500_c3,0,2026-09-27T09:31:19.767Z,zkSyncTestnet,300,sepolia.era.zksync.dev,transfer,500,3,,,1972930.902375,1972930.980667,0.07829199987463653,,,,failed,1,0,UNKNOWN,Cannot read properties of undefined (reading 'address'),
pilot_1790499507788,transfer_N500_c3,0,2026-09-27T09:31:19.767Z,zkSyncTestnet,300,sepolia.era.zksync.dev,transfer,500,3,,,1972930.937458,1972930.986167,0.04870899999514222,,,,failed,1,0,UNKNOWN,Cannot read properties of undefined (reading 'address'),
pilot_1790499507788,transfer_N500_c3,0,2026-09-27T09:31:19.767Z,zkSyncTestnet,300,sepolia.era.zksync.dev,transfer,500,3,,,1972930.990833,1972931.098375,0.10754200001247227,,,,failed,1,0,UNKNOWN,Cannot read properties of undefined (reading 'address'),
pilot_1790499507788,transfer_N500_c3,0,2026-09-27T09:31:19.767Z,zkSyncTestnet,300,sepolia.era.zksync.dev,transfer,500,3,,,1972931.027417,1972931.106,0.07858299999497831,,,,failed,1,0,UNKNOWN,Cannot read properties of undefined (reading 'address'),
pilot_1790499507788,transfer_N500_c3,0,2026-09-27T09:31:19.767Z,zkSyncTestnet,300,sepolia.era.zksync.dev,transfer,500,3,,,1972931.062667,1972931.111583,0.048915999941527843,,,,failed,1,0,UNKNOWN,Cannot read properties of undefined (reading 'address'),
pilot_1790499507788,transfer_N500_c3,0,2026-09-27T09:31:19.767Z,zkSyncTestnet,300,sepolia.era.zksync.dev,transfer,500,3,,,1972931.116208,1972931.224042,0.1078339999075979,,,,failed,1,0,UNKNOWN,Cannot read properties of undefined (reading 'address'),
pilot_1790499507788,transfer_N500_c3,0,2026-09-27T09:31:19.767Z,zkSyncTestnet,300,sepolia.era.zksync.dev,transfer,500,3,,,1972931.1525,1972931.231583,0.07908299984410405,,,,failed,1,0,UNKNOWN,Cannot read properties of undefined (reading 'address'),
pilot_1790499507788,transfer_N500_c3,0,2026-09-27T09:31:19.767Z,zkSyncTestnet,300,sepolia.era.zksync.dev,transfer,500,3,,,1972931.188083,1972931.238167,0.05008399998769164,,,,failed,1,0,UNKNOWN,Cannot read properties of undefined (reading 'address'),
pilot_1790499507788,transfer_N500_c3,0,2026-09-27T09:31:19.767Z,zkSyncTestnet,300,sepolia.era.zksync.dev,transfer,500,3,,,1972931.243,1972931.360542,0.1175420000217855,,,,failed,1,0,UNKNOWN,Cannot read properties of undefined (reading 'address'),
pilot_1790499507788,transfer_N500_c3,0,2026-09-27T09:31:19.767Z,zkSyncTestnet,300,sepolia.era.zksync.dev,transfer,500,3,,,1972931.279625,1972931.368417,0.08879199996590614,,,,failed,1,0,UNKNOWN,Cannot read properties of undefined (reading 'address'),
pilot_1790499507788,transfer_N500_c3,0,2026-09-27T09:31:19.767Z,zkSyncTestnet,300,sepolia.era.zksync.dev,transfer,500,3,,,1972931.315625,1972931.373958,0.058332999935373664,,,,failed,1,0,UNKNOWN,Cannot read properties of undefined (reading 'address'),
pilot_1790499507788,transfer_N500_c3,0,2026-09-27T09:31:19.767Z,zkSyncTestnet,300,sepolia.era.zksync.dev,transfer,500,3,,,1972931.378625,1972931.502958,0.12433300004340708,,,,failed,1,0,UNKNOWN,Cannot read properties of undefined (reading 'address'),
pilot_1790499507788,transfer_N500_c3,0,2026-09-27T09:31:19.767Z,zkSyncTestnet,300,sepolia.era.zksync.dev,transfer,500,3,,,1972931.420125,1972931.510667,0.09054200001992285,,,,failed,1,0,UNKNOWN,Cannot read properties of undefined (reading 'address'),
pilot_1790499507788,transfer_N500_c3,0,2026-09-27T09:31:19.767Z,zkSyncTestnet,300,sepolia.era.zksync.dev,transfer,500,3,,,1972931.465417,1972931.516125,0.05070800008252263,,,,failed,1,0,UNKNOWN,Cannot read properties of undefined (reading 'address'),
pilot_1790499507788,transfer_N500_c3,0,2026-09-27T09:31:19.767Z,zkSyncTestnet,300,sepolia.era.zksync.dev,transfer,500,3,,,1972931.526292,1972931.60475,0.07845799997448921,,,,failed,1,0,UNKNOWN,Cannot read properties of undefined (reading 'address'),
pilot_1790499507788,transfer_N500_c3,0,2026-09-27T09:31:19.767Z,zkSyncTestnet,300,sepolia.era.zksync.dev,transfer,500,3,,,1972931.563333,1972931.612333,0.048999999882653356,,,,failed,1,0,UNKNOWN,Cannot read properties of undefined (reading 'address'),
pilot_1790499507788,transfer_N1000_c3,0,2026-09-27T10:31:17.996Z,zkSyncTestnet,300,sepolia.era.zksync.dev,transfer,1000,3,,,5571181.300792,5571183.337417,2.036624999716878,,,,failed,1,0,UNKNOWN,Cannot read properties of undefined (reading 'address'),
pilot_1790499507788,transfer_N1000_c3,0,2026-09-27T10:31:18.000Z,zkSyncTestnet,300,sepolia.era.zksync.dev,transfer,1000,3,,,5571182.992042,5571187.449083,4.457041000016034,,,,failed,1,0,UNKNOWN,Cannot read properties of undefined (reading 'address'),
pilot_1790499507788,transfer_N1000_c3,0,2026-09-27T10:31:18.000Z,zkSyncTestnet,300,sepolia.era.zksync.dev,transfer,1000,3,,,5571183.1945,5571187.488917,4.2944169994443655,,,,failed,1,0,UNKNOWN,Cannot read properties of undefined (reading 'address'),
pilot_1790499507788,transfer_N1000_c3,0,2026-09-27T10:31:18.000Z,zkSyncTestnet,300,sepolia.era.zksync.dev,transfer,1000,3,,,5571187.507333,5571187.796167,0.2888340000063181,,,,failed,1,0,UNKNOWN,Cannot read properties of undefined (reading 'address'),
pilot_1790499507788,transfer_N1000_c3,0,2026-09-27T10:31:18.000Z,zkSyncTestnet,300,sepolia.era.zksync.dev,transfer,1000,3,,,5571187.638167,5571187.815417,0.17724999971687794,,,,failed,1,0,UNKNOWN,Cannot read properties of undefined (reading 'address'),
pilot_1790499507788,transfer_N1000_c3,0,2026-09-27T10:31:18.000Z,zkSyncTestnet,300,sepolia.era.zksync.dev,transfer,1000,3,,,5571187.723958,5571187.8275,0.10354200005531311,,,,failed,1,0,UNKNOWN,Cannot read properties of undefined (reading 'address'),
pilot_1790499507788,transfer_N1000_c3,0,2026-09-27T10:31:18.000Z,zkSyncTestnet,300,sepolia.era.zksync.dev,transfer,1000,3,,,5571187.850292,5571188.050917,0.20062499959021807,,,,failed,1,0,UNKNOWN,Cannot read properties of undefined (reading 'address'),
pilot_1790499507788,transfer_N1000_c3,0,2026-09-27T10:31:18.000Z,zkSyncTestnet,300,sepolia.era.zksync.dev,transfer,1000,3,,,5571187.921625,5571188.066667,0.1450419994071126,,,,failed,1,0,UNKNOWN,Cannot read properties of undefined (reading 'address'),
pilot_1790499507788,transfer_N1000_c3,0,2026-09-27T10:31:18.000Z,zkSyncTestnet,300,sepolia.era.zksync.dev,transfer,1000,3,,,5571187.98625,5571188.077083,0.09083299990743399,,,,failed,1,0,UNKNOWN,Cannot read properties of undefined (reading 'address'),
pilot_1790499507788,transfer_N1000_c3,0,2026-09-27T10:31:18.000Z,zkSyncTestnet,300,sepolia.era.zksync.dev,transfer,1000,3,,,5571188.086,5571188.277583,0.19158300012350082,,,,failed,1,0,UNKNOWN,Cannot read properties of undefined (reading 'address'),
pilot_1790499507788,transfer_N1000_c3,0,2026-09-27T10:31:18.000Z,zkSyncTestnet,300,sepolia.era.zksync.dev,transfer,1000,3,,,5571188.152042,5571188.29525,0.14320800080895424,,,,failed,1,0,UNKNOWN,Cannot read properties of undefined (reading 'address'),
pilot_1790499507788,transfer_N1000_c3,0,2026-09-27T10:31:18.000Z,zkSyncTestnet,300,sepolia.era.zksync.dev,transfer,1000,3,,,5571188.214333,5571188.306792,0.09245900064706802,,,,failed,1,0,UNKNOWN,Cannot read properties of undefined (reading 'address'),
pilot_1790499507788,transfer_N1000_c3,0,2026-09-27T10:31:18.001Z,zkSyncTestnet,300,sepolia.era.zksync.dev,transfer,1000,3,,,5571188.316667,5571188.504958,0.18829100020229816,,,,failed,1,0,UNKNOWN,Cannot read properties of undefined (reading 'address'),
pilot_1790499507788,transfer_N1000_c3,0,2026-09-27T10:31:18.001Z,zkSyncTestnet,300,sepolia.era.zksync.dev,transfer,1000,3,,,5571188.381375,5571188.519458,0.13808299973607063,,,,failed,1,0,UNKNOWN,Cannot read properties of undefined (reading 'address'),
pilot_1790499507788,transfer_N1000_c3,0,2026-09-27T10:31:18.001Z,zkSyncTestnet,300,sepolia.era.zksync.dev,transfer,1000,3,,,5571188.442833,5571188.529625,0.08679200056940317,,,,failed,1,0,UNKNOWN,Cannot read properties of undefined (reading 'address'),
pilot_1790499507788,transfer_N1000_c3,0,2026-09-27T10:31:18.001Z,zkSyncTestnet,300,sepolia.era.zksync.dev,transfer,1000,3,,,5571188.555458,5571188.756417,0.20095899980515242,,,,failed,1,0,UNKNOWN,Cannot read properties of undefined (reading 'address'),
pilot_1790499507788,transfer_N1000_c3,0,2026-09-27T10:31:18.001Z,zkSyncTestnet,300,sepolia.era.zksync.dev,transfer,1000,3,,,5571188.621417,5571188.771,0.14958299975842237,,,,failed,1,0,UNKNOWN,Cannot read properties of undefined (reading 'address'),
pilot_1790499507788,transfer_N1000_c3,0,2026-09-27T10:31:18.001Z,zkSyncTestnet,300,sepolia.era.zksync.dev,transfer,1000,3,,,5571188.683083,5571188.781083,0.098000000230968,,,,failed,1,0,UNKNOWN,Cannot read properties of undefined (reading 'address'),
pilot_1790499507788,transfer_N1000_c3,0,2026-09-27T10:31:18.001Z,zkSyncTestnet,300,sepolia.era.zksync.dev,transfer,1000,3,,,5571188.789708,5571188.976208,0.1865000007674098,,,,failed,1,0,UNKNOWN,Cannot read properties of undefined (reading 'address'),
pilot_1790499507788,transfer_N1000_c3,0,2026-09-27T10:31:18.001Z,zkSyncTestnet,300,sepolia.era.zksync.dev,transfer,1000,3,,,5571188.852917,5571188.990667,0.137750000692904,,,,failed,1,0,UNKNOWN,Cannot read properties of undefined (reading 'address'),
pilot_1790499507788,transfer_N1000_c3,0,2026-09-27T10:31:18.001Z,zkSyncTestnet,300,sepolia.era.zksync.dev,transfer,1000,3,,,5571188.914083,5571189.0015,0.08741699997335672,,,,failed,1,0,UNKNOWN,Cannot read properties of undefined (reading 'address'),
pilot_1790499507788,transfer_N1000_c3,0,2026-09-27T10:31:18.001Z,zkSyncTestnet,300,sepolia.era.zksync.dev,transfer,1000,3,,,5571189.010042,5571189.196292,0.18625000026077032,,,,failed,1,0,UNKNOWN,Cannot read properties of undefined (reading 'address'),
pilot_1790499507788,transfer_N1000_c3,0,2026-09-27T10:31:18.001Z,zkSyncTestnet,300,sepolia.era.zksync.dev,transfer,1000,3,,,5571189.073333,5571189.210417,0.137083999812603,,,,failed,1,0,UNKNOWN,Cannot read properties of undefined (reading 'address'),
pilot_1790499507788,transfer_N1000_c3,0,2026-09-27T10:31:18.001Z,zkSyncTestnet,300,sepolia.era.zksync.dev,transfer,1000,3,,,5571189.134458,5571189.220125,0.08566700015217066,,,,failed,1,0,UNKNOWN,Cannot read properties of undefined (reading 'address'),
pilot_1790499507788,transfer_N1000_c3,0,2026-09-27T10:31:18.002Z,zkSyncTestnet,300,sepolia.era.zksync.dev,transfer,1000,3,,,5571189.230125,5571189.414583,0.18445800058543682,,,,failed,1,0,UNKNOWN,Cannot read properties of undefined (reading 'address'),
pilot_1790499507788,transfer_N1000_c3,0,2026-09-27T10:31:18.002Z,zkSyncTestnet,300,sepolia.era.zksync.dev,transfer,1000,3,,,5571189.293375,5571189.428083,0.13470799941569567,,,,failed,1,0,UNKNOWN,Cannot read properties of undefined (reading 'address'),
pilot_1790499507788,transfer_N1000_c3,0,2026-09-27T10:31:18.002Z,zkSyncTestnet,300,sepolia.era.zksync.dev,transfer,1000,3,,,5571189.353417,5571189.437458,0.0840410003438592,,,,failed,1,0,UNKNOWN,Cannot read properties of undefined (reading 'address'),
pilot_1790499507788,transfer_N1000_c3,0,2026-09-27T10:31:18.002Z,zkSyncTestnet,300,sepolia.era.zksync.dev,transfer,1000,3,,,5571189.445708,5571189.627292,0.1815839996561408,,,,failed,1,0,UNKNOWN,Cannot read properties of undefined (reading 'address'),
pilot_1790499507788,transfer_N1000_c3,0,2026-09-27T10:31:18.002Z,zkSyncTestnet,300,sepolia.era.zksync.dev,transfer,1000,3,,,5571189.507792,5571189.6405,0.1327080000191927,,,,failed,1,0,UNKNOWN,Cannot read properties of undefined (reading 'address'),
pilot_1790499507788,transfer_N1000_c3,0,2026-09-27T10:31:18.002Z,zkSyncTestnet,300,sepolia.era.zksync.dev,transfer,1000,3,,,5571189.566875,5571189.650083,0.0832080002874136,,,,failed,1,0,UNKNOWN,Cannot read properties of undefined (reading 'address'),
pilot_1790499507788,transfer_N1000_c3,0,2026-09-27T10:31:18.002Z,zkSyncTestnet,300,sepolia.era.zksync.dev,transfer,1000,3,,,5571189.658417,5571190.330458,0.672040999867022,,,,failed,1,0,UNKNOWN,Cannot read properties of undefined (reading 'address'),
pilot_1790499507788,transfer_N1000_c3,0,2026-09-27T10:31:18.002Z,zkSyncTestnet,300,sepolia.era.zksync.dev,transfer,1000,3,,,5571189.720083,5571190.345917,0.6258340002968907,,,,failed,1,0,UNKNOWN,Cannot read properties of undefined (reading 'address'),
pilot_1790499507788,transfer_N1000_c3,0,2026-09-27T10:31:18.002Z,zkSyncTestnet,300,sepolia.era.zksync.dev,transfer,1000,3,,,5571189.779208,5571190.355583,0.5763750001788139,,,,failed,1,0,UNKNOWN,Cannot read properties of undefined (reading 'address'),
pilot_1790499507788,transfer_N1000_c3,0,2026-09-27T10:31:18.003Z,zkSyncTestnet,300,sepolia.era.zksync.dev,transfer,1000,3,,,5571190.366625,5571190.551,0.18437500018626451,,,,failed,1,0,UNKNOWN,Cannot read properties of undefined (reading 'address'),
pilot_1790499507788,transfer_N1000_c3,0,2026-09-27T10:31:18.003Z,zkSyncTestnet,300,sepolia.era.zksync.dev,transfer,1000,3,,,5571190.430583,5571190.564542,0.1339589999988675,,,,failed,1,0,UNKNOWN,Cannot read properties of undefined (reading 'address'),
pilot_1790499507788,transfer_N1000_c3,0,2026-09-27T10:31:18.003Z,zkSyncTestnet,300,sepolia.era.zksync.dev,transfer,1000,3,,,5571190.490042,5571190.573958,0.08391600009053946,,,,failed,1,0,UNKNOWN,Cannot read properties of undefined (reading 'address'),
pilot_1790499507788,transfer_N1000_c3,0,2026-09-27T10:31:18.003Z,zkSyncTestnet,300,sepolia.era.zksync.dev,transfer,1000,3,,,5571190.582,5571190.764,0.18200000002980232,,,,failed,1,0,UNKNOWN,Cannot read properties of undefined (reading 'address'),
pilot_1790499507788,transfer_N1000_c3,0,2026-09-27T10:31:18.003Z,zkSyncTestnet,300,sepolia.era.zksync.dev,transfer,1000,3,,,5571190.643958,5571190.777042,0.13308400008827448,,,,failed,1,0,UNKNOWN,Cannot read properties of undefined (reading 'address'),
pilot_1790499507788,transfer_N1000_c3,0,2026-09-27T10:31:18.003Z,zkSyncTestnet,300,sepolia.era.zksync.dev,transfer,1000,3,,,5571190.703375,5571190.787042,0.08366700075566769,,,,failed,1,0,UNKNOWN,Cannot read properties of undefined (reading 'address'),
pilot_1790499507788,transfer_N1000_c3,0,2026-09-27T10:31:18.003Z,zkSyncTestnet,300,sepolia.era.zksync.dev,transfer,1000,3,,,5571190.7955,5571190.977833,0.18233300000429153,,,,failed,1,0,UNKNOWN,Cannot read properties of undefined (reading 'address'),
pilot_1790499507788,transfer_N1000_c3,0,2026-09-27T10:31:18.003Z,zkSyncTestnet,300,sepolia.era.zksync.dev,transfer,1000,3,,,5571190.856958,5571190.991375,0.13441700022667646,,,,failed,1,0,UNKNOWN,Cannot read properties of undefined (reading 'address'),
pilot_1790499507788,transfer_N1000_c3,0,2026-09-27T10:31:18.003Z,zkSyncTestnet,300,sepolia.era.zksync.dev,transfer,1000,3,,,5571190.91675,5571191.000958,0.08420800045132637,,,,failed,1,0,UNKNOWN,Cannot read properties of undefined (reading 'address'),
pilot_1790499507788,transfer_N1000_c3,0,2026-09-27T10:31:18.003Z,zkSyncTestnet,300,sepolia.era.zksync.dev,transfer,1000,3,,,5571191.011708,5571191.193708,0.18200000002980232,,,,failed,1,0,UNKNOWN,Cannot read properties of undefined (reading 'address'),
pilot_1790499507788,transfer_N1000_c3,0,2026-09-27T10:31:18.003Z,zkSyncTestnet,300,sepolia.era.zksync.dev,transfer,1000,3,,,5571191.073667,5571191.207083,0.13341599982231855,,,,failed,1,0,UNKNOWN,Cannot read properties of undefined (reading 'address'),
pilot_1790499507788,transfer_N1000_c3,0,2026-09-27T10:31:18.003Z,zkSyncTestnet,300,sepolia.era.zksync.dev,transfer,1000,3,,,5571191.133333,5571191.21725,0.08391699939966202,,,,failed,1,0,UNKNOWN,Cannot read properties of undefined (reading 'address'),
pilot_1790499507788,transfer_N1000_c3,0,2026-09-27T10:31:18.004Z,zkSyncTestnet,300,sepolia.era.zksync.dev,transfer,1000,3,,,5571191.225417,5571191.408708,0.1832909993827343,,,,failed,1,0,UNKNOWN,Cannot read properties of undefined (reading 'address'),
pilot_1790499507788,transfer_N1000_c3,0,2026-09-27T10:31:18.004Z,zkSyncTestnet,300,sepolia.era.zksync.dev,transfer,1000,3,,,5571191.286792,5571191.421792,0.13499999977648258,,,,failed,1,0,UNKNOWN,Cannot read properties of undefined (reading 'address'),
pilot_1790499507788,transfer_N1000_c3,0,2026-09-27T10:31:18.004Z,zkSyncTestnet,300,sepolia.era.zksync.dev,transfer,1000,3,,,5571191.347458,5571191.431583,0.08412500005215406,,,,failed,1,0,UNKNOWN,Cannot read properties of undefined (reading 'address'),
pilot_1790499507788,transfer_N1000_c3,0,2026-09-27T10:31:18.004Z,zkSyncTestnet,300,sepolia.era.zksync.dev,transfer,1000,3,,,5571191.440125,5571191.62175,0.18162500020116568,,,,failed,1,0,UNKNOWN,Cannot read properties of undefined (reading 'address'),
pilot_1790499507788,transfer_N1000_c3,0,2026-09-27T10:31:18.004Z,zkSyncTestnet,300,sepolia.era.zksync.dev,transfer,1000,3,,,5571191.501625,5571191.63475,0.13312500063329935,,,,failed,1,0,UNKNOWN,Cannot read properties of undefined (reading 'address'),
pilot_1790499507788,transfer_N1000_c3,0,2026-09-27T10:31:18.004Z,zkSyncTestnet,300,sepolia.era.zksync.dev,transfer,1000,3,,,5571191.560958,5571191.644083,0.08312499988824129,,,,failed,1,0,UNKNOWN,Cannot read properties of undefined (reading 'address'),
pilot_1790499507788,transfer_N1000_c3,0,2026-09-27T10:31:18.004Z,zkSyncTestnet,300,sepolia.era.zksync.dev,transfer,1000,3,,,5571191.654458,5571191.8355,0.18104199972003698,,,,failed,1,0,UNKNOWN,Cannot read properties of undefined (reading 'address'),
pilot_1790499507788,transfer_N1000_c3,0,2026-09-27T10:31:18.004Z,zkSyncTestnet,300,sepolia.era.zksync.dev,transfer,1000,3,,,5571191.716167,5571191.848875,0.1327080000191927,,,,failed,1,0,UNKNOWN,Cannot read properties of undefined (reading 'address'),
pilot_1790499507788,transfer_N1000_c3,0,2026-09-27T10:31:18.004Z,zkSyncTestnet,300,sepolia.era.zksync.dev,transfer,1000,3,,,5571191.775167,5571191.858292,0.08312500081956387,,,,failed,1,0,UNKNOWN,Cannot read properties of undefined (reading 'address'),
pilot_1790499507788,transfer_N1000_c3,0,2026-09-27T10:31:18.004Z,zkSyncTestnet,300,sepolia.era.zksync.dev,transfer,1000,3,,,5571191.866292,5571192.047542,0.18125000037252903,,,,failed,1,0,UNKNOWN,Cannot read properties of undefined (reading 'address'),
pilot_1790499507788,transfer_N1000_c3,0,2026-09-27T10:31:18.004Z,zkSyncTestnet,300,sepolia.era.zksync.dev,transfer,1000,3,,,5571191.927458,5571192.060667,0.13320899941027164,,,,failed,1,0,UNKNOWN,Cannot read properties of undefined (reading 'address'),
pilot_1790499507788,transfer_N1000_c3,0,2026-09-27T10:31:18.004Z,zkSyncTestnet,300,sepolia.era.zksync.dev,transfer,1000,3,,,5571191.98675,5571192.070958,0.0842079995200038,,,,failed,1,0,UNKNOWN,Cannot read properties of undefined (reading 'address'),
pilot_1790499507788,transfer_N1000_c3,0,2026-09-27T10:31:18.004Z,zkSyncTestnet,300,sepolia.era.zksync.dev,transfer,1000,3,,,5571192.079292,5571192.259625,0.180332999676466,,,,failed,1,0,UNKNOWN,Cannot read properties of undefined (reading 'address'),
pilot_1790499507788,transfer_N1000_c3,0,2026-09-27T10:31:18.004Z,zkSyncTestnet,300,sepolia.era.zksync.dev,transfer,1000,3,,,5571192.1405,5571192.272875,0.13237500004470348,,,,failed,1,0,UNKNOWN,Cannot read properties of undefined (reading 'address'),
pilot_1790499507788,transfer_N1000_c3,0,2026-09-27T10:31:18.004Z,zkSyncTestnet,300,sepolia.era.zksync.dev,transfer,1000,3,,,5571192.199292,5571192.2825,0.08320799935609102,,,,failed,1,0,UNKNOWN,Cannot read properties of undefined (reading 'address'),
pilot_1790499507788,transfer_N1000_c3,0,2026-09-27T10:31:18.005Z,zkSyncTestnet,300,sepolia.era.zksync.dev,transfer,1000,3,,,5571192.292625,5571192.473625,0.18099999986588955,,,,failed,1,0,UNKNOWN,Cannot read properties of undefined (reading 'address'),
pilot_1790499507788,transfer_N1000_c3,0,2026-09-27T10:31:18.005Z,zkSyncTestnet,300,sepolia.era.zksync.dev,transfer,1000,3,,,5571192.353958,5571192.487042,0.1330839991569519,,,,failed,1,0,UNKNOWN,Cannot read properties of undefined (reading 'address'),
pilot_1790499507788,transfer_N1000_c3,0,2026-09-27T10:31:18.005Z,zkSyncTestnet,300,sepolia.era.zksync.dev,transfer,1000,3,,,5571192.413417,5571192.496333,0.08291599992662668,,,,failed,1,0,UNKNOWN,Cannot read properties of undefined (reading 'address'),
pilot_1790499507788,transfer_N1000_c3,0,2026-09-27T10:31:18.005Z,zkSyncTestnet,300,sepolia.era.zksync.dev,transfer,1000,3,,,5571192.50475,5571192.686125,0.1813749996945262,,,,failed,1,0,UNKNOWN,Cannot read properties of undefined (reading 'address'),
pilot_1790499507788,transfer_N1000_c3,0,2026-09-27T10:31:18.005Z,zkSyncTestnet,300,sepolia.era.zksync.dev,transfer,1000,3,,,5571192.566208,5571192.699417,0.13320899941027164,,,,failed,1,0,UNKNOWN,Cannot read properties of undefined (reading 'address'),
pilot_1790499507788,transfer_N1000_c3,0,2026-09-27T10:31:18.005Z,zkSyncTestnet,300,sepolia.era.zksync.dev,transfer,1000,3,,,5571192.625292,5571192.709083,0.08379099983721972,,,,failed,1,0,UNKNOWN,Cannot read properties of undefined (reading 'address'),
pilot_1790499507788,transfer_N1000_c3,0,2026-09-27T10:31:18.005Z,zkSyncTestnet,300,sepolia.era.zksync.dev,transfer,1000,3,,,5571192.717542,5571192.900333,0.1827910002321005,,,,failed,1,0,UNKNOWN,Cannot read properties of undefined (reading 'address'),
pilot_1790499507788,transfer_N1000_c3,0,2026-09-27T10:31:18.005Z,zkSyncTestnet,300,sepolia.era.zksync.dev,transfer,1000,3,,,5571192.780792,5571192.916833,0.13604100048542023,,,,failed,1,0,UNKNOWN,Cannot read properties of undefined (reading 'address'),
pilot_1790499507788,transfer_N1000_c3,0,2026-09-27T10:31:18.005Z,zkSyncTestnet,300,sepolia.era.zksync.dev,transfer,1000,3,,,5571192.840042,5571192.926292,0.08625000063329935,,,,failed,1,0,UNKNOWN,Cannot read properties of undefined (reading 'address'),
pilot_1790499507788,transfer_N1000_c3,0,2026-09-27T10:31:18.005Z,zkSyncTestnet,300,sepolia.era.zksync.dev,transfer,1000,3,,,5571192.936625,5571193.096833,0.16020799987018108,,,,failed,1,0,UNKNOWN,Cannot read properties of undefined (reading 'address'),
pilot_1790499507788,transfer_N1000_c3,0,2026-09-27T10:31:18.005Z,zkSyncTestnet,300,sepolia.era.zksync.dev,transfer,1000,3,,,5571192.995333,5571193.108042,0.1127089997753501,,,,failed,1,0,UNKNOWN,Cannot read properties of undefined (reading 'address'),
pilot_1790499507788,transfer_N1000_c3,0,2026-09-27T10:31:18.005Z,zkSyncTestnet,300,sepolia.era.zksync.dev,transfer,1000,3,,,5571193.045875,5571193.116,0.07012500055134296,,,,failed,1,0,UNKNOWN,Cannot read properties of undefined (reading 'address'),
pilot_1790499507788,transfer_N1000_c3,0,2026-09-27T10:31:18.005Z,zkSyncTestnet,300,sepolia.era.zksync.dev,transfer,1000,3,,,5571193.123333,5571193.276917,0.1535840006545186,,,,failed,1,0,UNKNOWN,Cannot read properties of undefined (reading 'address'),
pilot_1790499507788,transfer_N1000_c3,0,2026-09-27T10:31:18.005Z,zkSyncTestnet,300,sepolia.era.zksync.dev,transfer,1000,3,,,5571193.175417,5571193.287958,0.11254099942743778,,,,failed,1,0,UNKNOWN,Cannot read properties of undefined (reading 'address'),
pilot_1790499507788,transfer_N1000_c3,0,2026-09-27T10:31:18.005Z,zkSyncTestnet,300,sepolia.era.zksync.dev,transfer,1000,3,,,5571193.2255,5571193.295917,0.0704169999808073,,,,failed,1,0,UNKNOWN,Cannot read properties of undefined (reading 'address'),
pilot_1790499507788,transfer_N1000_c3,0,2026-09-27T10:31:18.006Z,zkSyncTestnet,300,sepolia.era.zksync.dev,transfer,1000,3,,,5571193.302583,5571193.457125,0.15454200003296137,,,,failed,1,0,UNKNOWN,Cannot read properties of undefined (reading 'address'),
pilot_1790499507788,transfer_N1000_c3,0,2026-09-27T10:31:18.006Z,zkSyncTestnet,300,sepolia.era.zksync.dev,transfer,1000,3,,,5571193.354667,5571193.468375,0.1137080006301403,,,,failed,1,0,UNKNOWN,Cannot read properties of undefined (reading 'address'),
pilot_1790499507788,transfer_N1000_c3,0,2026-09-27T10:31:18.006Z,zkSyncTestnet,300,sepolia.era.zksync.dev,transfer,1000,3,,,5571193.405375,5571193.477042,0.07166699972003698,,,,failed,1,0,UNKNOWN,Cannot read properties of undefined (reading 'address'),
pilot_1790499507788,transfer_N1000_c3,0,2026-09-27T10:31:18.006Z,zkSyncTestnet,300,sepolia.era.zksync.dev,transfer,1000,3,,,5571193.486,5571193.639583,0.15358300041407347,,,,failed,1,0,UNKNOWN,Cannot read properties of undefined (reading 'address'),
pilot_1790499507788,transfer_N1000_c3,0,2026-09-27T10:31:18.006Z,zkSyncTestnet,300,sepolia.era.zksync.dev,transfer,1000,3,,,5571193.537958,5571193.650708,0.11275000032037497,,,,failed,1,0,UNKNOWN,Cannot read properties of undefined (reading 'address'),
pilot_1790499507788,transfer_N1000_c3,0,2026-09-27T10:31:18.006Z,zkSyncTestnet,300,sepolia.era.zksync.dev,transfer,1000,3,,,5571193.588167,5571193.658583,0.07041600067168474,,,,failed,1,0,UNKNOWN,Cannot read properties of undefined (reading 'address'),
pilot_1790499507788,transfer_N1000_c3,0,2026-09-27T10:31:18.006Z,zkSyncTestnet,300,sepolia.era.zksync.dev,transfer,1000,3,,,5571193.6655,5571193.81975,0.15424999967217445,,,,failed,1,0,UNKNOWN,Cannot read properties of undefined (reading 'address'),
pilot_1790499507788,transfer_N1000_c3,0,2026-09-27T10:31:18.006Z,zkSyncTestnet,300,sepolia.era.zksync.dev,transfer,1000,3,,,5571193.717583,5571193.830833,0.11325000040233135,,,,failed,1,0,UNKNOWN,Cannot read properties of undefined (reading 'address'),
pilot_1790499507788,transfer_N1000_c3,0,2026-09-27T10:31:18.006Z,zkSyncTestnet,300,sepolia.era.zksync.dev,transfer,1000,3,,,5571193.768167,5571193.839,0.07083299942314625,,,,failed,1,0,UNKNOWN,Cannot read properties of undefined (reading 'address'),
pilot_1790499507788,transfer_N1000_c3,0,2026-09-27T10:31:18.006Z,zkSyncTestnet,300,sepolia.era.zksync.dev,transfer,1000,3,,,5571193.845833,5571193.999625,0.15379200037568808,,,,failed,1,0,UNKNOWN,Cannot read properties of undefined (reading 'address'),
pilot_1790499507788,transfer_N1000_c3,0,2026-09-27T10:31:18.006Z,zkSyncTestnet,300,sepolia.era.zksync.dev,transfer,1000,3,,,5571193.898292,5571194.0125,0.11420799978077412,,,,failed,1,0,UNKNOWN,Cannot read properties of undefined (reading 'address'),
pilot_1790499507788,transfer_N1000_c3,0,2026-09-27T10:31:18.006Z,zkSyncTestnet,300,sepolia.era.zksync.dev,transfer,1000,3,,,5571193.9485,5571194.020583,0.0720830000936985,,,,failed,1,0,UNKNOWN,Cannot read properties of undefined (reading 'address'),
pilot_1790499507788,transfer_N1000_c3,0,2026-09-27T10:31:18.006Z,zkSyncTestnet,300,sepolia.era.zksync.dev,transfer,1000,3,,,5571194.039958,5571194.195167,0.15520900022238493,,,,failed,1,0,UNKNOWN,Cannot read properties of undefined (reading 'address'),
pilot_1790499507788,transfer_N1000_c3,0,2026-09-27T10:31:18.006Z,zkSyncTestnet,300,sepolia.era.zksync.dev,transfer,1000,3,,,5571194.093833,5571194.206625,0.11279199924319983,,,,failed,1,0,UNKNOWN,Cannot read properties of undefined (reading 'address'),
pilot_1790499507788,transfer_N1000_c3,0,2026-09-27T10:31:18.006Z,zkSyncTestnet,300,sepolia.era.zksync.dev,transfer,1000,3,,,5571194.143708,5571194.214583,0.07087500020861626,,,,failed,1,0,UNKNOWN,Cannot read properties of undefined (reading 'address'),
pilot_1790499507788,transfer_N1000_c3,0,2026-09-27T10:31:18.006Z,zkSyncTestnet,300,sepolia.era.zksync.dev,transfer,1000,3,,,5571194.221375,5571194.378083,0.15670800022780895,,,,failed,1,0,UNKNOWN,Cannot read properties of undefined (reading 'address'),
pilot_1790499507788,transfer_N1000_c3,0,2026-09-27T10:31:18.006Z,zkSyncTestnet,300,sepolia.era.zksync.dev,transfer,1000,3,,,5571194.273708,5571194.389208,0.1155000003054738,,,,failed,1,0,UNKNOWN,Cannot read properties of undefined (reading 'address'),
pilot_1790499507788,transfer_N1000_c3,0,2026-09-27T10:31:18.007Z,zkSyncTestnet,300,sepolia.era.zksync.dev,transfer,1000,3,,,5571194.324125,5571194.397292,0.07316699996590614,,,,failed,1,0,UNKNOWN,Cannot read properties of undefined (reading 'address'),
pilot_1790499507788,transfer_N1000_c3,0,2026-09-27T10:31:18.007Z,zkSyncTestnet,300,sepolia.era.zksync.dev,transfer,1000,3,,,5571194.404167,5571194.558208,0.15404099971055984,,,,failed,1,0,UNKNOWN,Cannot read properties of undefined (reading 'address'),
pilot_1790499507788,transfer_N1000_c3,0,2026-09-27T10:31:18.007Z,zkSyncTestnet,300,sepolia.era.zksync.dev,transfer,1000,3,,,5571194.456292,5571194.56925,0.11295800004154444,,,,failed,1,0,UNKNOWN,Cannot read properties of undefined (reading 'address'),
pilot_1790499507788,transfer_N1000_c3,0,2026-09-27T10:31:18.007Z,zkSyncTestnet,300,sepolia.era.zksync.dev,transfer,1000,3,,,5571194.506792,5571194.577458,0.07066600024700165,,,,failed,1,0,UNKNOWN,Cannot read properties of undefined (reading 'address'),
pilot_1790499507788,transfer_N1000_c3,0,2026-09-27T10:31:18.007Z,zkSyncTestnet,300,sepolia.era.zksync.dev,transfer,1000,3,,,5571194.585583,5571194.7385,0.15291699953377247,,,,failed,1,0,UNKNOWN,Cannot read properties of undefined (reading 'address'),
pilot_1790499507788,transfer_N1000_c3,0,2026-09-27T10:31:18.007Z,zkSyncTestnet,300,sepolia.era.zksync.dev,transfer,1000,3,,,5571194.637542,5571194.749667,0.11212499998509884,,,,failed,1,0,UNKNOWN,Cannot read properties of undefined (reading 'address'),
pilot_1790499507788,transfer_N1000_c3,0,2026-09-27T10:31:18.007Z,zkSyncTestnet,300,sepolia.era.zksync.dev,transfer,1000,3,,,5571194.687333,5571194.758083,0.07074999995529652,,,,failed,1,0,UNKNOWN,Cannot read properties of undefined (reading 'address'),
pilot_1790499507788,transfer_N1000_c3,0,2026-09-27T10:31:18.007Z,zkSyncTestnet,300,sepolia.era.zksync.dev,transfer,1000,3,,,5571194.764792,5571194.9175,0.15270800050348043,,,,failed,1,0,UNKNOWN,Cannot read properties of undefined (reading 'address'),
pilot_1790499507788,transfer_N1000_c3,0,2026-09-27T10:31:18.007Z,zkSyncTestnet,300,sepolia.era.zksync.dev,transfer,1000,3,,,5571194.816667,5571194.928625,0.11195799987763166,,,,failed,1,0,UNKNOWN,Cannot read properties of undefined (reading 'address'),
pilot_1790499507788,transfer_N1000_c3,0,2026-09-27T10:31:18.007Z,zkSyncTestnet,300,sepolia.era.zksync.dev,transfer,1000,3,,,5571194.866417,5571194.936625,0.0702080000191927,,,,failed,1,0,UNKNOWN,Cannot read properties of undefined (reading 'address'),
pilot_1790499507788,transfer_N1000_c3,0,2026-09-27T10:31:18.007Z,zkSyncTestnet,300,sepolia.era.zksync.dev,transfer,1000,3,,,5571194.943375,5571195.096,0.15262500010430813,,,,failed,1,0,UNKNOWN,Cannot read properties of undefined (reading 'address'),
pilot_1790499507788,transfer_N1000_c3,0,2026-09-27T10:31:18.007Z,zkSyncTestnet,300,sepolia.era.zksync.dev,transfer,1000,3,,,5571194.99525,5571195.107042,0.11179200001060963,,,,failed,1,0,UNKNOWN,Cannot read properties of undefined (reading 'address'),
pilot_1790499507788,transfer_N1000_c3,0,2026-09-27T10:31:18.007Z,zkSyncTestnet,300,sepolia.era.zksync.dev,transfer,1000,3,,,5571195.045083,5571195.115,0.06991699989885092,,,,failed,1,0,UNKNOWN,Cannot read properties of undefined (reading 'address'),
pilot_1790499507788,transfer_N1000_c3,0,2026-09-27T10:31:18.008Z,zkSyncTestnet,300,sepolia.era.zksync.dev,transfer,1000,3,,,5571195.133292,5571195.551375,0.41808299999684095,,,,failed,1,0,UNKNOWN,Cannot read properties of undefined (reading 'address'),
pilot_1790499507788,transfer_N1000_c3,0,2026-09-27T10:31:18.008Z,zkSyncTestnet,300,sepolia.era.zksync.dev,transfer,1000,3,,,5571195.186042,5571195.578875,0.392833000048995,,,,failed,1,0,UNKNOWN,Cannot read properties of undefined (reading 'address'),
pilot_1790499507788,transfer_N1000_c3,0,2026-09-27T10:31:18.008Z,zkSyncTestnet,300,sepolia.era.zksync.dev,transfer,1000,3,,,5571195.236,5571195.591417,0.3554170001298189,,,,failed,1,0,UNKNOWN,Cannot read properties of undefined (reading 'address'),
pilot_1790499507788,transfer_N1000_c3,0,2026-09-27T10:31:18.008Z,zkSyncTestnet,300,sepolia.era.zksync.dev,transfer,1000,3,,,5571195.601375,5571195.788125,0.1867500003427267,,,,failed,1,0,UNKNOWN,Cannot read properties of undefined (reading 'address'),
pilot_1790499507788,transfer_N1000_c3,0,2026-09-27T10:31:18.008Z,zkSyncTestnet,300,sepolia.era.zksync.dev,transfer,1000,3,,,5571195.670292,5571195.803208,0.13291599974036217,,,,failed,1,0,UNKNOWN,Cannot read properties of undefined (reading 'address'),
pilot_1790499507788,transfer_N1000_c3,0,2026-09-27T10:31:18.008Z,zkSyncTestnet,300,sepolia.era.zksync.dev,transfer,1000,3,,,5571195.729917,5571195.813167,0.08325000014156103,,,,failed,1,0,UNKNOWN,Cannot read properties of undefined (reading 'address'),
pilot_1790499507788,transfer_N1000_c3,0,2026-09-27T10:31:18.008Z,zkSyncTestnet,300,sepolia.era.zksync.dev,transfer,1000,3,,,5571195.820833,5571195.989458,0.16862499993294477,,,,failed,1,0,UNKNOWN,Cannot read properties of undefined (reading 'address'),
pilot_1790499507788,transfer_N1000_c3,0,2026-09-27T10:31:18.008Z,zkSyncTestnet,300,sepolia.era.zksync.dev,transfer,1000,3,,,5571195.87925,5571196.0025,0.12325000017881393,,,,failed,1,0,UNKNOWN,Cannot read properties of undefined (reading 'address'),
pilot_1790499507788,transfer_N1000_c3,0,2026-09-27T10:31:18.008Z,zkSyncTestnet,300,sepolia.era.zksync.dev,transfer,1000,3,,,5571195.934333,5571196.011542,0.0772089995443821,,,,failed,1,0,UNKNOWN,Cannot read properties of undefined (reading 'address'),
pilot_1790499507788,transfer_N1000_c3,0,2026-09-27T10:31:18.008Z,zkSyncTestnet,300,sepolia.era.zksync.dev,transfer,1000,3,,,5571196.022833,5571196.183208,0.16037499997764826,,,,failed,1,0,UNKNOWN,Cannot read properties of undefined (reading 'address'),
pilot_1790499507788,transfer_N1000_c3,0,2026-09-27T10:31:18.008Z,zkSyncTestnet,300,sepolia.era.zksync.dev,transfer,1000,3,,,5571196.078417,5571196.195583,0.11716599948704243,,,,failed,1,0,UNKNOWN,Cannot read properties of undefined (reading 'address'),
pilot_1790499507788,transfer_N1000_c3,0,2026-09-27T10:31:18.008Z,zkSyncTestnet,300,sepolia.era.zksync.dev,transfer,1000,3,,,5571196.1305,5571196.20375,0.07325000036507845,,,,failed,1,0,UNKNOWN,Cannot read properties of undefined (reading 'address'),
pilot_1790499507788,transfer_N1000_c3,0,2026-09-27T10:31:18.008Z,zkSyncTestnet,300,sepolia.era.zksync.dev,transfer,1000,3,,,5571196.210875,5571196.367833,0.15695799980312586,,,,failed,1,0,UNKNOWN,Cannot read properties of undefined (reading 'address'),
pilot_1790499507788,transfer_N1000_c3,0,2026-09-27T10:31:18.008Z,zkSyncTestnet,300,sepolia.era.zksync.dev,transfer,1000,3,,,5571196.264667,5571196.379708,0.11504100076854229,,,,failed,1,0,UNKNOWN,Cannot read properties of undefined (reading 'address'),
pilot_1790499507788,transfer_N1000_c3,0,2026-09-27T10:31:18.008Z,zkSyncTestnet,300,sepolia.era.zksync.dev,transfer,1000,3,,,5571196.315875,5571196.388292,0.07241699937731028,,,,failed,1,0,UNKNOWN,Cannot read properties of undefined (reading 'address'),
pilot_1790499507788,transfer_N1000_c3,0,2026-09-27T10:31:18.009Z,zkSyncTestnet,300,sepolia.era.zksync.dev,transfer,1000,3,,,5571196.395375,5571196.552917,0.1575419995933771,,,,failed,1,0,UNKNOWN,Cannot read properties of undefined (reading 'address'),
pilot_1790499507788,transfer_N1000_c3,0,2026-09-27T10:31:18.009Z,zkSyncTestnet,300,sepolia.era.zksync.dev,transfer,1000,3,,,5571196.448792,5571196.565792,0.11699999962002039,,,,failed,1,0,UNKNOWN,Cannot read properties of undefined (reading 'address'),
pilot_1790499507788,transfer_N1000_c3,0,2026-09-27T10:31:18.009Z,zkSyncTestnet,300,sepolia.era.zksync.dev,transfer,1000,3,,,5571196.501167,5571196.574875,0.07370799966156483,,,,failed,1,0,UNKNOWN,Cannot read properties of undefined (reading 'address'),
pilot_1790499507788,transfer_N1000_c3,0,2026-09-27T10:31:18.009Z,zkSyncTestnet,300,sepolia.era.zksync.dev,transfer,1000,3,,,5571196.588333,5571196.744833,0.1564999995753169,,,,failed,1,0,UNKNOWN,Cannot read properties of undefined (reading 'address'),
pilot_1790499507788,transfer_N1000_c3,0,2026-09-27T10:31:18.009Z,zkSyncTestnet,300,sepolia.era.zksync.dev,transfer,1000,3,,,5571196.642375,5571196.757167,0.11479200050234795,,,,failed,1,0,UNKNOWN,Cannot read properties of undefined (reading 'address'),
pilot_1790499507788,transfer_N1000_c3,0,2026-09-27T10:31:18.009Z,zkSyncTestnet,300,sepolia.era.zksync.dev,transfer,1000,3,,,5571196.693333,5571196.76525,0.07191700022667646,,,,failed,1,0,UNKNOWN,Cannot read properties of undefined (reading 'address'),
pilot_1790499507788,transfer_N1000_c3,0,2026-09-27T10:31:18.009Z,zkSyncTestnet,300,sepolia.era.zksync.dev,transfer,1000,3,,,5571196.772292,5571196.927833,0.155540999956429,,,,failed,1,0,UNKNOWN,Cannot read properties of undefined (reading 'address'),
pilot_1790499507788,transfer_N1000_c3,0,2026-09-27T10:31:18.009Z,zkSyncTestnet,300,sepolia.era.zksync.dev,transfer,1000,3,,,5571196.8255,5571196.939458,0.11395799927413464,,,,failed,1,0,UNKNOWN,Cannot read properties of undefined (reading 'address'),
pilot_1790499507788,transfer_N1000_c3,0,2026-09-27T10:31:18.009Z,zkSyncTestnet,300,sepolia.era.zksync.dev,transfer,1000,3,,,5571196.876458,5571196.947417,0.07095899991691113,,,,failed,1,0,UNKNOWN,Cannot read properties of undefined (reading 'address'),
pilot_1790499507788,transfer_N1000_c3,0,2026-09-27T10:31:18.009Z,zkSyncTestnet,300,sepolia.era.zksync.dev,transfer,1000,3,,,5571196.954292,5571197.108833,0.15454099979251623,,,,failed,1,0,UNKNOWN,Cannot read properties of undefined (reading 'address'),
pilot_1790499507788,transfer_N1000_c3,0,2026-09-27T10:31:18.009Z,zkSyncTestnet,300,sepolia.era.zksync.dev,transfer,1000,3,,,5571197.006917,5571197.120208,0.11329100001603365,,,,failed,1,0,UNKNOWN,Cannot read properties of undefined (reading 'address'),
pilot_1790499507788,transfer_N1000_c3,0,2026-09-27T10:31:18.009Z,zkSyncTestnet,300,sepolia.era.zksync.dev,transfer,1000,3,,,5571197.057208,5571197.128,0.07079199980944395,,,,failed,1,0,UNKNOWN,Cannot read properties of undefined (reading 'address'),
pilot_1790499507788,transfer_N1000_c3,0,2026-09-27T10:31:18.009Z,zkSyncTestnet,300,sepolia.era.zksync.dev,transfer,1000,3,,,5571197.137333,5571197.292083,0.15474999975413084,,,,failed,1,0,UNKNOWN,Cannot read properties of undefined (reading 'address'),
pilot_1790499507788,transfer_N1000_c3,0,2026-09-27T10:31:18.009Z,zkSyncTestnet,300,sepolia.era.zksync.dev,transfer,1000,3,,,5571197.189875,5571197.30375,0.1138749998062849,,,,failed,1,0,UNKNOWN,Cannot read properties of undefined (reading 'address'),
pilot_1790499507788,transfer_N1000_c3,0,2026-09-27T10:31:18.009Z,zkSyncTestnet,300,sepolia.era.zksync.dev,transfer,1000,3,,,5571197.2405,5571197.315083,0.07458299957215786,,,,failed,1,0,UNKNOWN,Cannot read properties of undefined (reading 'address'),
pilot_1790499507788,transfer_N1000_c3,0,2026-09-27T10:31:18.010Z,zkSyncTestnet,300,sepolia.era.zksync.dev,transfer,1000,3,,,5571197.322125,5571197.477542,0.1554169999435544,,,,failed,1,0,UNKNOWN,Cannot read properties of undefined (reading 'address'),
pilot_1790499507788,transfer_N1000_c3,0,2026-09-27T10:31:18.010Z,zkSyncTestnet,300,sepolia.era.zksync.dev,transfer,1000,3,,,5571197.375417,5571197.488792,0.11337500065565109,,,,failed,1,0,UNKNOWN,Cannot read properties of undefined (reading 'address'),
pilot_1790499507788,transfer_N1000_c3,0,2026-09-27T10:31:18.010Z,zkSyncTestnet,300,sepolia.era.zksync.dev,transfer,1000,3,,,5571197.425792,5571197.497375,0.07158300001174212,,,,failed,1,0,UNKNOWN,Cannot read properties of undefined (reading 'address'),
pilot_1790499507788,transfer_N1000_c3,0,2026-09-27T10:31:18.010Z,zkSyncTestnet,300,sepolia.era.zksync.dev,transfer,1000,3,,,5571197.504667,5571197.659458,0.1547910002991557,,,,failed,1,0,UNKNOWN,Cannot read properties of undefined (reading 'address'),
pilot_1790499507788,transfer_N1000_c3,0,2026-09-27T10:31:18.010Z,zkSyncTestnet,300,sepolia.era.zksync.dev,transfer,1000,3,,,5571197.556875,5571197.671208,0.11433300003409386,,,,failed,1,0,UNKNOWN,Cannot read properties of undefined (reading 'address'),
pilot_1790499507788,transfer_N1000_c3,0,2026-09-27T10:31:18.010Z,zkSyncTestnet,300,sepolia.era.zksync.dev,transfer,1000,3,,,5571197.607833,5571197.679083,0.0712500000372529,,,,failed,1,0,UNKNOWN,Cannot read properties of undefined (reading 'address'),
pilot_1790499507788,transfer_N1000_c3,0,2026-09-27T10:31:18.010Z,zkSyncTestnet,300,sepolia.era.zksync.dev,transfer,1000,3,,,5571197.692083,5571197.847917,0.15583399962633848,,,,failed,1,0,UNKNOWN,Cannot read properties of undefined (reading 'address'),
pilot_1790499507788,transfer_N1000_c3,0,2026-09-27T10:31:18.010Z,zkSyncTestnet,300,sepolia.era.zksync.dev,transfer,1000,3,,,5571197.746042,5571197.863083,0.11704100016504526,,,,failed,1,0,UNKNOWN,Cannot read properties of undefined (reading 'address'),
pilot_1790499507788,transfer_N1000_c3,0,2026-09-27T10:31:18.010Z,zkSyncTestnet,300,sepolia.era.zksync.dev,transfer,1000,3,,,5571197.796833,5571197.871167,0.07433400023728609,,,,failed,1,0,UNKNOWN,Cannot read properties of undefined (reading 'address'),
pilot_1790499507788,transfer_N1000_c3,0,2026-09-27T10:31:18.010Z,zkSyncTestnet,300,sepolia.era.zksync.dev,transfer,1000,3,,,5571197.878,5571198.031583,0.15358300041407347,,,,failed,1,0,UNKNOWN,Cannot read properties of undefined (reading 'address'),
pilot_1790499507788,transfer_N1000_c3,0,2026-09-27T10:31:18.010Z,zkSyncTestnet,300,sepolia.era.zksync.dev,transfer,1000,3,,,5571197.93025,5571198.042708,0.11245799995958805,,,,failed,1,0,UNKNOWN,Cannot read properties of undefined (reading 'address'),
pilot_1790499507788,transfer_N1000_c3,0,2026-09-27T10:31:18.010Z,zkSyncTestnet,300,sepolia.era.zksync.dev,transfer,1000,3,,,5571197.980625,5571198.051125,0.07050000037997961,,,,failed,1,0,UNKNOWN,Cannot read properties of undefined (reading 'address'),
pilot_1790499507788,transfer_N1000_c3,0,2026-09-27T10:31:18.010Z,zkSyncTestnet,300,sepolia.era.zksync.dev,transfer,1000,3,,,5571198.0585,5571198.211583,0.1530829994007945,,,,failed,1,0,UNKNOWN,Cannot read properties of undefined (reading 'address'),
pilot_1790499507788,transfer_N1000_c3,0,2026-09-27T10:31:18.010Z,zkSyncTestnet,300,sepolia.era.zksync.dev,transfer,1000,3,,,5571198.110667,5571198.22275,0.1120830001309514,,,,failed,1,0,UNKNOWN,Cannot read properties of undefined (reading 'address'),
pilot_1790499507788,transfer_N1000_c3,0,2026-09-27T10:31:18.010Z,zkSyncTestnet,300,sepolia.era.zksync.dev,transfer,1000,3,,,5571198.160333,5571198.230708,0.07037500012665987,,,,failed,1,0,UNKNOWN,Cannot read properties of undefined (reading 'address'),
pilot_1790499507788,transfer_N1000_c3,0,2026-09-27T10:31:18.011Z,zkSyncTestnet,300,sepolia.era.zksync.dev,transfer,1000,3,,,5571198.242667,5571198.396208,0.15354100055992603,,,,failed,1,0,UNKNOWN,Cannot read properties of undefined (reading 'address'),
pilot_1790499507788,transfer_N1000_c3,0,2026-09-27T10:31:18.011Z,zkSyncTestnet,300,sepolia.era.zksync.dev,transfer,1000,3,,,5571198.294917,5571198.407792,0.11287499964237213,,,,failed,1,0,UNKNOWN,Cannot read properties of undefined (reading 'address'),
pilot_1790499507788,transfer_N1000_c3,0,2026-09-27T10:31:18.011Z,zkSyncTestnet,300,sepolia.era.zksync.dev,transfer,1000,3,,,5571198.345,5571198.415708,0.07070800010114908,,,,failed,1,0,UNKNOWN,Cannot read properties of undefined (reading 'address'),
pilot_1790499507788,transfer_N1000_c3,0,2026-09-27T10:31:18.011Z,zkSyncTestnet,300,sepolia.era.zksync.dev,transfer,1000,3,,,5571198.4225,5571198.575667,0.15316700004041195,,,,failed,1,0,UNKNOWN,Cannot read properties of undefined (reading 'address'),
pilot_1790499507788,transfer_N1000_c3,0,2026-09-27T10:31:18.011Z,zkSyncTestnet,300,sepolia.era.zksync.dev,transfer,1000,3,,,5571198.4745,5571198.586708,0.11220800038427114,,,,failed,1,0,UNKNOWN,Cannot read properties of undefined (reading 'address'),
pilot_1790499507788,transfer_N1000_c3,0,2026-09-27T10:31:18.011Z,zkSyncTestnet,300,sepolia.era.zksync.dev,transfer,1000,3,,,5571198.524667,5571198.595292,0.07062499970197678,,,,failed,1,0,UNKNOWN,Cannot read properties of undefined (reading 'address'),
pilot_1790499507788,transfer_N1000_c3,0,2026-09-27T10:31:18.011Z,zkSyncTestnet,300,sepolia.era.zksync.dev,transfer,1000,3,,,5571198.602542,5571198.755875,0.153332999907434,,,,failed,1,0,UNKNOWN,Cannot read properties of undefined (reading 'address'),
pilot_1790499507788,transfer_N1000_c3,0,2026-09-27T10:31:18.011Z,zkSyncTestnet,300,sepolia.era.zksync.dev,transfer,1000,3,,,5571198.654583,5571198.766958,0.11237500049173832,,,,failed,1,0,UNKNOWN,Cannot read properties of undefined (reading 'address'),
pilot_1790499507788,transfer_N1000_c3,0,2026-09-27T10:31:18.011Z,zkSyncTestnet,300,sepolia.era.zksync.dev,transfer,1000,3,,,5571198.704833,5571198.774958,0.07012499962002039,,,,failed,1,0,UNKNOWN,Cannot read properties of undefined (reading 'address'),
pilot_1790499507788,transfer_N1000_c3,0,2026-09-27T10:31:18.011Z,zkSyncTestnet,300,sepolia.era.zksync.dev,transfer,1000,3,,,5571198.787042,5571198.941458,0.1544159995391965,,,,failed,1,0,UNKNOWN,Cannot read properties of undefined (reading 'address'),
pilot_1790499507788,transfer_N1000_c3,0,2026-09-27T10:31:18.011Z,zkSyncTestnet,300,sepolia.era.zksync.dev,transfer,1000,3,,,5571198.839583,5571198.953458,0.1138749998062849,,,,failed,1,0,UNKNOWN,Cannot read properties of undefined (reading 'address'),
pilot_1790499507788,transfer_N1000_c3,0,2026-09-27T10:31:18.011Z,zkSyncTestnet,300,sepolia.era.zksync.dev,transfer,1000,3,,,5571198.889708,5571198.961417,0.07170899957418442,,,,failed,1,0,UNKNOWN,Cannot read properties of undefined (reading 'address'),
pilot_1790499507788,transfer_N1000_c3,0,2026-09-27T10:31:18.011Z,zkSyncTestnet,300,sepolia.era.zksync.dev,transfer,1000,3,,,5571198.968167,5571199.12125,0.1530829994007945,,,,failed,1,0,UNKNOWN,Cannot read properties of undefined (reading 'address'),
pilot_1790499507788,transfer_N1000_c3,0,2026-09-27T10:31:18.011Z,zkSyncTestnet,300,sepolia.era.zksync.dev,transfer,1000,3,,,5571199.020125,5571199.132375,0.11225000023841858,,,,failed,1,0,UNKNOWN,Cannot read properties of undefined (reading 'address'),
pilot_1790499507788,transfer_N1000_c3,0,2026-09-27T10:31:18.011Z,zkSyncTestnet,300,sepolia.era.zksync.dev,transfer,1000,3,,,5571199.07025,5571199.14025,0.07000000029802322,,,,failed,1,0,UNKNOWN,Cannot read properties of undefined (reading 'address'),
pilot_1790499507788,transfer_N1000_c3,0,2026-09-27T10:31:18.011Z,zkSyncTestnet,300,sepolia.era.zksync.dev,transfer,1000,3,,,5571199.147167,5571199.303833,0.15666600037366152,,,,failed,1,0,UNKNOWN,Cannot read properties of undefined (reading 'address'),
pilot_1790499507788,transfer_N1000_c3,0,2026-09-27T10:31:18.011Z,zkSyncTestnet,300,sepolia.era.zksync.dev,transfer,1000,3,,,5571199.1995,5571199.314917,0.1154169999063015,,,,failed,1,0,UNKNOWN,Cannot read properties of undefined (reading 'address'),
pilot_1790499507788,transfer_N1000_c3,0,2026-09-27T10:31:18.011Z,zkSyncTestnet,300,sepolia.era.zksync.dev,transfer,1000,3,,,5571199.25225,5571199.322833,0.07058299984782934,,,,failed,1,0,UNKNOWN,Cannot read properties of undefined (reading 'address'),
pilot_1790499507788,transfer_N1000_c3,0,2026-09-27T10:31:18.012Z,zkSyncTestnet,300,sepolia.era.zksync.dev,transfer,1000,3,,,5571199.332042,5571199.484583,0.15254099946469069,,,,failed,1,0,UNKNOWN,Cannot read properties of undefined (reading 'address'),
pilot_1790499507788,transfer_N1000_c3,0,2026-09-27T10:31:18.012Z,zkSyncTestnet,300,sepolia.era.zksync.dev,transfer,1000,3,,,5571199.383833,5571199.496125,0.11229199916124344,,,,failed,1,0,UNKNOWN,Cannot read properties of undefined (reading 'address'),
pilot_1790499507788,transfer_N1000_c3,0,2026-09-27T10:31:18.012Z,zkSyncTestnet,300,sepolia.era.zksync.dev,transfer,1000,3,,,5571199.43375,5571199.504083,0.07033300027251244,,,,failed,1,0,UNKNOWN,Cannot read properties of undefined (reading 'address'),
pilot_1790499507788,transfer_N1000_c3,0,2026-09-27T10:31:18.012Z,zkSyncTestnet,300,sepolia.era.zksync.dev,transfer,1000,3,,,5571199.510875,5571199.647833,0.1369580002501607,,,,failed,1,0,UNKNOWN,Cannot read properties of undefined (reading 'address'),
pilot_1790499507788,transfer_N1000_c3,0,2026-09-27T10:31:18.012Z,zkSyncTestnet,300,sepolia.era.zksync.dev,transfer,1000,3,,,5571199.5605,5571199.6575,0.09700000006705523,,,,failed,1,0,UNKNOWN,Cannot read properties of undefined (reading 'address'),
pilot_1790499507788,transfer_N1000_c3,0,2026-09-27T10:31:18.012Z,zkSyncTestnet,300,sepolia.era.zksync.dev,transfer,1000,3,,,5571199.60375,5571199.66475,0.061000000685453415,,,,failed,1,0,UNKNOWN,Cannot read properties of undefined (reading 'address'),
pilot_1790499507788,transfer_N1000_c3,0,2026-09-27T10:31:18.012Z,zkSyncTestnet,300,sepolia.era.zksync.dev,transfer,1000,3,,,5571199.670625,5571199.803333,0.1327080000191927,,,,failed,1,0,UNKNOWN,Cannot read properties of undefined (reading 'address'),
pilot_1790499507788,transfer_N1000_c3,0,2026-09-27T10:31:18.012Z,zkSyncTestnet,300,sepolia.era.zksync.dev,transfer,1000,3,,,5571199.715958,5571199.81325,0.09729199949651957,,,,failed,1,0,UNKNOWN,Cannot read properties of undefined (reading 'address'),
pilot_1790499507788,transfer_N1000_c3,0,2026-09-27T10:31:18.012Z,zkSyncTestnet,300,sepolia.era.zksync.dev,transfer,1000,3,,,5571199.759208,5571199.820125,0.060916999354958534,,,,failed,1,0,UNKNOWN,Cannot read properties of undefined (reading 'address'),
pilot_1790499507788,transfer_N1000_c3,0,2026-09-27T10:31:18.012Z,zkSyncTestnet,300,sepolia.era.zksync.dev,transfer,1000,3,,,5571199.83125,5571199.964792,0.13354200031608343,,,,failed,1,0,UNKNOWN,Cannot read properties of undefined (reading 'address'),
pilot_1790499507788,transfer_N1000_c3,0,2026-09-27T10:31:18.012Z,zkSyncTestnet,300,sepolia.era.zksync.dev,transfer,1000,3,,,5571199.877,5571199.974958,0.09795799944549799,,,,failed,1,0,UNKNOWN,Cannot read properties of undefined (reading 'address'),
pilot_1790499507788,transfer_N1000_c3,0,2026-09-27T10:31:18.012Z,zkSyncTestnet,300,sepolia.era.zksync.dev,transfer,1000,3,,,5571199.920458,5571199.98175,0.061292000114917755,,,,failed,1,0,UNKNOWN,Cannot read properties of undefined (reading 'address'),
pilot_1790499507788,transfer_N1000_c3,0,2026-09-27T10:31:18.012Z,zkSyncTestnet,300,sepolia.era.zksync.dev,transfer,1000,3,,,5571199.987667,5571200.384292,0.39662500005215406,,,,failed,1,0,UNKNOWN,Cannot read properties of undefined (reading 'address'),
pilot_1790499507788,transfer_N1000_c3,0,2026-09-27T10:31:18.012Z,zkSyncTestnet,300,sepolia.era.zksync.dev,transfer,1000,3,,,5571200.033083,5571200.395042,0.3619590001180768,,,,failed,1,0,UNKNOWN,Cannot read properties of undefined (reading 'address'),
pilot_1790499507788,transfer_N1000_c3,0,2026-09-27T10:31:18.013Z,zkSyncTestnet,300,sepolia.era.zksync.dev,transfer,1000,3,,,5571200.076375,5571200.401958,0.32558299973607063,,,,failed,1,0,UNKNOWN,Cannot read properties of undefined (reading 'address'),
pilot_1790499507788,transfer_N1000_c3,0,2026-09-27T10:31:18.013Z,zkSyncTestnet,300,sepolia.era.zksync.dev,transfer,1000,3,,,5571200.408708,5571200.542167,0.13345899991691113,,,,failed,1,0,UNKNOWN,Cannot read properties of undefined (reading 'address'),
pilot_1790499507788,transfer_N1000_c3,0,2026-09-27T10:31:18.013Z,zkSyncTestnet,300,sepolia.era.zksync.dev,transfer,1000,3,,,5571200.454542,5571200.552542,0.098000000230968,,,,failed,1,0,UNKNOWN,Cannot read properties of undefined (reading 'address'),
pilot_1790499507788,transfer_N1000_c3,0,2026-09-27T10:31:18.013Z,zkSyncTestnet,300,sepolia.era.zksync.dev,transfer,1000,3,,,5571200.497875,5571200.559583,0.0617079995572567,,,,failed,1,0,UNKNOWN,Cannot read properties of undefined (reading 'address'),
pilot_1790499507788,transfer_N1000_c3,0,2026-09-27T10:31:18.013Z,zkSyncTestnet,300,sepolia.era.zksync.dev,transfer,1000,3,,,5571200.568083,5571200.701292,0.13320899941027164,,,,failed,1,0,UNKNOWN,Cannot read properties of undefined (reading 'address'),
pilot_1790499507788,transfer_N1000_c3,0,2026-09-27T10:31:18.013Z,zkSyncTestnet,300,sepolia.era.zksync.dev,transfer,1000,3,,,5571200.613417,5571200.711333,0.09791600052267313,,,,failed,1,0,UNKNOWN,Cannot read properties of undefined (reading 'address'),
pilot_1790499507788,transfer_N1000_c3,0,2026-09-27T10:31:18.013Z,zkSyncTestnet,300,sepolia.era.zksync.dev,transfer,1000,3,,,5571200.657042,5571200.71825,0.06120799947530031,,,,failed,1,0,UNKNOWN,Cannot read properties of undefined (reading 'address'),
pilot_1790499507788,transfer_N1000_c3,0,2026-09-27T10:31:18.013Z,zkSyncTestnet,300,sepolia.era.zksync.dev,transfer,1000,3,,,5571200.724,5571200.857167,0.1331669995561242,,,,failed,1,0,UNKNOWN,Cannot read properties of undefined (reading 'address'),
pilot_1790499507788,transfer_N1000_c3,0,2026-09-27T10:31:18.013Z,zkSyncTestnet,300,sepolia.era.zksync.dev,transfer,1000,3,,,5571200.769167,5571200.866667,0.09749999921768904,,,,failed,1,0,UNKNOWN,Cannot read properties of undefined (reading 'address'),
pilot_1790499507788,transfer_N1000_c3,0,2026-09-27T10:31:18.013Z,zkSyncTestnet,300,sepolia.era.zksync.dev,transfer,1000,3,,,5571200.812583,5571200.873542,0.06095899920910597,,,,failed,1,0,UNKNOWN,Cannot read properties of undefined (reading 'address'),
pilot_1790499507788,transfer_N1000_c3,0,2026-09-27T10:31:18.013Z,zkSyncTestnet,300,sepolia.era.zksync.dev,transfer,1000,3,,,5571200.880208,5571201.014583,0.13437500037252903,,,,failed,1,0,UNKNOWN,Cannot read properties of undefined (reading 'address'),
pilot_1790499507788,transfer_N1000_c3,0,2026-09-27T10:31:18.013Z,zkSyncTestnet,300,sepolia.era.zksync.dev,transfer,1000,3,,,5571200.925417,5571201.024833,0.09941599983721972,,,,failed,1,0,UNKNOWN,Cannot read properties of undefined (reading 'address'),
pilot_1790499507788,transfer_N1000_c3,0,2026-09-27T10:31:18.013Z,zkSyncTestnet,300,sepolia.era.zksync.dev,transfer,1000,3,,,5571200.97,5571201.03175,0.06175000034272671,,,,failed,1,0,UNKNOWN,Cannot read properties of undefined (reading 'address'),
pilot_1790499507788,transfer_N1000_c3,0,2026-09-27T10:31:18.013Z,zkSyncTestnet,300,sepolia.era.zksync.dev,transfer,1000,3,,,5571201.037708,5571201.171375,0.1336669996380806,,,,failed,1,0,UNKNOWN,Cannot read properties of undefined (reading 'address'),
pilot_1790499507788,transfer_N1000_c3,0,2026-09-27T10:31:18.013Z,zkSyncTestnet,300,sepolia.era.zksync.dev,transfer,1000,3,,,5571201.082958,5571201.186,0.10304199997335672,,,,failed,1,0,UNKNOWN,Cannot read properties of undefined (reading 'address'),
pilot_1790499507788,transfer_N1000_c3,0,2026-09-27T10:31:18.013Z,zkSyncTestnet,300,sepolia.era.zksync.dev,transfer,1000,3,,,5571201.126667,5571201.193917,0.06724999938160181,,,,failed,1,0,UNKNOWN,Cannot read properties of undefined (reading 'address'),
pilot_1790499507788,transfer_N1000_c3,0,2026-09-27T10:31:18.013Z,zkSyncTestnet,300,sepolia.era.zksync.dev,transfer,1000,3,,,5571201.19975,5571201.333625,0.13387500029057264,,,,failed,1,0,UNKNOWN,Cannot read properties of undefined (reading 'address'),
pilot_1790499507788,transfer_N1000_c3,0,2026-09-27T10:31:18.013Z,zkSyncTestnet,300,sepolia.era.zksync.dev,transfer,1000,3,,,5571201.245292,5571201.343292,0.098000000230968,,,,failed,1,0,UNKNOWN,Cannot read properties of undefined (reading 'address'),
pilot_1790499507788,transfer_N1000_c3,0,2026-09-27T10:31:18.013Z,zkSyncTestnet,300,sepolia.era.zksync.dev,transfer,1000,3,,,5571201.289,5571201.350208,0.06120800040662289,,,,failed,1,0,UNKNOWN,Cannot read properties of undefined (reading 'address'),
pilot_1790499507788,transfer_N1000_c3,0,2026-09-27T10:31:18.014Z,zkSyncTestnet,300,sepolia.era.zksync.dev,transfer,1000,3,,,5571201.356,5571201.488333,0.13233300019055605,,,,failed,1,0,UNKNOWN,Cannot read properties of undefined (reading 'address'),
pilot_1790499507788,transfer_N1000_c3,0,2026-09-27T10:31:18.014Z,zkSyncTestnet,300,sepolia.era.zksync.dev,transfer,1000,3,,,5571201.401125,5571201.497875,0.09675000049173832,,,,failed,1,0,UNKNOWN,Cannot read properties of undefined (reading 'address'),
pilot_1790499507788,transfer_N1000_c3,0,2026-09-27T10:31:18.014Z,zkSyncTestnet,300,sepolia.era.zksync.dev,transfer,1000,3,,,5571201.44425,5571201.504667,0.06041700020432472,,,,failed,1,0,UNKNOWN,Cannot read properties of undefined (reading 'address'),
pilot_1790499507788,transfer_N1000_c3,0,2026-09-27T10:31:18.014Z,zkSyncTestnet,300,sepolia.era.zksync.dev,transfer,1000,3,,,5571201.511042,5571201.64375,0.1327080000191927,,,,failed,1,0,UNKNOWN,Cannot read properties of undefined (reading 'address'),
pilot_1790499507788,transfer_N1000_c3,0,2026-09-27T10:31:18.014Z,zkSyncTestnet,300,sepolia.era.zksync.dev,transfer,1000,3,,,5571201.556042,5571201.655667,0.0996250007301569,,,,failed,1,0,UNKNOWN,Cannot read properties of undefined (reading 'address'),
pilot_1790499507788,transfer_N1000_c3,0,2026-09-27T10:31:18.014Z,zkSyncTestnet,300,sepolia.era.zksync.dev,transfer,1000,3,,,5571201.599458,5571201.66325,0.06379200052469969,,,,failed,1,0,UNKNOWN,Cannot read properties of undefined (reading 'address'),
pilot_1790499507788,transfer_N1000_c3,0,2026-09-27T10:31:18.014Z,zkSyncTestnet,300,sepolia.era.zksync.dev,transfer,1000,3,,,5571201.669083,5571201.802458,0.13337500020861626,,,,failed,1,0,UNKNOWN,Cannot read properties of undefined (reading 'address'),
pilot_1790499507788,transfer_N1000_c3,0,2026-09-27T10:31:18.014Z,zkSyncTestnet,300,sepolia.era.zksync.dev,transfer,1000,3,,,5571201.714417,5571201.81225,0.09783300012350082,,,,failed,1,0,UNKNOWN,Cannot read properties of undefined (reading 'address'),
pilot_1790499507788,transfer_N1000_c3,0,2026-09-27T10:31:18.014Z,zkSyncTestnet,300,sepolia.era.zksync.dev,transfer,1000,3,,,5571201.758125,5571201.819083,0.060957999899983406,,,,failed,1,0,UNKNOWN,Cannot read properties of undefined (reading 'address'),
pilot_1790499507788,transfer_N1000_c3,0,2026-09-27T10:31:18.014Z,zkSyncTestnet,300,sepolia.era.zksync.dev,transfer,1000,3,,,5571201.824958,5571201.957833,0.13287500012665987,,,,failed,1,0,UNKNOWN,Cannot read properties of undefined (reading 'address'),
pilot_1790499507788,transfer_N1000_c3,0,2026-09-27T10:31:18.014Z,zkSyncTestnet,300,sepolia.era.zksync.dev,transfer,1000,3,,,5571201.869917,5571201.967375,0.09745800029486418,,,,failed,1,0,UNKNOWN,Cannot read properties of undefined (reading 'address'),
pilot_1790499507788,transfer_N1000_c3,0,2026-09-27T10:31:18.014Z,zkSyncTestnet,300,sepolia.era.zksync.dev,transfer,1000,3,,,5571201.913417,5571201.97425,0.060832999646663666,,,,failed,1,0,UNKNOWN,Cannot read properties of undefined (reading 'address'),
pilot_1790499507788,transfer_N1000_c3,0,2026-09-27T10:31:18.014Z,zkSyncTestnet,300,sepolia.era.zksync.dev,transfer,1000,3,,,5571201.980125,5571202.113875,0.1337500000372529,,,,failed,1,0,UNKNOWN,Cannot read properties of undefined (reading 'address'),
pilot_1790499507788,transfer_N1000_c3,0,2026-09-27T10:31:18.014Z,zkSyncTestnet,300,sepolia.era.zksync.dev,transfer,1000,3,,,5571202.025958,5571202.1285,0.10254199989140034,,,,failed,1,0,UNKNOWN,Cannot read properties of undefined (reading 'address'),
pilot_1790499507788,transfer_N1000_c3,0,2026-09-27T10:31:18.014Z,zkSyncTestnet,300,sepolia.era.zksync.dev,transfer,1000,3,,,5571202.069625,5571202.136292,0.06666700076311827,,,,failed,1,0,UNKNOWN,Cannot read properties of undefined (reading 'address'),
pilot_1790499507788,transfer_N1000_c3,0,2026-09-27T10:31:18.014Z,zkSyncTestnet,300,sepolia.era.zksync.dev,transfer,1000,3,,,5571202.142125,5571202.275208,0.13308299984782934,,,,failed,1,0,UNKNOWN,Cannot read properties of undefined (reading 'address'),
pilot_1790499507788,transfer_N1000_c3,0,2026-09-27T10:31:18.014Z,zkSyncTestnet,300,sepolia.era.zksync.dev,transfer,1000,3,,,5571202.18775,5571202.284792,0.09704200085252523,,,,failed,1,0,UNKNOWN,Cannot read properties of undefined (reading 'address'),
pilot_1790499507788,transfer_N1000_c3,0,2026-09-27T10:31:18.014Z,zkSyncTestnet,300,sepolia.era.zksync.dev,transfer,1000,3,,,5571202.231125,5571202.29175,0.060624999925494194,,,,failed,1,0,UNKNOWN,Cannot read properties of undefined (reading 'address'),
pilot_1790499507788,transfer_N1000_c3,0,2026-09-27T10:31:18.015Z,zkSyncTestnet,300,sepolia.era.zksync.dev,transfer,1000,3,,,5571202.297458,5571202.430167,0.13270900025963783,,,,failed,1,0,UNKNOWN,Cannot read properties of undefined (reading 'address'),
pilot_1790499507788,transfer_N1000_c3,0,2026-09-27T10:31:18.015Z,zkSyncTestnet,300,sepolia.era.zksync.dev,transfer,1000,3,,,5571202.342583,5571202.43975,0.0971670001745224,,,,failed,1,0,UNKNOWN,Cannot read properties of undefined (reading 'address'),
pilot_1790499507788,transfer_N1000_c3,0,2026-09-27T10:31:18.015Z,zkSyncTestnet,300,sepolia.era.zksync.dev,transfer,1000,3,,,5571202.385833,5571202.446667,0.0608339998871088,,,,failed,1,0,UNKNOWN,Cannot read properties of undefined (reading 'address'),
pilot_1790499507788,transfer_N1000_c3,0,2026-09-27T10:31:18.015Z,zkSyncTestnet,300,sepolia.era.zksync.dev,transfer,1000,3,,,5571202.452417,5571202.585125,0.1327080000191927,,,,failed,1,0,UNKNOWN,Cannot read properties of undefined (reading 'address'),
pilot_1790499507788,transfer_N1000_c3,0,2026-09-27T10:31:18.015Z,zkSyncTestnet,300,sepolia.era.zksync.dev,transfer,1000,3,,,5571202.497667,5571202.596417,0.09874999988824129,,,,failed,1,0,UNKNOWN,Cannot read properties of undefined (reading 'address'),
pilot_1790499507788,transfer_N1000_c3,0,2026-09-27T10:31:18.015Z,zkSyncTestnet,300,sepolia.era.zksync.dev,transfer,1000,3,,,5571202.541,5571202.603958,0.06295800022780895,,,,failed,1,0,UNKNOWN,Cannot read properties of undefined (reading 'address'),
pilot_1790499507788,transfer_N1000_c3,0,2026-09-27T10:31:18.015Z,zkSyncTestnet,300,sepolia.era.zksync.dev,transfer,1000,3,,,5571202.609792,5571202.742167,0.13237500004470348,,,,failed,1,0,UNKNOWN,Cannot read properties of undefined (reading 'address'),
pilot_1790499507788,transfer_N1000_c3,0,2026-09-27T10:31:18.015Z,zkSyncTestnet,300,sepolia.era.zksync.dev,transfer,1000,3,,,5571202.654667,5571202.751875,0.0972079997882247,,,,failed,1,0,UNKNOWN,Cannot read properties of undefined (reading 'address'),
pilot_1790499507788,transfer_N1000_c3,0,2026-09-27T10:31:18.015Z,zkSyncTestnet,300,sepolia.era.zksync.dev,transfer,1000,3,,,5571202.697917,5571202.75875,0.060832999646663666,,,,failed,1,0,UNKNOWN,Cannot read properties of undefined (reading 'address'),
pilot_1790499507788,transfer_N1000_c3,0,2026-09-27T10:31:18.015Z,zkSyncTestnet,300,sepolia.era.zksync.dev,transfer,1000,3,,,5571202.765333,5571202.898375,0.13304200023412704,,,,failed,1,0,UNKNOWN,Cannot read properties of undefined (reading 'address'),
pilot_1790499507788,transfer_N1000_c3,0,2026-09-27T10:31:18.015Z,zkSyncTestnet,300,sepolia.era.zksync.dev,transfer,1000,3,,,5571202.810667,5571202.908542,0.09787499997764826,,,,failed,1,0,UNKNOWN,Cannot read properties of undefined (reading 'address'),
pilot_1790499507788,transfer_N1000_c3,0,2026-09-27T10:31:18.015Z,zkSyncTestnet,300,sepolia.era.zksync.dev,transfer,1000,3,,,5571202.854,5571202.915375,0.06137499958276749,,,,failed,1,0,UNKNOWN,Cannot read properties of undefined (reading 'address'),
pilot_1790499507788,transfer_N1000_c3,0,2026-09-27T10:31:18.015Z,zkSyncTestnet,300,sepolia.era.zksync.dev,transfer,1000,3,,,5571202.921167,5571203.053625,0.13245799951255322,,,,failed,1,0,UNKNOWN,Cannot read properties of undefined (reading 'address'),
pilot_1790499507788,transfer_N1000_c3,0,2026-09-27T10:31:18.015Z,zkSyncTestnet,300,sepolia.era.zksync.dev,transfer,1000,3,,,5571202.966208,5571203.068,0.10179200023412704,,,,failed,1,0,UNKNOWN,Cannot read properties of undefined (reading 'address'),
pilot_1790499507788,transfer_N1000_c3,0,2026-09-27T10:31:18.015Z,zkSyncTestnet,300,sepolia.era.zksync.dev,transfer,1000,3,,,5571203.0095,5571203.076667,0.06716699991375208,,,,failed,1,0,UNKNOWN,Cannot read properties of undefined (reading 'address'),
pilot_1790499507788,transfer_N1000_c3,0,2026-09-27T10:31:18.015Z,zkSyncTestnet,300,sepolia.era.zksync.dev,transfer,1000,3,,,5571203.082542,5571203.215292,0.13274999987334013,,,,failed,1,0,UNKNOWN,Cannot read properties of undefined (reading 'address'),
pilot_1790499507788,transfer_N1000_c3,0,2026-09-27T10:31:18.015Z,zkSyncTestnet,300,sepolia.era.zksync.dev,transfer,1000,3,,,5571203.128,5571203.224958,0.09695800021290779,,,,failed,1,0,UNKNOWN,Cannot read properties of undefined (reading 'address'),
pilot_1790499507788,transfer_N1000_c3,0,2026-09-27T10:31:18.015Z,zkSyncTestnet,300,sepolia.era.zksync.dev,transfer,1000,3,,,5571203.171167,5571203.231958,0.06079099979251623,,,,failed,1,0,UNKNOWN,Cannot read properties of undefined (reading 'address'),
pilot_1790499507788,transfer_N1000_c3,0,2026-09-27T10:31:18.015Z,zkSyncTestnet,300,sepolia.era.zksync.dev,transfer,1000,3,,,5571203.23775,5571203.373292,0.1355419997125864,,,,failed,1,0,UNKNOWN,Cannot read properties of undefined (reading 'address'),
pilot_1790499507788,transfer_N1000_c3,0,2026-09-27T10:31:18.015Z,zkSyncTestnet,300,sepolia.era.zksync.dev,transfer,1000,3,,,5571203.282625,5571203.383083,0.10045799985527992,,,,failed,1,0,UNKNOWN,Cannot read properties of undefined (reading 'address'),
pilot_1790499507788,transfer_N1000_c3,0,2026-09-27T10:31:18.015Z,zkSyncTestnet,300,sepolia.era.zksync.dev,transfer,1000,3,,,5571203.325958,5571203.389917,0.06395900063216686,,,,failed,1,0,UNKNOWN,Cannot read properties of undefined (reading 'address'),
pilot_1790499507788,transfer_N1000_c3,0,2026-09-27T10:31:18.016Z,zkSyncTestnet,300,sepolia.era.zksync.dev,transfer,1000,3,,,5571203.39575,5571203.528375,0.1326249996200204,,,,failed,1,0,UNKNOWN,Cannot read properties of undefined (reading 'address'),
pilot_1790499507788,transfer_N1000_c3,0,2026-09-27T10:31:18.016Z,zkSyncTestnet,300,sepolia.era.zksync.dev,transfer,1000,3,,,5571203.440833,5571203.54,0.09916700050234795,,,,failed,1,0,UNKNOWN,Cannot read properties of undefined (reading 'address'),
pilot_1790499507788,transfer_N1000_c3,0,2026-09-27T10:31:18.016Z,zkSyncTestnet,300,sepolia.era.zksync.dev,transfer,1000,3,,,5571203.48425,5571203.54775,0.06350000016391277,,,,failed,1,0,UNKNOWN,Cannot read properties of undefined (reading 'address'),
pilot_1790499507788,transfer_N1000_c3,0,2026-09-27T10:31:18.016Z,zkSyncTestnet,300,sepolia.era.zksync.dev,transfer,1000,3,,,5571203.553708,5571203.686542,0.132833999581635,,,,failed,1,0,UNKNOWN,Cannot read properties of undefined (reading 'address'),
pilot_1790499507788,transfer_N1000_c3,0,2026-09-27T10:31:18.016Z,zkSyncTestnet,300,sepolia.era.zksync.dev,transfer,1000,3,,,5571203.59875,5571203.696042,0.09729200042784214,,,,failed,1,0,UNKNOWN,Cannot read properties of undefined (reading 'address'),
pilot_1790499507788,transfer_N1000_c3,0,2026-09-27T10:31:18.016Z,zkSyncTestnet,300,sepolia.era.zksync.dev,transfer,1000,3,,,5571203.642208,5571203.703,0.06079200003296137,,,,failed,1,0,UNKNOWN,Cannot read properties of undefined (reading 'address'),
pilot_1790499507788,transfer_N1000_c3,0,2026-09-27T10:31:18.016Z,zkSyncTestnet,300,sepolia.era.zksync.dev,transfer,1000,3,,,5571203.70925,5571203.841917,0.13266699947416782,,,,failed,1,0,UNKNOWN,Cannot read properties of undefined (reading 'address'),
pilot_1790499507788,transfer_N1000_c3,0,2026-09-27T10:31:18.016Z,zkSyncTestnet,300,sepolia.era.zksync.dev,transfer,1000,3,,,5571203.7545,5571203.851625,0.09712500032037497,,,,failed,1,0,UNKNOWN,Cannot read properties of undefined (reading 'address'),
pilot_1790499507788,transfer_N1000_c3,0,2026-09-27T10:31:18.016Z,zkSyncTestnet,300,sepolia.era.zksync.dev,transfer,1000,3,,,5571203.798,5571203.8585,0.060499999672174454,,,,failed,1,0,UNKNOWN,Cannot read properties of undefined (reading 'address'),
pilot_1790499507788,transfer_N1000_c3,0,2026-09-27T10:31:18.016Z,zkSyncTestnet,300,sepolia.era.zksync.dev,transfer,1000,3,,,5571203.8645,5571203.997,0.13250000029802322,,,,failed,1,0,UNKNOWN,Cannot read properties of undefined (reading 'address'),
pilot_1790499507788,transfer_N1000_c3,0,2026-09-27T10:31:18.016Z,zkSyncTestnet,300,sepolia.era.zksync.dev,transfer,1000,3,,,5571203.9095,5571204.007125,0.09762499947100878,,,,failed,1,0,UNKNOWN,Cannot read properties of undefined (reading 'address'),
pilot_1790499507788,transfer_N1000_c3,0,2026-09-27T10:31:18.016Z,zkSyncTestnet,300,sepolia.era.zksync.dev,transfer,1000,3,,,5571203.952792,5571204.033875,0.08108299970626831,,,,failed,1,0,UNKNOWN,Cannot read properties of undefined (reading 'address'),
pilot_1790499507788,transfer_N1000_c3,0,2026-09-27T10:31:18.017Z,zkSyncTestnet,300,sepolia.era.zksync.dev,transfer,1000,3,,,5571204.040667,5571204.41325,0.3725829999893904,,,,failed,1,0,UNKNOWN,Cannot read properties of undefined (reading 'address'),
pilot_1790499507788,transfer_N1000_c3,0,2026-09-27T10:31:18.017Z,zkSyncTestnet,300,sepolia.era.zksync.dev,transfer,1000,3,,,5571204.087042,5571204.42375,0.33670799992978573,,,,failed,1,0,UNKNOWN,Cannot read properties of undefined (reading 'address'),
pilot_1790499507788,transfer_N1000_c3,0,2026-09-27T10:31:18.017Z,zkSyncTestnet,300,sepolia.era.zksync.dev,transfer,1000,3,,,5571204.130208,5571204.430875,0.30066700000315905,,,,failed,1,0,UNKNOWN,Cannot read properties of undefined (reading 'address'),
pilot_1790499507788,transfer_N1000_c3,0,2026-09-27T10:31:18.017Z,zkSyncTestnet,300,sepolia.era.zksync.dev,transfer,1000,3,,,5571204.437083,5571204.570917,0.13383399974554777,,,,failed,1,0,UNKNOWN,Cannot read properties of undefined (reading 'address'),
pilot_1790499507788,transfer_N1000_c3,0,2026-09-27T10:31:18.017Z,zkSyncTestnet,300,sepolia.era.zksync.dev,transfer,1000,3,,,5571204.482875,5571204.580542,0.09766700025647879,,,,failed,1,0,UNKNOWN,Cannot read properties of undefined (reading 'address'),
pilot_1790499507788,transfer_N1000_c3,0,2026-09-27T10:31:18.017Z,zkSyncTestnet,300,sepolia.era.zksync.dev,transfer,1000,3,,,5571204.526417,5571204.587583,0.06116599962115288,,,,failed,1,0,UNKNOWN,Cannot read properties of undefined (reading 'address'),
pilot_1790499507788,transfer_N1000_c3,0,2026-09-27T10:31:18.017Z,zkSyncTestnet,300,sepolia.era.zksync.dev,transfer,1000,3,,,5571204.593375,5571204.725958,0.13258299976587296,,,,failed,1,0,UNKNOWN,Cannot read properties of undefined (reading 'address'),
pilot_1790499507788,transfer_N1000_c3,0,2026-09-27T10:31:18.017Z,zkSyncTestnet,300,sepolia.era.zksync.dev,transfer,1000,3,,,5571204.638625,5571204.735583,0.09695800021290779,,,,failed,1,0,UNKNOWN,Cannot read properties of undefined (reading 'address'),
pilot_1790499507788,transfer_N1000_c3,0,2026-09-27T10:31:18.017Z,zkSyncTestnet,300,sepolia.era.zksync.dev,transfer,1000,3,,,5571204.682,5571204.744208,0.062207999639213085,,,,failed,1,0,UNKNOWN,Cannot read properties of undefined (reading 'address'),
pilot_1790499507788,transfer_N1000_c3,0,2026-09-27T10:31:18.017Z,zkSyncTestnet,300,sepolia.era.zksync.dev,transfer,1000,3,,,5571204.750458,5571204.883458,0.13299999944865704,,,,failed,1,0,UNKNOWN,Cannot read properties of undefined (reading 'address'),
pilot_1790499507788,transfer_N1000_c3,0,2026-09-27T10:31:18.017Z,zkSyncTestnet,300,sepolia.era.zksync.dev,transfer,1000,3,,,5571204.795958,5571204.893042,0.0970839997753501,,,,failed,1,0,UNKNOWN,Cannot read properties of undefined (reading 'address'),
pilot_1790499507788,transfer_N1000_c3,0,2026-09-27T10:31:18.017Z,zkSyncTestnet,300,sepolia.era.zksync.dev,transfer,1000,3,,,5571204.839208,5571204.899875,0.06066699977964163,,,,failed,1,0,UNKNOWN,Cannot read properties of undefined (reading 'address'),
pilot_1790499507788,transfer_N1000_c3,0,2026-09-27T10:31:18.017Z,zkSyncTestnet,300,sepolia.era.zksync.dev,transfer,1000,3,,,5571204.905583,5571205.0395,0.13391700014472008,,,,failed,1,0,UNKNOWN,Cannot read properties of undefined (reading 'address'),
pilot_1790499507788,transfer_N1000_c3,0,2026-09-27T10:31:18.017Z,zkSyncTestnet,300,sepolia.era.zksync.dev,transfer,1000,3,,,5571204.950625,5571205.049083,0.09845800045877695,,,,failed,1,0,UNKNOWN,Cannot read properties of undefined (reading 'address'),
pilot_1790499507788,transfer_N1000_c3,0,2026-09-27T10:31:18.017Z,zkSyncTestnet,300,sepolia.era.zksync.dev,transfer,1000,3,,,5571204.994208,5571205.056417,0.06220899987965822,,,,failed,1,0,UNKNOWN,Cannot read properties of undefined (reading 'address'),
pilot_1790499507788,transfer_N1000_c3,0,2026-09-27T10:31:18.017Z,zkSyncTestnet,300,sepolia.era.zksync.dev,transfer,1000,3,,,5571205.062542,5571205.19525,0.1327080000191927,,,,failed,1,0,UNKNOWN,Cannot read properties of undefined (reading 'address'),
pilot_1790499507788,transfer_N1000_c3,0,2026-09-27T10:31:18.017Z,zkSyncTestnet,300,sepolia.era.zksync.dev,transfer,1000,3,,,5571205.1075,5571205.204792,0.09729200042784214,,,,failed,1,0,UNKNOWN,Cannot read properties of undefined (reading 'address'),
pilot_1790499507788,transfer_N1000_c3,0,2026-09-27T10:31:18.017Z,zkSyncTestnet,300,sepolia.era.zksync.dev,transfer,1000,3,,,5571205.150917,5571205.226583,0.07566600013524294,,,,failed,1,0,UNKNOWN,Cannot read properties of undefined (reading 'address'),
pilot_1790499507788,transfer_N1000_c3,0,2026-09-27T10:31:18.017Z,zkSyncTestnet,300,sepolia.era.zksync.dev,transfer,1000,3,,,5571205.2335,5571205.367583,0.13408300001174212,,,,failed,1,0,UNKNOWN,Cannot read properties of undefined (reading 'address'),
pilot_1790499507788,transfer_N1000_c3,0,2026-09-27T10:31:18.017Z,zkSyncTestnet,300,sepolia.era.zksync.dev,transfer,1000,3,,,5571205.279875,5571205.380542,0.10066699981689453,,,,failed,1,0,UNKNOWN,Cannot read properties of undefined (reading 'address'),
pilot_1790499507788,transfer_N1000_c3,0,2026-09-27T10:31:18.017Z,zkSyncTestnet,300,sepolia.era.zksync.dev,transfer,1000,3,,,5571205.3235,5571205.3875,0.06400000024586916,,,,failed,1,0,UNKNOWN,Cannot read properties of undefined (reading 'address'),
pilot_1790499507788,transfer_N1000_c3,0,2026-09-27T10:31:18.018Z,zkSyncTestnet,300,sepolia.era.zksync.dev,transfer,1000,3,,,5571205.39325,5571205.526208,0.13295800052583218,,,,failed,1,0,UNKNOWN,Cannot read properties of undefined (reading 'address'),
pilot_1790499507788,transfer_N1000_c3,0,2026-09-27T10:31:18.018Z,zkSyncTestnet,300,sepolia.era.zksync.dev,transfer,1000,3,,,5571205.438625,5571205.535708,0.09708299953490496,,,,failed,1,0,UNKNOWN,Cannot read properties of undefined (reading 'address'),
pilot_1790499507788,transfer_N1000_c3,0,2026-09-27T10:31:18.018Z,zkSyncTestnet,300,sepolia.era.zksync.dev,transfer,1000,3,,,5571205.481917,5571205.542583,0.06066599953919649,,,,failed,1,0,UNKNOWN,Cannot read properties of undefined (reading 'address'),
pilot_1790499507788,transfer_N1000_c3,0,2026-09-27T10:31:18.018Z,zkSyncTestnet,300,sepolia.era.zksync.dev,transfer,1000,3,,,5571205.548375,5571205.681375,0.13299999944865704,,,,failed,1,0,UNKNOWN,Cannot read properties of undefined (reading 'address'),
pilot_1790499507788,transfer_N1000_c3,0,2026-09-27T10:31:18.018Z,zkSyncTestnet,300,sepolia.era.zksync.dev,transfer,1000,3,,,5571205.593625,5571205.690875,0.0972500005736947,,,,failed,1,0,UNKNOWN,Cannot read properties of undefined (reading 'address'),
pilot_1790499507788,transfer_N1000_c3,0,2026-09-27T10:31:18.018Z,zkSyncTestnet,300,sepolia.era.zksync.dev,transfer,1000,3,,,5571205.637167,5571205.699167,0.06199999991804361,,,,failed,1,0,UNKNOWN,Cannot read properties of undefined (reading 'address'),
pilot_1790499507788,transfer_N1000_c3,0,2026-09-27T10:31:18.018Z,zkSyncTestnet,300,sepolia.era.zksync.dev,transfer,1000,3,,,5571205.70525,5571205.837917,0.1326670004054904,,,,failed,1,0,UNKNOWN,Cannot read properties of undefined (reading 'address'),
pilot_1790499507788,transfer_N1000_c3,0,2026-09-27T10:31:18.018Z,zkSyncTestnet,300,sepolia.era.zksync.dev,transfer,1000,3,,,5571205.750542,5571205.847333,0.09679100010544062,,,,failed,1,0,UNKNOWN,Cannot read properties of undefined (reading 'address'),
pilot_1790499507788,transfer_N1000_c3,0,2026-09-27T10:31:18.018Z,zkSyncTestnet,300,sepolia.era.zksync.dev,transfer,1000,3,,,5571205.793792,5571205.854292,0.060499999672174454,,,,failed,1,0,UNKNOWN,Cannot read properties of undefined (reading 'address'),
pilot_1790499507788,transfer_N1000_c3,0,2026-09-27T10:31:18.018Z,zkSyncTestnet,300,sepolia.era.zksync.dev,transfer,1000,3,,,5571205.860042,5571205.992292,0.13224999979138374,,,,failed,1,0,UNKNOWN,Cannot read properties of undefined (reading 'address'),
pilot_1790499507788,transfer_N1000_c3,0,2026-09-27T10:31:18.018Z,zkSyncTestnet,300,sepolia.era.zksync.dev,transfer,1000,3,,,5571205.90475,5571206.001875,0.09712500032037497,,,,failed,1,0,UNKNOWN,Cannot read properties of undefined (reading 'address'),
pilot_1790499507788,transfer_N1000_c3,0,2026-09-27T10:31:18.018Z,zkSyncTestnet,300,sepolia.era.zksync.dev,transfer,1000,3,,,5571205.948167,5571206.00875,0.06058300007134676,,,,failed,1,0,UNKNOWN,Cannot read properties of undefined (reading 'address'),
pilot_1790499507788,transfer_N1000_c3,0,2026-09-27T10:31:18.018Z,zkSyncTestnet,300,sepolia.era.zksync.dev,transfer,1000,3,,,5571206.014583,5571206.146917,0.1323340004310012,,,,failed,1,0,UNKNOWN,Cannot read properties of undefined (reading 'address'),
pilot_1790499507788,transfer_N1000_c3,0,2026-09-27T10:31:18.018Z,zkSyncTestnet,300,sepolia.era.zksync.dev,transfer,1000,3,,,5571206.059792,5571206.1555,0.09570800047367811,,,,failed,1,0,UNKNOWN,Cannot read properties of undefined (reading 'address'),
pilot_1790499507788,transfer_N1000_c3,0,2026-09-27T10:31:18.018Z,zkSyncTestnet,300,sepolia.era.zksync.dev,transfer,1000,3,,,5571206.104042,5571206.168667,0.06462499964982271,,,,failed,1,0,UNKNOWN,Cannot read properties of undefined (reading 'address'),
pilot_1790499507788,transfer_N1000_c3,0,2026-09-27T10:31:18.018Z,zkSyncTestnet,300,sepolia.era.zksync.dev,transfer,1000,3,,,5571206.174667,5571206.292625,0.11795799992978573,,,,failed,1,0,UNKNOWN,Cannot read properties of undefined (reading 'address'),
pilot_1790499507788,transfer_N1000_c3,0,2026-09-27T10:31:18.018Z,zkSyncTestnet,300,sepolia.era.zksync.dev,transfer,1000,3,,,5571206.215208,5571206.301292,0.08608400076627731,,,,failed,1,0,UNKNOWN,Cannot read properties of undefined (reading 'address'),
pilot_1790499507788,transfer_N1000_c3,0,2026-09-27T10:31:18.018Z,zkSyncTestnet,300,sepolia.era.zksync.dev,transfer,1000,3,,,5571206.253375,5571206.307417,0.05404199939221144,,,,failed,1,0,UNKNOWN,Cannot read properties of undefined (reading 'address'),
pilot_1790499507788,transfer_N1000_c3,0,2026-09-27T10:31:18.019Z,zkSyncTestnet,300,sepolia.era.zksync.dev,transfer,1000,3,,,5571206.312667,5571206.429625,0.11695799976587296,,,,failed,1,0,UNKNOWN,Cannot read properties of undefined (reading 'address'),
pilot_1790499507788,transfer_N1000_c3,0,2026-09-27T10:31:18.019Z,zkSyncTestnet,300,sepolia.era.zksync.dev,transfer,1000,3,,,5571206.3525,5571206.437917,0.08541699964553118,,,,failed,1,0,UNKNOWN,Cannot read properties of undefined (reading 'address'),
pilot_1790499507788,transfer_N1000_c3,0,2026-09-27T10:31:18.019Z,zkSyncTestnet,300,sepolia.era.zksync.dev,transfer,1000,3,,,5571206.390542,5571206.443875,0.053333000279963017,,,,failed,1,0,UNKNOWN,Cannot read properties of undefined (reading 'address'),
pilot_1790499507788,transfer_N1000_c3,0,2026-09-27T10:31:18.019Z,zkSyncTestnet,300,sepolia.era.zksync.dev,transfer,1000,3,,,5571206.448958,5571206.566083,0.11712499987334013,,,,failed,1,0,UNKNOWN,Cannot read properties of undefined (reading 'address'),
pilot_1790499507788,transfer_N1000_c3,0,2026-09-27T10:31:18.019Z,zkSyncTestnet,300,sepolia.era.zksync.dev,transfer,1000,3,,,5571206.48875,5571206.574458,0.08570800069719553,,,,failed,1,0,UNKNOWN,Cannot read properties of undefined (reading 'address'),
pilot_1790499507788,transfer_N1000_c3,0,2026-09-27T10:31:18.019Z,zkSyncTestnet,300,sepolia.era.zksync.dev,transfer,1000,3,,,5571206.527042,5571206.581708,0.054666000418365,,,,failed,1,0,UNKNOWN,Cannot read properties of undefined (reading 'address'),
pilot_1790499507788,transfer_N1000_c3,0,2026-09-27T10:31:18.019Z,zkSyncTestnet,300,sepolia.era.zksync.dev,transfer,1000,3,,,5571206.587208,5571206.704667,0.11745900008827448,,,,failed,1,0,UNKNOWN,Cannot read properties of undefined (reading 'address'),
pilot_1790499507788,transfer_N1000_c3,0,2026-09-27T10:31:18.019Z,zkSyncTestnet,300,sepolia.era.zksync.dev,transfer,1000,3,,,5571206.627083,5571206.713125,0.0860419999808073,,,,failed,1,0,UNKNOWN,Cannot read properties of undefined (reading 'address'),
pilot_1790499507788,transfer_N1000_c3,0,2026-09-27T10:31:18.019Z,zkSyncTestnet,300,sepolia.era.zksync.dev,transfer,1000,3,,,5571206.6655,5571206.71925,0.0537499999627471,,,,failed,1,0,UNKNOWN,Cannot read properties of undefined (reading 'address'),
pilot_1790499507788,transfer_N1000_c3,0,2026-09-27T10:31:18.019Z,zkSyncTestnet,300,sepolia.era.zksync.dev,transfer,1000,3,,,5571206.724375,5571206.841292,0.11691700015217066,,,,failed,1,0,UNKNOWN,Cannot read properties of undefined (reading 'address'),
pilot_1790499507788,transfer_N1000_c3,0,2026-09-27T10:31:18.019Z,zkSyncTestnet,300,sepolia.era.zksync.dev,transfer,1000,3,,,5571206.764125,5571206.849667,0.08554199989885092,,,,failed,1,0,UNKNOWN,Cannot read properties of undefined (reading 'address'),
pilot_1790499507788,transfer_N1000_c3,0,2026-09-27T10:31:18.019Z,zkSyncTestnet,300,sepolia.era.zksync.dev,transfer,1000,3,,,5571206.80225,5571206.855667,0.053416999988257885,,,,failed,1,0,UNKNOWN,Cannot read properties of undefined (reading 'address'),
pilot_1790499507788,transfer_N1000_c3,0,2026-09-27T10:31:18.019Z,zkSyncTestnet,300,sepolia.era.zksync.dev,transfer,1000,3,,,5571206.86075,5571206.9775,0.11675000004470348,,,,failed,1,0,UNKNOWN,Cannot read properties of undefined (reading 'address'),
pilot_1790499507788,transfer_N1000_c3,0,2026-09-27T10:31:18.019Z,zkSyncTestnet,300,sepolia.era.zksync.dev,transfer,1000,3,,,5571206.900458,5571206.985917,0.08545900043100119,,,,failed,1,0,UNKNOWN,Cannot read properties of undefined (reading 'address'),
pilot_1790499507788,transfer_N1000_c3,0,2026-09-27T10:31:18.019Z,zkSyncTestnet,300,sepolia.era.zksync.dev,transfer,1000,3,,,5571206.9385,5571207.006708,0.06820799969136715,,,,failed,1,0,UNKNOWN,Cannot read properties of undefined (reading 'address'),
pilot_1790499507788,transfer_N1000_c3,0,2026-09-27T10:31:18.019Z,zkSyncTestnet,300,sepolia.era.zksync.dev,transfer,1000,3,,,5571207.012792,5571207.131667,0.11887500062584877,,,,failed,1,0,UNKNOWN,Cannot read properties of undefined (reading 'address'),
pilot_1790499507788,transfer_N1000_c3,0,2026-09-27T10:31:18.019Z,zkSyncTestnet,300,sepolia.era.zksync.dev,transfer,1000,3,,,5571207.054333,5571207.140083,0.08574999962002039,,,,failed,1,0,UNKNOWN,Cannot read properties of undefined (reading 'address'),
pilot_1790499507788,transfer_N1000_c3,0,2026-09-27T10:31:18.019Z,zkSyncTestnet,300,sepolia.era.zksync.dev,transfer,1000,3,,,5571207.092625,5571207.146167,0.053542000241577625,,,,failed,1,0,UNKNOWN,Cannot read properties of undefined (reading 'address'),
pilot_1790499507788,transfer_N1000_c3,0,2026-09-27T10:31:18.019Z,zkSyncTestnet,300,sepolia.era.zksync.dev,transfer,1000,3,,,5571207.15125,5571207.268458,0.11720800027251244,,,,failed,1,0,UNKNOWN,Cannot read properties of undefined (reading 'address'),
pilot_1790499507788,transfer_N1000_c3,0,2026-09-27T10:31:18.019Z,zkSyncTestnet,300,sepolia.era.zksync.dev,transfer,1000,3,,,5571207.191167,5571207.27675,0.08558300044387579,,,,failed,1,0,UNKNOWN,Cannot read properties of undefined (reading 'address'),
pilot_1790499507788,transfer_N1000_c3,0,2026-09-27T10:31:18.019Z,zkSyncTestnet,300,sepolia.era.zksync.dev,transfer,1000,3,,,5571207.229583,5571207.284458,0.05487500037997961,,,,failed,1,0,UNKNOWN,Cannot read properties of undefined (reading 'address'),
pilot_1790499507788,transfer_N1000_c3,0,2026-09-27T10:31:18.020Z,zkSyncTestnet,300,sepolia.era.zksync.dev,transfer,1000,3,,,5571207.289708,5571207.4075,0.11779200006276369,,,,failed,1,0,UNKNOWN,Cannot read properties of undefined (reading 'address'),
pilot_1790499507788,transfer_N1000_c3,0,2026-09-27T10:31:18.020Z,zkSyncTestnet,300,sepolia.era.zksync.dev,transfer,1000,3,,,5571207.329708,5571207.41575,0.0860419999808073,,,,failed,1,0,UNKNOWN,Cannot read properties of undefined (reading 'address'),
pilot_1790499507788,transfer_N1000_c3,0,2026-09-27T10:31:18.020Z,zkSyncTestnet,300,sepolia.era.zksync.dev,transfer,1000,3,,,5571207.368208,5571207.423083,0.054874999448657036,,,,failed,1,0,UNKNOWN,Cannot read properties of undefined (reading 'address'),
pilot_1790499507788,transfer_N1000_c3,0,2026-09-27T10:31:18.020Z,zkSyncTestnet,300,sepolia.era.zksync.dev,transfer,1000,3,,,5571207.428458,5571207.546,0.11754200048744678,,,,failed,1,0,UNKNOWN,Cannot read properties of undefined (reading 'address'),
pilot_1790499507788,transfer_N1000_c3,0,2026-09-27T10:31:18.020Z,zkSyncTestnet,300,sepolia.era.zksync.dev,transfer,1000,3,,,5571207.468667,5571207.554375,0.08570800069719553,,,,failed,1,0,UNKNOWN,Cannot read properties of undefined (reading 'address'),
pilot_1790499507788,transfer_N1000_c3,0,2026-09-27T10:31:18.020Z,zkSyncTestnet,300,sepolia.era.zksync.dev,transfer,1000,3,,,5571207.507,5571207.560458,0.05345799960196018,,,,failed,1,0,UNKNOWN,Cannot read properties of undefined (reading 'address'),
pilot_1790499507788,transfer_N1000_c3,0,2026-09-27T10:31:18.020Z,zkSyncTestnet,300,sepolia.era.zksync.dev,transfer,1000,3,,,5571207.565667,5571207.683042,0.11737500037997961,,,,failed,1,0,UNKNOWN,Cannot read properties of undefined (reading 'address'),
pilot_1790499507788,transfer_N1000_c3,0,2026-09-27T10:31:18.020Z,zkSyncTestnet,300,sepolia.era.zksync.dev,transfer,1000,3,,,5571207.605583,5571207.691458,0.08587499987334013,,,,failed,1,0,UNKNOWN,Cannot read properties of undefined (reading 'address'),
pilot_1790499507788,transfer_N1000_c3,0,2026-09-27T10:31:18.020Z,zkSyncTestnet,300,sepolia.era.zksync.dev,transfer,1000,3,,,5571207.643875,5571207.697542,0.05366699956357479,,,,failed,1,0,UNKNOWN,Cannot read properties of undefined (reading 'address'),
pilot_1790499507788,transfer_N1000_c3,0,2026-09-27T10:31:18.020Z,zkSyncTestnet,300,sepolia.era.zksync.dev,transfer,1000,3,,,5571207.702583,5571207.819833,0.11725000012665987,,,,failed,1,0,UNKNOWN,Cannot read properties of undefined (reading 'address'),
pilot_1790499507788,transfer_N1000_c3,0,2026-09-27T10:31:18.020Z,zkSyncTestnet,300,sepolia.era.zksync.dev,transfer,1000,3,,,5571207.742417,5571207.828333,0.08591599948704243,,,,failed,1,0,UNKNOWN,Cannot read properties of undefined (reading 'address'),
pilot_1790499507788,transfer_N1000_c3,0,2026-09-27T10:31:18.020Z,zkSyncTestnet,300,sepolia.era.zksync.dev,transfer,1000,3,,,5571207.780792,5571207.844958,0.0641660001128912,,,,failed,1,0,UNKNOWN,Cannot read properties of undefined (reading 'address'),
pilot_1790499507788,transfer_N1000_c3,0,2026-09-27T10:31:18.020Z,zkSyncTestnet,300,sepolia.era.zksync.dev,transfer,1000,3,,,5571207.851083,5571207.969625,0.11854199972003698,,,,failed,1,0,UNKNOWN,Cannot read properties of undefined (reading 'address'),
pilot_1790499507788,transfer_N1000_c3,0,2026-09-27T10:31:18.020Z,zkSyncTestnet,300,sepolia.era.zksync.dev,transfer,1000,3,,,5571207.892042,5571207.978167,0.08612500037997961,,,,failed,1,0,UNKNOWN,Cannot read properties of undefined (reading 'address'),
pilot_1790499507788,transfer_N1000_c3,0,2026-09-27T10:31:18.020Z,zkSyncTestnet,300,sepolia.era.zksync.dev,transfer,1000,3,,,5571207.9305,5571207.984292,0.05379199981689453,,,,failed,1,0,UNKNOWN,Cannot read properties of undefined (reading 'address'),
pilot_1790499507788,transfer_N1000_c3,0,2026-09-27T10:31:18.020Z,zkSyncTestnet,300,sepolia.era.zksync.dev,transfer,1000,3,,,5571208.211292,5571208.333875,0.12258299998939037,,,,failed,1,0,UNKNOWN,Cannot read properties of undefined (reading 'address'),
pilot_1790499507788,transfer_N1000_c3,0,2026-09-27T10:31:18.020Z,zkSyncTestnet,300,sepolia.era.zksync.dev,transfer,1000,3,,,5571208.25525,5571208.342542,0.08729199972003698,,,,failed,1,0,UNKNOWN,Cannot read properties of undefined (reading 'address'),
pilot_1790499507788,transfer_N1000_c3,0,2026-09-27T10:31:18.020Z,zkSyncTestnet,300,sepolia.era.zksync.dev,transfer,1000,3,,,5571208.294375,5571208.349,0.054625000804662704,,,,failed,1,0,UNKNOWN,Cannot read properties of undefined (reading 'address'),
pilot_1790499507788,transfer_N1000_c3,0,2026-09-27T10:31:18.021Z,zkSyncTestnet,300,sepolia.era.zksync.dev,transfer,1000,3,,,5571208.354458,5571208.471792,0.11733400076627731,,,,failed,1,0,UNKNOWN,Cannot read properties of undefined (reading 'address'),
pilot_1790499507788,transfer_N1000_c3,0,2026-09-27T10:31:18.021Z,zkSyncTestnet,300,sepolia.era.zksync.dev,transfer,1000,3,,,5571208.394125,5571208.480542,0.08641700074076653,,,,failed,1,0,UNKNOWN,Cannot read properties of undefined (reading 'address'),
pilot_1790499507788,transfer_N1000_c3,0,2026-09-27T10:31:18.021Z,zkSyncTestnet,300,sepolia.era.zksync.dev,transfer,1000,3,,,5571208.432583,5571208.488083,0.05550000071525574,,,,failed,1,0,UNKNOWN,Cannot read properties of undefined (reading 'address'),
pilot_1790499507788,transfer_N1000_c3,0,2026-09-27T10:31:18.021Z,zkSyncTestnet,300,sepolia.era.zksync.dev,transfer,1000,3,,,5571208.493458,5571208.611125,0.11766699980944395,,,,failed,1,0,UNKNOWN,Cannot read properties of undefined (reading 'address'),
pilot_1790499507788,transfer_N1000_c3,0,2026-09-27T10:31:18.021Z,zkSyncTestnet,300,sepolia.era.zksync.dev,transfer,1000,3,,,5571208.533625,5571208.61975,0.08612499944865704,,,,failed,1,0,UNKNOWN,Cannot read properties of undefined (reading 'address'),
pilot_1790499507788,transfer_N1000_c3,0,2026-09-27T10:31:18.021Z,zkSyncTestnet,300,sepolia.era.zksync.dev,transfer,1000,3,,,5571208.571875,5571208.625875,0.053999999538064,,,,failed,1,0,UNKNOWN,Cannot read properties of undefined (reading 'address'),
pilot_1790499507788,transfer_N1000_c3,0,2026-09-27T10:31:18.021Z,zkSyncTestnet,300,sepolia.era.zksync.dev,transfer,1000,3,,,5571208.631083,5571208.748542,0.1174589991569519,,,,failed,1,0,UNKNOWN,Cannot read properties of undefined (reading 'address'),
pilot_1790499507788,transfer_N1000_c3,0,2026-09-27T10:31:18.021Z,zkSyncTestnet,300,sepolia.era.zksync.dev,transfer,1000,3,,,5571208.670917,5571208.757042,0.08612500037997961,,,,failed,1,0,UNKNOWN,Cannot read properties of undefined (reading 'address'),
pilot_1790499507788,transfer_N1000_c3,0,2026-09-27T10:31:18.021Z,zkSyncTestnet,300,sepolia.era.zksync.dev,transfer,1000,3,,,5571208.709292,5571208.763167,0.05387500021606684,,,,failed,1,0,UNKNOWN,Cannot read properties of undefined (reading 'address'),
pilot_1790499507788,transfer_N1000_c3,0,2026-09-27T10:31:18.021Z,zkSyncTestnet,300,sepolia.era.zksync.dev,transfer,1000,3,,,5571208.768833,5571208.886625,0.11779200006276369,,,,failed,1,0,UNKNOWN,Cannot read properties of undefined (reading 'address'),
pilot_1790499507788,transfer_N1000_c3,0,2026-09-27T10:31:18.021Z,zkSyncTestnet,300,sepolia.era.zksync.dev,transfer,1000,3,,,5571208.808875,5571208.895208,0.08633300010114908,,,,failed,1,0,UNKNOWN,Cannot read properties of undefined (reading 'address'),
pilot_1790499507788,transfer_N1000_c3,0,2026-09-27T10:31:18.021Z,zkSyncTestnet,300,sepolia.era.zksync.dev,transfer,1000,3,,,5571208.847333,5571208.911792,0.06445899978280067,,,,failed,1,0,UNKNOWN,Cannot read properties of undefined (reading 'address'),
pilot_1790499507788,transfer_N1000_c3,0,2026-09-27T10:31:18.021Z,zkSyncTestnet,300,sepolia.era.zksync.dev,transfer,1000,3,,,5571208.917917,5571209.036292,0.11837499961256981,,,,failed,1,0,UNKNOWN,Cannot read properties of undefined (reading 'address'),
pilot_1790499507788,transfer_N1000_c3,0,2026-09-27T10:31:18.021Z,zkSyncTestnet,300,sepolia.era.zksync.dev,transfer,1000,3,,,5571208.958708,5571209.044833,0.08612499944865704,,,,failed,1,0,UNKNOWN,Cannot read properties of undefined (reading 'address'),
pilot_1790499507788,transfer_N1000_c3,0,2026-09-27T10:31:18.021Z,zkSyncTestnet,300,sepolia.era.zksync.dev,transfer,1000,3,,,5571208.997292,5571209.050792,0.05350000038743019,,,,failed,1,0,UNKNOWN,Cannot read properties of undefined (reading 'address'),
pilot_1790499507788,transfer_N1000_c3,0,2026-09-27T10:31:18.021Z,zkSyncTestnet,300,sepolia.era.zksync.dev,transfer,1000,3,,,5571209.056083,5571209.173417,0.11733399983495474,,,,failed,1,0,UNKNOWN,Cannot read properties of undefined (reading 'address'),
pilot_1790499507788,transfer_N1000_c3,0,2026-09-27T10:31:18.021Z,zkSyncTestnet,300,sepolia.era.zksync.dev,transfer,1000,3,,,5571209.095917,5571209.181875,0.08595799934118986,,,,failed,1,0,UNKNOWN,Cannot read properties of undefined (reading 'address'),
pilot_1790499507788,transfer_N1000_c3,0,2026-09-27T10:31:18.021Z,zkSyncTestnet,300,sepolia.era.zksync.dev,transfer,1000,3,,,5571209.13425,5571209.187958,0.05370800010859966,,,,failed,1,0,UNKNOWN,Cannot read properties of undefined (reading 'address'),
pilot_1790499507788,transfer_N1000_c3,0,2026-09-27T10:31:18.021Z,zkSyncTestnet,300,sepolia.era.zksync.dev,transfer,1000,3,,,5571209.1935,5571209.310625,0.11712499987334013,,,,failed,1,0,UNKNOWN,Cannot read properties of undefined (reading 'address'),
pilot_1790499507788,transfer_N1000_c3,0,2026-09-27T10:31:18.021Z,zkSyncTestnet,300,sepolia.era.zksync.dev,transfer,1000,3,,,5571209.2335,5571209.319125,0.08562500029802322,,,,failed,1,0,UNKNOWN,Cannot read properties of undefined (reading 'address'),
pilot_1790499507788,transfer_N1000_c3,0,2026-09-27T10:31:18.021Z,zkSyncTestnet,300,sepolia.era.zksync.dev,transfer,1000,3,,,5571209.271667,5571209.326542,0.05487500037997961,,,,failed,1,0,UNKNOWN,Cannot read properties of undefined (reading 'address'),
pilot_1790499507788,transfer_N1000_c3,0,2026-09-27T10:31:18.022Z,zkSyncTestnet,300,sepolia.era.zksync.dev,transfer,1000,3,,,5571209.331958,5571209.450875,0.1189170004799962,,,,failed,1,0,UNKNOWN,Cannot read properties of undefined (reading 'address'),
pilot_1790499507788,transfer_N1000_c3,0,2026-09-27T10:31:18.022Z,zkSyncTestnet,300,sepolia.era.zksync.dev,transfer,1000,3,,,5571209.373417,5571209.459333,0.08591599948704243,,,,failed,1,0,UNKNOWN,Cannot read properties of undefined (reading 'address'),
pilot_1790499507788,transfer_N1000_c3,0,2026-09-27T10:31:18.022Z,zkSyncTestnet,300,sepolia.era.zksync.dev,transfer,1000,3,,,5571209.411708,5571209.465375,0.05366699956357479,,,,failed,1,0,UNKNOWN,Cannot read properties of undefined (reading 'address'),
pilot_1790499507788,transfer_N1000_c3,0,2026-09-27T10:31:18.022Z,zkSyncTestnet,300,sepolia.era.zksync.dev,transfer,1000,3,,,5571209.470625,5571209.58825,0.11762499995529652,,,,failed,1,0,UNKNOWN,Cannot read properties of undefined (reading 'address'),
pilot_1790499507788,transfer_N1000_c3,0,2026-09-27T10:31:18.022Z,zkSyncTestnet,300,sepolia.era.zksync.dev,transfer,1000,3,,,5571209.510792,5571209.596792,0.08600000012665987,,,,failed,1,0,UNKNOWN,Cannot read properties of undefined (reading 'address'),
pilot_1790499507788,transfer_N1000_c3,0,2026-09-27T10:31:18.022Z,zkSyncTestnet,300,sepolia.era.zksync.dev,transfer,1000,3,,,5571209.549167,5571209.602958,0.05379100050777197,,,,failed,1,0,UNKNOWN,Cannot read properties of undefined (reading 'address'),
pilot_1790499507788,transfer_N1000_c3,0,2026-09-27T10:31:18.022Z,zkSyncTestnet,300,sepolia.era.zksync.dev,transfer,1000,3,,,5571209.608208,5571209.725917,0.11770900059491396,,,,failed,1,0,UNKNOWN,Cannot read properties of undefined (reading 'address'),
pilot_1790499507788,transfer_N1000_c3,0,2026-09-27T10:31:18.022Z,zkSyncTestnet,300,sepolia.era.zksync.dev,transfer,1000,3,,,5571209.647917,5571209.7345,0.08658300060778856,,,,failed,1,0,UNKNOWN,Cannot read properties of undefined (reading 'address'),
pilot_1790499507788,transfer_N1000_c3,0,2026-09-27T10:31:18.022Z,zkSyncTestnet,300,sepolia.era.zksync.dev,transfer,1000,3,,,5571209.685875,5571209.756833,0.07095799967646599,,,,failed,1,0,UNKNOWN,Cannot read properties of undefined (reading 'address'),
pilot_1790499507788,transfer_N1000_c3,0,2026-09-27T10:31:18.022Z,zkSyncTestnet,300,sepolia.era.zksync.dev,transfer,1000,3,,,5571209.763375,5571209.883375,0.12000000011175871,,,,failed,1,0,UNKNOWN,Cannot read properties of undefined (reading 'address'),
pilot_1790499507788,transfer_N1000_c3,0,2026-09-27T10:31:18.022Z,zkSyncTestnet,300,sepolia.era.zksync.dev,transfer,1000,3,,,5571209.80575,5571209.892042,0.08629199955612421,,,,failed,1,0,UNKNOWN,Cannot read properties of undefined (reading 'address'),
pilot_1790499507788,transfer_N1000_c3,0,2026-09-27T10:31:18.022Z,zkSyncTestnet,300,sepolia.era.zksync.dev,transfer,1000,3,,,5571209.844042,5571209.898083,0.054041000083088875,,,,failed,1,0,UNKNOWN,Cannot read properties of undefined (reading 'address'),
pilot_1790499507788,transfer_N1000_c3,0,2026-09-27T10:31:18.022Z,zkSyncTestnet,300,sepolia.era.zksync.dev,transfer,1000,3,,,5571209.903292,5571210.020875,0.11758300010114908,,,,failed,1,0,UNKNOWN,Cannot read properties of undefined (reading 'address'),
pilot_1790499507788,transfer_N1000_c3,0,2026-09-27T10:31:18.022Z,zkSyncTestnet,300,sepolia.era.zksync.dev,transfer,1000,3,,,5571209.9435,5571210.0295,0.08600000012665987,,,,failed,1,0,UNKNOWN,Cannot read properties of undefined (reading 'address'),
pilot_1790499507788,transfer_N1000_c3,0,2026-09-27T10:31:18.022Z,zkSyncTestnet,300,sepolia.era.zksync.dev,transfer,1000,3,,,5571209.981625,5571210.035583,0.05395799968391657,,,,failed,1,0,UNKNOWN,Cannot read properties of undefined (reading 'address'),
pilot_1790499507788,transfer_N1000_c3,0,2026-09-27T10:31:18.022Z,zkSyncTestnet,300,sepolia.era.zksync.dev,transfer,1000,3,,,5571210.040875,5571210.158333,0.11745799984782934,,,,failed,1,0,UNKNOWN,Cannot read properties of undefined (reading 'address'),
pilot_1790499507788,transfer_N1000_c3,0,2026-09-27T10:31:18.022Z,zkSyncTestnet,300,sepolia.era.zksync.dev,transfer,1000,3,,,5571210.080917,5571210.166833,0.085916000418365,,,,failed,1,0,UNKNOWN,Cannot read properties of undefined (reading 'address'),
pilot_1790499507788,transfer_N1000_c3,0,2026-09-27T10:31:18.022Z,zkSyncTestnet,300,sepolia.era.zksync.dev,transfer,1000,3,,,5571210.119208,5571210.174292,0.05508400034159422,,,,failed,1,0,UNKNOWN,Cannot read properties of undefined (reading 'address'),
pilot_1790499507788,transfer_N1000_c3,0,2026-09-27T10:31:18.022Z,zkSyncTestnet,300,sepolia.era.zksync.dev,transfer,1000,3,,,5571210.179875,5571210.297292,0.11741699930280447,,,,failed,1,0,UNKNOWN,Cannot read properties of undefined (reading 'address'),
pilot_1790499507788,transfer_N1000_c3,0,2026-09-27T10:31:18.022Z,zkSyncTestnet,300,sepolia.era.zksync.dev,transfer,1000,3,,,5571210.219833,5571210.305833,0.08600000012665987,,,,failed,1,0,UNKNOWN,Cannot read properties of undefined (reading 'address'),
pilot_1790499507788,transfer_N1000_c3,0,2026-09-27T10:31:18.022Z,zkSyncTestnet,300,sepolia.era.zksync.dev,transfer,1000,3,,,5571210.25825,5571210.311917,0.053667000494897366,,,,failed,1,0,UNKNOWN,Cannot read properties of undefined (reading 'address'),
pilot_1790499507788,transfer_N1000_c3,0,2026-09-27T10:31:18.023Z,zkSyncTestnet,300,sepolia.era.zksync.dev,transfer,1000,3,,,5571210.317292,5571210.43475,0.11745799984782934,,,,failed,1,0,UNKNOWN,Cannot read properties of undefined (reading 'address'),
pilot_1790499507788,transfer_N1000_c3,0,2026-09-27T10:31:18.023Z,zkSyncTestnet,300,sepolia.era.zksync.dev,transfer,1000,3,,,5571210.357083,5571210.443292,0.08620900008827448,,,,failed,1,0,UNKNOWN,Cannot read properties of undefined (reading 'address'),
pilot_1790499507788,transfer_N1000_c3,0,2026-09-27T10:31:18.023Z,zkSyncTestnet,300,sepolia.era.zksync.dev,transfer,1000,3,,,5571210.3955,5571210.449333,0.0538330003619194,,,,failed,1,0,UNKNOWN,Cannot read properties of undefined (reading 'address'),
pilot_1790499507788,transfer_N1000_c3,0,2026-09-27T10:31:18.023Z,zkSyncTestnet,300,sepolia.era.zksync.dev,transfer,1000,3,,,5571210.4545,5571210.571542,0.1170420004054904,,,,failed,1,0,UNKNOWN,Cannot read properties of undefined (reading 'address'),
pilot_1790499507788,transfer_N1000_c3,0,2026-09-27T10:31:18.023Z,zkSyncTestnet,300,sepolia.era.zksync.dev,transfer,1000,3,,,5571210.49425,5571210.579917,0.08566699922084808,,,,failed,1,0,UNKNOWN,Cannot read properties of undefined (reading 'address'),
pilot_1790499507788,transfer_N1000_c3,0,2026-09-27T10:31:18.023Z,zkSyncTestnet,300,sepolia.era.zksync.dev,transfer,1000,3,,,5571210.5325,5571210.595792,0.0632920004427433,,,,failed,1,0,UNKNOWN,Cannot read properties of undefined (reading 'address'),
pilot_1790499507788,transfer_N1000_c3,0,2026-09-27T10:31:18.023Z,zkSyncTestnet,300,sepolia.era.zksync.dev,transfer,1000,3,,,5571210.601875,5571210.721542,0.1196670001372695,,,,failed,1,0,UNKNOWN,Cannot read properties of undefined (reading 'address'),
pilot_1790499507788,transfer_N1000_c3,0,2026-09-27T10:31:18.023Z,zkSyncTestnet,300,sepolia.era.zksync.dev,transfer,1000,3,,,5571210.642917,5571210.73,0.08708300068974495,,,,failed,1,0,UNKNOWN,Cannot read properties of undefined (reading 'address'),
pilot_1790499507788,transfer_N1000_c3,0,2026-09-27T10:31:18.023Z,zkSyncTestnet,300,sepolia.era.zksync.dev,transfer,1000,3,,,5571210.682208,5571210.736167,0.053958999924361706,,,,failed,1,0,UNKNOWN,Cannot read properties of undefined (reading 'address'),
pilot_1790499507788,transfer_N1000_c3,0,2026-09-27T10:31:18.023Z,zkSyncTestnet,300,sepolia.era.zksync.dev,transfer,1000,3,,,5571210.741333,5571210.858625,0.1172919999808073,,,,failed,1,0,UNKNOWN,Cannot read properties of undefined (reading 'address'),
pilot_1790499507788,transfer_N1000_c3,0,2026-09-27T10:31:18.023Z,zkSyncTestnet,300,sepolia.era.zksync.dev,transfer,1000,3,,,5571210.78125,5571210.867,0.08574999962002039,,,,failed,1,0,UNKNOWN,Cannot read properties of undefined (reading 'address'),
pilot_1790499507788,transfer_N1000_c3,0,2026-09-27T10:31:18.023Z,zkSyncTestnet,300,sepolia.era.zksync.dev,transfer,1000,3,,,5571210.819583,5571210.873208,0.05362500064074993,,,,failed,1,0,UNKNOWN,Cannot read properties of undefined (reading 'address'),
pilot_1790499507788,transfer_N1000_c3,0,2026-09-27T10:31:18.023Z,zkSyncTestnet,300,sepolia.era.zksync.dev,transfer,1000,3,,,5571210.878417,5571211.000167,0.12174999993294477,,,,failed,1,0,UNKNOWN,Cannot read properties of undefined (reading 'address'),
pilot_1790499507788,transfer_N1000_c3,0,2026-09-27T10:31:18.023Z,zkSyncTestnet,300,sepolia.era.zksync.dev,transfer,1000,3,,,5571210.922583,5571211.008583,0.08600000012665987,,,,failed,1,0,UNKNOWN,Cannot read properties of undefined (reading 'address'),
pilot_1790499507788,transfer_N1000_c3,0,2026-09-27T10:31:18.023Z,zkSyncTestnet,300,sepolia.era.zksync.dev,transfer,1000,3,,,5571210.961125,5571211.015917,0.054791999980807304,,,,failed,1,0,UNKNOWN,Cannot read properties of undefined (reading 'address'),
pilot_1790499507788,transfer_N1000_c3,0,2026-09-27T10:31:18.023Z,zkSyncTestnet,300,sepolia.era.zksync.dev,transfer,1000,3,,,5571211.021458,5571211.138875,0.11741700023412704,,,,failed,1,0,UNKNOWN,Cannot read properties of undefined (reading 'address'),
pilot_1790499507788,transfer_N1000_c3,0,2026-09-27T10:31:18.023Z,zkSyncTestnet,300,sepolia.era.zksync.dev,transfer,1000,3,,,5571211.061625,5571211.147333,0.08570799976587296,,,,failed,1,0,UNKNOWN,Cannot read properties of undefined (reading 'address'),
pilot_1790499507788,transfer_N1000_c3,0,2026-09-27T10:31:18.023Z,zkSyncTestnet,300,sepolia.era.zksync.dev,transfer,1000,3,,,5571211.099917,5571211.153417,0.053499999456107616,,,,failed,1,0,UNKNOWN,Cannot read properties of undefined (reading 'address'),
pilot_1790499507788,transfer_N1000_c3,0,2026-09-27T10:31:18.023Z,zkSyncTestnet,300,sepolia.era.zksync.dev,transfer,1000,3,,,5571211.158625,5571211.276,0.11737499944865704,,,,failed,1,0,UNKNOWN,Cannot read properties of undefined (reading 'address'),
pilot_1790499507788,transfer_N1000_c3,0,2026-09-27T10:31:18.023Z,zkSyncTestnet,300,sepolia.era.zksync.dev,transfer,1000,3,,,5571211.198625,5571211.284458,0.0858330000191927,,,,failed,1,0,UNKNOWN,Cannot read properties of undefined (reading 'address'),
pilot_1790499507788,transfer_N1000_c3,0,2026-09-27T10:31:18.023Z,zkSyncTestnet,300,sepolia.era.zksync.dev,transfer,1000,3,,,5571211.23675,5571211.2905,0.0537499999627471,,,,failed,1,0,UNKNOWN,Cannot read properties of undefined (reading 'address'),
pilot_1790499507788,transfer_N1000_c3,0,2026-09-27T10:31:18.024Z,zkSyncTestnet,300,sepolia.era.zksync.dev,transfer,1000,3,,,5571211.29825,5571211.415875,0.11762499995529652,,,,failed,1,0,UNKNOWN,Cannot read properties of undefined (reading 'address'),
pilot_1790499507788,transfer_N1000_c3,0,2026-09-27T10:31:18.024Z,zkSyncTestnet,300,sepolia.era.zksync.dev,transfer,1000,3,,,5571211.338,5571211.424292,0.08629199955612421,,,,failed,1,0,UNKNOWN,Cannot read properties of undefined (reading 'address'),
pilot_1790499507788,transfer_N1000_c3,0,2026-09-27T10:31:18.024Z,zkSyncTestnet,300,sepolia.era.zksync.dev,transfer,1000,3,,,5571211.376625,5571211.438083,0.06145799998193979,,,,failed,1,0,UNKNOWN,Cannot read properties of undefined (reading 'address'),
pilot_1790499507788,transfer_N1000_c3,0,2026-09-27T10:31:18.024Z,zkSyncTestnet,300,sepolia.era.zksync.dev,transfer,1000,3,,,5571211.444208,5571211.562292,0.1180840004235506,,,,failed,1,0,UNKNOWN,Cannot read properties of undefined (reading 'address'),
pilot_1790499507788,transfer_N1000_c3,0,2026-09-27T10:31:18.024Z,zkSyncTestnet,300,sepolia.era.zksync.dev,transfer,1000,3,,,5571211.485125,5571211.57075,0.08562500029802322,,,,failed,1,0,UNKNOWN,Cannot read properties of undefined (reading 'address'),
pilot_1790499507788,transfer_N1000_c3,0,2026-09-27T10:31:18.024Z,zkSyncTestnet,300,sepolia.era.zksync.dev,transfer,1000,3,,,5571211.523417,5571211.576833,0.05341600067913532,,,,failed,1,0,UNKNOWN,Cannot read properties of undefined (reading 'address'),
pilot_1790499507788,transfer_N1000_c3,0,2026-09-27T10:31:18.024Z,zkSyncTestnet,300,sepolia.era.zksync.dev,transfer,1000,3,,,5571211.581917,5571211.928833,0.34691600035876036,,,,failed,1,0,UNKNOWN,Cannot read properties of undefined (reading 'address'),
pilot_1790499507788,transfer_N1000_c3,0,2026-09-27T10:31:18.024Z,zkSyncTestnet,300,sepolia.era.zksync.dev,transfer,1000,3,,,5571211.850792,5571211.937833,0.08704099990427494,,,,failed,1,0,UNKNOWN,Cannot read properties of undefined (reading 'address'),
pilot_1790499507788,transfer_N1000_c3,0,2026-09-27T10:31:18.024Z,zkSyncTestnet,300,sepolia.era.zksync.dev,transfer,1000,3,,,5571211.889667,5571211.944042,0.054375000298023224,,,,failed,1,0,UNKNOWN,Cannot read properties of undefined (reading 'address'),
pilot_1790499507788,transfer_N1000_c3,0,2026-09-27T10:31:18.024Z,zkSyncTestnet,300,sepolia.era.zksync.dev,transfer,1000,3,,,5571211.949208,5571212.066583,0.11737500037997961,,,,failed,1,0,UNKNOWN,Cannot read properties of undefined (reading 'address'),
pilot_1790499507788,transfer_N1000_c3,0,2026-09-27T10:31:18.024Z,zkSyncTestnet,300,sepolia.era.zksync.dev,transfer,1000,3,,,5571211.989125,5571212.075042,0.08591699972748756,,,,failed,1,0,UNKNOWN,Cannot read properties of undefined (reading 'address'),
pilot_1790499507788,transfer_N1000_c3,0,2026-09-27T10:31:18.024Z,zkSyncTestnet,300,sepolia.era.zksync.dev,transfer,1000,3,,,5571212.027458,5571212.082583,0.055124999955296516,,,,failed,1,0,UNKNOWN,Cannot read properties of undefined (reading 'address'),
pilot_1790499507788,transfer_N1000_c3,0,2026-09-27T10:31:18.024Z,zkSyncTestnet,300,sepolia.era.zksync.dev,transfer,1000,3,,,5571212.088125,5571212.205333,0.11720800027251244,,,,failed,1,0,UNKNOWN,Cannot read properties of undefined (reading 'address'),
pilot_1790499507788,transfer_N1000_c3,0,2026-09-27T10:31:18.024Z,zkSyncTestnet,300,sepolia.era.zksync.dev,transfer,1000,3,,,5571212.127917,5571212.213833,0.08591599948704243,,,,failed,1,0,UNKNOWN,Cannot read properties of undefined (reading 'address'),
pilot_1790499507788,transfer_N1000_c3,0,2026-09-27T10:31:18.024Z,zkSyncTestnet,300,sepolia.era.zksync.dev,transfer,1000,3,,,5571212.166167,5571212.219917,0.0537499999627471,,,,failed,1,0,UNKNOWN,Cannot read properties of undefined (reading 'address'),
pilot_1790499507788,transfer_N1000_c3,0,2026-09-27T10:31:18.024Z,zkSyncTestnet,300,sepolia.era.zksync.dev,transfer,1000,3,,,5571212.225208,5571212.342375,0.11716699972748756,,,,failed,1,0,UNKNOWN,Cannot read properties of undefined (reading 'address'),
pilot_1790499507788,transfer_N1000_c3,0,2026-09-27T10:31:18.024Z,zkSyncTestnet,300,sepolia.era.zksync.dev,transfer,1000,3,,,5571212.265042,5571212.350792,0.08574999962002039,,,,failed,1,0,UNKNOWN,Cannot read properties of undefined (reading 'address'),
pilot_1790499507788,transfer_N1000_c3,0,2026-09-27T10:31:18.024Z,zkSyncTestnet,300,sepolia.era.zksync.dev,transfer,1000,3,,,5571212.303167,5571212.357333,0.05416599940508604,,,,failed,1,0,UNKNOWN,Cannot read properties of undefined (reading 'address'),
pilot_1790499507788,transfer_N1000_c3,0,2026-09-27T10:31:18.025Z,zkSyncTestnet,300,sepolia.era.zksync.dev,transfer,1000,3,,,5571212.362542,5571212.480042,0.11750000063329935,,,,failed,1,0,UNKNOWN,Cannot read properties of undefined (reading 'address'),
pilot_1790499507788,transfer_N1000_c3,0,2026-09-27T10:31:18.025Z,zkSyncTestnet,300,sepolia.era.zksync.dev,transfer,1000,3,,,5571212.402375,5571212.488583,0.08620800077915192,,,,failed,1,0,UNKNOWN,Cannot read properties of undefined (reading 'address'),
pilot_1790499507788,transfer_N1000_c3,0,2026-09-27T10:31:18.025Z,zkSyncTestnet,300,sepolia.era.zksync.dev,transfer,1000,3,,,5571212.440833,5571212.503792,0.06295900046825409,,,,failed,1,0,UNKNOWN,Cannot read properties of undefined (reading 'address'),
pilot_1790499507788,transfer_N1000_c3,0,2026-09-27T10:31:18.025Z,zkSyncTestnet,300,sepolia.era.zksync.dev,transfer,1000,3,,,5571212.509833,5571212.627667,0.11783399991691113,,,,failed,1,0,UNKNOWN,Cannot read properties of undefined (reading 'address'),
pilot_1790499507788,transfer_N1000_c3,0,2026-09-27T10:31:18.025Z,zkSyncTestnet,300,sepolia.era.zksync.dev,transfer,1000,3,,,5571212.550458,5571212.636083,0.08562500029802322,,,,failed,1,0,UNKNOWN,Cannot read properties of undefined (reading 'address'),
pilot_1790499507788,transfer_N1000_c3,0,2026-09-27T10:31:18.025Z,zkSyncTestnet,300,sepolia.era.zksync.dev,transfer,1000,3,,,5571212.588708,5571212.642125,0.053416999988257885,,,,failed,1,0,UNKNOWN,Cannot read properties of undefined (reading 'address'),
pilot_1790499507788,transfer_N1000_c3,0,2026-09-27T10:31:18.025Z,zkSyncTestnet,300,sepolia.era.zksync.dev,transfer,1000,3,,,5571212.647292,5571212.764583,0.11729099974036217,,,,failed,1,0,UNKNOWN,Cannot read properties of undefined (reading 'address'),
pilot_1790499507788,transfer_N1000_c3,0,2026-09-27T10:31:18.025Z,zkSyncTestnet,300,sepolia.era.zksync.dev,transfer,1000,3,,,5571212.687042,5571212.772958,0.085916000418365,,,,failed,1,0,UNKNOWN,Cannot read properties of undefined (reading 'address'),
pilot_1790499507788,transfer_N1000_c3,0,2026-09-27T10:31:18.025Z,zkSyncTestnet,300,sepolia.era.zksync.dev,transfer,1000,3,,,5571212.7255,5571212.779042,0.053542000241577625,,,,failed,1,0,UNKNOWN,Cannot read properties of undefined (reading 'address'),
pilot_1790499507788,transfer_N1000_c3,0,2026-09-27T10:31:18.025Z,zkSyncTestnet,300,sepolia.era.zksync.dev,transfer,1000,3,,,5571212.784167,5571212.901292,0.11712499987334013,,,,failed,1,0,UNKNOWN,Cannot read properties of undefined (reading 'address'),
pilot_1790499507788,transfer_N1000_c3,0,2026-09-27T10:31:18.025Z,zkSyncTestnet,300,sepolia.era.zksync.dev,transfer,1000,3,,,5571212.823708,5571212.909667,0.08595900051295757,,,,failed,1,0,UNKNOWN,Cannot read properties of undefined (reading 'address'),
pilot_1790499507788,transfer_N1000_c3,0,2026-09-27T10:31:18.025Z,zkSyncTestnet,300,sepolia.era.zksync.dev,transfer,1000,3,,,5571212.862042,5571212.916958,0.05491599999368191,,,,failed,1,0,UNKNOWN,Cannot read properties of undefined (reading 'address'),
pilot_1790499507788,transfer_N1000_c3,0,2026-09-27T10:31:18.025Z,zkSyncTestnet,300,sepolia.era.zksync.dev,transfer,1000,3,,,5571212.922333,5571213.040042,0.11770899966359138,,,,failed,1,0,UNKNOWN,Cannot read properties of undefined (reading 'address'),
pilot_1790499507788,transfer_N1000_c3,0,2026-09-27T10:31:18.025Z,zkSyncTestnet,300,sepolia.era.zksync.dev,transfer,1000,3,,,5571212.962417,5571213.0485,0.0860829995945096,,,,failed,1,0,UNKNOWN,Cannot read properties of undefined (reading 'address'),
pilot_1790499507788,transfer_N1000_c3,0,2026-09-27T10:31:18.025Z,zkSyncTestnet,300,sepolia.era.zksync.dev,transfer,1000,3,,,5571213.000875,5571213.054667,0.05379199981689453,,,,failed,1,0,UNKNOWN,Cannot read properties of undefined (reading 'address'),
pilot_1790499507788,transfer_N1000_c3,0,2026-09-27T10:31:18.025Z,zkSyncTestnet,300,sepolia.era.zksync.dev,transfer,1000,3,,,5571213.059708,5571213.176833,0.11712499987334013,,,,failed,1,0,UNKNOWN,Cannot read properties of undefined (reading 'address'),
pilot_1790499507788,transfer_N1000_c3,0,2026-09-27T10:31:18.025Z,zkSyncTestnet,300,sepolia.era.zksync.dev,transfer,1000,3,,,5571213.099458,5571213.185333,0.08587499987334013,,,,failed,1,0,UNKNOWN,Cannot read properties of undefined (reading 'address'),
pilot_1790499507788,transfer_N1000_c3,0,2026-09-27T10:31:18.025Z,zkSyncTestnet,300,sepolia.era.zksync.dev,transfer,1000,3,,,5571213.137917,5571213.191458,0.05354100000113249,,,,failed,1,0,UNKNOWN,Cannot read properties of undefined (reading 'address'),
pilot_1790499507788,transfer_N1000_c3,0,2026-09-27T10:31:18.025Z,zkSyncTestnet,300,sepolia.era.zksync.dev,transfer,1000,3,,,5571213.196583,5571213.314583,0.11799999978393316,,,,failed,1,0,UNKNOWN,Cannot read properties of undefined (reading 'address'),
pilot_1790499507788,transfer_N1000_c3,0,2026-09-27T10:31:18.025Z,zkSyncTestnet,300,sepolia.era.zksync.dev,transfer,1000,3,,,5571213.236292,5571213.323208,0.0869159996509552,,,,failed,1,0,UNKNOWN,Cannot read properties of undefined (reading 'address'),
pilot_1790499507788,transfer_N1000_c3,0,2026-09-27T10:31:18.025Z,zkSyncTestnet,300,sepolia.era.zksync.dev,transfer,1000,3,,,5571213.27475,5571213.338583,0.06383300013840199,,,,failed,1,0,UNKNOWN,Cannot read properties of undefined (reading 'address'),
pilot_1790499507788,transfer_N1000_c3,0,2026-09-27T10:31:18.026Z,zkSyncTestnet,300,sepolia.era.zksync.dev,transfer,1000,3,,,5571213.344542,5571213.462375,0.11783299967646599,,,,failed,1,0,UNKNOWN,Cannot read properties of undefined (reading 'address'),
pilot_1790499507788,transfer_N1000_c3,0,2026-09-27T10:31:18.026Z,zkSyncTestnet,300,sepolia.era.zksync.dev,transfer,1000,3,,,5571213.385083,5571213.470792,0.08570900000631809,,,,failed,1,0,UNKNOWN,Cannot read properties of undefined (reading 'address'),
pilot_1790499507788,transfer_N1000_c3,0,2026-09-27T10:31:18.026Z,zkSyncTestnet,300,sepolia.era.zksync.dev,transfer,1000,3,,,5571213.423583,5571213.476958,0.05337500013411045,,,,failed,1,0,UNKNOWN,Cannot read properties of undefined (reading 'address'),
pilot_1790499507788,transfer_N1000_c3,0,2026-09-27T10:31:18.026Z,zkSyncTestnet,300,sepolia.era.zksync.dev,transfer,1000,3,,,5571213.482042,5571213.598958,0.11691599991172552,,,,failed,1,0,UNKNOWN,Cannot read properties of undefined (reading 'address'),
pilot_1790499507788,transfer_N1000_c3,0,2026-09-27T10:31:18.026Z,zkSyncTestnet,300,sepolia.era.zksync.dev,transfer,1000,3,,,5571213.521583,5571213.607375,0.08579199947416782,,,,failed,1,0,UNKNOWN,Cannot read properties of undefined (reading 'address'),
pilot_1790499507788,transfer_N1000_c3,0,2026-09-27T10:31:18.026Z,zkSyncTestnet,300,sepolia.era.zksync.dev,transfer,1000,3,,,5571213.559792,5571213.6135,0.05370800010859966,,,,failed,1,0,UNKNOWN,Cannot read properties of undefined (reading 'address'),
pilot_1790499507788,transfer_N1000_c3,0,2026-09-27T10:31:18.026Z,zkSyncTestnet,300,sepolia.era.zksync.dev,transfer,1000,3,,,5571213.618625,5571213.735792,0.11716699972748756,,,,failed,1,0,UNKNOWN,Cannot read properties of undefined (reading 'address'),
pilot_1790499507788,transfer_N1000_c3,0,2026-09-27T10:31:18.026Z,zkSyncTestnet,300,sepolia.era.zksync.dev,transfer,1000,3,,,5571213.658292,5571213.744125,0.0858330000191927,,,,failed,1,0,UNKNOWN,Cannot read properties of undefined (reading 'address'),
pilot_1790499507788,transfer_N1000_c3,0,2026-09-27T10:31:18.026Z,zkSyncTestnet,300,sepolia.era.zksync.dev,transfer,1000,3,,,5571213.696667,5571213.751542,0.05487500037997961,,,,failed,1,0,UNKNOWN,Cannot read properties of undefined (reading 'address'),
pilot_1790499507788,transfer_N1000_c3,0,2026-09-27T10:31:18.026Z,zkSyncTestnet,300,sepolia.era.zksync.dev,transfer,1000,3,,,5571213.757,5571213.874625,0.11762499995529652,,,,failed,1,0,UNKNOWN,Cannot read properties of undefined (reading 'address'),
pilot_1790499507788,transfer_N1000_c3,0,2026-09-27T10:31:18.026Z,zkSyncTestnet,300,sepolia.era.zksync.dev,transfer,1000,3,,,5571213.797125,5571213.882917,0.0857920004054904,,,,failed,1,0,UNKNOWN,Cannot read properties of undefined (reading 'address'),
pilot_1790499507788,transfer_N1000_c3,0,2026-09-27T10:31:18.026Z,zkSyncTestnet,300,sepolia.era.zksync.dev,transfer,1000,3,,,5571213.8355,5571213.889167,0.05366699956357479,,,,failed,1,0,UNKNOWN,Cannot read properties of undefined (reading 'address'),
pilot_1790499507788,transfer_N1000_c3,0,2026-09-27T10:31:18.026Z,zkSyncTestnet,300,sepolia.era.zksync.dev,transfer,1000,3,,,5571213.894208,5571214.011083,0.11687500029802322,,,,failed,1,0,UNKNOWN,Cannot read properties of undefined (reading 'address'),
pilot_1790499507788,transfer_N1000_c3,0,2026-09-27T10:31:18.026Z,zkSyncTestnet,300,sepolia.era.zksync.dev,transfer,1000,3,,,5571213.934,5571214.019458,0.08545799925923347,,,,failed,1,0,UNKNOWN,Cannot read properties of undefined (reading 'address'),
pilot_1790499507788,transfer_N1000_c3,0,2026-09-27T10:31:18.026Z,zkSyncTestnet,300,sepolia.era.zksync.dev,transfer,1000,3,,,5571213.972208,5571214.025625,0.053416999988257885,,,,failed,1,0,UNKNOWN,Cannot read properties of undefined (reading 'address'),
pilot_1790499507788,transfer_N1000_c3,0,2026-09-27T10:31:18.026Z,zkSyncTestnet,300,sepolia.era.zksync.dev,transfer,1000,3,,,5571214.03075,5571214.14725,0.11650000046938658,,,,failed,1,0,UNKNOWN,Cannot read properties of undefined (reading 'address'),
pilot_1790499507788,transfer_N1000_c3,0,2026-09-27T10:31:18.026Z,zkSyncTestnet,300,sepolia.era.zksync.dev,transfer,1000,3,,,5571214.070375,5571214.155708,0.08533299993723631,,,,failed,1,0,UNKNOWN,Cannot read properties of undefined (reading 'address'),
pilot_1790499507788,transfer_N1000_c3,0,2026-09-27T10:31:18.026Z,zkSyncTestnet,300,sepolia.era.zksync.dev,transfer,1000,3,,,5571214.108417,5571214.174375,0.06595800071954727,,,,failed,1,0,UNKNOWN,Cannot read properties of undefined (reading 'address'),
pilot_1790499507788,transfer_N1000_c3,0,2026-09-27T10:31:18.026Z,zkSyncTestnet,300,sepolia.era.zksync.dev,transfer,1000,3,,,5571214.180583,5571214.299583,0.11899999994784594,,,,failed,1,0,UNKNOWN,Cannot read properties of undefined (reading 'address'),
pilot_1790499507788,transfer_N1000_c3,0,2026-09-27T10:31:18.026Z,zkSyncTestnet,300,sepolia.era.zksync.dev,transfer,1000,3,,,5571214.221292,5571214.308042,0.08674999978393316,,,,failed,1,0,UNKNOWN,Cannot read properties of undefined (reading 'address'),
pilot_1790499507788,transfer_N1000_c3,0,2026-09-27T10:31:18.026Z,zkSyncTestnet,300,sepolia.era.zksync.dev,transfer,1000,3,,,5571214.2605,5571214.314208,0.05370800010859966,,,,failed,1,0,UNKNOWN,Cannot read properties of undefined (reading 'address'),
pilot_1790499507788,transfer_N1000_c3,0,2026-09-27T10:31:18.027Z,zkSyncTestnet,300,sepolia.era.zksync.dev,transfer,1000,3,,,5571214.319208,5571214.436292,0.11708400025963783,,,,failed,1,0,UNKNOWN,Cannot read properties of undefined (reading 'address'),
pilot_1790499507788,transfer_N1000_c3,0,2026-09-27T10:31:18.027Z,zkSyncTestnet,300,sepolia.era.zksync.dev,transfer,1000,3,,,5571214.359125,5571214.444708,0.08558299951255322,,,,failed,1,0,UNKNOWN,Cannot read properties of undefined (reading 'address'),
pilot_1790499507788,transfer_N1000_c3,0,2026-09-27T10:31:18.027Z,zkSyncTestnet,300,sepolia.era.zksync.dev,transfer,1000,3,,,5571214.397125,5571214.450875,0.0537499999627471,,,,failed,1,0,UNKNOWN,Cannot read properties of undefined (reading 'address'),
pilot_1790499507788,transfer_N1000_c3,0,2026-09-27T10:31:18.027Z,zkSyncTestnet,300,sepolia.era.zksync.dev,transfer,1000,3,,,5571214.455917,5571214.574958,0.11904100049287081,,,,failed,1,0,UNKNOWN,Cannot read properties of undefined (reading 'address'),
pilot_1790499507788,transfer_N1000_c3,0,2026-09-27T10:31:18.027Z,zkSyncTestnet,300,sepolia.era.zksync.dev,transfer,1000,3,,,5571214.497625,5571214.583375,0.08575000055134296,,,,failed,1,0,UNKNOWN,Cannot read properties of undefined (reading 'address'),
pilot_1790499507788,transfer_N1000_c3,0,2026-09-27T10:31:18.027Z,zkSyncTestnet,300,sepolia.era.zksync.dev,transfer,1000,3,,,5571214.536083,5571214.590792,0.05470900051295757,,,,failed,1,0,UNKNOWN,Cannot read properties of undefined (reading 'address'),
pilot_1790499507788,transfer_N1000_c3,0,2026-09-27T10:31:18.027Z,zkSyncTestnet,300,sepolia.era.zksync.dev,transfer,1000,3,,,5571214.596125,5571214.713375,0.11725000012665987,,,,failed,1,0,UNKNOWN,Cannot read properties of undefined (reading 'address'),
pilot_1790499507788,transfer_N1000_c3,0,2026-09-27T10:31:18.027Z,zkSyncTestnet,300,sepolia.era.zksync.dev,transfer,1000,3,,,5571214.63625,5571214.72175,0.08549999911338091,,,,failed,1,0,UNKNOWN,Cannot read properties of undefined (reading 'address'),
pilot_1790499507788,transfer_N1000_c3,0,2026-09-27T10:31:18.027Z,zkSyncTestnet,300,sepolia.era.zksync.dev,transfer,1000,3,,,5571214.674375,5571214.727875,0.053499999456107616,,,,failed,1,0,UNKNOWN,Cannot read properties of undefined (reading 'address'),
pilot_1790499507788,transfer_N1000_c3,0,2026-09-27T10:31:18.027Z,zkSyncTestnet,300,sepolia.era.zksync.dev,transfer,1000,3,,,5571214.732958,5571214.8505,0.11754199955612421,,,,failed,1,0,UNKNOWN,Cannot read properties of undefined (reading 'address'),
pilot_1790499507788,transfer_N1000_c3,0,2026-09-27T10:31:18.027Z,zkSyncTestnet,300,sepolia.era.zksync.dev,transfer,1000,3,,,5571214.772583,5571214.858792,0.08620900008827448,,,,failed,1,0,UNKNOWN,Cannot read properties of undefined (reading 'address'),
pilot_1790499507788,transfer_N1000_c3,0,2026-09-27T10:31:18.027Z,zkSyncTestnet,300,sepolia.era.zksync.dev,transfer,1000,3,,,5571214.810917,5571214.864875,0.05395799968391657,,,,failed,1,0,UNKNOWN,Cannot read properties of undefined (reading 'address'),
pilot_1790499507788,transfer_N1000_c3,0,2026-09-27T10:31:18.027Z,zkSyncTestnet,300,sepolia.era.zksync.dev,transfer,1000,3,,,5571214.87,5571214.979708,0.10970799997448921,,,,failed,1,0,UNKNOWN,Cannot read properties of undefined (reading 'address'),
pilot_1790499507788,transfer_N1000_c3,0,2026-09-27T10:31:18.027Z,zkSyncTestnet,300,sepolia.era.zksync.dev,transfer,1000,3,,,5571214.910292,5571214.987292,0.07700000051409006,,,,failed,1,0,UNKNOWN,Cannot read properties of undefined (reading 'address'),
pilot_1790499507788,transfer_N1000_c3,0,2026-09-27T10:31:18.027Z,zkSyncTestnet,300,sepolia.era.zksync.dev,transfer,1000,3,,,5571214.944667,5571215.002542,0.057874999940395355,,,,failed,1,0,UNKNOWN,Cannot read properties of undefined (reading 'address'),
pilot_1790499507788,transfer_N1000_c3,0,2026-09-27T10:31:18.027Z,zkSyncTestnet,300,sepolia.era.zksync.dev,transfer,1000,3,,,5571215.007875,5571215.113417,0.10554199945181608,,,,failed,1,0,UNKNOWN,Cannot read properties of undefined (reading 'address'),
pilot_1790499507788,transfer_N1000_c3,0,2026-09-27T10:31:18.027Z,zkSyncTestnet,300,sepolia.era.zksync.dev,transfer,1000,3,,,5571215.044042,5571215.120917,0.07687500026077032,,,,failed,1,0,UNKNOWN,Cannot read properties of undefined (reading 'address'),
pilot_1790499507788,transfer_N1000_c3,0,2026-09-27T10:31:18.027Z,zkSyncTestnet,300,sepolia.era.zksync.dev,transfer,1000,3,,,5571215.078333,5571215.1265,0.04816700052469969,,,,failed,1,0,UNKNOWN,Cannot read properties of undefined (reading 'address'),
pilot_1790499507788,transfer_N1000_c3,0,2026-09-27T10:31:18.028Z,zkSyncTestnet,300,sepolia.era.zksync.dev,transfer,1000,3,,,5571215.131125,5571215.422583,0.29145799949765205,,,,failed,1,0,UNKNOWN,Cannot read properties of undefined (reading 'address'),
pilot_1790499507788,transfer_N1000_c3,0,2026-09-27T10:31:18.028Z,zkSyncTestnet,300,sepolia.era.zksync.dev,transfer,1000,3,,,5571215.34925,5571215.430708,0.08145800046622753,,,,failed,1,0,UNKNOWN,Cannot read properties of undefined (reading 'address'),
pilot_1790499507788,transfer_N1000_c3,0,2026-09-27T10:31:18.028Z,zkSyncTestnet,300,sepolia.era.zksync.dev,transfer,1000,3,,,5571215.38725,5571215.436125,0.048875000327825546,,,,failed,1,0,UNKNOWN,Cannot read properties of undefined (reading 'address'),
pilot_1790499507788,transfer_N1000_c3,0,2026-09-27T10:31:18.028Z,zkSyncTestnet,300,sepolia.era.zksync.dev,transfer,1000,3,,,5571215.44075,5571215.545833,0.10508299991488457,,,,failed,1,0,UNKNOWN,Cannot read properties of undefined (reading 'address'),
pilot_1790499507788,transfer_N1000_c3,0,2026-09-27T10:31:18.028Z,zkSyncTestnet,300,sepolia.era.zksync.dev,transfer,1000,3,,,5571215.476375,5571215.553375,0.07700000051409006,,,,failed,1,0,UNKNOWN,Cannot read properties of undefined (reading 'address'),
pilot_1790499507788,transfer_N1000_c3,0,2026-09-27T10:31:18.028Z,zkSyncTestnet,300,sepolia.era.zksync.dev,transfer,1000,3,,,5571215.510917,5571215.560042,0.04912500083446503,,,,failed,1,0,UNKNOWN,Cannot read properties of undefined (reading 'address'),
pilot_1790499507788,transfer_N1000_c3,0,2026-09-27T10:31:18.028Z,zkSyncTestnet,300,sepolia.era.zksync.dev,transfer,1000,3,,,5571215.564833,5571215.670458,0.10562499985098839,,,,failed,1,0,UNKNOWN,Cannot read properties of undefined (reading 'address'),
pilot_1790499507788,transfer_N1000_c3,0,2026-09-27T10:31:18.028Z,zkSyncTestnet,300,sepolia.era.zksync.dev,transfer,1000,3,,,5571215.601042,5571215.677958,0.07691600080579519,,,,failed,1,0,UNKNOWN,Cannot read properties of undefined (reading 'address'),
pilot_1790499507788,transfer_N1000_c3,0,2026-09-27T10:31:18.028Z,zkSyncTestnet,300,sepolia.era.zksync.dev,transfer,1000,3,,,5571215.635458,5571215.683333,0.04787500016391277,,,,failed,1,0,UNKNOWN,Cannot read properties of undefined (reading 'address'),
pilot_1790499507788,transfer_N1000_c3,0,2026-09-27T10:31:18.028Z,zkSyncTestnet,300,sepolia.era.zksync.dev,transfer,1000,3,,,5571215.687833,5571215.793,0.10516699962317944,,,,failed,1,0,UNKNOWN,Cannot read properties of undefined (reading 'address'),
pilot_1790499507788,transfer_N1000_c3,0,2026-09-27T10:31:18.028Z,zkSyncTestnet,300,sepolia.era.zksync.dev,transfer,1000,3,,,5571215.723583,5571215.800458,0.07687500026077032,,,,failed,1,0,UNKNOWN,Cannot read properties of undefined (reading 'address'),
pilot_1790499507788,transfer_N1000_c3,0,2026-09-27T10:31:18.028Z,zkSyncTestnet,300,sepolia.era.zksync.dev,transfer,1000,3,,,5571215.757875,5571215.805875,0.04799999948590994,,,,failed,1,0,UNKNOWN,Cannot read properties of undefined (reading 'address'),
pilot_1790499507788,transfer_N1000_c3,0,2026-09-27T10:31:18.028Z,zkSyncTestnet,300,sepolia.era.zksync.dev,transfer,1000,3,,,5571215.810375,5571215.91625,0.1058749994263053,,,,failed,1,0,UNKNOWN,Cannot read properties of undefined (reading 'address'),
pilot_1790499507788,transfer_N1000_c3,0,2026-09-27T10:31:18.028Z,zkSyncTestnet,300,sepolia.era.zksync.dev,transfer,1000,3,,,5571215.846042,5571215.923792,0.07775000017136335,,,,failed,1,0,UNKNOWN,Cannot read properties of undefined (reading 'address'),
pilot_1790499507788,transfer_N1000_c3,0,2026-09-27T10:31:18.028Z,zkSyncTestnet,300,sepolia.era.zksync.dev,transfer,1000,3,,,5571215.881083,5571215.938667,0.05758399982005358,,,,failed,1,0,UNKNOWN,Cannot read properties of undefined (reading 'address'),
pilot_1790499507788,transfer_N1000_c3,0,2026-09-27T10:31:18.028Z,zkSyncTestnet,300,sepolia.era.zksync.dev,transfer,1000,3,,,5571215.944208,5571216.050333,0.10612499993294477,,,,failed,1,0,UNKNOWN,Cannot read properties of undefined (reading 'address'),
pilot_1790499507788,transfer_N1000_c3,0,2026-09-27T10:31:18.028Z,zkSyncTestnet,300,sepolia.era.zksync.dev,transfer,1000,3,,,5571215.98075,5571216.058,0.07725000008940697,,,,failed,1,0,UNKNOWN,Cannot read properties of undefined (reading 'address'),
pilot_1790499507788,transfer_N1000_c3,0,2026-09-27T10:31:18.028Z,zkSyncTestnet,300,sepolia.era.zksync.dev,transfer,1000,3,,,5571216.015208,5571216.063583,0.048374999314546585,,,,failed,1,0,UNKNOWN,Cannot read properties of undefined (reading 'address'),
pilot_1790499507788,transfer_N1000_c3,0,2026-09-27T10:31:18.028Z,zkSyncTestnet,300,sepolia.era.zksync.dev,transfer,1000,3,,,5571216.068208,5571216.173292,0.1050840001553297,,,,failed,1,0,UNKNOWN,Cannot read properties of undefined (reading 'address'),
pilot_1790499507788,transfer_N1000_c3,0,2026-09-27T10:31:18.028Z,zkSyncTestnet,300,sepolia.era.zksync.dev,transfer,1000,3,,,5571216.103833,5571216.181,0.07716699969023466,,,,failed,1,0,UNKNOWN,Cannot read properties of undefined (reading 'address'),
pilot_1790499507788,transfer_N1000_c3,0,2026-09-27T10:31:18.028Z,zkSyncTestnet,300,sepolia.era.zksync.dev,transfer,1000,3,,,5571216.138167,5571216.186542,0.048374999314546585,,,,failed,1,0,UNKNOWN,Cannot read properties of undefined (reading 'address'),
pilot_1790499507788,transfer_N1000_c3,0,2026-09-27T10:31:18.028Z,zkSyncTestnet,300,sepolia.era.zksync.dev,transfer,1000,3,,,5571216.191125,5571216.296125,0.10500000044703484,,,,failed,1,0,UNKNOWN,Cannot read properties of undefined (reading 'address'),
pilot_1790499507788,transfer_N1000_c3,0,2026-09-27T10:31:18.028Z,zkSyncTestnet,300,sepolia.era.zksync.dev,transfer,1000,3,,,5571216.226833,5571216.303708,0.07687500026077032,,,,failed,1,0,UNKNOWN,Cannot read properties of undefined (reading 'address'),
pilot_1790499507788,transfer_N1000_c3,0,2026-09-27T10:31:18.028Z,zkSyncTestnet,300,sepolia.era.zksync.dev,transfer,1000,3,,,5571216.261042,5571216.310083,0.049041000194847584,,,,failed,1,0,UNKNOWN,Cannot read properties of undefined (reading 'address'),
pilot_1790499507788,transfer_N1000_c3,0,2026-09-27T10:31:18.029Z,zkSyncTestnet,300,sepolia.era.zksync.dev,transfer,1000,3,,,5571216.314875,5571216.42,0.105124999769032,,,,failed,1,0,UNKNOWN,Cannot read properties of undefined (reading 'address'),
pilot_1790499507788,transfer_N1000_c3,0,2026-09-27T10:31:18.029Z,zkSyncTestnet,300,sepolia.era.zksync.dev,transfer,1000,3,,,5571216.350667,5571216.427667,0.07700000051409006,,,,failed,1,0,UNKNOWN,Cannot read properties of undefined (reading 'address'),
pilot_1790499507788,transfer_N1000_c3,0,2026-09-27T10:31:18.029Z,zkSyncTestnet,300,sepolia.era.zksync.dev,transfer,1000,3,,,5571216.385167,5571216.433083,0.04791599977761507,,,,failed,1,0,UNKNOWN,Cannot read properties of undefined (reading 'address'),
pilot_1790499507788,transfer_N1000_c3,0,2026-09-27T10:31:18.029Z,zkSyncTestnet,300,sepolia.era.zksync.dev,transfer,1000,3,,,5571216.437667,5571216.542875,0.10520800016820431,,,,failed,1,0,UNKNOWN,Cannot read properties of undefined (reading 'address'),
pilot_1790499507788,transfer_N1000_c3,0,2026-09-27T10:31:18.029Z,zkSyncTestnet,300,sepolia.era.zksync.dev,transfer,1000,3,,,5571216.473417,5571216.550542,0.07712499983608723,,,,failed,1,0,UNKNOWN,Cannot read properties of undefined (reading 'address'),
pilot_1790499507788,transfer_N1000_c3,0,2026-09-27T10:31:18.029Z,zkSyncTestnet,300,sepolia.era.zksync.dev,transfer,1000,3,,,5571216.507958,5571216.555917,0.047959000803530216,,,,failed,1,0,UNKNOWN,Cannot read properties of undefined (reading 'address'),
pilot_1790499507788,transfer_N1000_c3,0,2026-09-27T10:31:18.029Z,zkSyncTestnet,300,sepolia.era.zksync.dev,transfer,1000,3,,,5571216.560542,5571216.66575,0.10520799923688173,,,,failed,1,0,UNKNOWN,Cannot read properties of undefined (reading 'address'),
pilot_1790499507788,transfer_N1000_c3,0,2026-09-27T10:31:18.029Z,zkSyncTestnet,300,sepolia.era.zksync.dev,transfer,1000,3,,,5571216.596333,5571216.673125,0.07679199986159801,,,,failed,1,0,UNKNOWN,Cannot read properties of undefined (reading 'address'),
pilot_1790499507788,transfer_N1000_c3,0,2026-09-27T10:31:18.029Z,zkSyncTestnet,300,sepolia.era.zksync.dev,transfer,1000,3,,,5571216.630667,5571216.68675,0.056083000265061855,,,,failed,1,0,UNKNOWN,Cannot read properties of undefined (reading 'address'),
pilot_1790499507788,transfer_N1000_c3,0,2026-09-27T10:31:18.029Z,zkSyncTestnet,300,sepolia.era.zksync.dev,transfer,1000,3,,,5571216.692,5571216.798292,0.10629200004041195,,,,failed,1,0,UNKNOWN,Cannot read properties of undefined (reading 'address'),
pilot_1790499507788,transfer_N1000_c3,0,2026-09-27T10:31:18.029Z,zkSyncTestnet,300,sepolia.era.zksync.dev,transfer,1000,3,,,5571216.729,5571216.805875,0.07687499932944775,,,,failed,1,0,UNKNOWN,Cannot read properties of undefined (reading 'address'),
pilot_1790499507788,transfer_N1000_c3,0,2026-09-27T10:31:18.029Z,zkSyncTestnet,300,sepolia.era.zksync.dev,transfer,1000,3,,,5571216.763208,5571216.81125,0.04804200027137995,,,,failed,1,0,UNKNOWN,Cannot read properties of undefined (reading 'address'),
pilot_1790499507788,transfer_N1000_c3,0,2026-09-27T10:31:18.029Z,zkSyncTestnet,300,sepolia.era.zksync.dev,transfer,1000,3,,,5571216.815792,5571216.920667,0.1048750001937151,,,,failed,1,0,UNKNOWN,Cannot read properties of undefined (reading 'address'),
pilot_1790499507788,transfer_N1000_c3,0,2026-09-27T10:31:18.029Z,zkSyncTestnet,300,sepolia.era.zksync.dev,transfer,1000,3,,,5571216.85125,5571216.928125,0.07687499932944775,,,,failed,1,0,UNKNOWN,Cannot read properties of undefined (reading 'address'),
pilot_1790499507788,transfer_N1000_c3,0,2026-09-27T10:31:18.029Z,zkSyncTestnet,300,sepolia.era.zksync.dev,transfer,1000,3,,,5571216.885583,5571216.933542,0.04795899987220764,,,,failed,1,0,UNKNOWN,Cannot read properties of undefined (reading 'address'),
pilot_1790499507788,transfer_N1000_c3,0,2026-09-27T10:31:18.029Z,zkSyncTestnet,300,sepolia.era.zksync.dev,transfer,1000,3,,,5571216.938042,5571217.042542,0.10450000036507845,,,,failed,1,0,UNKNOWN,Cannot read properties of undefined (reading 'address'),
pilot_1790499507788,transfer_N1000_c3,0,2026-09-27T10:31:18.029Z,zkSyncTestnet,300,sepolia.era.zksync.dev,transfer,1000,3,,,5571216.973542,5571217.050167,0.07662499975413084,,,,failed,1,0,UNKNOWN,Cannot read properties of undefined (reading 'address'),
pilot_1790499507788,transfer_N1000_c3,0,2026-09-27T10:31:18.029Z,zkSyncTestnet,300,sepolia.era.zksync.dev,transfer,1000,3,,,5571217.007708,5571217.056583,0.048875000327825546,,,,failed,1,0,UNKNOWN,Cannot read properties of undefined (reading 'address'),
pilot_1790499507788,transfer_N1000_c3,0,2026-09-27T10:31:18.029Z,zkSyncTestnet,300,sepolia.era.zksync.dev,transfer,1000,3,,,5571217.061458,5571217.166333,0.1048750001937151,,,,failed,1,0,UNKNOWN,Cannot read properties of undefined (reading 'address'),
pilot_1790499507788,transfer_N1000_c3,0,2026-09-27T10:31:18.029Z,zkSyncTestnet,300,sepolia.era.zksync.dev,transfer,1000,3,,,5571217.097208,5571217.173917,0.07670900039374828,,,,failed,1,0,UNKNOWN,Cannot read properties of undefined (reading 'address'),
pilot_1790499507788,transfer_N1000_c3,0,2026-09-27T10:31:18.029Z,zkSyncTestnet,300,sepolia.era.zksync.dev,transfer,1000,3,,,5571217.131375,5571217.179333,0.04795800056308508,,,,failed,1,0,UNKNOWN,Cannot read properties of undefined (reading 'address'),
pilot_1790499507788,transfer_N1000_c3,0,2026-09-27T10:31:18.029Z,zkSyncTestnet,300,sepolia.era.zksync.dev,transfer,1000,3,,,5571217.183875,5571217.288792,0.10491700004786253,,,,failed,1,0,UNKNOWN,Cannot read properties of undefined (reading 'address'),
pilot_1790499507788,transfer_N1000_c3,0,2026-09-27T10:31:18.029Z,zkSyncTestnet,300,sepolia.era.zksync.dev,transfer,1000,3,,,5571217.219417,5571217.296375,0.07695799972862005,,,,failed,1,0,UNKNOWN,Cannot read properties of undefined (reading 'address'),
pilot_1790499507788,transfer_N1000_c3,0,2026-09-27T10:31:18.029Z,zkSyncTestnet,300,sepolia.era.zksync.dev,transfer,1000,3,,,5571217.253792,5571217.30175,0.047957999631762505,,,,failed,1,0,UNKNOWN,Cannot read properties of undefined (reading 'address'),
pilot_1790499507788,transfer_N1000_c3,0,2026-09-27T10:31:18.030Z,zkSyncTestnet,300,sepolia.era.zksync.dev,transfer,1000,3,,,5571217.306292,5571217.411625,0.10533299949020147,,,,failed,1,0,UNKNOWN,Cannot read properties of undefined (reading 'address'),
pilot_1790499507788,transfer_N1000_c3,0,2026-09-27T10:31:18.030Z,zkSyncTestnet,300,sepolia.era.zksync.dev,transfer,1000,3,,,5571217.342042,5571217.419083,0.07704100012779236,,,,failed,1,0,UNKNOWN,Cannot read properties of undefined (reading 'address'),
pilot_1790499507788,transfer_N1000_c3,0,2026-09-27T10:31:18.030Z,zkSyncTestnet,300,sepolia.era.zksync.dev,transfer,1000,3,,,5571217.376375,5571217.431792,0.05541700031608343,,,,failed,1,0,UNKNOWN,Cannot read properties of undefined (reading 'address'),
pilot_1790499507788,transfer_N1000_c3,0,2026-09-27T10:31:18.030Z,zkSyncTestnet,300,sepolia.era.zksync.dev,transfer,1000,3,,,5571217.437208,5571217.543042,0.10583400074392557,,,,failed,1,0,UNKNOWN,Cannot read properties of undefined (reading 'address'),
pilot_1790499507788,transfer_N1000_c3,0,2026-09-27T10:31:18.030Z,zkSyncTestnet,300,sepolia.era.zksync.dev,transfer,1000,3,,,5571217.47375,5571217.550792,0.0770420003682375,,,,failed,1,0,UNKNOWN,Cannot read properties of undefined (reading 'address'),
pilot_1790499507788,transfer_N1000_c3,0,2026-09-27T10:31:18.030Z,zkSyncTestnet,300,sepolia.era.zksync.dev,transfer,1000,3,,,5571217.507875,5571217.556917,0.049041999503970146,,,,failed,1,0,UNKNOWN,Cannot read properties of undefined (reading 'address'),
pilot_1790499507788,transfer_N1000_c3,0,2026-09-27T10:31:18.030Z,zkSyncTestnet,300,sepolia.era.zksync.dev,transfer,1000,3,,,5571217.561625,5571217.666875,0.10525000002235174,,,,failed,1,0,UNKNOWN,Cannot read properties of undefined (reading 'address'),
pilot_1790499507788,transfer_N1000_c3,0,2026-09-27T10:31:18.030Z,zkSyncTestnet,300,sepolia.era.zksync.dev,transfer,1000,3,,,5571217.597625,5571217.674583,0.07695799972862005,,,,failed,1,0,UNKNOWN,Cannot read properties of undefined (reading 'address'),
pilot_1790499507788,transfer_N1000_c3,0,2026-09-27T10:31:18.030Z,zkSyncTestnet,300,sepolia.era.zksync.dev,transfer,1000,3,,,5571217.631833,5571217.680042,0.04820899944752455,,,,failed,1,0,UNKNOWN,Cannot read properties of undefined (reading 'address'),
pilot_1790499507788,transfer_N1000_c3,0,2026-09-27T10:31:18.030Z,zkSyncTestnet,300,sepolia.era.zksync.dev,transfer,1000,3,,,5571217.684667,5571217.791667,0.10700000077486038,,,,failed,1,0,UNKNOWN,Cannot read properties of undefined (reading 'address'),
pilot_1790499507788,transfer_N1000_c3,0,2026-09-27T10:31:18.030Z,zkSyncTestnet,300,sepolia.era.zksync.dev,transfer,1000,3,,,5571217.720375,5571217.799208,0.07883300073444843,,,,failed,1,0,UNKNOWN,Cannot read properties of undefined (reading 'address'),
pilot_1790499507788,transfer_N1000_c3,0,2026-09-27T10:31:18.030Z,zkSyncTestnet,300,sepolia.era.zksync.dev,transfer,1000,3,,,5571217.754792,5571217.805667,0.05087499972432852,,,,failed,1,0,UNKNOWN,Cannot read properties of undefined (reading 'address'),
pilot_1790499507788,transfer_N1000_c3,0,2026-09-27T10:31:18.030Z,zkSyncTestnet,300,sepolia.era.zksync.dev,transfer,1000,3,,,5571217.810417,5571217.915125,0.10470800008624792,,,,failed,1,0,UNKNOWN,Cannot read properties of undefined (reading 'address'),
pilot_1790499507788,transfer_N1000_c3,0,2026-09-27T10:31:18.030Z,zkSyncTestnet,300,sepolia.era.zksync.dev,transfer,1000,3,,,5571217.845958,5571217.922583,0.07662499975413084,,,,failed,1,0,UNKNOWN,Cannot read properties of undefined (reading 'address'),
pilot_1790499507788,transfer_N1000_c3,0,2026-09-27T10:31:18.030Z,zkSyncTestnet,300,sepolia.era.zksync.dev,transfer,1000,3,,,5571217.880208,5571217.928042,0.047834000550210476,,,,failed,1,0,UNKNOWN,Cannot read properties of undefined (reading 'address'),
pilot_1790499507788,transfer_N1000_c3,0,2026-09-27T10:31:18.030Z,zkSyncTestnet,300,sepolia.era.zksync.dev,transfer,1000,3,,,5571217.932667,5571218.038042,0.10537499934434891,,,,failed,1,0,UNKNOWN,Cannot read properties of undefined (reading 'address'),
pilot_1790499507788,transfer_N1000_c3,0,2026-09-27T10:31:18.030Z,zkSyncTestnet,300,sepolia.era.zksync.dev,transfer,1000,3,,,5571217.968292,5571218.045583,0.07729100063443184,,,,failed,1,0,UNKNOWN,Cannot read properties of undefined (reading 'address'),
pilot_1790499507788,transfer_N1000_c3,0,2026-09-27T10:31:18.030Z,zkSyncTestnet,300,sepolia.era.zksync.dev,transfer,1000,3,,,5571218.002792,5571218.051042,0.04824999999254942,,,,failed,1,0,UNKNOWN,Cannot read properties of undefined (reading 'address'),
pilot_1790499507788,transfer_N1000_c3,0,2026-09-27T10:31:18.030Z,zkSyncTestnet,300,sepolia.era.zksync.dev,transfer,1000,3,,,5571218.055583,5571218.160625,0.1050419993698597,,,,failed,1,0,UNKNOWN,Cannot read properties of undefined (reading 'address'),
pilot_1790499507788,transfer_N1000_c3,0,2026-09-27T10:31:18.030Z,zkSyncTestnet,300,sepolia.era.zksync.dev,transfer,1000,3,,,5571218.091208,5571218.168167,0.07695899996906519,,,,failed,1,0,UNKNOWN,Cannot read properties of undefined (reading 'address'),
pilot_1790499507788,transfer_N1000_c3,0,2026-09-27T10:31:18.030Z,zkSyncTestnet,300,sepolia.era.zksync.dev,transfer,1000,3,,,5571218.125583,5571218.183208,0.05762500036507845,,,,failed,1,0,UNKNOWN,Cannot read properties of undefined (reading 'address'),
pilot_1790499507788,transfer_N1000_c3,0,2026-09-27T10:31:18.030Z,zkSyncTestnet,300,sepolia.era.zksync.dev,transfer,1000,3,,,5571218.188417,5571218.2945,0.10608300007879734,,,,failed,1,0,UNKNOWN,Cannot read properties of undefined (reading 'address'),
pilot_1790499507788,transfer_N1000_c3,0,2026-09-27T10:31:18.030Z,zkSyncTestnet,300,sepolia.era.zksync.dev,transfer,1000,3,,,5571218.224917,5571218.302125,0.07720800023525953,,,,failed,1,0,UNKNOWN,Cannot read properties of undefined (reading 'address'),
pilot_1790499507788,transfer_N1000_c3,0,2026-09-27T10:31:18.030Z,zkSyncTestnet,300,sepolia.era.zksync.dev,transfer,1000,3,,,5571218.259292,5571218.3075,0.048208000138401985,,,,failed,1,0,UNKNOWN,Cannot read properties of undefined (reading 'address'),
pilot_1790499507788,transfer_N1000_c3,0,2026-09-27T10:31:18.031Z,zkSyncTestnet,300,sepolia.era.zksync.dev,transfer,1000,3,,,5571218.312125,5571218.606375,0.2942500002682209,,,,failed,1,0,UNKNOWN,Cannot read properties of undefined (reading 'address'),
pilot_1790499507788,transfer_N1000_c3,0,2026-09-27T10:31:18.031Z,zkSyncTestnet,300,sepolia.era.zksync.dev,transfer,1000,3,,,5571218.348,5571218.614375,0.2663749996572733,,,,failed,1,0,UNKNOWN,Cannot read properties of undefined (reading 'address'),
pilot_1790499507788,transfer_N1000_c3,0,2026-09-27T10:31:18.031Z,zkSyncTestnet,300,sepolia.era.zksync.dev,transfer,1000,3,,,5571218.382333,5571218.619958,0.23762500006705523,,,,failed,1,0,UNKNOWN,Cannot read properties of undefined (reading 'address'),
pilot_1790499507788,transfer_N1000_c3,0,2026-09-27T10:31:18.031Z,zkSyncTestnet,300,sepolia.era.zksync.dev,transfer,1000,3,,,5571218.624667,5571218.73,0.10533300042152405,,,,failed,1,0,UNKNOWN,Cannot read properties of undefined (reading 'address'),
pilot_1790499507788,transfer_N1000_c3,0,2026-09-27T10:31:18.031Z,zkSyncTestnet,300,sepolia.era.zksync.dev,transfer,1000,3,,,5571218.660625,5571218.737708,0.07708299998193979,,,,failed,1,0,UNKNOWN,Cannot read properties of undefined (reading 'address'),
pilot_1790499507788,transfer_N1000_c3,0,2026-09-27T10:31:18.031Z,zkSyncTestnet,300,sepolia.era.zksync.dev,transfer,1000,3,,,5571218.695042,5571218.744375,0.049332999624311924,,,,failed,1,0,UNKNOWN,Cannot read properties of undefined (reading 'address'),
pilot_1790499507788,transfer_N1000_c3,0,2026-09-27T10:31:18.031Z,zkSyncTestnet,300,sepolia.era.zksync.dev,transfer,1000,3,,,5571218.74925,5571218.854625,0.10537499934434891,,,,failed,1,0,UNKNOWN,Cannot read properties of undefined (reading 'address'),
pilot_1790499507788,transfer_N1000_c3,0,2026-09-27T10:31:18.031Z,zkSyncTestnet,300,sepolia.era.zksync.dev,transfer,1000,3,,,5571218.785167,5571218.86225,0.07708299998193979,,,,failed,1,0,UNKNOWN,Cannot read properties of undefined (reading 'address'),
pilot_1790499507788,transfer_N1000_c3,0,2026-09-27T10:31:18.031Z,zkSyncTestnet,300,sepolia.era.zksync.dev,transfer,1000,3,,,5571218.819833,5571218.867708,0.04787500016391277,,,,failed,1,0,UNKNOWN,Cannot read properties of undefined (reading 'address'),
pilot_1790499507788,transfer_N1000_c3,0,2026-09-27T10:31:18.031Z,zkSyncTestnet,300,sepolia.era.zksync.dev,transfer,1000,3,,,5571218.872292,5571218.9775,0.10520800016820431,,,,failed,1,0,UNKNOWN,Cannot read properties of undefined (reading 'address'),
pilot_1790499507788,transfer_N1000_c3,0,2026-09-27T10:31:18.031Z,zkSyncTestnet,300,sepolia.era.zksync.dev,transfer,1000,3,,,5571218.907833,5571218.985,0.07716700062155724,,,,failed,1,0,UNKNOWN,Cannot read properties of undefined (reading 'address'),
pilot_1790499507788,transfer_N1000_c3,0,2026-09-27T10:31:18.031Z,zkSyncTestnet,300,sepolia.era.zksync.dev,transfer,1000,3,,,5571218.942292,5571218.990458,0.04816600028425455,,,,failed,1,0,UNKNOWN,Cannot read properties of undefined (reading 'address'),
pilot_1790499507788,transfer_N1000_c3,0,2026-09-27T10:31:18.031Z,zkSyncTestnet,300,sepolia.era.zksync.dev,transfer,1000,3,,,5571218.996,5571219.102,0.10599999967962503,,,,failed,1,0,UNKNOWN,Cannot read properties of undefined (reading 'address'),
pilot_1790499507788,transfer_N1000_c3,0,2026-09-27T10:31:18.031Z,zkSyncTestnet,300,sepolia.era.zksync.dev,transfer,1000,3,,,5571219.031667,5571219.110208,0.07854100037366152,,,,failed,1,0,UNKNOWN,Cannot read properties of undefined (reading 'address'),
pilot_1790499507788,transfer_N1000_c3,0,2026-09-27T10:31:18.031Z,zkSyncTestnet,300,sepolia.era.zksync.dev,transfer,1000,3,,,5571219.066667,5571219.12375,0.05708300042897463,,,,failed,1,0,UNKNOWN,Cannot read properties of undefined (reading 'address'),
pilot_1790499507788,transfer_N1000_c3,0,2026-09-27T10:31:18.031Z,zkSyncTestnet,300,sepolia.era.zksync.dev,transfer,1000,3,,,5571219.12925,5571219.235,0.10575000010430813,,,,failed,1,0,UNKNOWN,Cannot read properties of undefined (reading 'address'),
pilot_1790499507788,transfer_N1000_c3,0,2026-09-27T10:31:18.031Z,zkSyncTestnet,300,sepolia.era.zksync.dev,transfer,1000,3,,,5571219.165667,5571219.242667,0.07699999958276749,,,,failed,1,0,UNKNOWN,Cannot read properties of undefined (reading 'address'),
pilot_1790499507788,transfer_N1000_c3,0,2026-09-27T10:31:18.031Z,zkSyncTestnet,300,sepolia.era.zksync.dev,transfer,1000,3,,,5571219.20025,5571219.248125,0.04787500016391277,,,,failed,1,0,UNKNOWN,Cannot read properties of undefined (reading 'address'),
pilot_1790499507788,transfer_N1000_c3,0,2026-09-27T10:31:18.031Z,zkSyncTestnet,300,sepolia.era.zksync.dev,transfer,1000,3,,,5571219.252667,5571219.357875,0.10520800016820431,,,,failed,1,0,UNKNOWN,Cannot read properties of undefined (reading 'address'),
pilot_1790499507788,transfer_N1000_c3,0,2026-09-27T10:31:18.031Z,zkSyncTestnet,300,sepolia.era.zksync.dev,transfer,1000,3,,,5571219.288292,5571219.365583,0.07729099970310926,,,,failed,1,0,UNKNOWN,Cannot read properties of undefined (reading 'address'),
pilot_1790499507788,transfer_N1000_c3,0,2026-09-27T10:31:18.031Z,zkSyncTestnet,300,sepolia.era.zksync.dev,transfer,1000,3,,,5571219.322875,5571219.371083,0.048208000138401985,,,,failed,1,0,UNKNOWN,Cannot read properties of undefined (reading 'address'),
pilot_1790499507788,transfer_N1000_c3,0,2026-09-27T10:31:18.032Z,zkSyncTestnet,300,sepolia.era.zksync.dev,transfer,1000,3,,,5571219.375708,5571219.481167,0.10545899998396635,,,,failed,1,0,UNKNOWN,Cannot read properties of undefined (reading 'address'),
pilot_1790499507788,transfer_N1000_c3,0,2026-09-27T10:31:18.032Z,zkSyncTestnet,300,sepolia.era.zksync.dev,transfer,1000,3,,,5571219.411458,5571219.488833,0.07737500034272671,,,,failed,1,0,UNKNOWN,Cannot read properties of undefined (reading 'address'),
pilot_1790499507788,transfer_N1000_c3,0,2026-09-27T10:31:18.032Z,zkSyncTestnet,300,sepolia.era.zksync.dev,transfer,1000,3,,,5571219.445917,5571219.495375,0.049457999877631664,,,,failed,1,0,UNKNOWN,Cannot read properties of undefined (reading 'address'),
pilot_1790499507788,transfer_N1000_c3,0,2026-09-27T10:31:18.032Z,zkSyncTestnet,300,sepolia.era.zksync.dev,transfer,1000,3,,,5571219.500083,5571219.605125,0.1050419993698597,,,,failed,1,0,UNKNOWN,Cannot read properties of undefined (reading 'address'),
pilot_1790499507788,transfer_N1000_c3,0,2026-09-27T10:31:18.032Z,zkSyncTestnet,300,sepolia.era.zksync.dev,transfer,1000,3,,,5571219.535833,5571219.612917,0.07708400022238493,,,,failed,1,0,UNKNOWN,Cannot read properties of undefined (reading 'address'),
pilot_1790499507788,transfer_N1000_c3,0,2026-09-27T10:31:18.032Z,zkSyncTestnet,300,sepolia.era.zksync.dev,transfer,1000,3,,,5571219.570208,5571219.618333,0.04812499973922968,,,,failed,1,0,UNKNOWN,Cannot read properties of undefined (reading 'address'),
pilot_1790499507788,transfer_N1000_c3,0,2026-09-27T10:31:18.032Z,zkSyncTestnet,300,sepolia.era.zksync.dev,transfer,1000,3,,,5571219.622875,5571219.727583,0.10470800008624792,,,,failed,1,0,UNKNOWN,Cannot read properties of undefined (reading 'address'),
pilot_1790499507788,transfer_N1000_c3,0,2026-09-27T10:31:18.032Z,zkSyncTestnet,300,sepolia.era.zksync.dev,transfer,1000,3,,,5571219.658333,5571219.735,0.07666700053960085,,,,failed,1,0,UNKNOWN,Cannot read properties of undefined (reading 'address'),
pilot_1790499507788,transfer_N1000_c3,0,2026-09-27T10:31:18.032Z,zkSyncTestnet,300,sepolia.era.zksync.dev,transfer,1000,3,,,5571219.692542,5571219.740375,0.04783300030976534,,,,failed,1,0,UNKNOWN,Cannot read properties of undefined (reading 'address'),
pilot_1790499507788,transfer_N1000_c3,0,2026-09-27T10:31:18.032Z,zkSyncTestnet,300,sepolia.era.zksync.dev,transfer,1000,3,,,5571219.744958,5571219.849625,0.10466699954122305,,,,failed,1,0,UNKNOWN,Cannot read properties of undefined (reading 'address'),
pilot_1790499507788,transfer_N1000_c3,0,2026-09-27T10:31:18.032Z,zkSyncTestnet,300,sepolia.era.zksync.dev,transfer,1000,3,,,5571219.780667,5571219.857167,0.0764999995008111,,,,failed,1,0,UNKNOWN,Cannot read properties of undefined (reading 'address'),
pilot_1790499507788,transfer_N1000_c3,0,2026-09-27T10:31:18.032Z,zkSyncTestnet,300,sepolia.era.zksync.dev,transfer,1000,3,,,5571219.814542,5571219.868042,0.053499999456107616,,,,failed,1,0,UNKNOWN,Cannot read properties of undefined (reading 'address'),
pilot_1790499507788,transfer_N1000_c3,0,2026-09-27T10:31:18.032Z,zkSyncTestnet,300,sepolia.era.zksync.dev,transfer,1000,3,,,5571219.873375,5571219.979167,0.10579199995845556,,,,failed,1,0,UNKNOWN,Cannot read properties of undefined (reading 'address'),
pilot_1790499507788,transfer_N1000_c3,0,2026-09-27T10:31:18.032Z,zkSyncTestnet,300,sepolia.era.zksync.dev,transfer,1000,3,,,5571219.910083,5571219.986833,0.07675000000745058,,,,failed,1,0,UNKNOWN,Cannot read properties of undefined (reading 'address'),
pilot_1790499507788,transfer_N1000_c3,0,2026-09-27T10:31:18.032Z,zkSyncTestnet,300,sepolia.era.zksync.dev,transfer,1000,3,,,5571219.94425,5571219.992542,0.048291999846696854,,,,failed,1,0,UNKNOWN,Cannot read properties of undefined (reading 'address'),
pilot_1790499507788,transfer_N1000_c3,0,2026-09-27T10:31:18.032Z,zkSyncTestnet,300,sepolia.era.zksync.dev,transfer,1000,3,,,5571219.997167,5571220.102333,0.10516600031405687,,,,failed,1,0,UNKNOWN,Cannot read properties of undefined (reading 'address'),
pilot_1790499507788,transfer_N1000_c3,0,2026-09-27T10:31:18.032Z,zkSyncTestnet,300,sepolia.era.zksync.dev,transfer,1000,3,,,5571220.032917,5571220.11,0.07708299998193979,,,,failed,1,0,UNKNOWN,Cannot read properties of undefined (reading 'address'),
pilot_1790499507788,transfer_N1000_c3,0,2026-09-27T10:31:18.032Z,zkSyncTestnet,300,sepolia.era.zksync.dev,transfer,1000,3,,,5571220.06725,5571220.1155,0.04824999999254942,,,,failed,1,0,UNKNOWN,Cannot read properties of undefined (reading 'address'),
pilot_1790499507788,transfer_N1000_c3,0,2026-09-27T10:31:18.032Z,zkSyncTestnet,300,sepolia.era.zksync.dev,transfer,1000,3,,,5571220.120083,5571220.224542,0.10445900075137615,,,,failed,1,0,UNKNOWN,Cannot read properties of undefined (reading 'address'),
pilot_1790499507788,transfer_N1000_c3,0,2026-09-27T10:31:18.032Z,zkSyncTestnet,300,sepolia.era.zksync.dev,transfer,1000,3,,,5571220.155542,5571220.234708,0.07916599977761507,,,,failed,1,0,UNKNOWN,Cannot read properties of undefined (reading 'address'),
pilot_1790499507788,transfer_N1000_c3,0,2026-09-27T10:31:18.032Z,zkSyncTestnet,300,sepolia.era.zksync.dev,transfer,1000,3,,,5571220.189542,5571220.241167,0.05162499938160181,,,,failed,1,0,UNKNOWN,Cannot read properties of undefined (reading 'address'),
pilot_1790499507788,transfer_N1000_c3,0,2026-09-27T10:31:18.032Z,zkSyncTestnet,300,sepolia.era.zksync.dev,transfer,1000,3,,,5571220.245833,5571220.350458,0.10462499968707561,,,,failed,1,0,UNKNOWN,Cannot read properties of undefined (reading 'address'),
pilot_1790499507788,transfer_N1000_c3,0,2026-09-27T10:31:18.032Z,zkSyncTestnet,300,sepolia.era.zksync.dev,transfer,1000,3,,,5571220.281625,5571220.357875,0.0762499999254942,,,,failed,1,0,UNKNOWN,Cannot read properties of undefined (reading 'address'),
pilot_1790499507788,transfer_N1000_c3,0,2026-09-27T10:31:18.032Z,zkSyncTestnet,300,sepolia.era.zksync.dev,transfer,1000,3,,,5571220.315708,5571220.363375,0.04766699951142073,,,,failed,1,0,UNKNOWN,Cannot read properties of undefined (reading 'address'),
pilot_1790499507788,transfer_N1000_c3,0,2026-09-27T10:31:18.033Z,zkSyncTestnet,300,sepolia.era.zksync.dev,transfer,1000,3,,,5571220.367875,5571220.472333,0.10445799957960844,,,,failed,1,0,UNKNOWN,Cannot read properties of undefined (reading 'address'),
pilot_1790499507788,transfer_N1000_c3,0,2026-09-27T10:31:18.033Z,zkSyncTestnet,300,sepolia.era.zksync.dev,transfer,1000,3,,,5571220.403292,5571220.479917,0.07662499975413084,,,,failed,1,0,UNKNOWN,Cannot read properties of undefined (reading 'address'),
pilot_1790499507788,transfer_N1000_c3,0,2026-09-27T10:31:18.033Z,zkSyncTestnet,300,sepolia.era.zksync.dev,transfer,1000,3,,,5571220.437625,5571220.485417,0.04779199976474047,,,,failed,1,0,UNKNOWN,Cannot read properties of undefined (reading 'address'),
pilot_1790499507788,transfer_N1000_c3,0,2026-09-27T10:31:18.033Z,zkSyncTestnet,300,sepolia.era.zksync.dev,transfer,1000,3,,,5571220.490042,5571220.594958,0.10491599980741739,,,,failed,1,0,UNKNOWN,Cannot read properties of undefined (reading 'address'),
pilot_1790499507788,transfer_N1000_c3,0,2026-09-27T10:31:18.033Z,zkSyncTestnet,300,sepolia.era.zksync.dev,transfer,1000,3,,,5571220.525542,5571220.602375,0.07683299947530031,,,,failed,1,0,UNKNOWN,Cannot read properties of undefined (reading 'address'),
pilot_1790499507788,transfer_N1000_c3,0,2026-09-27T10:31:18.033Z,zkSyncTestnet,300,sepolia.era.zksync.dev,transfer,1000,3,,,5571220.560042,5571220.619958,0.0599159998819232,,,,failed,1,0,UNKNOWN,Cannot read properties of undefined (reading 'address'),
pilot_1790499507788,transfer_N1000_c3,0,2026-09-27T10:31:18.033Z,zkSyncTestnet,300,sepolia.era.zksync.dev,transfer,1000,3,,,5571220.625292,5571220.730875,0.10558299999684095,,,,failed,1,0,UNKNOWN,Cannot read properties of undefined (reading 'address'),
pilot_1790499507788,transfer_N1000_c3,0,2026-09-27T10:31:18.033Z,zkSyncTestnet,300,sepolia.era.zksync.dev,transfer,1000,3,,,5571220.661542,5571220.738333,0.07679099962115288,,,,failed,1,0,UNKNOWN,Cannot read properties of undefined (reading 'address'),
pilot_1790499507788,transfer_N1000_c3,0,2026-09-27T10:31:18.033Z,zkSyncTestnet,300,sepolia.era.zksync.dev,transfer,1000,3,,,5571220.695833,5571220.744333,0.048499999567866325,,,,failed,1,0,UNKNOWN,Cannot read properties of undefined (reading 'address'),
pilot_1790499507788,transfer_N1000_c3,0,2026-09-27T10:31:18.033Z,zkSyncTestnet,300,sepolia.era.zksync.dev,transfer,1000,3,,,5571220.749042,5571220.854333,0.10529100056737661,,,,failed,1,0,UNKNOWN,Cannot read properties of undefined (reading 'address'),
pilot_1790499507788,transfer_N1000_c3,0,2026-09-27T10:31:18.033Z,zkSyncTestnet,300,sepolia.era.zksync.dev,transfer,1000,3,,,5571220.784917,5571220.861875,0.07695800065994263,,,,failed,1,0,UNKNOWN,Cannot read properties of undefined (reading 'address'),
pilot_1790499507788,transfer_N1000_c3,0,2026-09-27T10:31:18.033Z,zkSyncTestnet,300,sepolia.era.zksync.dev,transfer,1000,3,,,5571220.81925,5571220.867375,0.048125000670552254,,,,failed,1,0,UNKNOWN,Cannot read properties of undefined (reading 'address'),
pilot_1790499507788,transfer_N1000_c3,0,2026-09-27T10:31:18.033Z,zkSyncTestnet,300,sepolia.era.zksync.dev,transfer,1000,3,,,5571220.872,5571220.976958,0.10495799966156483,,,,failed,1,0,UNKNOWN,Cannot read properties of undefined (reading 'address'),
pilot_1790499507788,transfer_N1000_c3,0,2026-09-27T10:31:18.033Z,zkSyncTestnet,300,sepolia.era.zksync.dev,transfer,1000,3,,,5571220.907333,5571220.984667,0.07733400072902441,,,,failed,1,0,UNKNOWN,Cannot read properties of undefined (reading 'address'),
pilot_1790499507788,transfer_N1000_c3,0,2026-09-27T10:31:18.033Z,zkSyncTestnet,300,sepolia.era.zksync.dev,transfer,1000,3,,,5571220.941875,5571220.991125,0.04925000015646219,,,,failed,1,0,UNKNOWN,Cannot read properties of undefined (reading 'address'),
pilot_1790499507788,transfer_N1000_c3,0,2026-09-27T10:31:18.033Z,zkSyncTestnet,300,sepolia.era.zksync.dev,transfer,1000,3,,,5571220.99575,5571221.100667,0.10491700004786253,,,,failed,1,0,UNKNOWN,Cannot read properties of undefined (reading 'address'),
pilot_1790499507788,transfer_N1000_c3,0,2026-09-27T10:31:18.033Z,zkSyncTestnet,300,sepolia.era.zksync.dev,transfer,1000,3,,,5571221.031625,5571221.108125,0.07650000043213367,,,,failed,1,0,UNKNOWN,Cannot read properties of undefined (reading 'address'),
pilot_1790499507788,transfer_N1000_c3,0,2026-09-27T10:31:18.033Z,zkSyncTestnet,300,sepolia.era.zksync.dev,transfer,1000,3,,,5571221.065833,5571221.1135,0.0476670004427433,,,,failed,1,0,UNKNOWN,Cannot read properties of undefined (reading 'address'),
pilot_1790499507788,transfer_N1000_c3,0,2026-09-27T10:31:18.033Z,zkSyncTestnet,300,sepolia.era.zksync.dev,transfer,1000,3,,,5571221.118083,5571221.222792,0.10470899939537048,,,,failed,1,0,UNKNOWN,Cannot read properties of undefined (reading 'address'),
pilot_1790499507788,transfer_N1000_c3,0,2026-09-27T10:31:18.033Z,zkSyncTestnet,300,sepolia.era.zksync.dev,transfer,1000,3,,,5571221.153708,5571221.230417,0.07670900039374828,,,,failed,1,0,UNKNOWN,Cannot read properties of undefined (reading 'address'),
pilot_1790499507788,transfer_N1000_c3,0,2026-09-27T10:31:18.033Z,zkSyncTestnet,300,sepolia.era.zksync.dev,transfer,1000,3,,,5571221.187833,5571221.235958,0.04812499973922968,,,,failed,1,0,UNKNOWN,Cannot read properties of undefined (reading 'address'),
pilot_1790499507788,transfer_N1000_c3,0,2026-09-27T10:31:18.033Z,zkSyncTestnet,300,sepolia.era.zksync.dev,transfer,1000,3,,,5571221.240542,5571221.345167,0.10462499968707561,,,,failed,1,0,UNKNOWN,Cannot read properties of undefined (reading 'address'),
pilot_1790499507788,transfer_N1000_c3,0,2026-09-27T10:31:18.033Z,zkSyncTestnet,300,sepolia.era.zksync.dev,transfer,1000,3,,,5571221.276042,5571221.35275,0.07670799922198057,,,,failed,1,0,UNKNOWN,Cannot read properties of undefined (reading 'address'),
pilot_1790499507788,transfer_N1000_c3,0,2026-09-27T10:31:18.033Z,zkSyncTestnet,300,sepolia.era.zksync.dev,transfer,1000,3,,,5571221.31025,5571221.36425,0.053999999538064,,,,failed,1,0,UNKNOWN,Cannot read properties of undefined (reading 'address'),
pilot_1790499507788,transfer_N1000_c3,0,2026-09-27T10:31:18.034Z,zkSyncTestnet,300,sepolia.era.zksync.dev,transfer,1000,3,,,5571221.3695,5571221.474958,0.10545799974352121,,,,failed,1,0,UNKNOWN,Cannot read properties of undefined (reading 'address'),
pilot_1790499507788,transfer_N1000_c3,0,2026-09-27T10:31:18.034Z,zkSyncTestnet,300,sepolia.era.zksync.dev,transfer,1000,3,,,5571221.405542,5571221.4825,0.07695799972862005,,,,failed,1,0,UNKNOWN,Cannot read properties of undefined (reading 'address'),
pilot_1790499507788,transfer_N1000_c3,0,2026-09-27T10:31:18.034Z,zkSyncTestnet,300,sepolia.era.zksync.dev,transfer,1000,3,,,5571221.439833,5571221.488,0.04816699959337711,,,,failed,1,0,UNKNOWN,Cannot read properties of undefined (reading 'address'),
pilot_1790499507788,transfer_N1000_c3,0,2026-09-27T10:31:18.034Z,zkSyncTestnet,300,sepolia.era.zksync.dev,transfer,1000,3,,,5571221.492542,5571221.597917,0.10537500027567148,,,,failed,1,0,UNKNOWN,Cannot read properties of undefined (reading 'address'),
pilot_1790499507788,transfer_N1000_c3,0,2026-09-27T10:31:18.034Z,zkSyncTestnet,300,sepolia.era.zksync.dev,transfer,1000,3,,,5571221.528083,5571221.6055,0.07741699926555157,,,,failed,1,0,UNKNOWN,Cannot read properties of undefined (reading 'address'),
pilot_1790499507788,transfer_N1000_c3,0,2026-09-27T10:31:18.034Z,zkSyncTestnet,300,sepolia.era.zksync.dev,transfer,1000,3,,,5571221.562292,5571221.611083,0.0487909996882081,,,,failed,1,0,UNKNOWN,Cannot read properties of undefined (reading 'address'),
pilot_1790499507788,transfer_N1000_c3,0,2026-09-27T10:31:18.034Z,zkSyncTestnet,300,sepolia.era.zksync.dev,transfer,1000,3,,,5571221.615708,5571221.721,0.10529199987649918,,,,failed,1,0,UNKNOWN,Cannot read properties of undefined (reading 'address'),
pilot_1790499507788,transfer_N1000_c3,0,2026-09-27T10:31:18.034Z,zkSyncTestnet,300,sepolia.era.zksync.dev,transfer,1000,3,,,5571221.651333,5571221.728583,0.07725000008940697,,,,failed,1,0,UNKNOWN,Cannot read properties of undefined (reading 'address'),
pilot_1790499507788,transfer_N1000_c3,0,2026-09-27T10:31:18.034Z,zkSyncTestnet,300,sepolia.era.zksync.dev,transfer,1000,3,,,5571221.685542,5571221.735083,0.049540999345481396,,,,failed,1,0,UNKNOWN,Cannot read properties of undefined (reading 'address'),
pilot_1790499507788,transfer_N1000_c3,0,2026-09-27T10:31:18.034Z,zkSyncTestnet,300,sepolia.era.zksync.dev,transfer,1000,3,,,5571221.739833,5571221.845167,0.10533399973064661,,,,failed,1,0,UNKNOWN,Cannot read properties of undefined (reading 'address'),
pilot_1790499507788,transfer_N1000_c3,0,2026-09-27T10:31:18.034Z,zkSyncTestnet,300,sepolia.era.zksync.dev,transfer,1000,3,,,5571221.775375,5571221.852625,0.07725000008940697,,,,failed,1,0,UNKNOWN,Cannot read properties of undefined (reading 'address'),
pilot_1790499507788,transfer_N1000_c3,0,2026-09-27T10:31:18.034Z,zkSyncTestnet,300,sepolia.era.zksync.dev,transfer,1000,3,,,5571221.810125,5571221.85825,0.04812499973922968,,,,failed,1,0,UNKNOWN,Cannot read properties of undefined (reading 'address'),
pilot_1790499507788,transfer_N1000_c3,0,2026-09-27T10:31:18.034Z,zkSyncTestnet,300,sepolia.era.zksync.dev,transfer,1000,3,,,5571221.862833,5571221.967333,0.10450000036507845,,,,failed,1,0,UNKNOWN,Cannot read properties of undefined (reading 'address'),
pilot_1790499507788,transfer_N1000_c3,0,2026-09-27T10:31:18.034Z,zkSyncTestnet,300,sepolia.era.zksync.dev,transfer,1000,3,,,5571221.898083,5571221.974833,0.07675000000745058,,,,failed,1,0,UNKNOWN,Cannot read properties of undefined (reading 'address'),
pilot_1790499507788,transfer_N1000_c3,0,2026-09-27T10:31:18.034Z,zkSyncTestnet,300,sepolia.era.zksync.dev,transfer,1000,3,,,5571221.932583,5571221.980292,0.047709000296890736,,,,failed,1,0,UNKNOWN,Cannot read properties of undefined (reading 'address'),
pilot_1790499507788,transfer_N1000_c3,0,2026-09-27T10:31:18.034Z,zkSyncTestnet,300,sepolia.era.zksync.dev,transfer,1000,3,,,5571221.984833,5571222.089542,0.10470899939537048,,,,failed,1,0,UNKNOWN,Cannot read properties of undefined (reading 'address'),
pilot_1790499507788,transfer_N1000_c3,0,2026-09-27T10:31:18.034Z,zkSyncTestnet,300,sepolia.era.zksync.dev,transfer,1000,3,,,5571222.020417,5571222.097042,0.07662499975413084,,,,failed,1,0,UNKNOWN,Cannot read properties of undefined (reading 'address'),
pilot_1790499507788,transfer_N1000_c3,0,2026-09-27T10:31:18.034Z,zkSyncTestnet,300,sepolia.era.zksync.dev,transfer,1000,3,,,5571222.054542,5571222.114958,0.060415999963879585,,,,failed,1,0,UNKNOWN,Cannot read properties of undefined (reading 'address'),
pilot_1790499507788,transfer_N1000_c3,0,2026-09-27T10:31:18.034Z,zkSyncTestnet,300,sepolia.era.zksync.dev,transfer,1000,3,,,5571222.120333,5571222.23575,0.1154169999063015,,,,failed,1,0,UNKNOWN,Cannot read properties of undefined (reading 'address'),
pilot_1790499507788,transfer_N1000_c3,0,2026-09-27T10:31:18.034Z,zkSyncTestnet,300,sepolia.era.zksync.dev,transfer,1000,3,,,5571222.15675,5571222.243458,0.08670799992978573,,,,failed,1,0,UNKNOWN,Cannot read properties of undefined (reading 'address'),
pilot_1790499507788,transfer_N1000_c3,0,2026-09-27T10:31:18.034Z,zkSyncTestnet,300,sepolia.era.zksync.dev,transfer,1000,3,,,5571222.191417,5571222.248875,0.0574579993262887,,,,failed,1,0,UNKNOWN,Cannot read properties of undefined (reading 'address'),
pilot_1790499507788,transfer_N1000_c3,0,2026-09-27T10:31:18.034Z,zkSyncTestnet,300,sepolia.era.zksync.dev,transfer,1000,3,,,5571222.253458,5571222.358625,0.10516700055450201,,,,failed,1,0,UNKNOWN,Cannot read properties of undefined (reading 'address'),
pilot_1790499507788,transfer_N1000_c3,0,2026-09-27T10:31:18.034Z,zkSyncTestnet,300,sepolia.era.zksync.dev,transfer,1000,3,,,5571222.289458,5571222.366208,0.07675000000745058,,,,failed,1,0,UNKNOWN,Cannot read properties of undefined (reading 'address'),
pilot_1790499507788,transfer_N1000_c3,0,2026-09-27T10:31:18.034Z,zkSyncTestnet,300,sepolia.era.zksync.dev,transfer,1000,3,,,5571222.323875,5571222.371583,0.0477080000564456,,,,failed,1,0,UNKNOWN,Cannot read properties of undefined (reading 'address'),
pilot_1790499507788,transfer_N1000_c3,0,2026-09-27T10:31:18.035Z,zkSyncTestnet,300,sepolia.era.zksync.dev,transfer,1000,3,,,5571222.376125,5571222.481708,0.10558299999684095,,,,failed,1,0,UNKNOWN,Cannot read properties of undefined (reading 'address'),
pilot_1790499507788,transfer_N1000_c3,0,2026-09-27T10:31:18.035Z,zkSyncTestnet,300,sepolia.era.zksync.dev,transfer,1000,3,,,5571222.411583,5571222.48925,0.07766699977219105,,,,failed,1,0,UNKNOWN,Cannot read properties of undefined (reading 'address'),
pilot_1790499507788,transfer_N1000_c3,0,2026-09-27T10:31:18.035Z,zkSyncTestnet,300,sepolia.era.zksync.dev,transfer,1000,3,,,5571222.44675,5571222.495708,0.04895799979567528,,,,failed,1,0,UNKNOWN,Cannot read properties of undefined (reading 'address'),
pilot_1790499507788,transfer_N1000_c3,0,2026-09-27T10:31:18.035Z,zkSyncTestnet,300,sepolia.era.zksync.dev,transfer,1000,3,,,5571222.500458,5571222.605917,0.10545899998396635,,,,failed,1,0,UNKNOWN,Cannot read properties of undefined (reading 'address'),
pilot_1790499507788,transfer_N1000_c3,0,2026-09-27T10:31:18.035Z,zkSyncTestnet,300,sepolia.era.zksync.dev,transfer,1000,3,,,5571222.536042,5571222.613417,0.07737499941140413,,,,failed,1,0,UNKNOWN,Cannot read properties of undefined (reading 'address'),
pilot_1790499507788,transfer_N1000_c3,0,2026-09-27T10:31:18.035Z,zkSyncTestnet,300,sepolia.era.zksync.dev,transfer,1000,3,,,5571222.570625,5571222.618833,0.048208000138401985,,,,failed,1,0,UNKNOWN,Cannot read properties of undefined (reading 'address'),
pilot_1790499507788,transfer_N1000_c3,0,2026-09-27T10:31:18.035Z,zkSyncTestnet,300,sepolia.era.zksync.dev,transfer,1000,3,,,5571222.62375,5571222.728542,0.10479199979454279,,,,failed,1,0,UNKNOWN,Cannot read properties of undefined (reading 'address'),
pilot_1790499507788,transfer_N1000_c3,0,2026-09-27T10:31:18.035Z,zkSyncTestnet,300,sepolia.era.zksync.dev,transfer,1000,3,,,5571222.659292,5571222.736125,0.07683299947530031,,,,failed,1,0,UNKNOWN,Cannot read properties of undefined (reading 'address'),
pilot_1790499507788,transfer_N1000_c3,0,2026-09-27T10:31:18.035Z,zkSyncTestnet,300,sepolia.era.zksync.dev,transfer,1000,3,,,5571222.693625,5571222.741583,0.047957999631762505,,,,failed,1,0,UNKNOWN,Cannot read properties of undefined (reading 'address'),
pilot_1790499507788,transfer_N1000_c3,0,2026-09-27T10:31:18.035Z,zkSyncTestnet,300,sepolia.era.zksync.dev,transfer,1000,3,,,5571222.746208,5571222.85125,0.10504200030118227,,,,failed,1,0,UNKNOWN,Cannot read properties of undefined (reading 'address'),
pilot_1790499507788,transfer_N1000_c3,0,2026-09-27T10:31:18.035Z,zkSyncTestnet,300,sepolia.era.zksync.dev,transfer,1000,3,,,5571222.781667,5571222.858708,0.07704100012779236,,,,failed,1,0,UNKNOWN,Cannot read properties of undefined (reading 'address'),
pilot_1790499507788,transfer_N1000_c3,0,2026-09-27T10:31:18.035Z,zkSyncTestnet,300,sepolia.era.zksync.dev,transfer,1000,3,,,5571222.81625,5571222.872167,0.05591699946671724,,,,failed,1,0,UNKNOWN,Cannot read properties of undefined (reading 'address'),
pilot_1790499507788,transfer_N1000_c3,0,2026-09-27T10:31:18.035Z,zkSyncTestnet,300,sepolia.era.zksync.dev,transfer,1000,3,,,5571222.877417,5571222.983167,0.10575000010430813,,,,failed,1,0,UNKNOWN,Cannot read properties of undefined (reading 'address'),
pilot_1790499507788,transfer_N1000_c3,0,2026-09-27T10:31:18.035Z,zkSyncTestnet,300,sepolia.era.zksync.dev,transfer,1000,3,,,5571222.913583,5571222.990667,0.07708400022238493,,,,failed,1,0,UNKNOWN,Cannot read properties of undefined (reading 'address'),
pilot_1790499507788,transfer_N1000_c3,0,2026-09-27T10:31:18.035Z,zkSyncTestnet,300,sepolia.era.zksync.dev,transfer,1000,3,,,5571222.947708,5571222.996208,0.048499999567866325,,,,failed,1,0,UNKNOWN,Cannot read properties of undefined (reading 'address'),
pilot_1790499507788,transfer_N1000_c3,0,2026-09-27T10:31:18.035Z,zkSyncTestnet,300,sepolia.era.zksync.dev,transfer,1000,3,,,5571223.000875,5571223.105833,0.10495799966156483,,,,failed,1,0,UNKNOWN,Cannot read properties of undefined (reading 'address'),
pilot_1790499507788,transfer_N1000_c3,0,2026-09-27T10:31:18.035Z,zkSyncTestnet,300,sepolia.era.zksync.dev,transfer,1000,3,,,5571223.036625,5571223.113375,0.07675000000745058,,,,failed,1,0,UNKNOWN,Cannot read properties of undefined (reading 'address'),
pilot_1790499507788,transfer_N1000_c3,0,2026-09-27T10:31:18.035Z,zkSyncTestnet,300,sepolia.era.zksync.dev,transfer,1000,3,,,5571223.071042,5571223.118833,0.04779099952429533,,,,failed,1,0,UNKNOWN,Cannot read properties of undefined (reading 'address'),
pilot_1790499507788,transfer_N1000_c3,0,2026-09-27T10:31:18.035Z,zkSyncTestnet,300,sepolia.era.zksync.dev,transfer,1000,3,,,5571223.123417,5571223.228458,0.10504100006073713,,,,failed,1,0,UNKNOWN,Cannot read properties of undefined (reading 'address'),
pilot_1790499507788,transfer_N1000_c3,0,2026-09-27T10:31:18.035Z,zkSyncTestnet,300,sepolia.era.zksync.dev,transfer,1000,3,,,5571223.158708,5571223.23975,0.08104200009256601,,,,failed,1,0,UNKNOWN,Cannot read properties of undefined (reading 'address'),
pilot_1790499507788,transfer_N1000_c3,0,2026-09-27T10:31:18.035Z,zkSyncTestnet,300,sepolia.era.zksync.dev,transfer,1000,3,,,5571223.19325,5571223.247,0.05375000089406967,,,,failed,1,0,UNKNOWN,Cannot read properties of undefined (reading 'address'),
pilot_1790499507788,transfer_N1000_c3,0,2026-09-27T10:31:18.035Z,zkSyncTestnet,300,sepolia.era.zksync.dev,transfer,1000,3,,,5571223.251667,5571223.358208,0.10654099937528372,,,,failed,1,0,UNKNOWN,Cannot read properties of undefined (reading 'address'),
pilot_1790499507788,transfer_N1000_c3,0,2026-09-27T10:31:18.035Z,zkSyncTestnet,300,sepolia.era.zksync.dev,transfer,1000,3,,,5571223.288292,5571223.365792,0.07749999966472387,,,,failed,1,0,UNKNOWN,Cannot read properties of undefined (reading 'address'),
pilot_1790499507788,transfer_N1000_c3,0,2026-09-27T10:31:18.035Z,zkSyncTestnet,300,sepolia.era.zksync.dev,transfer,1000,3,,,5571223.322833,5571223.371292,0.04845899995416403,,,,failed,1,0,UNKNOWN,Cannot read properties of undefined (reading 'address'),
pilot_1790499507788,transfer_N1000_c3,0,2026-09-27T10:31:18.036Z,zkSyncTestnet,300,sepolia.era.zksync.dev,transfer,1000,3,,,5571223.375875,5571223.480917,0.10504200030118227,,,,failed,1,0,UNKNOWN,Cannot read properties of undefined (reading 'address'),
pilot_1790499507788,transfer_N1000_c3,0,2026-09-27T10:31:18.036Z,zkSyncTestnet,300,sepolia.era.zksync.dev,transfer,1000,3,,,5571223.411667,5571223.488458,0.07679100055247545,,,,failed,1,0,UNKNOWN,Cannot read properties of undefined (reading 'address'),
pilot_1790499507788,transfer_N1000_c3,0,2026-09-27T10:31:18.036Z,zkSyncTestnet,300,sepolia.era.zksync.dev,transfer,1000,3,,,5571223.445958,5571223.494042,0.04808400012552738,,,,failed,1,0,UNKNOWN,Cannot read properties of undefined (reading 'address'),
pilot_1790499507788,transfer_N1000_c3,0,2026-09-27T10:31:18.036Z,zkSyncTestnet,300,sepolia.era.zksync.dev,transfer,1000,3,,,5571223.498625,5571223.604083,0.10545799974352121,,,,failed,1,0,UNKNOWN,Cannot read properties of undefined (reading 'address'),
pilot_1790499507788,transfer_N1000_c3,0,2026-09-27T10:31:18.036Z,zkSyncTestnet,300,sepolia.era.zksync.dev,transfer,1000,3,,,5571223.534417,5571223.61175,0.07733300048857927,,,,failed,1,0,UNKNOWN,Cannot read properties of undefined (reading 'address'),
pilot_1790499507788,transfer_N1000_c3,0,2026-09-27T10:31:18.036Z,zkSyncTestnet,300,sepolia.era.zksync.dev,transfer,1000,3,,,5571223.569083,5571223.62625,0.0571670001372695,,,,failed,1,0,UNKNOWN,Cannot read properties of undefined (reading 'address'),
pilot_1790499507788,transfer_N1000_c3,0,2026-09-27T10:31:18.036Z,zkSyncTestnet,300,sepolia.era.zksync.dev,transfer,1000,3,,,5571223.631542,5571223.731625,0.10008300002664328,,,,failed,1,0,UNKNOWN,Cannot read properties of undefined (reading 'address'),
pilot_1790499507788,transfer_N1000_c3,0,2026-09-27T10:31:18.036Z,zkSyncTestnet,300,sepolia.era.zksync.dev,transfer,1000,3,,,5571223.66725,5571223.73875,0.07149999961256981,,,,failed,1,0,UNKNOWN,Cannot read properties of undefined (reading 'address'),
pilot_1790499507788,transfer_N1000_c3,0,2026-09-27T10:31:18.036Z,zkSyncTestnet,300,sepolia.era.zksync.dev,transfer,1000,3,,,5571223.69825,5571223.743833,0.04558299947530031,,,,failed,1,0,UNKNOWN,Cannot read properties of undefined (reading 'address'),
pilot_1790499507788,transfer_N1000_c3,0,2026-09-27T10:31:18.036Z,zkSyncTestnet,300,sepolia.era.zksync.dev,transfer,1000,3,,,5571223.747958,5571223.842958,0.09499999973922968,,,,failed,1,0,UNKNOWN,Cannot read properties of undefined (reading 'address'),
pilot_1790499507788,transfer_N1000_c3,0,2026-09-27T10:31:18.036Z,zkSyncTestnet,300,sepolia.era.zksync.dev,transfer,1000,3,,,5571223.780042,5571223.849917,0.06987500004470348,,,,failed,1,0,UNKNOWN,Cannot read properties of undefined (reading 'address'),
pilot_1790499507788,transfer_N1000_c3,0,2026-09-27T10:31:18.036Z,zkSyncTestnet,300,sepolia.era.zksync.dev,transfer,1000,3,,,5571223.810875,5571223.854875,0.04399999976158142,,,,failed,1,0,UNKNOWN,Cannot read properties of undefined (reading 'address'),
pilot_1790499507788,transfer_N1000_c3,0,2026-09-27T10:31:18.036Z,zkSyncTestnet,300,sepolia.era.zksync.dev,transfer,1000,3,,,5571223.85925,5571223.9535,0.09425000008195639,,,,failed,1,0,UNKNOWN,Cannot read properties of undefined (reading 'address'),
pilot_1790499507788,transfer_N1000_c3,0,2026-09-27T10:31:18.036Z,zkSyncTestnet,300,sepolia.era.zksync.dev,transfer,1000,3,,,5571223.89125,5571223.960292,0.06904199998825788,,,,failed,1,0,UNKNOWN,Cannot read properties of undefined (reading 'address'),
pilot_1790499507788,transfer_N1000_c3,0,2026-09-27T10:31:18.036Z,zkSyncTestnet,300,sepolia.era.zksync.dev,transfer,1000,3,,,5571223.922042,5571223.966208,0.04416599962860346,,,,failed,1,0,UNKNOWN,Cannot read properties of undefined (reading 'address'),
pilot_1790499507788,transfer_N1000_c3,0,2026-09-27T10:31:18.036Z,zkSyncTestnet,300,sepolia.era.zksync.dev,transfer,1000,3,,,5571223.9705,5571224.065333,0.09483300056308508,,,,failed,1,0,UNKNOWN,Cannot read properties of undefined (reading 'address'),
pilot_1790499507788,transfer_N1000_c3,0,2026-09-27T10:31:18.036Z,zkSyncTestnet,300,sepolia.era.zksync.dev,transfer,1000,3,,,5571224.002542,5571224.072125,0.06958299968391657,,,,failed,1,0,UNKNOWN,Cannot read properties of undefined (reading 'address'),
pilot_1790499507788,transfer_N1000_c3,0,2026-09-27T10:31:18.036Z,zkSyncTestnet,300,sepolia.era.zksync.dev,transfer,1000,3,,,5571224.033708,5571224.076958,0.04325000010430813,,,,failed,1,0,UNKNOWN,Cannot read properties of undefined (reading 'address'),
pilot_1790499507788,transfer_N1000_c3,0,2026-09-27T10:31:18.036Z,zkSyncTestnet,300,sepolia.era.zksync.dev,transfer,1000,3,,,5571224.081083,5571224.176375,0.0952920001000166,,,,failed,1,0,UNKNOWN,Cannot read properties of undefined (reading 'address'),
pilot_1790499507788,transfer_N1000_c3,0,2026-09-27T10:31:18.036Z,zkSyncTestnet,300,sepolia.era.zksync.dev,transfer,1000,3,,,5571224.113958,5571224.183375,0.06941699981689453,,,,failed,1,0,UNKNOWN,Cannot read properties of undefined (reading 'address'),
pilot_1790499507788,transfer_N1000_c3,0,2026-09-27T10:31:18.036Z,zkSyncTestnet,300,sepolia.era.zksync.dev,transfer,1000,3,,,5571224.144792,5571224.188333,0.043541000224649906,,,,failed,1,0,UNKNOWN,Cannot read properties of undefined (reading 'address'),
pilot_1790499507788,transfer_N1000_c3,0,2026-09-27T10:31:18.036Z,zkSyncTestnet,300,sepolia.era.zksync.dev,transfer,1000,3,,,5571224.192542,5571224.286792,0.09425000008195639,,,,failed,1,0,UNKNOWN,Cannot read properties of undefined (reading 'address'),
pilot_1790499507788,transfer_N1000_c3,0,2026-09-27T10:31:18.036Z,zkSyncTestnet,300,sepolia.era.zksync.dev,transfer,1000,3,,,5571224.224458,5571224.2935,0.06904199998825788,,,,failed,1,0,UNKNOWN,Cannot read properties of undefined (reading 'address'),
pilot_1790499507788,transfer_N1000_c3,0,2026-09-27T10:31:18.036Z,zkSyncTestnet,300,sepolia.era.zksync.dev,transfer,1000,3,,,5571224.255333,5571224.303917,0.04858400020748377,,,,failed,1,0,UNKNOWN,Cannot read properties of undefined (reading 'address'),
pilot_1790499507788,transfer_N1000_c3,0,2026-09-27T10:31:18.037Z,zkSyncTestnet,300,sepolia.era.zksync.dev,transfer,1000,3,,,5571224.308625,5571224.40375,0.09512499999254942,,,,failed,1,0,UNKNOWN,Cannot read properties of undefined (reading 'address'),
pilot_1790499507788,transfer_N1000_c3,0,2026-09-27T10:31:18.037Z,zkSyncTestnet,300,sepolia.era.zksync.dev,transfer,1000,3,,,5571224.341292,5571224.4105,0.06920799985527992,,,,failed,1,0,UNKNOWN,Cannot read properties of undefined (reading 'address'),
pilot_1790499507788,transfer_N1000_c3,0,2026-09-27T10:31:18.037Z,zkSyncTestnet,300,sepolia.era.zksync.dev,transfer,1000,3,,,5571224.372292,5571224.415417,0.04312499985098839,,,,failed,1,0,UNKNOWN,Cannot read properties of undefined (reading 'address'),
pilot_1790499507788,transfer_N1000_c3,0,2026-09-27T10:31:18.037Z,zkSyncTestnet,300,sepolia.era.zksync.dev,transfer,1000,3,,,5571224.4195,5571224.514292,0.09479200001806021,,,,failed,1,0,UNKNOWN,Cannot read properties of undefined (reading 'address'),
pilot_1790499507788,transfer_N1000_c3,0,2026-09-27T10:31:18.037Z,zkSyncTestnet,300,sepolia.era.zksync.dev,transfer,1000,3,,,5571224.451708,5571224.521083,0.0693749999627471,,,,failed,1,0,UNKNOWN,Cannot read properties of undefined (reading 'address'),
pilot_1790499507788,transfer_N1000_c3,0,2026-09-27T10:31:18.037Z,zkSyncTestnet,300,sepolia.era.zksync.dev,transfer,1000,3,,,5571224.482625,5571224.525917,0.04329199995845556,,,,failed,1,0,UNKNOWN,Cannot read properties of undefined (reading 'address'),
pilot_1790499507788,transfer_N1000_c3,0,2026-09-27T10:31:18.037Z,zkSyncTestnet,300,sepolia.era.zksync.dev,transfer,1000,3,,,5571224.530208,5571224.624667,0.094459000043571,,,,failed,1,0,UNKNOWN,Cannot read properties of undefined (reading 'address'),
pilot_1790499507788,transfer_N1000_c3,0,2026-09-27T10:31:18.037Z,zkSyncTestnet,300,sepolia.era.zksync.dev,transfer,1000,3,,,5571224.562167,5571224.631417,0.06924999970942736,,,,failed,1,0,UNKNOWN,Cannot read properties of undefined (reading 'address'),
pilot_1790499507788,transfer_N1000_c3,0,2026-09-27T10:31:18.037Z,zkSyncTestnet,300,sepolia.era.zksync.dev,transfer,1000,3,,,5571224.593292,5571224.637458,0.04416600055992603,,,,failed,1,0,UNKNOWN,Cannot read properties of undefined (reading 'address'),
pilot_1790499507788,transfer_N1000_c3,0,2026-09-27T10:31:18.037Z,zkSyncTestnet,300,sepolia.era.zksync.dev,transfer,1000,3,,,5571224.641708,5571224.73625,0.0945420004427433,,,,failed,1,0,UNKNOWN,Cannot read properties of undefined (reading 'address'),
pilot_1790499507788,transfer_N1000_c3,0,2026-09-27T10:31:18.037Z,zkSyncTestnet,300,sepolia.era.zksync.dev,transfer,1000,3,,,5571224.673917,5571224.743375,0.06945799943059683,,,,failed,1,0,UNKNOWN,Cannot read properties of undefined (reading 'address'),
pilot_1790499507788,transfer_N1000_c3,0,2026-09-27T10:31:18.037Z,zkSyncTestnet,300,sepolia.era.zksync.dev,transfer,1000,3,,,5571224.704875,5571224.748208,0.043333000503480434,,,,failed,1,0,UNKNOWN,Cannot read properties of undefined (reading 'address'),
pilot_1790499507788,transfer_N1000_c3,0,2026-09-27T10:31:18.037Z,zkSyncTestnet,300,sepolia.era.zksync.dev,transfer,1000,3,,,5571224.752375,5571224.847167,0.09479200001806021,,,,failed,1,0,UNKNOWN,Cannot read properties of undefined (reading 'address'),
pilot_1790499507788,transfer_N1000_c3,0,2026-09-27T10:31:18.037Z,zkSyncTestnet,300,sepolia.era.zksync.dev,transfer,1000,3,,,5571224.784333,5571225.039708,0.25537499971687794,,,,failed,1,0,UNKNOWN,Cannot read properties of undefined (reading 'address'),
pilot_1790499507788,transfer_N1000_c3,0,2026-09-27T10:31:18.037Z,zkSyncTestnet,300,sepolia.era.zksync.dev,transfer,1000,3,,,5571224.815333,5571225.04625,0.23091699928045273,,,,failed,1,0,UNKNOWN,Cannot read properties of undefined (reading 'address'),
pilot_1790499507788,transfer_N1000_c3,0,2026-09-27T10:31:18.037Z,zkSyncTestnet,300,sepolia.era.zksync.dev,transfer,1000,3,,,5571225.050583,5571225.147458,0.09687499981373549,,,,failed,1,0,UNKNOWN,Cannot read properties of undefined (reading 'address'),
pilot_1790499507788,transfer_N1000_c3,0,2026-09-27T10:31:18.037Z,zkSyncTestnet,300,sepolia.era.zksync.dev,transfer,1000,3,,,5571225.084667,5571225.154375,0.06970799993723631,,,,failed,1,0,UNKNOWN,Cannot read properties of undefined (reading 'address'),
pilot_1790499507788,transfer_N1000_c3,0,2026-09-27T10:31:18.037Z,zkSyncTestnet,300,sepolia.era.zksync.dev,transfer,1000,3,,,5571225.115792,5571225.162917,0.04712500050663948,,,,failed,1,0,UNKNOWN,Cannot read properties of undefined (reading 'address'),
pilot_1790499507788,transfer_N1000_c3,0,2026-09-27T10:31:18.037Z,zkSyncTestnet,300,sepolia.era.zksync.dev,transfer,1000,3,,,5571225.167542,5571225.263542,0.09599999990314245,,,,failed,1,0,UNKNOWN,Cannot read properties of undefined (reading 'address'),
pilot_1790499507788,transfer_N1000_c3,0,2026-09-27T10:31:18.037Z,zkSyncTestnet,300,sepolia.era.zksync.dev,transfer,1000,3,,,5571225.200292,5571225.270417,0.07012500055134296,,,,failed,1,0,UNKNOWN,Cannot read properties of undefined (reading 'address'),
pilot_1790499507788,transfer_N1000_c3,0,2026-09-27T10:31:18.037Z,zkSyncTestnet,300,sepolia.era.zksync.dev,transfer,1000,3,,,5571225.231917,5571225.275292,0.043374999426305294,,,,failed,1,0,UNKNOWN,Cannot read properties of undefined (reading 'address'),
pilot_1790499507788,transfer_N1000_c3,0,2026-09-27T10:31:18.037Z,zkSyncTestnet,300,sepolia.era.zksync.dev,transfer,1000,3,,,5571225.2795,5571225.374083,0.0945830000564456,,,,failed,1,0,UNKNOWN,Cannot read properties of undefined (reading 'address'),
pilot_1790499507788,transfer_N1000_c3,0,2026-09-27T10:31:18.037Z,zkSyncTestnet,300,sepolia.era.zksync.dev,transfer,1000,3,,,5571225.311542,5571225.380875,0.06933300010859966,,,,failed,1,0,UNKNOWN,Cannot read properties of undefined (reading 'address'),
pilot_1790499507788,transfer_N1000_c3,0,2026-09-27T10:31:18.037Z,zkSyncTestnet,300,sepolia.era.zksync.dev,transfer,1000,3,,,5571225.342583,5571225.385792,0.04320900049060583,,,,failed,1,0,UNKNOWN,Cannot read properties of undefined (reading 'address'),
pilot_1790499507788,transfer_N1000_c3,0,2026-09-27T10:31:18.038Z,zkSyncTestnet,300,sepolia.era.zksync.dev,transfer,1000,3,,,5571225.389917,5571225.484542,0.09462499991059303,,,,failed,1,0,UNKNOWN,Cannot read properties of undefined (reading 'address'),
pilot_1790499507788,transfer_N1000_c3,0,2026-09-27T10:31:18.038Z,zkSyncTestnet,300,sepolia.era.zksync.dev,transfer,1000,3,,,5571225.421917,5571225.491292,0.0693749999627471,,,,failed,1,0,UNKNOWN,Cannot read properties of undefined (reading 'address'),
pilot_1790499507788,transfer_N1000_c3,0,2026-09-27T10:31:18.038Z,zkSyncTestnet,300,sepolia.era.zksync.dev,transfer,1000,3,,,5571225.452792,5571225.497042,0.0442500002682209,,,,failed,1,0,UNKNOWN,Cannot read properties of undefined (reading 'address'),
pilot_1790499507788,transfer_N1000_c3,0,2026-09-27T10:31:18.038Z,zkSyncTestnet,300,sepolia.era.zksync.dev,transfer,1000,3,,,5571225.501375,5571225.596417,0.09504199959337711,,,,failed,1,0,UNKNOWN,Cannot read properties of undefined (reading 'address'),
pilot_1790499507788,transfer_N1000_c3,0,2026-09-27T10:31:18.038Z,zkSyncTestnet,300,sepolia.era.zksync.dev,transfer,1000,3,,,5571225.533833,5571225.603292,0.06945899967104197,,,,failed,1,0,UNKNOWN,Cannot read properties of undefined (reading 'address'),
pilot_1790499507788,transfer_N1000_c3,0,2026-09-27T10:31:18.038Z,zkSyncTestnet,300,sepolia.era.zksync.dev,transfer,1000,3,,,5571225.564833,5571225.608125,0.04329199995845556,,,,failed,1,0,UNKNOWN,Cannot read properties of undefined (reading 'address'),
pilot_1790499507788,transfer_N1000_c3,0,2026-09-27T10:31:18.038Z,zkSyncTestnet,300,sepolia.era.zksync.dev,transfer,1000,3,,,5571225.612292,5571225.706625,0.09433299954980612,,,,failed,1,0,UNKNOWN,Cannot read properties of undefined (reading 'address'),
pilot_1790499507788,transfer_N1000_c3,0,2026-09-27T10:31:18.038Z,zkSyncTestnet,300,sepolia.era.zksync.dev,transfer,1000,3,,,5571225.644417,5571225.713333,0.06891600042581558,,,,failed,1,0,UNKNOWN,Cannot read properties of undefined (reading 'address'),
pilot_1790499507788,transfer_N1000_c3,0,2026-09-27T10:31:18.038Z,zkSyncTestnet,300,sepolia.era.zksync.dev,transfer,1000,3,,,5571225.675208,5571225.718292,0.04308400023728609,,,,failed,1,0,UNKNOWN,Cannot read properties of undefined (reading 'address'),
pilot_1790499507788,transfer_N1000_c3,0,2026-09-27T10:31:18.038Z,zkSyncTestnet,300,sepolia.era.zksync.dev,transfer,1000,3,,,5571225.724625,5571225.819083,0.09445799980312586,,,,failed,1,0,UNKNOWN,Cannot read properties of undefined (reading 'address'),
pilot_1790499507788,transfer_N1000_c3,0,2026-09-27T10:31:18.038Z,zkSyncTestnet,300,sepolia.era.zksync.dev,transfer,1000,3,,,5571225.756583,5571225.825875,0.06929200049489737,,,,failed,1,0,UNKNOWN,Cannot read properties of undefined (reading 'address'),
pilot_1790499507788,transfer_N1000_c3,0,2026-09-27T10:31:18.038Z,zkSyncTestnet,300,sepolia.era.zksync.dev,transfer,1000,3,,,5571225.787542,5571225.834625,0.04708299972116947,,,,failed,1,0,UNKNOWN,Cannot read properties of undefined (reading 'address'),
pilot_1790499507788,transfer_N1000_c3,0,2026-09-27T10:31:18.038Z,zkSyncTestnet,300,sepolia.era.zksync.dev,transfer,1000,3,,,5571225.83925,5571225.934417,0.09516699984669685,,,,failed,1,0,UNKNOWN,Cannot read properties of undefined (reading 'address'),
pilot_1790499507788,transfer_N1000_c3,0,2026-09-27T10:31:18.038Z,zkSyncTestnet,300,sepolia.era.zksync.dev,transfer,1000,3,,,5571225.872083,5571225.941208,0.06912500038743019,,,,failed,1,0,UNKNOWN,Cannot read properties of undefined (reading 'address'),
pilot_1790499507788,transfer_N1000_c3,0,2026-09-27T10:31:18.038Z,zkSyncTestnet,300,sepolia.era.zksync.dev,transfer,1000,3,,,5571225.902958,5571225.946083,0.04312499985098839,,,,failed,1,0,UNKNOWN,Cannot read properties of undefined (reading 'address'),
pilot_1790499507788,transfer_N1000_c3,0,2026-09-27T10:31:18.038Z,zkSyncTestnet,300,sepolia.era.zksync.dev,transfer,1000,3,,,5571225.95025,5571226.045125,0.09487500041723251,,,,failed,1,0,UNKNOWN,Cannot read properties of undefined (reading 'address'),
pilot_1790499507788,transfer_N1000_c3,0,2026-09-27T10:31:18.038Z,zkSyncTestnet,300,sepolia.era.zksync.dev,transfer,1000,3,,,5571225.982792,5571226.051917,0.06912499945610762,,,,failed,1,0,UNKNOWN,Cannot read properties of undefined (reading 'address'),
pilot_1790499507788,transfer_N1000_c3,0,2026-09-27T10:31:18.038Z,zkSyncTestnet,300,sepolia.era.zksync.dev,transfer,1000,3,,,5571226.013667,5571226.056833,0.043165999464690685,,,,failed,1,0,UNKNOWN,Cannot read properties of undefined (reading 'address'),
pilot_1790499507788,transfer_N1000_c3,0,2026-09-27T10:31:18.038Z,zkSyncTestnet,300,sepolia.era.zksync.dev,transfer,1000,3,,,5571226.061,5571226.155333,0.09433300048112869,,,,failed,1,0,UNKNOWN,Cannot read properties of undefined (reading 'address'),
pilot_1790499507788,transfer_N1000_c3,0,2026-09-27T10:31:18.038Z,zkSyncTestnet,300,sepolia.era.zksync.dev,transfer,1000,3,,,5571226.092958,5571226.162083,0.06912500038743019,,,,failed,1,0,UNKNOWN,Cannot read properties of undefined (reading 'address'),
pilot_1790499507788,transfer_N1000_c3,0,2026-09-27T10:31:18.038Z,zkSyncTestnet,300,sepolia.era.zksync.dev,transfer,1000,3,,,5571226.123917,5571226.167958,0.04404099937528372,,,,failed,1,0,UNKNOWN,Cannot read properties of undefined (reading 'address'),
pilot_1790499507788,transfer_N1000_c3,0,2026-09-27T10:31:18.038Z,zkSyncTestnet,300,sepolia.era.zksync.dev,transfer,1000,3,,,5571226.17225,5571226.267,0.09475000016391277,,,,failed,1,0,UNKNOWN,Cannot read properties of undefined (reading 'address'),
pilot_1790499507788,transfer_N1000_c3,0,2026-09-27T10:31:18.038Z,zkSyncTestnet,300,sepolia.era.zksync.dev,transfer,1000,3,,,5571226.2045,5571226.273917,0.06941699981689453,,,,failed,1,0,UNKNOWN,Cannot read properties of undefined (reading 'address'),
pilot_1790499507788,transfer_N1000_c3,0,2026-09-27T10:31:18.038Z,zkSyncTestnet,300,sepolia.era.zksync.dev,transfer,1000,3,,,5571226.2355,5571226.278833,0.04333299957215786,,,,failed,1,0,UNKNOWN,Cannot read properties of undefined (reading 'address'),
pilot_1790499507788,transfer_N1000_c3,0,2026-09-27T10:31:18.038Z,zkSyncTestnet,300,sepolia.era.zksync.dev,transfer,1000,3,,,5571226.283,5571226.3775,0.09450000058859587,,,,failed,1,0,UNKNOWN,Cannot read properties of undefined (reading 'address'),
pilot_1790499507788,transfer_N1000_c3,0,2026-09-27T10:31:18.038Z,zkSyncTestnet,300,sepolia.era.zksync.dev,transfer,1000,3,,,5571226.315292,5571226.384125,0.06883300002664328,,,,failed,1,0,UNKNOWN,Cannot read properties of undefined (reading 'address'),
pilot_1790499507788,transfer_N1000_c3,0,2026-09-27T10:31:18.038Z,zkSyncTestnet,300,sepolia.era.zksync.dev,transfer,1000,3,,,5571226.346083,5571226.389042,0.04295899998396635,,,,failed,1,0,UNKNOWN,Cannot read properties of undefined (reading 'address'),
pilot_1790499507788,transfer_N1000_c3,0,2026-09-27T10:31:18.039Z,zkSyncTestnet,300,sepolia.era.zksync.dev,transfer,1000,3,,,5571226.393167,5571226.487458,0.09429099969565868,,,,failed,1,0,UNKNOWN,Cannot read properties of undefined (reading 'address'),
pilot_1790499507788,transfer_N1000_c3,0,2026-09-27T10:31:18.039Z,zkSyncTestnet,300,sepolia.era.zksync.dev,transfer,1000,3,,,5571226.425167,5571226.49425,0.06908300053328276,,,,failed,1,0,UNKNOWN,Cannot read properties of undefined (reading 'address'),
pilot_1790499507788,transfer_N1000_c3,0,2026-09-27T10:31:18.039Z,zkSyncTestnet,300,sepolia.era.zksync.dev,transfer,1000,3,,,5571226.455917,5571226.503083,0.04716600012034178,,,,failed,1,0,UNKNOWN,Cannot read properties of undefined (reading 'address'),
pilot_1790499507788,transfer_N1000_c3,0,2026-09-27T10:31:18.039Z,zkSyncTestnet,300,sepolia.era.zksync.dev,transfer,1000,3,,,5571226.507792,5571226.603125,0.09533300064504147,,,,failed,1,0,UNKNOWN,Cannot read properties of undefined (reading 'address'),
pilot_1790499507788,transfer_N1000_c3,0,2026-09-27T10:31:18.039Z,zkSyncTestnet,300,sepolia.era.zksync.dev,transfer,1000,3,,,5571226.540458,5571226.609958,0.06949999928474426,,,,failed,1,0,UNKNOWN,Cannot read properties of undefined (reading 'address'),
pilot_1790499507788,transfer_N1000_c3,0,2026-09-27T10:31:18.039Z,zkSyncTestnet,300,sepolia.era.zksync.dev,transfer,1000,3,,,5571226.571458,5571226.614833,0.04337500035762787,,,,failed,1,0,UNKNOWN,Cannot read properties of undefined (reading 'address'),
pilot_1790499507788,transfer_N1000_c3,0,2026-09-27T10:31:18.039Z,zkSyncTestnet,300,sepolia.era.zksync.dev,transfer,1000,3,,,5571226.618958,5571226.713833,0.09487499948590994,,,,failed,1,0,UNKNOWN,Cannot read properties of undefined (reading 'address'),
pilot_1790499507788,transfer_N1000_c3,0,2026-09-27T10:31:18.039Z,zkSyncTestnet,300,sepolia.era.zksync.dev,transfer,1000,3,,,5571226.651125,5571226.720625,0.06950000021606684,,,,failed,1,0,UNKNOWN,Cannot read properties of undefined (reading 'address'),
pilot_1790499507788,transfer_N1000_c3,0,2026-09-27T10:31:18.039Z,zkSyncTestnet,300,sepolia.era.zksync.dev,transfer,1000,3,,,5571226.682125,5571226.725625,0.043499999679625034,,,,failed,1,0,UNKNOWN,Cannot read properties of undefined (reading 'address'),
pilot_1790499507788,transfer_N1000_c3,0,2026-09-27T10:31:18.039Z,zkSyncTestnet,300,sepolia.era.zksync.dev,transfer,1000,3,,,5571226.729833,5571226.825333,0.09549999982118607,,,,failed,1,0,UNKNOWN,Cannot read properties of undefined (reading 'address'),
pilot_1790499507788,transfer_N1000_c3,0,2026-09-27T10:31:18.039Z,zkSyncTestnet,300,sepolia.era.zksync.dev,transfer,1000,3,,,5571226.762792,5571226.832167,0.0693749999627471,,,,failed,1,0,UNKNOWN,Cannot read properties of undefined (reading 'address'),
pilot_1790499507788,transfer_N1000_c3,0,2026-09-27T10:31:18.039Z,zkSyncTestnet,300,sepolia.era.zksync.dev,transfer,1000,3,,,5571226.79375,5571226.838042,0.044292000122368336,,,,failed,1,0,UNKNOWN,Cannot read properties of undefined (reading 'address'),
pilot_1790499507788,transfer_N1000_c3,0,2026-09-27T10:31:18.039Z,zkSyncTestnet,300,sepolia.era.zksync.dev,transfer,1000,3,,,5571226.842375,5571226.937292,0.09491700027137995,,,,failed,1,0,UNKNOWN,Cannot read properties of undefined (reading 'address'),
pilot_1790499507788,transfer_N1000_c3,0,2026-09-27T10:31:18.039Z,zkSyncTestnet,300,sepolia.era.zksync.dev,transfer,1000,3,,,5571226.875,5571226.944083,0.06908299960196018,,,,failed,1,0,UNKNOWN,Cannot read properties of undefined (reading 'address'),
pilot_1790499507788,transfer_N1000_c3,0,2026-09-27T10:31:18.039Z,zkSyncTestnet,300,sepolia.era.zksync.dev,transfer,1000,3,,,5571226.905792,5571226.949,0.043208000250160694,,,,failed,1,0,UNKNOWN,Cannot read properties of undefined (reading 'address'),
pilot_1790499507788,transfer_N1000_c3,0,2026-09-27T10:31:18.039Z,zkSyncTestnet,300,sepolia.era.zksync.dev,transfer,1000,3,,,5571226.953167,5571227.047458,0.09429099969565868,,,,failed,1,0,UNKNOWN,Cannot read properties of undefined (reading 'address'),
pilot_1790499507788,transfer_N1000_c3,0,2026-09-27T10:31:18.039Z,zkSyncTestnet,300,sepolia.era.zksync.dev,transfer,1000,3,,,5571226.985125,5571227.054208,0.06908300053328276,,,,failed,1,0,UNKNOWN,Cannot read properties of undefined (reading 'address'),
pilot_1790499507788,transfer_N1000_c3,0,2026-09-27T10:31:18.039Z,zkSyncTestnet,300,sepolia.era.zksync.dev,transfer,1000,3,,,5571227.016125,5571227.059125,0.04299999959766865,,,,failed,1,0,UNKNOWN,Cannot read properties of undefined (reading 'address'),
pilot_1790499507788,transfer_N1000_c3,0,2026-09-27T10:31:18.039Z,zkSyncTestnet,300,sepolia.era.zksync.dev,transfer,1000,3,,,5571227.063167,5571227.1575,0.09433299954980612,,,,failed,1,0,UNKNOWN,Cannot read properties of undefined (reading 'address'),
pilot_1790499507788,transfer_N1000_c3,0,2026-09-27T10:31:18.039Z,zkSyncTestnet,300,sepolia.era.zksync.dev,transfer,1000,3,,,5571227.09525,5571227.16425,0.06900000013411045,,,,failed,1,0,UNKNOWN,Cannot read properties of undefined (reading 'address'),
pilot_1790499507788,transfer_N1000_c3,0,2026-09-27T10:31:18.039Z,zkSyncTestnet,300,sepolia.era.zksync.dev,transfer,1000,3,,,5571227.125917,5571227.175958,0.05004100035876036,,,,failed,1,0,UNKNOWN,Cannot read properties of undefined (reading 'address'),
pilot_1790499507788,transfer_N1000_c3,0,2026-09-27T10:31:18.039Z,zkSyncTestnet,300,sepolia.era.zksync.dev,transfer,1000,3,,,5571227.180583,5571227.275667,0.09508399944752455,,,,failed,1,0,UNKNOWN,Cannot read properties of undefined (reading 'address'),
pilot_1790499507788,transfer_N1000_c3,0,2026-09-27T10:31:18.039Z,zkSyncTestnet,300,sepolia.era.zksync.dev,transfer,1000,3,,,5571227.213417,5571227.282417,0.06900000013411045,,,,failed,1,0,UNKNOWN,Cannot read properties of undefined (reading 'address'),
pilot_1790499507788,transfer_N1000_c3,0,2026-09-27T10:31:18.039Z,zkSyncTestnet,300,sepolia.era.zksync.dev,transfer,1000,3,,,5571227.244167,5571227.287333,0.04316600039601326,,,,failed,1,0,UNKNOWN,Cannot read properties of undefined (reading 'address'),
pilot_1790499507788,transfer_N1000_c3,0,2026-09-27T10:31:18.039Z,zkSyncTestnet,300,sepolia.era.zksync.dev,transfer,1000,3,,,5571227.291458,5571227.385958,0.09449999965727329,,,,failed,1,0,UNKNOWN,Cannot read properties of undefined (reading 'address'),
pilot_1790499507788,transfer_N1000_c3,0,2026-09-27T10:31:18.039Z,zkSyncTestnet,300,sepolia.era.zksync.dev,transfer,1000,3,,,5571227.3235,5571227.392708,0.06920799985527992,,,,failed,1,0,UNKNOWN,Cannot read properties of undefined (reading 'address'),
pilot_1790499507788,transfer_N1000_c3,0,2026-09-27T10:31:18.040Z,zkSyncTestnet,300,sepolia.era.zksync.dev,transfer,1000,3,,,5571227.354333,5571227.39775,0.04341699928045273,,,,failed,1,0,UNKNOWN,Cannot read properties of undefined (reading 'address'),
pilot_1790499507788,transfer_N1000_c3,0,2026-09-27T10:31:18.040Z,zkSyncTestnet,300,sepolia.era.zksync.dev,transfer,1000,3,,,5571227.401917,5571227.495958,0.09404100012034178,,,,failed,1,0,UNKNOWN,Cannot read properties of undefined (reading 'address'),
pilot_1790499507788,transfer_N1000_c3,0,2026-09-27T10:31:18.040Z,zkSyncTestnet,300,sepolia.era.zksync.dev,transfer,1000,3,,,5571227.434,5571227.50325,0.06924999970942736,,,,failed,1,0,UNKNOWN,Cannot read properties of undefined (reading 'address'),
pilot_1790499507788,transfer_N1000_c3,0,2026-09-27T10:31:18.040Z,zkSyncTestnet,300,sepolia.era.zksync.dev,transfer,1000,3,,,5571227.464667,5571227.509208,0.04454100038856268,,,,failed,1,0,UNKNOWN,Cannot read properties of undefined (reading 'address'),
pilot_1790499507788,transfer_N1000_c3,0,2026-09-27T10:31:18.040Z,zkSyncTestnet,300,sepolia.era.zksync.dev,transfer,1000,3,,,5571227.513917,5571227.608583,0.09466599952429533,,,,failed,1,0,UNKNOWN,Cannot read properties of undefined (reading 'address'),
pilot_1790499507788,transfer_N1000_c3,0,2026-09-27T10:31:18.040Z,zkSyncTestnet,300,sepolia.era.zksync.dev,transfer,1000,3,,,5571227.545958,5571227.615875,0.06991699989885092,,,,failed,1,0,UNKNOWN,Cannot read properties of undefined (reading 'address'),
pilot_1790499507788,transfer_N1000_c3,0,2026-09-27T10:31:18.040Z,zkSyncTestnet,300,sepolia.era.zksync.dev,transfer,1000,3,,,5571227.577,5571227.62075,0.043750000186264515,,,,failed,1,0,UNKNOWN,Cannot read properties of undefined (reading 'address'),
pilot_1790499507788,transfer_N1000_c3,0,2026-09-27T10:31:18.040Z,zkSyncTestnet,300,sepolia.era.zksync.dev,transfer,1000,3,,,5571227.625042,5571227.7195,0.09445799980312586,,,,failed,1,0,UNKNOWN,Cannot read properties of undefined (reading 'address'),
pilot_1790499507788,transfer_N1000_c3,0,2026-09-27T10:31:18.040Z,zkSyncTestnet,300,sepolia.era.zksync.dev,transfer,1000,3,,,5571227.657,5571227.726292,0.06929200049489737,,,,failed,1,0,UNKNOWN,Cannot read properties of undefined (reading 'address'),
pilot_1790499507788,transfer_N1000_c3,0,2026-09-27T10:31:18.040Z,zkSyncTestnet,300,sepolia.era.zksync.dev,transfer,1000,3,,,5571227.688042,5571227.731208,0.04316600039601326,,,,failed,1,0,UNKNOWN,Cannot read properties of undefined (reading 'address'),
pilot_1790499507788,transfer_N1000_c3,0,2026-09-27T10:31:18.040Z,zkSyncTestnet,300,sepolia.era.zksync.dev,transfer,1000,3,,,5571227.735833,5571227.830625,0.09479200001806021,,,,failed,1,0,UNKNOWN,Cannot read properties of undefined (reading 'address'),
pilot_1790499507788,transfer_N1000_c3,0,2026-09-27T10:31:18.040Z,zkSyncTestnet,300,sepolia.era.zksync.dev,transfer,1000,3,,,5571227.767875,5571227.837417,0.06954200007021427,,,,failed,1,0,UNKNOWN,Cannot read properties of undefined (reading 'address'),
pilot_1790499507788,transfer_N1000_c3,0,2026-09-27T10:31:18.040Z,zkSyncTestnet,300,sepolia.era.zksync.dev,transfer,1000,3,,,5571227.799042,5571227.846208,0.0471659991890192,,,,failed,1,0,UNKNOWN,Cannot read properties of undefined (reading 'address'),
pilot_1790499507788,transfer_N1000_c3,0,2026-09-27T10:31:18.040Z,zkSyncTestnet,300,sepolia.era.zksync.dev,transfer,1000,3,,,5571227.850875,5571227.946375,0.09550000075250864,,,,failed,1,0,UNKNOWN,Cannot read properties of undefined (reading 'address'),
pilot_1790499507788,transfer_N1000_c3,0,2026-09-27T10:31:18.040Z,zkSyncTestnet,300,sepolia.era.zksync.dev,transfer,1000,3,,,5571227.883542,5571227.953083,0.06954099982976913,,,,failed,1,0,UNKNOWN,Cannot read properties of undefined (reading 'address'),
pilot_1790499507788,transfer_N1000_c3,0,2026-09-27T10:31:18.040Z,zkSyncTestnet,300,sepolia.era.zksync.dev,transfer,1000,3,,,5571227.914583,5571227.958,0.04341699928045273,,,,failed,1,0,UNKNOWN,Cannot read properties of undefined (reading 'address'),
pilot_1790499507788,transfer_N1000_c3,0,2026-09-27T10:31:18.040Z,zkSyncTestnet,300,sepolia.era.zksync.dev,transfer,1000,3,,,5571227.962333,5571228.056958,0.09462499991059303,,,,failed,1,0,UNKNOWN,Cannot read properties of undefined (reading 'address'),
pilot_1790499507788,transfer_N1000_c3,0,2026-09-27T10:31:18.040Z,zkSyncTestnet,300,sepolia.era.zksync.dev,transfer,1000,3,,,5571227.994583,5571228.063917,0.06933399941772223,,,,failed,1,0,UNKNOWN,Cannot read properties of undefined (reading 'address'),
pilot_1790499507788,transfer_N1000_c3,0,2026-09-27T10:31:18.040Z,zkSyncTestnet,300,sepolia.era.zksync.dev,transfer,1000,3,,,5571228.025458,5571228.068792,0.04333400074392557,,,,failed,1,0,UNKNOWN,Cannot read properties of undefined (reading 'address'),
pilot_1790499507788,transfer_N1000_c3,0,2026-09-27T10:31:18.040Z,zkSyncTestnet,300,sepolia.era.zksync.dev,transfer,1000,3,,,5571228.073,5571228.167875,0.09487500041723251,,,,failed,1,0,UNKNOWN,Cannot read properties of undefined (reading 'address'),
pilot_1790499507788,transfer_N1000_c3,0,2026-09-27T10:31:18.040Z,zkSyncTestnet,300,sepolia.era.zksync.dev,transfer,1000,3,,,5571228.105125,5571228.174917,0.06979200057685375,,,,failed,1,0,UNKNOWN,Cannot read properties of undefined (reading 'address'),
pilot_1790499507788,transfer_N1000_c3,0,2026-09-27T10:31:18.040Z,zkSyncTestnet,300,sepolia.era.zksync.dev,transfer,1000,3,,,5571228.136292,5571228.18075,0.04445799998939037,,,,failed,1,0,UNKNOWN,Cannot read properties of undefined (reading 'address'),
pilot_1790499507788,transfer_N1000_c3,0,2026-09-27T10:31:18.040Z,zkSyncTestnet,300,sepolia.era.zksync.dev,transfer,1000,3,,,5571228.185,5571228.2805,0.09550000075250864,,,,failed,1,0,UNKNOWN,Cannot read properties of undefined (reading 'address'),
pilot_1790499507788,transfer_N1000_c3,0,2026-09-27T10:31:18.040Z,zkSyncTestnet,300,sepolia.era.zksync.dev,transfer,1000,3,,,5571228.217042,5571228.287333,0.070291000418365,,,,failed,1,0,UNKNOWN,Cannot read properties of undefined (reading 'address'),
pilot_1790499507788,transfer_N1000_c3,0,2026-09-27T10:31:18.040Z,zkSyncTestnet,300,sepolia.era.zksync.dev,transfer,1000,3,,,5571228.248083,5571228.292583,0.04449999984353781,,,,failed,1,0,UNKNOWN,Cannot read properties of undefined (reading 'address'),
pilot_1790499507788,transfer_N1000_c3,0,2026-09-27T10:31:18.040Z,zkSyncTestnet,300,sepolia.era.zksync.dev,transfer,1000,3,,,5571228.296667,5571228.391125,0.09445799980312586,,,,failed,1,0,UNKNOWN,Cannot read properties of undefined (reading 'address'),
pilot_1790499507788,transfer_N1000_c3,0,2026-09-27T10:31:18.041Z,zkSyncTestnet,300,sepolia.era.zksync.dev,transfer,1000,3,,,5571228.328625,5571228.397958,0.06933300010859966,,,,failed,1,0,UNKNOWN,Cannot read properties of undefined (reading 'address'),
pilot_1790499507788,transfer_N1000_c3,0,2026-09-27T10:31:18.041Z,zkSyncTestnet,300,sepolia.era.zksync.dev,transfer,1000,3,,,5571228.35975,5571228.402917,0.0431670006364584,,,,failed,1,0,UNKNOWN,Cannot read properties of undefined (reading 'address'),
pilot_1790499507788,transfer_N1000_c3,0,2026-09-27T10:31:18.041Z,zkSyncTestnet,300,sepolia.era.zksync.dev,transfer,1000,3,,,5571228.408375,5571228.502917,0.0945420004427433,,,,failed,1,0,UNKNOWN,Cannot read properties of undefined (reading 'address'),
pilot_1790499507788,transfer_N1000_c3,0,2026-09-27T10:31:18.041Z,zkSyncTestnet,300,sepolia.era.zksync.dev,transfer,1000,3,,,5571228.440417,5571228.509958,0.06954099982976913,,,,failed,1,0,UNKNOWN,Cannot read properties of undefined (reading 'address'),
pilot_1790499507788,transfer_N1000_c3,0,2026-09-27T10:31:18.041Z,zkSyncTestnet,300,sepolia.era.zksync.dev,transfer,1000,3,,,5571228.471417,5571228.518667,0.04725000075995922,,,,failed,1,0,UNKNOWN,Cannot read properties of undefined (reading 'address'),
pilot_1790499507788,transfer_N1000_c3,0,2026-09-27T10:31:18.041Z,zkSyncTestnet,300,sepolia.era.zksync.dev,transfer,1000,3,,,5571228.523292,5571228.618583,0.09529099985957146,,,,failed,1,0,UNKNOWN,Cannot read properties of undefined (reading 'address'),
pilot_1790499507788,transfer_N1000_c3,0,2026-09-27T10:31:18.041Z,zkSyncTestnet,300,sepolia.era.zksync.dev,transfer,1000,3,,,5571228.555875,5571228.625375,0.06950000021606684,,,,failed,1,0,UNKNOWN,Cannot read properties of undefined (reading 'address'),
pilot_1790499507788,transfer_N1000_c3,0,2026-09-27T10:31:18.041Z,zkSyncTestnet,300,sepolia.era.zksync.dev,transfer,1000,3,,,5571228.587,5571228.630333,0.04333299957215786,,,,failed,1,0,UNKNOWN,Cannot read properties of undefined (reading 'address'),
pilot_1790499507788,transfer_N1000_c3,0,2026-09-27T10:31:18.041Z,zkSyncTestnet,300,sepolia.era.zksync.dev,transfer,1000,3,,,5571228.634625,5571228.72925,0.09462499991059303,,,,failed,1,0,UNKNOWN,Cannot read properties of undefined (reading 'address'),
pilot_1790499507788,transfer_N1000_c3,0,2026-09-27T10:31:18.041Z,zkSyncTestnet,300,sepolia.era.zksync.dev,transfer,1000,3,,,5571228.666875,5571228.736,0.06912499945610762,,,,failed,1,0,UNKNOWN,Cannot read properties of undefined (reading 'address'),
pilot_1790499507788,transfer_N1000_c3,0,2026-09-27T10:31:18.041Z,zkSyncTestnet,300,sepolia.era.zksync.dev,transfer,1000,3,,,5571228.697708,5571228.740958,0.043249999172985554,,,,failed,1,0,UNKNOWN,Cannot read properties of undefined (reading 'address'),
pilot_1790499507788,transfer_N1000_c3,0,2026-09-27T10:31:18.041Z,zkSyncTestnet,300,sepolia.era.zksync.dev,transfer,1000,3,,,5571228.745167,5571228.839875,0.09470799937844276,,,,failed,1,0,UNKNOWN,Cannot read properties of undefined (reading 'address'),
pilot_1790499507788,transfer_N1000_c3,0,2026-09-27T10:31:18.041Z,zkSyncTestnet,300,sepolia.era.zksync.dev,transfer,1000,3,,,5571228.777167,5571228.846625,0.0694580003619194,,,,failed,1,0,UNKNOWN,Cannot read properties of undefined (reading 'address'),
pilot_1790499507788,transfer_N1000_c3,0,2026-09-27T10:31:18.041Z,zkSyncTestnet,300,sepolia.era.zksync.dev,transfer,1000,3,,,5571228.808375,5571228.852417,0.044041999615728855,,,,failed,1,0,UNKNOWN,Cannot read properties of undefined (reading 'address'),
pilot_1790499507788,transfer_N1000_c3,0,2026-09-27T10:31:18.041Z,zkSyncTestnet,300,sepolia.era.zksync.dev,transfer,1000,3,,,5571228.856708,5571228.9515,0.09479200001806021,,,,failed,1,0,UNKNOWN,Cannot read properties of undefined (reading 'address'),
pilot_1790499507788,transfer_N1000_c3,0,2026-09-27T10:31:18.041Z,zkSyncTestnet,300,sepolia.era.zksync.dev,transfer,1000,3,,,5571228.889083,5571228.95825,0.06916700024157763,,,,failed,1,0,UNKNOWN,Cannot read properties of undefined (reading 'address'),
pilot_1790499507788,transfer_N1000_c3,0,2026-09-27T10:31:18.041Z,zkSyncTestnet,300,sepolia.era.zksync.dev,transfer,1000,3,,,5571228.919958,5571228.963125,0.04316699970513582,,,,failed,1,0,UNKNOWN,Cannot read properties of undefined (reading 'address'),
pilot_1790499507788,transfer_N1000_c3,0,2026-09-27T10:31:18.041Z,zkSyncTestnet,300,sepolia.era.zksync.dev,transfer,1000,3,,,5571228.967208,5571229.063208,0.09599999990314245,,,,failed,1,0,UNKNOWN,Cannot read properties of undefined (reading 'address'),
pilot_1790499507788,transfer_N1000_c3,0,2026-09-27T10:31:18.041Z,zkSyncTestnet,300,sepolia.era.zksync.dev,transfer,1000,3,,,5571228.999333,5571229.069958,0.07062500063329935,,,,failed,1,0,UNKNOWN,Cannot read properties of undefined (reading 'address'),
pilot_1790499507788,transfer_N1000_c3,0,2026-09-27T10:31:18.041Z,zkSyncTestnet,300,sepolia.era.zksync.dev,transfer,1000,3,,,5571229.031708,5571229.074958,0.04325000010430813,,,,failed,1,0,UNKNOWN,Cannot read properties of undefined (reading 'address'),
pilot_1790499507788,transfer_N1000_c3,0,2026-09-27T10:31:18.041Z,zkSyncTestnet,300,sepolia.era.zksync.dev,transfer,1000,3,,,5571229.079167,5571229.174208,0.09504100028425455,,,,failed,1,0,UNKNOWN,Cannot read properties of undefined (reading 'address'),
pilot_1790499507788,transfer_N1000_c3,0,2026-09-27T10:31:18.041Z,zkSyncTestnet,300,sepolia.era.zksync.dev,transfer,1000,3,,,5571229.111375,5571229.181333,0.06995799951255322,,,,failed,1,0,UNKNOWN,Cannot read properties of undefined (reading 'address'),
pilot_1790499507788,transfer_N1000_c3,0,2026-09-27T10:31:18.041Z,zkSyncTestnet,300,sepolia.era.zksync.dev,transfer,1000,3,,,5571229.1425,5571229.192958,0.05045800004154444,,,,failed,1,0,UNKNOWN,Cannot read properties of undefined (reading 'address'),
pilot_1790499507788,transfer_N1000_c3,0,2026-09-27T10:31:18.041Z,zkSyncTestnet,300,sepolia.era.zksync.dev,transfer,1000,3,,,5571229.197667,5571229.292875,0.09520800039172173,,,,failed,1,0,UNKNOWN,Cannot read properties of undefined (reading 'address'),
pilot_1790499507788,transfer_N1000_c3,0,2026-09-27T10:31:18.041Z,zkSyncTestnet,300,sepolia.era.zksync.dev,transfer,1000,3,,,5571229.230333,5571229.3,0.06966699939221144,,,,failed,1,0,UNKNOWN,Cannot read properties of undefined (reading 'address'),
pilot_1790499507788,transfer_N1000_c3,0,2026-09-27T10:31:18.041Z,zkSyncTestnet,300,sepolia.era.zksync.dev,transfer,1000,3,,,5571229.261375,5571229.304958,0.04358300007879734,,,,failed,1,0,UNKNOWN,Cannot read properties of undefined (reading 'address'),
pilot_1790499507788,transfer_N1000_c3,0,2026-09-27T10:31:18.042Z,zkSyncTestnet,300,sepolia.era.zksync.dev,transfer,1000,3,,,5571229.309292,5571229.403833,0.09454100020229816,,,,failed,1,0,UNKNOWN,Cannot read properties of undefined (reading 'address'),
pilot_1790499507788,transfer_N1000_c3,0,2026-09-27T10:31:18.042Z,zkSyncTestnet,300,sepolia.era.zksync.dev,transfer,1000,3,,,5571229.341458,5571229.412042,0.07058400008827448,,,,failed,1,0,UNKNOWN,Cannot read properties of undefined (reading 'address'),
pilot_1790499507788,transfer_N1000_c3,0,2026-09-27T10:31:18.042Z,zkSyncTestnet,300,sepolia.era.zksync.dev,transfer,1000,3,,,5571229.372417,5571229.417125,0.04470799956470728,,,,failed,1,0,UNKNOWN,Cannot read properties of undefined (reading 'address'),
pilot_1790499507788,transfer_N1000_c3,0,2026-09-27T10:31:18.042Z,zkSyncTestnet,300,sepolia.era.zksync.dev,transfer,1000,3,,,5571229.421292,5571229.52025,0.09895799960941076,,,,failed,1,0,UNKNOWN,Cannot read properties of undefined (reading 'address'),
pilot_1790499507788,transfer_N1000_c3,0,2026-09-27T10:31:18.042Z,zkSyncTestnet,300,sepolia.era.zksync.dev,transfer,1000,3,,,5571229.4535,5571229.527417,0.07391700055450201,,,,failed,1,0,UNKNOWN,Cannot read properties of undefined (reading 'address'),
pilot_1790499507788,transfer_N1000_c3,0,2026-09-27T10:31:18.042Z,zkSyncTestnet,300,sepolia.era.zksync.dev,transfer,1000,3,,,5571229.484375,5571229.533125,0.048750000074505806,,,,failed,1,0,UNKNOWN,Cannot read properties of undefined (reading 'address'),
pilot_1790499507788,transfer_N1000_c3,0,2026-09-27T10:31:18.042Z,zkSyncTestnet,300,sepolia.era.zksync.dev,transfer,1000,3,,,5571229.5375,5571229.632333,0.09483300056308508,,,,failed,1,0,UNKNOWN,Cannot read properties of undefined (reading 'address'),
pilot_1790499507788,transfer_N1000_c3,0,2026-09-27T10:31:18.042Z,zkSyncTestnet,300,sepolia.era.zksync.dev,transfer,1000,3,,,5571229.569792,5571229.639042,0.06925000064074993,,,,failed,1,0,UNKNOWN,Cannot read properties of undefined (reading 'address'),
pilot_1790499507788,transfer_N1000_c3,0,2026-09-27T10:31:18.042Z,zkSyncTestnet,300,sepolia.era.zksync.dev,transfer,1000,3,,,5571229.60075,5571229.644042,0.04329199995845556,,,,failed,1,0,UNKNOWN,Cannot read properties of undefined (reading 'address'),
pilot_1790499507788,transfer_N1000_c3,0,2026-09-27T10:31:18.042Z,zkSyncTestnet,300,sepolia.era.zksync.dev,transfer,1000,3,,,5571229.648208,5571229.743333,0.09512499999254942,,,,failed,1,0,UNKNOWN,Cannot read properties of undefined (reading 'address'),
pilot_1790499507788,transfer_N1000_c3,0,2026-09-27T10:31:18.042Z,zkSyncTestnet,300,sepolia.era.zksync.dev,transfer,1000,3,,,5571229.680542,5571229.75025,0.06970799993723631,,,,failed,1,0,UNKNOWN,Cannot read properties of undefined (reading 'address'),
pilot_1790499507788,transfer_N1000_c3,0,2026-09-27T10:31:18.042Z,zkSyncTestnet,300,sepolia.era.zksync.dev,transfer,1000,3,,,5571229.711625,5571229.755125,0.043499999679625034,,,,failed,1,0,UNKNOWN,Cannot read properties of undefined (reading 'address'),
pilot_1790499507788,transfer_N1000_c3,0,2026-09-27T10:31:18.042Z,zkSyncTestnet,300,sepolia.era.zksync.dev,transfer,1000,3,,,5571229.75925,5571229.855,0.09575000032782555,,,,failed,1,0,UNKNOWN,Cannot read properties of undefined (reading 'address'),
pilot_1790499507788,transfer_N1000_c3,0,2026-09-27T10:31:18.042Z,zkSyncTestnet,300,sepolia.era.zksync.dev,transfer,1000,3,,,5571229.792125,5571229.861792,0.06966700032353401,,,,failed,1,0,UNKNOWN,Cannot read properties of undefined (reading 'address'),
pilot_1790499507788,transfer_N1000_c3,0,2026-09-27T10:31:18.042Z,zkSyncTestnet,300,sepolia.era.zksync.dev,transfer,1000,3,,,5571229.823167,5571229.870792,0.04762499965727329,,,,failed,1,0,UNKNOWN,Cannot read properties of undefined (reading 'address'),
pilot_1790499507788,transfer_N1000_c3,0,2026-09-27T10:31:18.042Z,zkSyncTestnet,300,sepolia.era.zksync.dev,transfer,1000,3,,,5571229.875417,5571229.970833,0.0954160001128912,,,,failed,1,0,UNKNOWN,Cannot read properties of undefined (reading 'address'),
pilot_1790499507788,transfer_N1000_c3,0,2026-09-27T10:31:18.042Z,zkSyncTestnet,300,sepolia.era.zksync.dev,transfer,1000,3,,,5571229.908292,5571229.977667,0.0693749999627471,,,,failed,1,0,UNKNOWN,Cannot read properties of undefined (reading 'address'),
pilot_1790499507788,transfer_N1000_c3,0,2026-09-27T10:31:18.042Z,zkSyncTestnet,300,sepolia.era.zksync.dev,transfer,1000,3,,,5571229.939208,5571229.9825,0.04329199995845556,,,,failed,1,0,UNKNOWN,Cannot read properties of undefined (reading 'address'),
pilot_1790499507788,transfer_N1000_c3,0,2026-09-27T10:31:18.042Z,zkSyncTestnet,300,sepolia.era.zksync.dev,transfer,1000,3,,,5571229.986667,5571230.081667,0.09500000067055225,,,,failed,1,0,UNKNOWN,Cannot read properties of undefined (reading 'address'),
pilot_1790499507788,transfer_N1000_c3,0,2026-09-27T10:31:18.042Z,zkSyncTestnet,300,sepolia.era.zksync.dev,transfer,1000,3,,,5571230.01875,5571230.088458,0.06970799993723631,,,,failed,1,0,UNKNOWN,Cannot read properties of undefined (reading 'address'),
pilot_1790499507788,transfer_N1000_c3,0,2026-09-27T10:31:18.042Z,zkSyncTestnet,300,sepolia.era.zksync.dev,transfer,1000,3,,,5571230.049875,5571230.093417,0.04354200046509504,,,,failed,1,0,UNKNOWN,Cannot read properties of undefined (reading 'address'),
pilot_1790499507788,transfer_N1000_c3,0,2026-09-27T10:31:18.042Z,zkSyncTestnet,300,sepolia.era.zksync.dev,transfer,1000,3,,,5571230.097708,5571230.1925,0.09479200001806021,,,,failed,1,0,UNKNOWN,Cannot read properties of undefined (reading 'address'),
pilot_1790499507788,transfer_N1000_c3,0,2026-09-27T10:31:18.042Z,zkSyncTestnet,300,sepolia.era.zksync.dev,transfer,1000,3,,,5571230.129875,5571230.19925,0.0693749999627471,,,,failed,1,0,UNKNOWN,Cannot read properties of undefined (reading 'address'),
pilot_1790499507788,transfer_N1000_c3,0,2026-09-27T10:31:18.042Z,zkSyncTestnet,300,sepolia.era.zksync.dev,transfer,1000,3,,,5571230.160792,5571230.205167,0.04437500052154064,,,,failed,1,0,UNKNOWN,Cannot read properties of undefined (reading 'address'),
pilot_1790499507788,transfer_N1000_c3,0,2026-09-27T10:31:18.042Z,zkSyncTestnet,300,sepolia.era.zksync.dev,transfer,1000,3,,,5571230.209417,5571230.30425,0.0948329996317625,,,,failed,1,0,UNKNOWN,Cannot read properties of undefined (reading 'address'),
pilot_1790499507788,transfer_N1000_c3,0,2026-09-27T10:31:18.042Z,zkSyncTestnet,300,sepolia.era.zksync.dev,transfer,1000,3,,,5571230.241625,5571230.311042,0.06941699981689453,,,,failed,1,0,UNKNOWN,Cannot read properties of undefined (reading 'address'),
pilot_1790499507788,transfer_N1000_c3,0,2026-09-27T10:31:18.042Z,zkSyncTestnet,300,sepolia.era.zksync.dev,transfer,1000,3,,,5571230.272667,5571230.315958,0.043290999718010426,,,,failed,1,0,UNKNOWN,Cannot read properties of undefined (reading 'address'),
pilot_1790499507788,transfer_N1000_c3,0,2026-09-27T10:31:18.043Z,zkSyncTestnet,300,sepolia.era.zksync.dev,transfer,1000,3,,,5571230.320292,5571230.414875,0.0945830000564456,,,,failed,1,0,UNKNOWN,Cannot read properties of undefined (reading 'address'),
pilot_1790499507788,transfer_N1000_c3,0,2026-09-27T10:31:18.043Z,zkSyncTestnet,300,sepolia.era.zksync.dev,transfer,1000,3,,,5571230.352292,5571230.421667,0.0693749999627471,,,,failed,1,0,UNKNOWN,Cannot read properties of undefined (reading 'address'),
pilot_1790499507788,transfer_N1000_c3,0,2026-09-27T10:31:18.043Z,zkSyncTestnet,300,sepolia.era.zksync.dev,transfer,1000,3,,,5571230.383292,5571230.426583,0.043291000649333,,,,failed,1,0,UNKNOWN,Cannot read properties of undefined (reading 'address'),
pilot_1790499507788,transfer_N1000_c3,0,2026-09-27T10:31:18.043Z,zkSyncTestnet,300,sepolia.era.zksync.dev,transfer,1000,3,,,5571230.431167,5571230.525667,0.09449999965727329,,,,failed,1,0,UNKNOWN,Cannot read properties of undefined (reading 'address'),
pilot_1790499507788,transfer_N1000_c3,0,2026-09-27T10:31:18.043Z,zkSyncTestnet,300,sepolia.era.zksync.dev,transfer,1000,3,,,5571230.463167,5571230.5325,0.06933300010859966,,,,failed,1,0,UNKNOWN,Cannot read properties of undefined (reading 'address'),
pilot_1790499507788,transfer_N1000_c3,0,2026-09-27T10:31:18.043Z,zkSyncTestnet,300,sepolia.era.zksync.dev,transfer,1000,3,,,5571230.494042,5571230.543458,0.04941600002348423,,,,failed,1,0,UNKNOWN,Cannot read properties of undefined (reading 'address'),
pilot_1790499507788,transfer_N1000_c3,0,2026-09-27T10:31:18.043Z,zkSyncTestnet,300,sepolia.era.zksync.dev,transfer,1000,3,,,5571230.772875,5571230.939792,0.16691699996590614,,,,failed,1,0,UNKNOWN,Cannot read properties of undefined (reading 'address'),
pilot_1790499507788,transfer_N1000_c3,0,2026-09-27T10:31:18.043Z,zkSyncTestnet,300,sepolia.era.zksync.dev,transfer,1000,3,,,5571230.852833,5571230.953917,0.10108400043100119,,,,failed,1,0,UNKNOWN,Cannot read properties of undefined (reading 'address'),
pilot_1790499507788,transfer_N1000_c3,0,2026-09-27T10:31:18.043Z,zkSyncTestnet,300,sepolia.era.zksync.dev,transfer,1000,3,,,5571230.90075,5571230.961292,0.06054199952632189,,,,failed,1,0,UNKNOWN,Cannot read properties of undefined (reading 'address'),
pilot_1790499507788,transfer_N1000_c3,0,2026-09-27T10:31:18.043Z,zkSyncTestnet,300,sepolia.era.zksync.dev,transfer,1000,3,,,5571230.967917,5571231.074417,0.10649999976158142,,,,failed,1,0,UNKNOWN,Cannot read properties of undefined (reading 'address'),
pilot_1790499507788,transfer_N1000_c3,0,2026-09-27T10:31:18.043Z,zkSyncTestnet,300,sepolia.era.zksync.dev,transfer,1000,3,,,5571231.00575,5571231.085333,0.07958300039172173,,,,failed,1,0,UNKNOWN,Cannot read properties of undefined (reading 'address'),
pilot_1790499507788,transfer_N1000_c3,0,2026-09-27T10:31:18.043Z,zkSyncTestnet,300,sepolia.era.zksync.dev,transfer,1000,3,,,5571231.040125,5571231.091167,0.05104199983179569,,,,failed,1,0,UNKNOWN,Cannot read properties of undefined (reading 'address'),
pilot_1790499507788,transfer_N1000_c3,0,2026-09-27T10:31:18.043Z,zkSyncTestnet,300,sepolia.era.zksync.dev,transfer,1000,3,,,5571231.09575,5571231.196792,0.10104199964553118,,,,failed,1,0,UNKNOWN,Cannot read properties of undefined (reading 'address'),
pilot_1790499507788,transfer_N1000_c3,0,2026-09-27T10:31:18.043Z,zkSyncTestnet,300,sepolia.era.zksync.dev,transfer,1000,3,,,5571231.131,5571231.204833,0.07383299991488457,,,,failed,1,0,UNKNOWN,Cannot read properties of undefined (reading 'address'),
pilot_1790499507788,transfer_N1000_c3,0,2026-09-27T10:31:18.043Z,zkSyncTestnet,300,sepolia.era.zksync.dev,transfer,1000,3,,,5571231.163583,5571231.21275,0.049166999757289886,,,,failed,1,0,UNKNOWN,Cannot read properties of undefined (reading 'address'),
pilot_1790499507788,transfer_N1000_c3,0,2026-09-27T10:31:18.043Z,zkSyncTestnet,300,sepolia.era.zksync.dev,transfer,1000,3,,,5571231.217583,5571231.317167,0.09958400018513203,,,,failed,1,0,UNKNOWN,Cannot read properties of undefined (reading 'address'),
pilot_1790499507788,transfer_N1000_c3,0,2026-09-27T10:31:18.043Z,zkSyncTestnet,300,sepolia.era.zksync.dev,transfer,1000,3,,,5571231.251958,5571231.32475,0.0727920001372695,,,,failed,1,0,UNKNOWN,Cannot read properties of undefined (reading 'address'),
pilot_1790499507788,transfer_N1000_c3,0,2026-09-27T10:31:18.043Z,zkSyncTestnet,300,sepolia.era.zksync.dev,transfer,1000,3,,,5571231.284333,5571231.329833,0.04550000000745058,,,,failed,1,0,UNKNOWN,Cannot read properties of undefined (reading 'address'),
pilot_1790499507788,transfer_N1000_c3,0,2026-09-27T10:31:18.044Z,zkSyncTestnet,300,sepolia.era.zksync.dev,transfer,1000,3,,,5571231.334167,5571231.43225,0.09808299969881773,,,,failed,1,0,UNKNOWN,Cannot read properties of undefined (reading 'address'),
pilot_1790499507788,transfer_N1000_c3,0,2026-09-27T10:31:18.044Z,zkSyncTestnet,300,sepolia.era.zksync.dev,transfer,1000,3,,,5571231.36775,5571231.43975,0.0719999996945262,,,,failed,1,0,UNKNOWN,Cannot read properties of undefined (reading 'address'),
pilot_1790499507788,transfer_N1000_c3,0,2026-09-27T10:31:18.044Z,zkSyncTestnet,300,sepolia.era.zksync.dev,transfer,1000,3,,,5571231.399708,5571231.444875,0.04516700003296137,,,,failed,1,0,UNKNOWN,Cannot read properties of undefined (reading 'address'),
pilot_1790499507788,transfer_N1000_c3,0,2026-09-27T10:31:18.044Z,zkSyncTestnet,300,sepolia.era.zksync.dev,transfer,1000,3,,,5571231.449125,5571231.546458,0.09733300004154444,,,,failed,1,0,UNKNOWN,Cannot read properties of undefined (reading 'address'),
pilot_1790499507788,transfer_N1000_c3,0,2026-09-27T10:31:18.044Z,zkSyncTestnet,300,sepolia.era.zksync.dev,transfer,1000,3,,,5571231.482458,5571231.553667,0.07120899949222803,,,,failed,1,0,UNKNOWN,Cannot read properties of undefined (reading 'address'),
pilot_1790499507788,transfer_N1000_c3,0,2026-09-27T10:31:18.044Z,zkSyncTestnet,300,sepolia.era.zksync.dev,transfer,1000,3,,,5571231.514125,5571231.566958,0.05283300019800663,,,,failed,1,0,UNKNOWN,Cannot read properties of undefined (reading 'address'),
pilot_1790499507788,transfer_N1000_c3,0,2026-09-27T10:31:18.044Z,zkSyncTestnet,300,sepolia.era.zksync.dev,transfer,1000,3,,,5571231.571917,5571231.670083,0.09816600009799004,,,,failed,1,0,UNKNOWN,Cannot read properties of undefined (reading 'address'),
pilot_1790499507788,transfer_N1000_c3,0,2026-09-27T10:31:18.044Z,zkSyncTestnet,300,sepolia.era.zksync.dev,transfer,1000,3,,,5571231.605958,5571231.677208,0.0712500000372529,,,,failed,1,0,UNKNOWN,Cannot read properties of undefined (reading 'address'),
pilot_1790499507788,transfer_N1000_c3,0,2026-09-27T10:31:18.044Z,zkSyncTestnet,300,sepolia.era.zksync.dev,transfer,1000,3,,,5571231.637792,5571231.68225,0.04445799998939037,,,,failed,1,0,UNKNOWN,Cannot read properties of undefined (reading 'address'),
pilot_1790499507788,transfer_N1000_c3,0,2026-09-27T10:31:18.044Z,zkSyncTestnet,300,sepolia.era.zksync.dev,transfer,1000,3,,,5571231.686625,5571231.7835,0.09687499981373549,,,,failed,1,0,UNKNOWN,Cannot read properties of undefined (reading 'address'),
pilot_1790499507788,transfer_N1000_c3,0,2026-09-27T10:31:18.044Z,zkSyncTestnet,300,sepolia.era.zksync.dev,transfer,1000,3,,,5571231.719583,5571231.790667,0.07108400017023087,,,,failed,1,0,UNKNOWN,Cannot read properties of undefined (reading 'address'),
pilot_1790499507788,transfer_N1000_c3,0,2026-09-27T10:31:18.044Z,zkSyncTestnet,300,sepolia.era.zksync.dev,transfer,1000,3,,,5571231.75125,5571231.79575,0.04449999984353781,,,,failed,1,0,UNKNOWN,Cannot read properties of undefined (reading 'address'),
pilot_1790499507788,transfer_N1000_c3,0,2026-09-27T10:31:18.044Z,zkSyncTestnet,300,sepolia.era.zksync.dev,transfer,1000,3,,,5571231.8,5571231.897542,0.09754200000315905,,,,failed,1,0,UNKNOWN,Cannot read properties of undefined (reading 'address'),
pilot_1790499507788,transfer_N1000_c3,0,2026-09-27T10:31:18.044Z,zkSyncTestnet,300,sepolia.era.zksync.dev,transfer,1000,3,,,5571231.833,5571231.905458,0.07245799992233515,,,,failed,1,0,UNKNOWN,Cannot read properties of undefined (reading 'address'),
pilot_1790499507788,transfer_N1000_c3,0,2026-09-27T10:31:18.044Z,zkSyncTestnet,300,sepolia.era.zksync.dev,transfer,1000,3,,,5571231.865417,5571231.911792,0.04637499991804361,,,,failed,1,0,UNKNOWN,Cannot read properties of undefined (reading 'address'),
pilot_1790499507788,transfer_N1000_c3,0,2026-09-27T10:31:18.044Z,zkSyncTestnet,300,sepolia.era.zksync.dev,transfer,1000,3,,,5571231.91625,5571232.013208,0.09695800021290779,,,,failed,1,0,UNKNOWN,Cannot read properties of undefined (reading 'address'),
pilot_1790499507788,transfer_N1000_c3,0,2026-09-27T10:31:18.044Z,zkSyncTestnet,300,sepolia.era.zksync.dev,transfer,1000,3,,,5571231.949625,5571232.020458,0.07083299942314625,,,,failed,1,0,UNKNOWN,Cannot read properties of undefined (reading 'address'),
pilot_1790499507788,transfer_N1000_c3,0,2026-09-27T10:31:18.044Z,zkSyncTestnet,300,sepolia.era.zksync.dev,transfer,1000,3,,,5571231.981167,5571232.025375,0.04420800041407347,,,,failed,1,0,UNKNOWN,Cannot read properties of undefined (reading 'address'),
pilot_1790499507788,transfer_N1000_c3,0,2026-09-27T10:31:18.044Z,zkSyncTestnet,300,sepolia.era.zksync.dev,transfer,1000,3,,,5571232.029583,5571232.126042,0.09645900037139654,,,,failed,1,0,UNKNOWN,Cannot read properties of undefined (reading 'address'),
pilot_1790499507788,transfer_N1000_c3,0,2026-09-27T10:31:18.044Z,zkSyncTestnet,300,sepolia.era.zksync.dev,transfer,1000,3,,,5571232.0625,5571232.133125,0.07062499970197678,,,,failed,1,0,UNKNOWN,Cannot read properties of undefined (reading 'address'),
pilot_1790499507788,transfer_N1000_c3,0,2026-09-27T10:31:18.044Z,zkSyncTestnet,300,sepolia.era.zksync.dev,transfer,1000,3,,,5571232.094,5571232.138083,0.04408300016075373,,,,failed,1,0,UNKNOWN,Cannot read properties of undefined (reading 'address'),
pilot_1790499507788,transfer_N1000_c3,0,2026-09-27T10:31:18.044Z,zkSyncTestnet,300,sepolia.era.zksync.dev,transfer,1000,3,,,5571232.14225,5571232.238375,0.09612500015646219,,,,failed,1,0,UNKNOWN,Cannot read properties of undefined (reading 'address'),
pilot_1790499507788,transfer_N1000_c3,0,2026-09-27T10:31:18.044Z,zkSyncTestnet,300,sepolia.era.zksync.dev,transfer,1000,3,,,5571232.174833,5571232.245458,0.07062500063329935,,,,failed,1,0,UNKNOWN,Cannot read properties of undefined (reading 'address'),
pilot_1790499507788,transfer_N1000_c3,0,2026-09-27T10:31:18.044Z,zkSyncTestnet,300,sepolia.era.zksync.dev,transfer,1000,3,,,5571232.206292,5571232.257125,0.050832999870181084,,,,failed,1,0,UNKNOWN,Cannot read properties of undefined (reading 'address'),
pilot_1790499507788,transfer_N1000_c3,0,2026-09-27T10:31:18.044Z,zkSyncTestnet,300,sepolia.era.zksync.dev,transfer,1000,3,,,5571232.262083,5571232.358667,0.09658400062471628,,,,failed,1,0,UNKNOWN,Cannot read properties of undefined (reading 'address'),
pilot_1790499507788,transfer_N1000_c3,0,2026-09-27T10:31:18.044Z,zkSyncTestnet,300,sepolia.era.zksync.dev,transfer,1000,3,,,5571232.295292,5571232.36575,0.0704579995945096,,,,failed,1,0,UNKNOWN,Cannot read properties of undefined (reading 'address'),
pilot_1790499507788,transfer_N1000_c3,0,2026-09-27T10:31:18.044Z,zkSyncTestnet,300,sepolia.era.zksync.dev,transfer,1000,3,,,5571232.32675,5571232.37075,0.04399999976158142,,,,failed,1,0,UNKNOWN,Cannot read properties of undefined (reading 'address'),
pilot_1790499507788,transfer_N1000_c3,0,2026-09-27T10:31:18.045Z,zkSyncTestnet,300,sepolia.era.zksync.dev,transfer,1000,3,,,5571232.374958,5571232.47125,0.09629200026392937,,,,failed,1,0,UNKNOWN,Cannot read properties of undefined (reading 'address'),
pilot_1790499507788,transfer_N1000_c3,0,2026-09-27T10:31:18.045Z,zkSyncTestnet,300,sepolia.era.zksync.dev,transfer,1000,3,,,5571232.407375,5571232.47825,0.07087499927729368,,,,failed,1,0,UNKNOWN,Cannot read properties of undefined (reading 'address'),
pilot_1790499507788,transfer_N1000_c3,0,2026-09-27T10:31:18.045Z,zkSyncTestnet,300,sepolia.era.zksync.dev,transfer,1000,3,,,5571232.438958,5571232.48325,0.04429199919104576,,,,failed,1,0,UNKNOWN,Cannot read properties of undefined (reading 'address'),
pilot_1790499507788,transfer_N1000_c3,0,2026-09-27T10:31:18.045Z,zkSyncTestnet,300,sepolia.era.zksync.dev,transfer,1000,3,,,5571232.487458,5571232.583625,0.09616700001060963,,,,failed,1,0,UNKNOWN,Cannot read properties of undefined (reading 'address'),
pilot_1790499507788,transfer_N1000_c3,0,2026-09-27T10:31:18.045Z,zkSyncTestnet,300,sepolia.era.zksync.dev,transfer,1000,3,,,5571232.519958,5571232.590708,0.07074999995529652,,,,failed,1,0,UNKNOWN,Cannot read properties of undefined (reading 'address'),
pilot_1790499507788,transfer_N1000_c3,0,2026-09-27T10:31:18.045Z,zkSyncTestnet,300,sepolia.era.zksync.dev,transfer,1000,3,,,5571232.551333,5571232.596667,0.04533400014042854,,,,failed,1,0,UNKNOWN,Cannot read properties of undefined (reading 'address'),
pilot_1790499507788,transfer_N1000_c3,0,2026-09-27T10:31:18.045Z,zkSyncTestnet,300,sepolia.era.zksync.dev,transfer,1000,3,,,5571232.600875,5571232.697875,0.09700000006705523,,,,failed,1,0,UNKNOWN,Cannot read properties of undefined (reading 'address'),
pilot_1790499507788,transfer_N1000_c3,0,2026-09-27T10:31:18.045Z,zkSyncTestnet,300,sepolia.era.zksync.dev,transfer,1000,3,,,5571232.634375,5571232.704833,0.0704579995945096,,,,failed,1,0,UNKNOWN,Cannot read properties of undefined (reading 'address'),
pilot_1790499507788,transfer_N1000_c3,0,2026-09-27T10:31:18.045Z,zkSyncTestnet,300,sepolia.era.zksync.dev,transfer,1000,3,,,5571232.665917,5571232.709792,0.043875000439584255,,,,failed,1,0,UNKNOWN,Cannot read properties of undefined (reading 'address'),
pilot_1790499507788,transfer_N1000_c3,0,2026-09-27T10:31:18.045Z,zkSyncTestnet,300,sepolia.era.zksync.dev,transfer,1000,3,,,5571232.714,5571232.810083,0.09608300030231476,,,,failed,1,0,UNKNOWN,Cannot read properties of undefined (reading 'address'),
pilot_1790499507788,transfer_N1000_c3,0,2026-09-27T10:31:18.045Z,zkSyncTestnet,300,sepolia.era.zksync.dev,transfer,1000,3,,,5571232.746542,5571232.817042,0.07049999944865704,,,,failed,1,0,UNKNOWN,Cannot read properties of undefined (reading 'address'),
pilot_1790499507788,transfer_N1000_c3,0,2026-09-27T10:31:18.045Z,zkSyncTestnet,300,sepolia.era.zksync.dev,transfer,1000,3,,,5571232.777833,5571232.824375,0.04654200002551079,,,,failed,1,0,UNKNOWN,Cannot read properties of undefined (reading 'address'),
pilot_1790499507788,transfer_N1000_c3,0,2026-09-27T10:31:18.045Z,zkSyncTestnet,300,sepolia.era.zksync.dev,transfer,1000,3,,,5571232.847167,5571232.945625,0.09845799952745438,,,,failed,1,0,UNKNOWN,Cannot read properties of undefined (reading 'address'),
pilot_1790499507788,transfer_N1000_c3,0,2026-09-27T10:31:18.045Z,zkSyncTestnet,300,sepolia.era.zksync.dev,transfer,1000,3,,,5571232.881625,5571232.952958,0.07133299950510263,,,,failed,1,0,UNKNOWN,Cannot read properties of undefined (reading 'address'),
pilot_1790499507788,transfer_N1000_c3,0,2026-09-27T10:31:18.045Z,zkSyncTestnet,300,sepolia.era.zksync.dev,transfer,1000,3,,,5571232.913292,5571232.961875,0.04858299996703863,,,,failed,1,0,UNKNOWN,Cannot read properties of undefined (reading 'address'),
pilot_1790499507788,transfer_N1000_c3,0,2026-09-27T10:31:18.045Z,zkSyncTestnet,300,sepolia.era.zksync.dev,transfer,1000,3,,,5571232.966708,5571233.09225,0.12554199993610382,,,,failed,1,0,UNKNOWN,Cannot read properties of undefined (reading 'address'),
pilot_1790499507788,transfer_N1000_c3,0,2026-09-27T10:31:18.045Z,zkSyncTestnet,300,sepolia.era.zksync.dev,transfer,1000,3,,,5571233.012917,5571233.09975,0.08683300018310547,,,,failed,1,0,UNKNOWN,Cannot read properties of undefined (reading 'address'),
pilot_1790499507788,transfer_N1000_c3,0,2026-09-27T10:31:18.045Z,zkSyncTestnet,300,sepolia.era.zksync.dev,transfer,1000,3,,,5571233.051292,5571233.10475,0.05345799960196018,,,,failed,1,0,UNKNOWN,Cannot read properties of undefined (reading 'address'),
pilot_1790499507788,transfer_N1000_c3,0,2026-09-27T10:31:18.045Z,zkSyncTestnet,300,sepolia.era.zksync.dev,transfer,1000,3,,,5571233.109042,5571233.215875,0.10683299973607063,,,,failed,1,0,UNKNOWN,Cannot read properties of undefined (reading 'address'),
pilot_1790499507788,transfer_N1000_c3,0,2026-09-27T10:31:18.045Z,zkSyncTestnet,300,sepolia.era.zksync.dev,transfer,1000,3,,,5571233.142667,5571233.223125,0.08045799937099218,,,,failed,1,0,UNKNOWN,Cannot read properties of undefined (reading 'address'),
pilot_1790499507788,transfer_N1000_c3,0,2026-09-27T10:31:18.045Z,zkSyncTestnet,300,sepolia.era.zksync.dev,transfer,1000,3,,,5571233.183042,5571233.22825,0.045207999646663666,,,,failed,1,0,UNKNOWN,Cannot read properties of undefined (reading 'address'),
pilot_1790499507788,transfer_N1000_c3,0,2026-09-27T10:31:18.045Z,zkSyncTestnet,300,sepolia.era.zksync.dev,transfer,1000,3,,,5571233.2325,5571233.351042,0.11854199972003698,,,,failed,1,0,UNKNOWN,Cannot read properties of undefined (reading 'address'),
pilot_1790499507788,transfer_N1000_c3,0,2026-09-27T10:31:18.045Z,zkSyncTestnet,300,sepolia.era.zksync.dev,transfer,1000,3,,,5571233.269833,5571233.358417,0.0885839993134141,,,,failed,1,0,UNKNOWN,Cannot read properties of undefined (reading 'address'),
pilot_1790499507788,transfer_N1000_c3,0,2026-09-27T10:31:18.045Z,zkSyncTestnet,300,sepolia.era.zksync.dev,transfer,1000,3,,,5571233.301792,5571233.364708,0.06291599944233894,,,,failed,1,0,UNKNOWN,Cannot read properties of undefined (reading 'address'),
pilot_1790499507788,transfer_N1000_c3,0,2026-09-27T10:31:18.046Z,zkSyncTestnet,300,sepolia.era.zksync.dev,transfer,1000,3,,,5571233.369167,5571233.467167,0.098000000230968,,,,failed,1,0,UNKNOWN,Cannot read properties of undefined (reading 'address'),
pilot_1790499507788,transfer_N1000_c3,0,2026-09-27T10:31:18.046Z,zkSyncTestnet,300,sepolia.era.zksync.dev,transfer,1000,3,,,5571233.402875,5571233.474125,0.0712500000372529,,,,failed,1,0,UNKNOWN,Cannot read properties of undefined (reading 'address'),
pilot_1790499507788,transfer_N1000_c3,0,2026-09-27T10:31:18.046Z,zkSyncTestnet,300,sepolia.era.zksync.dev,transfer,1000,3,,,5571233.434667,5571233.479167,0.04450000077486038,,,,failed,1,0,UNKNOWN,Cannot read properties of undefined (reading 'address'),
pilot_1790499507788,transfer_N1000_c3,0,2026-09-27T10:31:18.046Z,zkSyncTestnet,300,sepolia.era.zksync.dev,transfer,1000,3,,,5571233.484,5571233.580167,0.09616700001060963,,,,failed,1,0,UNKNOWN,Cannot read properties of undefined (reading 'address'),
pilot_1790499507788,transfer_N1000_c3,0,2026-09-27T10:31:18.046Z,zkSyncTestnet,300,sepolia.era.zksync.dev,transfer,1000,3,,,5571233.516667,5571233.587208,0.07054099999368191,,,,failed,1,0,UNKNOWN,Cannot read properties of undefined (reading 'address'),
pilot_1790499507788,transfer_N1000_c3,0,2026-09-27T10:31:18.046Z,zkSyncTestnet,300,sepolia.era.zksync.dev,transfer,1000,3,,,5571233.548167,5571233.592208,0.04404100030660629,,,,failed,1,0,UNKNOWN,Cannot read properties of undefined (reading 'address'),
pilot_1790499507788,transfer_N1000_c3,0,2026-09-27T10:31:18.046Z,zkSyncTestnet,300,sepolia.era.zksync.dev,transfer,1000,3,,,5571233.596333,5571233.692625,0.09629200026392937,,,,failed,1,0,UNKNOWN,Cannot read properties of undefined (reading 'address'),
pilot_1790499507788,transfer_N1000_c3,0,2026-09-27T10:31:18.046Z,zkSyncTestnet,300,sepolia.era.zksync.dev,transfer,1000,3,,,5571233.629042,5571233.6995,0.07045800052583218,,,,failed,1,0,UNKNOWN,Cannot read properties of undefined (reading 'address'),
pilot_1790499507788,transfer_N1000_c3,0,2026-09-27T10:31:18.046Z,zkSyncTestnet,300,sepolia.era.zksync.dev,transfer,1000,3,,,5571233.660625,5571233.708,0.04737500008195639,,,,failed,1,0,UNKNOWN,Cannot read properties of undefined (reading 'address'),
pilot_1790499507788,transfer_N1000_c3,0,2026-09-27T10:31:18.046Z,zkSyncTestnet,300,sepolia.era.zksync.dev,transfer,1000,3,,,5571233.712667,5571233.809083,0.09641600027680397,,,,failed,1,0,UNKNOWN,Cannot read properties of undefined (reading 'address'),
pilot_1790499507788,transfer_N1000_c3,0,2026-09-27T10:31:18.046Z,zkSyncTestnet,300,sepolia.era.zksync.dev,transfer,1000,3,,,5571233.745708,5571233.816042,0.07033400051295757,,,,failed,1,0,UNKNOWN,Cannot read properties of undefined (reading 'address'),
pilot_1790499507788,transfer_N1000_c3,0,2026-09-27T10:31:18.046Z,zkSyncTestnet,300,sepolia.era.zksync.dev,transfer,1000,3,,,5571233.777167,5571233.821,0.04383300058543682,,,,failed,1,0,UNKNOWN,Cannot read properties of undefined (reading 'address'),
pilot_1790499507788,transfer_N1000_c3,0,2026-09-27T10:31:18.046Z,zkSyncTestnet,300,sepolia.era.zksync.dev,transfer,1000,3,,,5571233.825125,5571234.199625,0.3744999999180436,,,,failed,1,0,UNKNOWN,Cannot read properties of undefined (reading 'address'),
pilot_1790499507788,transfer_N1000_c3,0,2026-09-27T10:31:18.046Z,zkSyncTestnet,300,sepolia.era.zksync.dev,transfer,1000,3,,,5571234.11125,5571234.211667,0.10041700024157763,,,,failed,1,0,UNKNOWN,Cannot read properties of undefined (reading 'address'),
pilot_1790499507788,transfer_N1000_c3,0,2026-09-27T10:31:18.046Z,zkSyncTestnet,300,sepolia.era.zksync.dev,transfer,1000,3,,,5571234.163667,5571234.2175,0.0538330003619194,,,,failed,1,0,UNKNOWN,Cannot read properties of undefined (reading 'address'),
pilot_1790499507788,transfer_N1000_c3,0,2026-09-27T10:31:18.046Z,zkSyncTestnet,300,sepolia.era.zksync.dev,transfer,1000,3,,,5571234.221875,5571234.321083,0.09920800011605024,,,,failed,1,0,UNKNOWN,Cannot read properties of undefined (reading 'address'),
pilot_1790499507788,transfer_N1000_c3,0,2026-09-27T10:31:18.046Z,zkSyncTestnet,300,sepolia.era.zksync.dev,transfer,1000,3,,,5571234.256375,5571234.328583,0.07220800034701824,,,,failed,1,0,UNKNOWN,Cannot read properties of undefined (reading 'address'),
pilot_1790499507788,transfer_N1000_c3,0,2026-09-27T10:31:18.046Z,zkSyncTestnet,300,sepolia.era.zksync.dev,transfer,1000,3,,,5571234.288583,5571234.335542,0.04695899970829487,,,,failed,1,0,UNKNOWN,Cannot read properties of undefined (reading 'address'),
pilot_1790499507788,transfer_N1000_c3,0,2026-09-27T10:31:18.047Z,zkSyncTestnet,300,sepolia.era.zksync.dev,transfer,1000,3,,,5571234.340042,5571234.437333,0.097291000187397,,,,failed,1,0,UNKNOWN,Cannot read properties of undefined (reading 'address'),
pilot_1790499507788,transfer_N1000_c3,0,2026-09-27T10:31:18.047Z,zkSyncTestnet,300,sepolia.era.zksync.dev,transfer,1000,3,,,5571234.373417,5571234.444458,0.0710410000756383,,,,failed,1,0,UNKNOWN,Cannot read properties of undefined (reading 'address'),
pilot_1790499507788,transfer_N1000_c3,0,2026-09-27T10:31:18.047Z,zkSyncTestnet,300,sepolia.era.zksync.dev,transfer,1000,3,,,5571234.404917,5571234.449417,0.04449999984353781,,,,failed,1,0,UNKNOWN,Cannot read properties of undefined (reading 'address'),
pilot_1790499507788,transfer_N1000_c3,0,2026-09-27T10:31:18.047Z,zkSyncTestnet,300,sepolia.era.zksync.dev,transfer,1000,3,,,5571234.453542,5571234.551167,0.09762500040233135,,,,failed,1,0,UNKNOWN,Cannot read properties of undefined (reading 'address'),
pilot_1790499507788,transfer_N1000_c3,0,2026-09-27T10:31:18.047Z,zkSyncTestnet,300,sepolia.era.zksync.dev,transfer,1000,3,,,5571234.486375,5571234.558458,0.0720830000936985,,,,failed,1,0,UNKNOWN,Cannot read properties of undefined (reading 'address'),
pilot_1790499507788,transfer_N1000_c3,0,2026-09-27T10:31:18.047Z,zkSyncTestnet,300,sepolia.era.zksync.dev,transfer,1000,3,,,5571234.518125,5571234.5635,0.04537499975413084,,,,failed,1,0,UNKNOWN,Cannot read properties of undefined (reading 'address'),
pilot_1790499507788,transfer_N1000_c3,0,2026-09-27T10:31:18.047Z,zkSyncTestnet,300,sepolia.era.zksync.dev,transfer,1000,3,,,5571234.567792,5571234.663042,0.09524999931454659,,,,failed,1,0,UNKNOWN,Cannot read properties of undefined (reading 'address'),
pilot_1790499507788,transfer_N1000_c3,0,2026-09-27T10:31:18.047Z,zkSyncTestnet,300,sepolia.era.zksync.dev,transfer,1000,3,,,5571234.603917,5571234.669458,0.06554100010544062,,,,failed,1,0,UNKNOWN,Cannot read properties of undefined (reading 'address'),
pilot_1790499507788,transfer_N1000_c3,0,2026-09-27T10:31:18.047Z,zkSyncTestnet,300,sepolia.era.zksync.dev,transfer,1000,3,,,5571234.633708,5571234.67825,0.04454199969768524,,,,failed,1,0,UNKNOWN,Cannot read properties of undefined (reading 'address'),
pilot_1790499507788,transfer_N1000_c3,0,2026-09-27T10:31:18.047Z,zkSyncTestnet,300,sepolia.era.zksync.dev,transfer,1000,3,,,5571234.6825,5571234.770833,0.08833299949765205,,,,failed,1,0,UNKNOWN,Cannot read properties of undefined (reading 'address'),
pilot_1790499507788,transfer_N1000_c3,0,2026-09-27T10:31:18.047Z,zkSyncTestnet,300,sepolia.era.zksync.dev,transfer,1000,3,,,5571234.713167,5571234.777167,0.06400000024586916,,,,failed,1,0,UNKNOWN,Cannot read properties of undefined (reading 'address'),
pilot_1790499507788,transfer_N1000_c3,0,2026-09-27T10:31:18.047Z,zkSyncTestnet,300,sepolia.era.zksync.dev,transfer,1000,3,,,5571234.741667,5571234.781708,0.040041000582277775,,,,failed,1,0,UNKNOWN,Cannot read properties of undefined (reading 'address'),
pilot_1790499507788,transfer_N1000_c3,0,2026-09-27T10:31:18.047Z,zkSyncTestnet,300,sepolia.era.zksync.dev,transfer,1000,3,,,5571234.785667,5571234.873125,0.08745799958705902,,,,failed,1,0,UNKNOWN,Cannot read properties of undefined (reading 'address'),
pilot_1790499507788,transfer_N1000_c3,0,2026-09-27T10:31:18.047Z,zkSyncTestnet,300,sepolia.era.zksync.dev,transfer,1000,3,,,5571234.815375,5571234.879375,0.06399999931454659,,,,failed,1,0,UNKNOWN,Cannot read properties of undefined (reading 'address'),
pilot_1790499507788,transfer_N1000_c3,0,2026-09-27T10:31:18.047Z,zkSyncTestnet,300,sepolia.era.zksync.dev,transfer,1000,3,,,5571234.844083,5571234.883875,0.03979200031608343,,,,failed,1,0,UNKNOWN,Cannot read properties of undefined (reading 'address'),
pilot_1790499507788,transfer_N1000_c3,0,2026-09-27T10:31:18.047Z,zkSyncTestnet,300,sepolia.era.zksync.dev,transfer,1000,3,,,5571234.887625,5571234.975125,0.08749999944120646,,,,failed,1,0,UNKNOWN,Cannot read properties of undefined (reading 'address'),
pilot_1790499507788,transfer_N1000_c3,0,2026-09-27T10:31:18.047Z,zkSyncTestnet,300,sepolia.era.zksync.dev,transfer,1000,3,,,5571234.917417,5571234.981417,0.06400000024586916,,,,failed,1,0,UNKNOWN,Cannot read properties of undefined (reading 'address'),
pilot_1790499507788,transfer_N1000_c3,0,2026-09-27T10:31:18.047Z,zkSyncTestnet,300,sepolia.era.zksync.dev,transfer,1000,3,,,5571234.945917,5571234.986875,0.04095800034701824,,,,failed,1,0,UNKNOWN,Cannot read properties of undefined (reading 'address'),
pilot_1790499507788,transfer_N1000_c3,0,2026-09-27T10:31:18.047Z,zkSyncTestnet,300,sepolia.era.zksync.dev,transfer,1000,3,,,5571234.99075,5571235.078583,0.08783300034701824,,,,failed,1,0,UNKNOWN,Cannot read properties of undefined (reading 'address'),
pilot_1790499507788,transfer_N1000_c3,0,2026-09-27T10:31:18.047Z,zkSyncTestnet,300,sepolia.era.zksync.dev,transfer,1000,3,,,5571235.020625,5571235.084833,0.06420799996703863,,,,failed,1,0,UNKNOWN,Cannot read properties of undefined (reading 'address'),
pilot_1790499507788,transfer_N1000_c3,0,2026-09-27T10:31:18.047Z,zkSyncTestnet,300,sepolia.era.zksync.dev,transfer,1000,3,,,5571235.049375,5571235.089292,0.0399169996380806,,,,failed,1,0,UNKNOWN,Cannot read properties of undefined (reading 'address'),
pilot_1790499507788,transfer_N1000_c3,0,2026-09-27T10:31:18.047Z,zkSyncTestnet,300,sepolia.era.zksync.dev,transfer,1000,3,,,5571235.093042,5571235.180667,0.0876249996945262,,,,failed,1,0,UNKNOWN,Cannot read properties of undefined (reading 'address'),
pilot_1790499507788,transfer_N1000_c3,0,2026-09-27T10:31:18.047Z,zkSyncTestnet,300,sepolia.era.zksync.dev,transfer,1000,3,,,5571235.12275,5571235.187,0.06424999982118607,,,,failed,1,0,UNKNOWN,Cannot read properties of undefined (reading 'address'),
pilot_1790499507788,transfer_N1000_c3,0,2026-09-27T10:31:18.047Z,zkSyncTestnet,300,sepolia.era.zksync.dev,transfer,1000,3,,,5571235.15125,5571235.1915,0.04024999961256981,,,,failed,1,0,UNKNOWN,Cannot read properties of undefined (reading 'address'),
pilot_1790499507788,transfer_N1000_c3,0,2026-09-27T10:31:18.047Z,zkSyncTestnet,300,sepolia.era.zksync.dev,transfer,1000,3,,,5571235.195292,5571235.283708,0.08841599989682436,,,,failed,1,0,UNKNOWN,Cannot read properties of undefined (reading 'address'),
pilot_1790499507788,transfer_N1000_c3,0,2026-09-27T10:31:18.047Z,zkSyncTestnet,300,sepolia.era.zksync.dev,transfer,1000,3,,,5571235.225083,5571235.290167,0.0650840001180768,,,,failed,1,0,UNKNOWN,Cannot read properties of undefined (reading 'address'),
pilot_1790499507788,transfer_N1000_c3,0,2026-09-27T10:31:18.047Z,zkSyncTestnet,300,sepolia.era.zksync.dev,transfer,1000,3,,,5571235.254333,5571235.301333,0.04700000025331974,,,,failed,1,0,UNKNOWN,Cannot read properties of undefined (reading 'address'),
pilot_1790499507788,transfer_N1000_c3,0,2026-09-27T10:31:18.047Z,zkSyncTestnet,300,sepolia.era.zksync.dev,transfer,1000,3,,,5571235.305667,5571235.393458,0.08779100049287081,,,,failed,1,0,UNKNOWN,Cannot read properties of undefined (reading 'address'),
pilot_1790499507788,transfer_N1000_c3,0,2026-09-27T10:31:18.048Z,zkSyncTestnet,300,sepolia.era.zksync.dev,transfer,1000,3,,,5571235.335833,5571235.399792,0.06395899970084429,,,,failed,1,0,UNKNOWN,Cannot read properties of undefined (reading 'address'),
pilot_1790499507788,transfer_N1000_c3,0,2026-09-27T10:31:18.048Z,zkSyncTestnet,300,sepolia.era.zksync.dev,transfer,1000,3,,,5571235.364333,5571235.40425,0.0399169996380806,,,,failed,1,0,UNKNOWN,Cannot read properties of undefined (reading 'address'),
pilot_1790499507788,transfer_N1000_c3,0,2026-09-27T10:31:18.048Z,zkSyncTestnet,300,sepolia.era.zksync.dev,transfer,1000,3,,,5571235.408042,5571235.494708,0.0866660000756383,,,,failed,1,0,UNKNOWN,Cannot read properties of undefined (reading 'address'),
pilot_1790499507788,transfer_N1000_c3,0,2026-09-27T10:31:18.048Z,zkSyncTestnet,300,sepolia.era.zksync.dev,transfer,1000,3,,,5571235.437542,5571235.501042,0.06350000016391277,,,,failed,1,0,UNKNOWN,Cannot read properties of undefined (reading 'address'),
pilot_1790499507788,transfer_N1000_c3,0,2026-09-27T10:31:18.048Z,zkSyncTestnet,300,sepolia.era.zksync.dev,transfer,1000,3,,,5571235.46575,5571235.5055,0.03974999953061342,,,,failed,1,0,UNKNOWN,Cannot read properties of undefined (reading 'address'),
pilot_1790499507788,transfer_N1000_c3,0,2026-09-27T10:31:18.048Z,zkSyncTestnet,300,sepolia.era.zksync.dev,transfer,1000,3,,,5571235.509208,5571235.596042,0.08683399949222803,,,,failed,1,0,UNKNOWN,Cannot read properties of undefined (reading 'address'),
pilot_1790499507788,transfer_N1000_c3,0,2026-09-27T10:31:18.048Z,zkSyncTestnet,300,sepolia.era.zksync.dev,transfer,1000,3,,,5571235.538708,5571235.602292,0.06358399987220764,,,,failed,1,0,UNKNOWN,Cannot read properties of undefined (reading 'address'),
pilot_1790499507788,transfer_N1000_c3,0,2026-09-27T10:31:18.048Z,zkSyncTestnet,300,sepolia.era.zksync.dev,transfer,1000,3,,,5571235.567208,5571235.607583,0.04037499986588955,,,,failed,1,0,UNKNOWN,Cannot read properties of undefined (reading 'address'),
pilot_1790499507788,transfer_N1000_c3,0,2026-09-27T10:31:18.048Z,zkSyncTestnet,300,sepolia.era.zksync.dev,transfer,1000,3,,,5571235.6115,5571235.700542,0.08904200047254562,,,,failed,1,0,UNKNOWN,Cannot read properties of undefined (reading 'address'),
pilot_1790499507788,transfer_N1000_c3,0,2026-09-27T10:31:18.048Z,zkSyncTestnet,300,sepolia.era.zksync.dev,transfer,1000,3,,,5571235.643208,5571235.70675,0.06354200001806021,,,,failed,1,0,UNKNOWN,Cannot read properties of undefined (reading 'address'),
pilot_1790499507788,transfer_N1000_c3,0,2026-09-27T10:31:18.048Z,zkSyncTestnet,300,sepolia.era.zksync.dev,transfer,1000,3,,,5571235.671542,5571235.711292,0.03974999953061342,,,,failed,1,0,UNKNOWN,Cannot read properties of undefined (reading 'address'),
pilot_1790499507788,transfer_N1000_c3,0,2026-09-27T10:31:18.048Z,zkSyncTestnet,300,sepolia.era.zksync.dev,transfer,1000,3,,,5571235.715042,5571235.80225,0.08720800001174212,,,,failed,1,0,UNKNOWN,Cannot read properties of undefined (reading 'address'),
pilot_1790499507788,transfer_N1000_c3,0,2026-09-27T10:31:18.048Z,zkSyncTestnet,300,sepolia.era.zksync.dev,transfer,1000,3,,,5571235.744667,5571235.808458,0.06379100028425455,,,,failed,1,0,UNKNOWN,Cannot read properties of undefined (reading 'address'),
pilot_1790499507788,transfer_N1000_c3,0,2026-09-27T10:31:18.048Z,zkSyncTestnet,300,sepolia.era.zksync.dev,transfer,1000,3,,,5571235.77325,5571235.812875,0.03962500020861626,,,,failed,1,0,UNKNOWN,Cannot read properties of undefined (reading 'address'),
pilot_1790499507788,transfer_N1000_c3,0,2026-09-27T10:31:18.048Z,zkSyncTestnet,300,sepolia.era.zksync.dev,transfer,1000,3,,,5571235.816667,5571235.903417,0.08674999978393316,,,,failed,1,0,UNKNOWN,Cannot read properties of undefined (reading 'address'),
pilot_1790499507788,transfer_N1000_c3,0,2026-09-27T10:31:18.048Z,zkSyncTestnet,300,sepolia.era.zksync.dev,transfer,1000,3,,,5571235.846125,5571235.909625,0.06350000016391277,,,,failed,1,0,UNKNOWN,Cannot read properties of undefined (reading 'address'),
pilot_1790499507788,transfer_N1000_c3,0,2026-09-27T10:31:18.048Z,zkSyncTestnet,300,sepolia.era.zksync.dev,transfer,1000,3,,,5571235.874542,5571235.918417,0.043875000439584255,,,,failed,1,0,UNKNOWN,Cannot read properties of undefined (reading 'address'),
pilot_1790499507788,transfer_N1000_c3,0,2026-09-27T10:31:18.048Z,zkSyncTestnet,300,sepolia.era.zksync.dev,transfer,1000,3,,,5571235.922875,5571236.010958,0.08808299992233515,,,,failed,1,0,UNKNOWN,Cannot read properties of undefined (reading 'address'),
pilot_1790499507788,transfer_N1000_c3,0,2026-09-27T10:31:18.048Z,zkSyncTestnet,300,sepolia.era.zksync.dev,transfer,1000,3,,,5571235.952792,5571236.017292,0.06450000032782555,,,,failed,1,0,UNKNOWN,Cannot read properties of undefined (reading 'address'),
pilot_1790499507788,transfer_N1000_c3,0,2026-09-27T10:31:18.048Z,zkSyncTestnet,300,sepolia.era.zksync.dev,transfer,1000,3,,,5571235.981875,5571236.02175,0.03987500071525574,,,,failed,1,0,UNKNOWN,Cannot read properties of undefined (reading 'address'),
pilot_1790499507788,transfer_N1000_c3,0,2026-09-27T10:31:18.048Z,zkSyncTestnet,300,sepolia.era.zksync.dev,transfer,1000,3,,,5571236.025583,5571236.125958,0.10037500038743019,,,,failed,1,0,UNKNOWN,Cannot read properties of undefined (reading 'address'),
pilot_1790499507788,transfer_N1000_c3,0,2026-09-27T10:31:18.048Z,zkSyncTestnet,300,sepolia.era.zksync.dev,transfer,1000,3,,,5571236.055375,5571236.132417,0.07704199943691492,,,,failed,1,0,UNKNOWN,Cannot read properties of undefined (reading 'address'),
pilot_1790499507788,transfer_N1000_c3,0,2026-09-27T10:31:18.048Z,zkSyncTestnet,300,sepolia.era.zksync.dev,transfer,1000,3,,,5571236.096667,5571236.136833,0.04016599990427494,,,,failed,1,0,UNKNOWN,Cannot read properties of undefined (reading 'address'),
pilot_1790499507788,transfer_N1000_c3,0,2026-09-27T10:31:18.048Z,zkSyncTestnet,300,sepolia.era.zksync.dev,transfer,1000,3,,,5571236.140625,5571236.22775,0.08712499961256981,,,,failed,1,0,UNKNOWN,Cannot read properties of undefined (reading 'address'),
pilot_1790499507788,transfer_N1000_c3,0,2026-09-27T10:31:18.048Z,zkSyncTestnet,300,sepolia.era.zksync.dev,transfer,1000,3,,,5571236.170167,5571236.234042,0.06387499999254942,,,,failed,1,0,UNKNOWN,Cannot read properties of undefined (reading 'address'),
pilot_1790499507788,transfer_N1000_c3,0,2026-09-27T10:31:18.048Z,zkSyncTestnet,300,sepolia.era.zksync.dev,transfer,1000,3,,,5571236.198667,5571236.239333,0.04066599998623133,,,,failed,1,0,UNKNOWN,Cannot read properties of undefined (reading 'address'),
pilot_1790499507788,transfer_N1000_c3,0,2026-09-27T10:31:18.048Z,zkSyncTestnet,300,sepolia.era.zksync.dev,transfer,1000,3,,,5571236.24325,5571236.330292,0.08704200014472008,,,,failed,1,0,UNKNOWN,Cannot read properties of undefined (reading 'address'),
pilot_1790499507788,transfer_N1000_c3,0,2026-09-27T10:31:18.048Z,zkSyncTestnet,300,sepolia.era.zksync.dev,transfer,1000,3,,,5571236.272792,5571236.336542,0.06374999973922968,,,,failed,1,0,UNKNOWN,Cannot read properties of undefined (reading 'address'),
pilot_1790499507788,transfer_N1000_c3,0,2026-09-27T10:31:18.048Z,zkSyncTestnet,300,sepolia.era.zksync.dev,transfer,1000,3,,,5571236.301208,5571236.340958,0.039750000461936,,,,failed,1,0,UNKNOWN,Cannot read properties of undefined (reading 'address'),
pilot_1790499507788,transfer_N1000_c3,0,2026-09-27T10:31:18.049Z,zkSyncTestnet,300,sepolia.era.zksync.dev,transfer,1000,3,,,5571236.344708,5571236.432,0.08729199972003698,,,,failed,1,0,UNKNOWN,Cannot read properties of undefined (reading 'address'),
pilot_1790499507788,transfer_N1000_c3,0,2026-09-27T10:31:18.049Z,zkSyncTestnet,300,sepolia.era.zksync.dev,transfer,1000,3,,,5571236.374333,5571236.438208,0.06387499999254942,,,,failed,1,0,UNKNOWN,Cannot read properties of undefined (reading 'address'),
pilot_1790499507788,transfer_N1000_c3,0,2026-09-27T10:31:18.049Z,zkSyncTestnet,300,sepolia.era.zksync.dev,transfer,1000,3,,,5571236.402833,5571236.454042,0.05120899993926287,,,,failed,1,0,UNKNOWN,Cannot read properties of undefined (reading 'address'),
pilot_1790499507788,transfer_N1000_c3,0,2026-09-27T10:31:18.049Z,zkSyncTestnet,300,sepolia.era.zksync.dev,transfer,1000,3,,,5571236.458958,5571236.546875,0.08791700005531311,,,,failed,1,0,UNKNOWN,Cannot read properties of undefined (reading 'address'),
pilot_1790499507788,transfer_N1000_c3,0,2026-09-27T10:31:18.049Z,zkSyncTestnet,300,sepolia.era.zksync.dev,transfer,1000,3,,,5571236.489292,5571236.553125,0.06383299920707941,,,,failed,1,0,UNKNOWN,Cannot read properties of undefined (reading 'address'),
pilot_1790499507788,transfer_N1000_c3,0,2026-09-27T10:31:18.049Z,zkSyncTestnet,300,sepolia.era.zksync.dev,transfer,1000,3,,,5571236.517708,5571236.560833,0.04312499985098839,,,,failed,1,0,UNKNOWN,Cannot read properties of undefined (reading 'address'),
pilot_1790499507788,transfer_N1000_c3,0,2026-09-27T10:31:18.049Z,zkSyncTestnet,300,sepolia.era.zksync.dev,transfer,1000,3,,,5571236.565,5571236.65275,0.08774999994784594,,,,failed,1,0,UNKNOWN,Cannot read properties of undefined (reading 'address'),
pilot_1790499507788,transfer_N1000_c3,0,2026-09-27T10:31:18.049Z,zkSyncTestnet,300,sepolia.era.zksync.dev,transfer,1000,3,,,5571236.595083,5571236.659042,0.06395899970084429,,,,failed,1,0,UNKNOWN,Cannot read properties of undefined (reading 'address'),
pilot_1790499507788,transfer_N1000_c3,0,2026-09-27T10:31:18.049Z,zkSyncTestnet,300,sepolia.era.zksync.dev,transfer,1000,3,,,5571236.623583,5571236.663375,0.03979199938476086,,,,failed,1,0,UNKNOWN,Cannot read properties of undefined (reading 'address'),
pilot_1790499507788,transfer_N1000_c3,0,2026-09-27T10:31:18.049Z,zkSyncTestnet,300,sepolia.era.zksync.dev,transfer,1000,3,,,5571236.667083,5571236.976875,0.3097919998690486,,,,failed,1,0,UNKNOWN,Cannot read properties of undefined (reading 'address'),
pilot_1790499507788,transfer_N1000_c3,0,2026-09-27T10:31:18.049Z,zkSyncTestnet,300,sepolia.era.zksync.dev,transfer,1000,3,,,5571236.900542,5571236.986917,0.08637499995529652,,,,failed,1,0,UNKNOWN,Cannot read properties of undefined (reading 'address'),
pilot_1790499507788,transfer_N1000_c3,0,2026-09-27T10:31:18.049Z,zkSyncTestnet,300,sepolia.era.zksync.dev,transfer,1000,3,,,5571236.944583,5571236.992125,0.04754200018942356,,,,failed,1,0,UNKNOWN,Cannot read properties of undefined (reading 'address'),
pilot_1790499507788,transfer_N1000_c3,0,2026-09-27T10:31:18.049Z,zkSyncTestnet,300,sepolia.era.zksync.dev,transfer,1000,3,,,5571236.996125,5571237.086667,0.09054200071841478,,,,failed,1,0,UNKNOWN,Cannot read properties of undefined (reading 'address'),
pilot_1790499507788,transfer_N1000_c3,0,2026-09-27T10:31:18.049Z,zkSyncTestnet,300,sepolia.era.zksync.dev,transfer,1000,3,,,5571237.027417,5571237.09375,0.06633299961686134,,,,failed,1,0,UNKNOWN,Cannot read properties of undefined (reading 'address'),
pilot_1790499507788,transfer_N1000_c3,0,2026-09-27T10:31:18.049Z,zkSyncTestnet,300,sepolia.era.zksync.dev,transfer,1000,3,,,5571237.057,5571237.1,0.04299999959766865,,,,failed,1,0,UNKNOWN,Cannot read properties of undefined (reading 'address'),
pilot_1790499507788,transfer_N1000_c3,0,2026-09-27T10:31:18.049Z,zkSyncTestnet,300,sepolia.era.zksync.dev,transfer,1000,3,,,5571237.104167,5571237.135458,0.0312909996137023,,,,failed,1,0,UNKNOWN,Cannot read properties of undefined (reading 'address'),
