experiment_id,run_id,repeat_index,timestamp_utc,network,chain_id,rpc_provider,operation,N,concurrency,token_id,tx_hash,submit_time_ms,receipt_time_ms,latency_ms,gas_used,effective_gas_price,transaction_cost_native,status,attempt_number,retry_count,error_type,error_message,block_number
pilot_1790585831611,mint_N500_c3_r1,1,2026-09-28T08:57:24.535Z,ethereumSepolia,11155111,sepolia.era.zksync.dev,mint,500,3,103,0xd8890875e89d5b94772f3e4952934c45350c7ccd92c9e8a97d039d8805c691a5,1590.550208,13781.117458,12190.56725,205890,1588892593,,success,1,0,,,11799461
pilot_1790585831611,mint_N500_c3_r1,1,2026-09-28T08:57:24.581Z,ethereumSepolia,11155111,sepolia.era.zksync.dev,mint,500,3,102,0xd4a2b8931539dbef6d28aedc62ac700c9d4a89140f7be7bb75447cb74b54fa77,1590.33625,13827.101333,12236.765083,205890,1588892593,,success,1,0,,,11799461
pilot_1790585831611,mint_N500_c3_r1,1,2026-09-28T08:57:24.930Z,ethereumSepolia,11155111,sepolia.era.zksync.dev,mint,500,3,101,0xdd9d11520448d0acfa25a54ab2c9e33d0155f6aa7a058577a150a1b3cd2cfed6,1589.292416,14175.998708,12586.706291999999,205878,1588892593,,success,1,0,,,11799461
pilot_1790585831611,mint_N500_c3_r1,1,2026-09-28T08:57:36.774Z,ethereumSepolia,11155111,sepolia.era.zksync.dev,mint,500,3,104,0xcef494ecc42d8443734cb76955eb7356703c0268f1e153e225816efd0b0c2be1,13781.419666,26020.790875,12239.371208999999,205890,1548068589,,success,1,0,,,11799462
pilot_1790585831611,mint_N500_c3_r1,1,2026-09-28T08:57:36.991Z,ethereumSepolia,11155111,sepolia.era.zksync.dev,mint,500,3,105,0xdc6ca06afbdaf15404d53d78e1be96bc3e880b462ed3a0df45d5983ef5604f45,13827.174916,26237.172291,12409.997374999999,205890,1548068589,,success,1,0,,,11799462
pilot_1790585831611,mint_N500_c3_r1,1,2026-09-28T08:57:37.117Z,ethereumSepolia,11155111,sepolia.era.zksync.dev,mint,500,3,106,0x9022fb6e114d176648e635fcd0240cdb40b06e9d0ae1d7e4a0d256d9270aaa00,14176.077041,26362.964416,12186.887374999998,205890,1548068589,,success,1,0,,,11799462
pilot_1790585831611,mint_N500_c3_r1,1,2026-09-28T08:57:49.658Z,ethereumSepolia,11155111,sepolia.era.zksync.dev,mint,500,3,107,0x6f3295e1c6f7e4a69ae4cc764c383f51139a21d8e2c6df75c9270d4e1a7c40f3,26020.925,38903.886166,12882.961165999997,205890,1474302501,,success,1,0,,,11799463
pilot_1790585831611,mint_N500_c3_r1,1,2026-09-28T08:57:49.776Z,ethereumSepolia,11155111,sepolia.era.zksync.dev,mint,500,3,108,0x954bd84cec580290031b007894ccb4f84c137c928c60762402d593e060999b9e,26237.311666,39022.387416,12785.075749999996,205890,1474302501,,success,1,0,,,11799463
pilot_1790585831611,mint_N500_c3_r1,1,2026-09-28T08:57:49.897Z,ethereumSepolia,11155111,sepolia.era.zksync.dev,mint,500,3,109,0x869d8315f302ef993db6199ff04b2762784f37444c40620d85965ae3a95b6d87,26363.021375,39143.71025,12780.688874999996,205878,1474302501,,success,1,0,,,11799463
pilot_1790585831611,mint_N500_c3_r1,1,2026-09-28T08:58:01.804Z,ethereumSepolia,11155111,sepolia.era.zksync.dev,mint,500,3,110,0x88deaf19ba7fb1039ba2ca4415698e57e385a5476d3ce864518c49491acafa61,38903.960708,51050.378958,12146.418250000002,205890,1418952848,,success,1,0,,,11799464
pilot_1790585831611,mint_N500_c3_r1,1,2026-09-28T08:58:01.940Z,ethereumSepolia,11155111,sepolia.era.zksync.dev,mint,500,3,111,0xa9782a62353fd5328007d6a8de3a0fdbeb0b9718b04501d1faae72e7dedd968f,39022.443041,51185.953166,12163.510125,205914,1418952848,,success,1,0,,,11799464
pilot_1790585831611,mint_N500_c3_r1,1,2026-09-28T08:58:02.198Z,ethereumSepolia,11155111,sepolia.era.zksync.dev,mint,500,3,112,0x7cc26ffcadadb008ae48f105b1c4f44247e098772904cb4c8998598362090859,39143.9035,51444.335583,12300.432083,205914,1418952848,,success,1,0,,,11799464
pilot_1790585831611,mint_N500_c3_r1,1,2026-09-28T08:58:12.752Z,ethereumSepolia,11155111,sepolia.era.zksync.dev,mint,500,3,113,0x30ac7be43d69ec75170a77f936cbaed3b6fc6825eee6b98cdeacb21105695746,51050.778333,61997.895583,10947.117249999996,205914,1537587921,,success,1,0,,,11799465
pilot_1790585831611,mint_N500_c3_r1,1,2026-09-28T08:58:12.859Z,ethereumSepolia,11155111,sepolia.era.zksync.dev,mint,500,3,114,0xbb790f8311c09664bffef72d52c7488bbea02b536f643e6e27005164c4b548a8,51186.073458,62105.159666,10919.086208,205914,1537587921,,success,1,0,,,11799465
pilot_1790585831611,mint_N500_c3_r1,1,2026-09-28T08:58:12.979Z,ethereumSepolia,11155111,sepolia.era.zksync.dev,mint,500,3,115,0x959a3859c2d15d818327c5cd421935ea0a7d243c8559e0a39fa586ae1d6c6414,51444.415375,62224.744625,10780.329250000003,205914,1537587921,,success,1,0,,,11799465
pilot_1790585831611,mint_N500_c3_r1,1,2026-09-28T08:58:24.820Z,ethereumSepolia,11155111,sepolia.era.zksync.dev,mint,500,3,116,0xcba7cda10d6a446f6bd56d7438e13da34a4f10c39d52e444d76e244535668469,61997.966875,74065.99825,12068.031375000006,205914,1448147535,,success,1,0,,,11799466
pilot_1790585831611,mint_N500_c3_r1,1,2026-09-28T08:58:24.943Z,ethereumSepolia,11155111,sepolia.era.zksync.dev,mint,500,3,117,0x58f8fc71f72a01af2a2bc24cbacadfcaa64a63b6737af0dda516e3a82d0f77bd,62105.21425,74189.0745,12083.860250000005,205914,1448147535,,success,1,0,,,11799466
pilot_1790585831611,mint_N500_c3_r1,1,2026-09-28T08:58:25.155Z,ethereumSepolia,11155111,sepolia.era.zksync.dev,mint,500,3,118,0xb1420a5bd8b738c9b1cd6d7e39245609698c049966c824246568ac729e994dd8,62224.820208,74401.241416,12176.421208000007,205914,1448147535,,success,1,0,,,11799466
pilot_1790585831611,mint_N500_c3_r1,1,2026-09-28T08:58:36.928Z,ethereumSepolia,11155111,sepolia.era.zksync.dev,mint,500,3,119,0x20e487e90bc8e165cb2bb2c15ebafca0e37da5c1266a5610d53582e1dbde7898,74066.205625,86174.069583,12107.863958000002,205914,1371641395,,success,1,0,,,11799467
pilot_1790585831611,mint_N500_c3_r1,1,2026-09-28T08:58:37.064Z,ethereumSepolia,11155111,sepolia.era.zksync.dev,mint,500,3,120,0xe42ace25d960fbb7e21441a88214d5fbb500a4b86334382fcc013deb2bc6c1ea,74189.121625,86310.544833,12121.423208000007,205914,1371641395,,success,1,0,,,11799467
pilot_1790585831611,mint_N500_c3_r1,1,2026-09-28T08:58:37.340Z,ethereumSepolia,11155111,sepolia.era.zksync.dev,mint,500,3,121,0xe1ed1bf74e54f15f9d81c4cc39a3ce79db94a3bd4180ab39143f3d7e1acda2e6,74401.312958,86586.046791,12184.733833000006,205902,1371641395,,success,1,0,,,11799467
pilot_1790585831611,mint_N500_c3_r1,1,2026-09-28T08:58:49.839Z,ethereumSepolia,11155111,sepolia.era.zksync.dev,mint,500,3,122,0x691fdb5e8d521014d3a2017e75ef51164a52626425e374edb2a80e110258913b,86174.245625,99084.771541,12910.525915999999,205902,1545278059,,success,1,0,,,11799468
pilot_1790585831611,mint_N500_c3_r1,1,2026-09-28T08:58:49.950Z,ethereumSepolia,11155111,sepolia.era.zksync.dev,mint,500,3,123,0x1e7af3a6b2465fbe5127db2d64363d9ba2faaf48c09a1f2172bd7063332bb784,86310.630166,99195.837583,12885.207416999998,205914,1545278059,,success,1,0,,,11799468
pilot_1790585831611,mint_N500_c3_r1,1,2026-09-28T08:58:50.067Z,ethereumSepolia,11155111,sepolia.era.zksync.dev,mint,500,3,124,0xe9f57d36ecebe11a84188357bb86c8d7a2d135889057a1f8f86ea6c2e5ad53aa,86586.080875,99313.198,12727.117125000004,205914,1545278059,,success,1,0,,,11799468
pilot_1790585831611,mint_N500_c3_r1,1,2026-09-28T08:59:00.603Z,ethereumSepolia,11155111,sepolia.era.zksync.dev,mint,500,3,125,0xadbcadb911f1afd8acf485998e86862f7a021cd89c1825a08081c179e21e398b,99084.813333,109848.666041,10763.852708000006,205914,1442298031,,success,1,0,,,11799469
pilot_1790585831611,mint_N500_c3_r1,1,2026-09-28T08:59:00.713Z,ethereumSepolia,11155111,sepolia.era.zksync.dev,mint,500,3,126,0x4f2ff0f45f5278ce8e92e8584200d5edd8f363692968baeb274793f37feedd85,99195.872666,109959.280125,10763.40745900001,205914,1442298031,,success,1,0,,,11799469
pilot_1790585831611,mint_N500_c3_r1,1,2026-09-28T08:59:00.914Z,ethereumSepolia,11155111,sepolia.era.zksync.dev,mint,500,3,127,0x59262cb077cb50c6f544d11effef3f986cea945911f9c41e35d179d6284607b6,99313.314208,110160.250291,10846.936083000008,205914,1442298031,,success,1,0,,,11799469
pilot_1790585831611,mint_N500_c3_r1,1,2026-09-28T08:59:13.395Z,ethereumSepolia,11155111,sepolia.era.zksync.dev,mint,500,3,128,0xf545f1a52cef76e5166841d384e944fd208566189a2e3dcb4f8ef7c04da6772b,109848.960166,122640.544083,12791.583916999996,205902,1398897514,,success,1,0,,,11799470
pilot_1790585831611,mint_N500_c3_r1,1,2026-09-28T08:59:13.546Z,ethereumSepolia,11155111,sepolia.era.zksync.dev,mint,500,3,129,0x99f93d8734575806c14916670d2ab3c32cfa0c927935464267eb54cae4336cf0,109959.338916,122791.987916,12832.649000000005,205914,1398897514,,success,1,0,,,11799470
pilot_1790585831611,mint_N500_c3_r1,1,2026-09-28T08:59:13.676Z,ethereumSepolia,11155111,sepolia.era.zksync.dev,mint,500,3,130,0xf74225e599d74ad3df8bfc96296b04c656d248a456b1f37ac84626046a38eca9,110160.374208,122922.495208,12762.121,205914,1398897514,,success,1,0,,,11799470
pilot_1790585831611,mint_N500_c3_r1,1,2026-09-28T08:59:25.588Z,ethereumSepolia,11155111,sepolia.era.zksync.dev,mint,500,3,131,0x5ae8bfb3d36e69616a2f279926349d131585a69dc44700f1d4f701608fb1b568,122640.622041,134833.696666,12193.074625000008,205914,1558238444,,success,1,0,,,11799471
pilot_1790585831611,mint_N500_c3_r1,1,2026-09-28T08:59:25.705Z,ethereumSepolia,11155111,sepolia.era.zksync.dev,mint,500,3,132,0xd29acefce9814dff7241018c3b8f45d4e99864c420106124b41aca264a95077f,122792.034375,134951.190208,12159.155833000012,205914,1558238444,,success,1,0,,,11799471
pilot_1790585831611,mint_N500_c3_r1,1,2026-09-28T08:59:25.827Z,ethereumSepolia,11155111,sepolia.era.zksync.dev,mint,500,3,133,0x5fa87bfdc3a078d98a5b734d09b9632645830cbd1fb2b41a188d95a8169b8396,122922.5255,135072.878041,12150.352540999986,205914,1558238444,,success,1,0,,,11799471
pilot_1790585831611,mint_N500_c3_r1,1,2026-09-28T08:59:36.602Z,ethereumSepolia,11155111,sepolia.era.zksync.dev,mint,500,3,134,0x9e00478d5a4f77b78c2f5eabedf5dc6589afd86188bc52b03ceeb13a3c79bc10,134833.905083,145847.899916,11013.994833000004,205914,1478235608,,success,1,0,,,11799472
pilot_1790585831611,mint_N500_c3_r1,1,2026-09-28T08:59:36.721Z,ethereumSepolia,11155111,sepolia.era.zksync.dev,mint,500,3,135,0x04f0d33a618817342a70ab62e5536c0165d8a930a7bcdb509cabc7fb23cd0c69,134951.244166,145966.792875,11015.548709000024,205914,1478235608,,success,1,0,,,11799472
pilot_1790585831611,mint_N500_c3_r1,1,2026-09-28T08:59:36.848Z,ethereumSepolia,11155111,sepolia.era.zksync.dev,mint,500,3,136,0x5aaa9931c1b91b86bcc7eb656500be1d4514a10f3c087c87361a2db1f7525dcf,135072.92375,146093.922791,11020.999041000003,205914,1478235608,,success,1,0,,,11799472
pilot_1790585831611,mint_N500_c3_r1,1,2026-09-28T08:59:48.716Z,ethereumSepolia,11155111,sepolia.era.zksync.dev,mint,500,3,137,0x28214d3784011b979dd135c7d7158c81c84dd6bf755c4457c527e4d65484afec,145848.0265,157961.811291,12113.784790999984,205914,1401824403,,success,1,0,,,11799473
pilot_1790585831611,mint_N500_c3_r1,1,2026-09-28T08:59:48.846Z,ethereumSepolia,11155111,sepolia.era.zksync.dev,mint,500,3,138,0x21056baff66298c3b6932d12ddeb4ef7dc0828df81ca1844ef5dbcecde906c2e,145966.835166,158091.961875,12125.126709000004,205914,1401824403,,success,1,0,,,11799473
pilot_1790585831611,mint_N500_c3_r1,1,2026-09-28T08:59:49.042Z,ethereumSepolia,11155111,sepolia.era.zksync.dev,mint,500,3,139,0x73e533b5fe96e7cbf2980e31d1a56765bd1e42f0f3f703fcac6f32c4396df6ac,146093.9665,158287.697041,12193.730540999997,205914,1401824403,,success,1,0,,,11799473
pilot_1790585831611,mint_N500_c3_r1,1,2026-09-28T09:00:01.464Z,ethereumSepolia,11155111,sepolia.era.zksync.dev,mint,500,3,140,0x84029fdcff83e64268bdc513f7d3a7427dc57fa9a17add8eedd55f453fddd1b1,157961.977083,170709.788875,12747.811791999993,205914,1514939834,,success,1,0,,,11799474
pilot_1790585831611,mint_N500_c3_r1,1,2026-09-28T09:00:01.749Z,ethereumSepolia,11155111,sepolia.era.zksync.dev,mint,500,3,141,0x9eeef1dc9755235c7c6aa514ebceb65a956924b0f9e7fd7df23ce73c10409f39,158092.0105,170995.249791,12903.239291000005,205914,1514939834,,success,1,0,,,11799474
pilot_1790585831611,mint_N500_c3_r1,1,2026-09-28T09:00:01.789Z,ethereumSepolia,11155111,sepolia.era.zksync.dev,mint,500,3,142,0xcf94811c3fa7edc79fa998d6c4c59156b0b033af74b8d28f427c526c3446893d,158287.775875,171034.374208,12746.598333000002,205914,1514939834,,success,1,0,,,11799474
pilot_1790585831611,mint_N500_c3_r1,1,2026-09-28T09:00:13.723Z,ethereumSepolia,11155111,sepolia.era.zksync.dev,mint,500,3,143,0x3caab68dfba02de83df6462351733eb23af71d63335952fdbb01cb171f3b8f2f,170709.937,182968.370625,12258.433625000005,205914,1441072492,,success,1,0,,,11799475
pilot_1790585831611,mint_N500_c3_r1,1,2026-09-28T09:00:13.842Z,ethereumSepolia,11155111,sepolia.era.zksync.dev,mint,500,3,144,0x5b12fb82f0098f7ec21a7d0ca4dfa33f84f9bb83e99275d0e5337d7820878221,170995.302041,183087.730166,12092.428125000006,205914,1441072492,,success,1,0,,,11799475
pilot_1790585831611,mint_N500_c3_r1,1,2026-09-28T09:00:13.962Z,ethereumSepolia,11155111,sepolia.era.zksync.dev,mint,500,3,145,0x54b8143cb04bd80feb3de3d4c45909817cf47684259f53c8f85a56d56fc15a7e,171034.43375,183207.610875,12173.177125000017,205914,1441072492,,success,1,0,,,11799475
pilot_1790585831611,mint_N500_c3_r1,1,2026-09-28T09:00:25.836Z,ethereumSepolia,11155111,sepolia.era.zksync.dev,mint,500,3,146,0x6cad8864d3e4f011c540051c705c76570cfda29f8addc9f7c377aec045a3f8dd,182968.421,195081.805583,12113.384583000006,205914,1363880063,,success,1,0,,,11799476
pilot_1790585831611,mint_N500_c3_r1,1,2026-09-28T09:00:25.965Z,ethereumSepolia,11155111,sepolia.era.zksync.dev,mint,500,3,147,0xdb6789bffe09325698a1fe27681ed7e19885e2500305193c8b135e99ebe8c49e,183087.827166,195211.027375,12123.200209000002,205902,1363880063,,success,1,0,,,11799476
pilot_1790585831611,mint_N500_c3_r1,1,2026-09-28T09:00:26.092Z,ethereumSepolia,11155111,sepolia.era.zksync.dev,mint,500,3,148,0x7557e5ab47fcd9969f09a301f0197de118639df8950e16b9f3b9022183abab58,183207.645541,195338.174916,12130.529374999984,205914,1363880063,,success,1,0,,,11799476
pilot_1790585831611,mint_N500_c3_r1,1,2026-09-28T09:00:37.459Z,ethereumSepolia,11155111,sepolia.era.zksync.dev,mint,500,3,149,0xc39e4fe01bc190b56fe3800e54ca837813f5bc01e6b76ab61a07d38cef9dd961,195081.9935,206704.32325,11622.329749999975,205914,1538244789,,success,1,0,,,11799477
pilot_1790585831611,mint_N500_c3_r1,1,2026-09-28T09:00:37.581Z,ethereumSepolia,11155111,sepolia.era.zksync.dev,mint,500,3,150,0xedec125f3f9b87a9ea898b9ad765c8293fe14e90f3d38713fdc06a85eca6898e,195211.090291,206827.222375,11616.132084000012,205914,1538244789,,success,1,0,,,11799477
pilot_1790585831611,mint_N500_c3_r1,1,2026-09-28T09:00:37.881Z,ethereumSepolia,11155111,sepolia.era.zksync.dev,mint,500,3,151,0xdcf3edbc36ee35d3728a43ec4acae1d2ad21e19921c3ee037574971357fccf85,195338.225791,207127.0825,11788.856708999985,205914,1538244789,,success,1,0,,,11799477
pilot_1790585831611,mint_N500_c3_r1,1,2026-09-28T09:00:48.459Z,ethereumSepolia,11155111,sepolia.era.zksync.dev,mint,500,3,152,0x63da3fe8240059881238158c29acecafcd331a20a34f172ed4ea7b85b74821ec,206704.416833,217704.379958,10999.96312500001,205914,1417941682,,success,1,0,,,11799478
pilot_1790585831611,mint_N500_c3_r1,1,2026-09-28T09:00:48.580Z,ethereumSepolia,11155111,sepolia.era.zksync.dev,mint,500,3,153,0xa6a807f8499bd4eb560657ccda6a0ba030d3514d8e540177765cb9104830ff54,206827.279916,217825.708708,10998.428791999992,205914,1417941682,,success,1,0,,,11799478
pilot_1790585831611,mint_N500_c3_r1,1,2026-09-28T09:00:48.678Z,ethereumSepolia,11155111,sepolia.era.zksync.dev,mint,500,3,154,0x68e91ddfaae7e718e47ee8cebbbd4e1bd021ac8ea32f1012125c12393a9a25d9,207127.203166,217923.721083,10796.51791700002,205914,1417941682,,success,1,0,,,11799478
pilot_1790585831611,mint_N500_c3_r1,1,2026-09-28T09:01:00.537Z,ethereumSepolia,11155111,sepolia.era.zksync.dev,mint,500,3,155,0x4833d31a38b3e49924d53f3470e09538e0311e759d47153c9c040adb4e62d490,217704.497708,229782.12775,12077.630042000004,205914,1520038448,,success,1,0,,,11799479
pilot_1790585831611,mint_N500_c3_r1,1,2026-09-28T09:01:00.661Z,ethereumSepolia,11155111,sepolia.era.zksync.dev,mint,500,3,156,0x1e38bb36d78865d229dc1f1b8dd4594c28fd7ade5ef7160401654f949fc49ee8,217825.74825,229906.874791,12081.126541000005,205914,1520038448,,success,1,0,,,11799479
pilot_1790585831611,mint_N500_c3_r1,1,2026-09-28T09:01:00.874Z,ethereumSepolia,11155111,sepolia.era.zksync.dev,mint,500,3,157,0x72f1a3f53749c07f4094a38935ffeef79730894f41b9ba3ca10ba32352e3ebc8,217923.771083,230119.530625,12195.759542000014,205914,1520038448,,success,1,0,,,11799479
pilot_1790585831611,mint_N500_c3_r1,1,2026-09-28T09:01:12.776Z,ethereumSepolia,11155111,sepolia.era.zksync.dev,mint,500,3,158,0x01788405dfd3c52b0f6bb816b0c37efa38439a0626772678f012d058cf0f9c7e,229782.271708,242021.343666,12239.071958000015,205914,1422116904,,success,1,0,,,11799480
pilot_1790585831611,mint_N500_c3_r1,1,2026-09-28T09:01:12.962Z,ethereumSepolia,11155111,sepolia.era.zksync.dev,mint,500,3,159,0xdf9cf2ea175ed12ed6d2a053942033628c1ff0c1749918e890712f0e9342f6c9,229906.92925,242207.898625,12300.969375000015,205914,1422116904,,success,1,0,,,11799480
pilot_1790585831611,mint_N500_c3_r1,1,2026-09-28T09:01:13.089Z,ethereumSepolia,11155111,sepolia.era.zksync.dev,mint,500,3,160,0x7052c6fa7975c27a4ea3209f9b3c62433110eeebbc5492c889523ec5fb732199,230119.633916,242335.04625,12215.412334000022,205902,1422116904,,success,1,0,,,11799480
pilot_1790585831611,mint_N500_c3_r1,1,2026-09-28T09:01:24.542Z,ethereumSepolia,11155111,sepolia.era.zksync.dev,mint,500,3,163,0x46df374b7f56a73495547a5dd060f5efecd89086a01215a2a816b90959e3d2c1,242335.087,253787.352625,11452.265625,205914,1518462867,,success,1,0,,,11799481
pilot_1790585831611,mint_N500_c3_r1,1,2026-09-28T09:01:24.857Z,ethereumSepolia,11155111,sepolia.era.zksync.dev,mint,500,3,161,0x41fc91222e27079e2bf65797e335e1d3d06b3bbac0a2aa49af8c64e123bdc388,242021.387208,254102.353958,12080.966749999992,205914,1518462867,,success,1,0,,,11799481
pilot_1790585831611,mint_N500_c3_r1,1,2026-09-28T09:01:25.061Z,ethereumSepolia,11155111,sepolia.era.zksync.dev,mint,500,3,162,0x310bd76ec0cd14602a212ad24a5dedc135e3376ce23b19db072581a00b575cf6,242207.949291,254306.073541,12098.124249999993,205914,1518462867,,success,1,0,,,11799481
pilot_1790585831611,mint_N500_c3_r1,1,2026-09-28T09:01:36.797Z,ethereumSepolia,11155111,sepolia.era.zksync.dev,mint,500,3,164,0xa39422e0e2b63400d5465ee25c0da7c155cc16db4a10f993f798432dd3e8bd3d,253787.595708,266042.569583,12254.973874999967,205914,1923639988,,success,1,0,,,11799482
pilot_1790585831611,mint_N500_c3_r1,1,2026-09-28T09:01:36.918Z,ethereumSepolia,11155111,sepolia.era.zksync.dev,mint,500,3,165,0xf76ea51b72d4b12c73b5794534c4841e5114870f6c9aa923b65833cf5729be09,254102.44675,266163.14875,12060.70199999999,205914,1923639988,,success,1,0,,,11799482
pilot_1790585831611,mint_N500_c3_r1,1,2026-09-28T09:01:37.145Z,ethereumSepolia,11155111,sepolia.era.zksync.dev,mint,500,3,166,0x4b14cadb3e79032db6f30d17c10dc0b7da15dc757005d4cc7eeeecd00bc6756a,254306.126208,266390.482041,12084.35583299998,205902,1923639988,,success,1,0,,,11799482
pilot_1790585831611,mint_N500_c3_r1,1,2026-09-28T09:01:49.627Z,ethereumSepolia,11155111,sepolia.era.zksync.dev,mint,500,3,167,0x5608d47c7c60fef057d98159ed7f3f81569fe4b6f161609e4aca367d07291d57,266042.639958,278872.054583,12829.414625000034,205914,1467229241,,success,1,0,,,11799483
pilot_1790585831611,mint_N500_c3_r1,1,2026-09-28T09:01:49.739Z,ethereumSepolia,11155111,sepolia.era.zksync.dev,mint,500,3,168,0x53831450fc33477a9efe5bc0dcf269ff5d5884e231a17d786c6ea2b1dd1f860f,266163.2095,278984.840458,12821.630958000023,205914,1467229241,,success,1,0,,,11799483
pilot_1790585831611,mint_N500_c3_r1,1,2026-09-28T09:01:49.856Z,ethereumSepolia,11155111,sepolia.era.zksync.dev,mint,500,3,169,0xb64d04f4e6151648542ae5451b33f3092d4e9247815b484fbdbedb5b707279f5,266390.549541,279101.743375,12711.193834000034,205902,1467229241,,success,1,0,,,11799483
pilot_1790585831611,mint_N500_c3_r1,1,2026-09-28T09:02:01.237Z,ethereumSepolia,11155111,sepolia.era.zksync.dev,mint,500,3,171,0x93bcf3a1f6adcea22085463cdac948161b3fefc401e4f1d3a078afd8625c1907,278984.886916,290481.928541,11497.041625000013,205914,1412483168,,success,1,0,,,11799484
pilot_1790585831611,mint_N500_c3_r1,1,2026-09-28T09:02:01.391Z,ethereumSepolia,11155111,sepolia.era.zksync.dev,mint,500,3,172,0xcb9cb566ea9200ac473395dfb08e9d4176088dc8271619bfb19b276d8f61f37a,279101.789958,290635.947125,11534.157166999998,205890,1412483168,,success,1,0,,,11799484
pilot_1790585831611,mint_N500_c3_r1,1,2026-09-28T09:02:01.581Z,ethereumSepolia,11155111,sepolia.era.zksync.dev,mint,500,3,170,0x1ae6c71744a440a0d5bdad3ea2ed4ee05b8a2c7b44e86cdda6d7d37eb4c64007,278872.110541,290826.057916,11953.947375000047,205914,1412483168,,success,1,0,,,11799484
pilot_1790585831611,mint_N500_c3_r1,1,2026-09-28T09:02:13.541Z,ethereumSepolia,11155111,sepolia.era.zksync.dev,mint,500,3,175,0x37bb0815d67815f75d8a5aef7bc48c08a2a75c2c1121a980b96e4251c8800b78,290826.106958,302786.287291,11960.180333000026,205914,1512184756,,success,1,0,,,11799485
pilot_1790585831611,mint_N500_c3_r1,1,2026-09-28T09:02:13.940Z,ethereumSepolia,11155111,sepolia.era.zksync.dev,mint,500,3,173,0x1ce952e15b91cb4adc35a910454b0d4c6cd2bdce298d69f3a63555383415dbdc,290482.111375,303185.452,12703.340625000012,205914,1512184756,,success,1,0,,,11799485
pilot_1790585831611,mint_N500_c3_r1,1,2026-09-28T09:02:14.078Z,ethereumSepolia,11155111,sepolia.era.zksync.dev,mint,500,3,174,0xa8d8fea10c4538320af362b8ffd479aa7b14e30e0402243ef7418fd759d653e4,290635.994833,303323.025958,12687.03112499998,205914,1512184756,,success,1,0,,,11799485
pilot_1790585831611,mint_N500_c3_r1,1,2026-09-28T09:02:25.347Z,ethereumSepolia,11155111,sepolia.era.zksync.dev,mint,500,3,176,0x1babf97bb913038595fd224cc30852cd41df5105c6fcf1912b6ea58861381987,302786.366208,314592.176791,11805.810583000013,205902,1433948523,,success,1,0,,,11799486
pilot_1790585831611,mint_N500_c3_r1,1,2026-09-28T09:02:25.469Z,ethereumSepolia,11155111,sepolia.era.zksync.dev,mint,500,3,177,0xcd6d3ff295e59e15ad4b7765f6b9720fdc0f21f49d81b3dab14825291956412d,303185.526625,314714.620416,11529.093791000021,205914,1433948523,,success,1,0,,,11799486
pilot_1790585831611,mint_N500_c3_r1,1,2026-09-28T09:02:25.596Z,ethereumSepolia,11155111,sepolia.era.zksync.dev,mint,500,3,178,0x8fb4283dc0a688e38844264c7ecdc28217541628c6c344289d4c26b1e254f971,303323.099416,314841.072125,11517.972708999994,205914,1433948523,,success,1,0,,,11799486
pilot_1790585831611,mint_N500_c3_r1,1,2026-09-28T09:02:36.937Z,ethereumSepolia,11155111,sepolia.era.zksync.dev,mint,500,3,179,0x9e09da9db00b88a6060025fc693c823cfabe516d22616dc83b9ea010f94b9d36,314592.263125,326182.072041,11589.808916000009,205902,1356598775,,success,1,0,,,11799487
pilot_1790585831611,mint_N500_c3_r1,1,2026-09-28T09:02:37.062Z,ethereumSepolia,11155111,sepolia.era.zksync.dev,mint,500,3,180,0xf44e509bc8d4c9514bf942694c589b7d56c1c45a2437a14bfbfba5dad61c1884,314714.679791,326306.889666,11592.209875,205914,1356598775,,success,1,0,,,11799487
pilot_1790585831611,mint_N500_c3_r1,1,2026-09-28T09:02:37.176Z,ethereumSepolia,11155111,sepolia.era.zksync.dev,mint,500,3,181,0xa55de0d7135cf4ebe0df690edf916f330874bd78ed219b757f43579e0058a062,314841.10675,326421.340041,11580.233291000011,205914,1356598775,,success,1,0,,,11799487
pilot_1790585831611,mint_N500_c3_r1,1,2026-09-28T09:02:49.653Z,ethereumSepolia,11155111,sepolia.era.zksync.dev,mint,500,3,182,0x15da9f5525e4242fc1eb6af32a573fff0952cacef1f54f342308d0bb2a4e6de7,326182.154333,338898.046125,12715.89179199998,205914,1533743095,,success,1,0,,,11799488
pilot_1790585831611,mint_N500_c3_r1,1,2026-09-28T09:02:49.784Z,ethereumSepolia,11155111,sepolia.era.zksync.dev,mint,500,3,183,0x539c316332af0dfd99a0bdde5f8f9f8290ec1f9d10e26e76638f8bb193b04eb9,326306.976875,339029.591875,12722.61499999999,205914,1533743095,,success,1,0,,,11799488
pilot_1790585831611,mint_N500_c3_r1,1,2026-09-28T09:02:50.030Z,ethereumSepolia,11155111,sepolia.era.zksync.dev,mint,500,3,184,0xcaf7b27b0525db0881e4692ff321f9599742c3fe1fb790c0e03523ac52a3b88d,326421.383083,339275.557833,12854.174750000006,205914,1533743095,,success,1,0,,,11799488
pilot_1790585831611,mint_N500_c3_r1,1,2026-09-28T09:03:00.665Z,ethereumSepolia,11155111,sepolia.era.zksync.dev,mint,500,3,185,0xf35b4a57b51c5c82ae059c3ca40cd4b2d58cc4a6a8fc005e9fdaca0dd1e63b9e,338898.106583,349910.19425,11012.087667000014,205914,1445507362,,success,1,0,,,11799489
pilot_1790585831611,mint_N500_c3_r1,1,2026-09-28T09:03:00.788Z,ethereumSepolia,11155111,sepolia.era.zksync.dev,mint,500,3,186,0x6c8b2813fc9043322a456ded3425b54dc803634aa76c7c90c076c558f7be1570,339029.637916,350032.735583,11003.097667000024,205914,1445507362,,success,1,0,,,11799489
pilot_1790585831611,mint_N500_c3_r1,1,2026-09-28T09:03:01.022Z,ethereumSepolia,11155111,sepolia.era.zksync.dev,mint,500,3,187,0xde5b622de4a5cefb18f3ac82c3fcd31a33d4947d7115faa8db4ebd9894591ae5,339275.611541,350266.755958,10991.144417000003,205914,1445507362,,success,1,0,,,11799489
pilot_1790585831611,mint_N500_c3_r1,1,2026-09-28T09:03:12.819Z,ethereumSepolia,11155111,sepolia.era.zksync.dev,mint,500,3,188,0x1ac93ce6b0d3423e10e602a5adf28eeac0c0fb4b44ed014cd12a38e49e32eeeb,349910.312458,362063.684916,12153.372458000027,205914,1505269657,,success,1,0,,,11799490
pilot_1790585831611,mint_N500_c3_r1,1,2026-09-28T09:03:13.019Z,ethereumSepolia,11155111,sepolia.era.zksync.dev,mint,500,3,189,0x6ce9fcda0f6c1e247632e09126b27d6c24b5e0430f1a247120e5a894ecd0718d,350032.780416,362264.458291,12231.677874999994,205902,1505269657,,success,1,0,,,11799490
pilot_1790585831611,mint_N500_c3_r1,1,2026-09-28T09:03:13.144Z,ethereumSepolia,11155111,sepolia.era.zksync.dev,mint,500,3,190,0xd986770e3572aff9ed2c93c07efb857beb5f95c34d7c5c3871e19386f591b5c0,350266.818958,362388.781958,12121.962999999989,205902,1505269657,,success,1,0,,,11799490
pilot_1790585831611,mint_N500_c3_r1,1,2026-09-28T09:03:25.662Z,ethereumSepolia,11155111,sepolia.era.zksync.dev,mint,500,3,191,0x0fdc5cdd88b81e5f94bd8fecc4ba6e640e903f2a1536d067789f91b0d87fc70f,362063.74775,374907.003791,12843.256041000015,205914,1443897709,,success,1,0,,,11799491
pilot_1790585831611,mint_N500_c3_r1,1,2026-09-28T09:03:25.782Z,ethereumSepolia,11155111,sepolia.era.zksync.dev,mint,500,3,192,0x68f43240a5d9814636dbd6bc2151e1dbca8178b0d1063e8b7e2a2bf3fd46f447,362264.55425,375027.496541,12762.942290999985,205914,1443897709,,success,1,0,,,11799491
pilot_1790585831611,mint_N500_c3_r1,1,2026-09-28T09:03:25.907Z,ethereumSepolia,11155111,sepolia.era.zksync.dev,mint,500,3,193,0xa91cd89804e48929c011dc719ee6b5f9af3a54fb060645aba57dd434a0bfa08b,362388.899666,375152.468791,12763.569125000038,205914,1443897709,,success,1,0,,,11799491
pilot_1790585831611,mint_N500_c3_r1,1,2026-09-28T09:03:36.753Z,ethereumSepolia,11155111,sepolia.era.zksync.dev,mint,500,3,194,0xeadc5ec72c8c794399265a23a0c75090a56355603d13effbe1542367b1338d1f,374907.118166,385998.149791,11091.031625000003,205902,1351427914,,success,1,0,,,11799492
pilot_1790585831611,mint_N500_c3_r1,1,2026-09-28T09:03:36.896Z,ethereumSepolia,11155111,sepolia.era.zksync.dev,mint,500,3,195,0x9519abd8860a966b477a60ce673922cd0749633be644b5d639a41e31f7252a14,375027.550125,386140.741166,11113.191041000013,205914,1351427914,,success,1,0,,,11799492
pilot_1790585831611,mint_N500_c3_r1,1,2026-09-28T09:03:37.006Z,ethereumSepolia,11155111,sepolia.era.zksync.dev,mint,500,3,196,0x10b51d4854d38845e059bd799d2378c9a0b97f998c037dd5090fcda9197fb77a,375152.508166,386250.9355,11098.427334000007,205914,1351427914,,success,1,0,,,11799492
pilot_1790585831611,mint_N500_c3_r1,1,2026-09-28T09:03:48.394Z,ethereumSepolia,11155111,sepolia.era.zksync.dev,mint,500,3,198,0x67b71a93e7befe2c9bcb8c82e34774f28cad06d18d776de8c6a13b03c8276a23,386140.829958,397639.197708,11498.367750000034,205914,1532562470,,success,1,0,,,11799493
pilot_1790585831611,mint_N500_c3_r1,1,2026-09-28T09:03:48.435Z,ethereumSepolia,11155111,sepolia.era.zksync.dev,mint,500,3,199,0x2661a96b0bc9fef036169a44d7afb54f44f2cdb9a31a82b9ba71ce83cc90cecf,386250.980333,397679.60725,11428.626916999987,205902,1532562470,,success,1,0,,,11799493
pilot_1790585831611,mint_N500_c3_r1,1,2026-09-28T09:03:48.831Z,ethereumSepolia,11155111,sepolia.era.zksync.dev,mint,500,3,197,0xc0f2fa053b6c51bcea873110d06d91370a9dc8c58817c5e89442766547b961c6,385998.261041,398076.257916,12077.996874999953,205914,1532562470,,success,1,0,,,11799493
pilot_1790585831611,mint_N500_c3_r1,1,2026-09-28T09:04:00.793Z,ethereumSepolia,11155111,sepolia.era.zksync.dev,mint,500,3,201,0x3703650abc6c0a88226123b3c7df50695a0ebf474db9335b838e719d8abf5149,397679.642083,410038.226416,12358.584333000006,205938,1354378911,,success,1,0,,,11799494
pilot_1790585831611,mint_N500_c3_r1,1,2026-09-28T09:04:00.917Z,ethereumSepolia,11155111,sepolia.era.zksync.dev,mint,500,3,200,0xfb39ce4c8db23bdb1cf9b1293f58a49ffccc64086d26d99c059d0e4d7cea7e2f,397639.307708,410161.6625,12522.35479199997,205914,1354378911,,success,1,0,,,11799494
pilot_1790585831611,mint_N500_c3_r1,1,2026-09-28T09:04:01.040Z,ethereumSepolia,11155111,sepolia.era.zksync.dev,mint,500,3,202,0x6d260b23bb0b05db67380e479b9251a155c6cb0ad472becbdea5801b7f454770,398076.307541,410285.085791,12208.778249999974,205938,1354378911,,success,1,0,,,11799494
pilot_1790585831611,mint_N500_c3_r1,1,2026-09-28T09:04:13.837Z,ethereumSepolia,11155111,sepolia.era.zksync.dev,mint,500,3,203,0x20fa4d1ec93def631e20c992c4b3ec50364e89d91574f30499e0758ff20d3112,410038.285375,423081.831375,13043.546000000031,205938,1509228609,,success,1,0,,,11799495
pilot_1790585831611,mint_N500_c3_r1,1,2026-09-28T09:04:13.948Z,ethereumSepolia,11155111,sepolia.era.zksync.dev,mint,500,3,204,0xec69c246ae88c2a5abdbab17d9234f7c1d4b865ac41f2640ffb37926f8545e15,410161.70525,423192.815375,13031.110125000007,205938,1509228609,,success,1,0,,,11799495
pilot_1790585831611,mint_N500_c3_r1,1,2026-09-28T09:04:14.066Z,ethereumSepolia,11155111,sepolia.era.zksync.dev,mint,500,3,205,0x779b5e18a21241cb9f3c37c408eb920564ce429c2dc9f9051afce2748fc54d80,410285.129708,423311.305333,13026.175625000033,205926,1509228609,,success,1,0,,,11799495
pilot_1790585831611,mint_N500_c3_r1,1,2026-09-28T09:04:25.373Z,ethereumSepolia,11155111,sepolia.era.zksync.dev,mint,500,3,206,0x4402e865dd2d123ae64134c43b2560991785f20a92db6b789e6ae434d2861607,423081.905291,434618.328875,11536.423584000033,205938,1378433933,,success,1,0,,,11799496
pilot_1790585831611,mint_N500_c3_r1,1,2026-09-28T09:04:25.498Z,ethereumSepolia,11155111,sepolia.era.zksync.dev,mint,500,3,207,0xcb8b45d4bc00e53db06479cad025e112e2c49f707bb8cc044618b39e3e4968ef,423192.903041,434742.742791,11549.839749999985,205938,1378433933,,success,1,0,,,11799496
pilot_1790585831611,mint_N500_c3_r1,1,2026-09-28T09:04:25.607Z,ethereumSepolia,11155111,sepolia.era.zksync.dev,mint,500,3,208,0x8bb5633d20bb908b2768dc117f1724d5800a33f7547948f37eb475fb73c9273a,423311.348041,434852.309083,11540.96104199998,205938,1378433933,,success,1,0,,,11799496
pilot_1790585831611,mint_N500_c3_r1,1,2026-09-28T09:04:36.946Z,ethereumSepolia,11155111,sepolia.era.zksync.dev,mint,500,3,209,0x363fa597c287043419931bff270ebab93d37c8bc18d754f72c2073a1a197dc0a,434618.380458,446190.935708,11572.555249999976,205938,1515917653,,success,1,0,,,11799497
pilot_1790585831611,mint_N500_c3_r1,1,2026-09-28T09:04:37.066Z,ethereumSepolia,11155111,sepolia.era.zksync.dev,mint,500,3,210,0x4178aa2f881264820f2c8296496bfa268ed6984d968c6b295211e4d98ba4a11e,434742.780625,446311.291625,11568.510999999999,205926,1515917653,,success,1,0,,,11799497
pilot_1790585831611,mint_N500_c3_r1,1,2026-09-28T09:04:37.195Z,ethereumSepolia,11155111,sepolia.era.zksync.dev,mint,500,3,211,0x4e917f60ec9fc6d4ef05ebf3a68b6e4691a5c7ef581cb99f6a1878be9d1064a6,434852.39525,446440.225541,11587.83029100002,205938,1515917653,,success,1,0,,,11799497
pilot_1790585831611,mint_N500_c3_r1,1,2026-09-28T09:04:49.670Z,ethereumSepolia,11155111,sepolia.era.zksync.dev,mint,500,3,212,0x9312420c6a68229ed656ffc29b08b549c6c4f0d8b764ee4696c4fb930628ba1d,446191.223083,458914.865375,12723.642292000004,205938,1389693234,,success,1,0,,,11799498
pilot_1790585831611,mint_N500_c3_r1,1,2026-09-28T09:04:49.794Z,ethereumSepolia,11155111,sepolia.era.zksync.dev,mint,500,3,213,0xbc74dda000bddb665eb811fb6ce74d7e78ea821886da37ab58f62219a2acccd4,446311.344791,459038.727916,12727.383124999993,205938,1389693234,,success,1,0,,,11799498
pilot_1790585831611,mint_N500_c3_r1,1,2026-09-28T09:04:49.980Z,ethereumSepolia,11155111,sepolia.era.zksync.dev,mint,500,3,214,0x3c9d6363d90380ce12e49e75aef80b4f22888204dde410d4d7f9eda2deece1f7,446440.28975,459224.346625,12784.05687500001,205938,1389693234,,success,1,0,,,11799498
pilot_1790585831611,mint_N500_c3_r1,1,2026-09-28T09:05:00.540Z,ethereumSepolia,11155111,sepolia.era.zksync.dev,mint,500,3,215,0xa74b7bb3e3da78da28412e86908fe49762bf034a1e0b3a159c06103718860ee4,458914.954125,469784.837,10869.88287500001,205938,1532674425,,success,1,0,,,11799499
pilot_1790585831611,mint_N500_c3_r1,1,2026-09-28T09:05:00.649Z,ethereumSepolia,11155111,sepolia.era.zksync.dev,mint,500,3,216,0xb80c917be2e129790cefb14465c1ac08e585a794481f4d74bfe662ffea71d31b,459038.766875,469893.510916,10854.744041000027,205938,1532674425,,success,1,0,,,11799499
pilot_1790585831611,mint_N500_c3_r1,1,2026-09-28T09:05:00.770Z,ethereumSepolia,11155111,sepolia.era.zksync.dev,mint,500,3,217,0x7a57c103e6597d5f17d37bd1539ee51dcc19a067d1bce47dae01f523e9f77ddd,459224.393375,470015.247583,10790.854208000004,205938,1532674425,,success,1,0,,,11799499
pilot_1790585831611,mint_N500_c3_r1,1,2026-09-28T09:05:13.273Z,ethereumSepolia,11155111,sepolia.era.zksync.dev,mint,500,3,219,0x95584481da2d87ce64544a76a885c702e20468d5eb2a7ab61731be482bca1e61,469893.572166,482517.724708,12624.152541999996,205938,1405898746,,success,1,0,,,11799500
pilot_1790585831611,mint_N500_c3_r1,1,2026-09-28T09:05:13.390Z,ethereumSepolia,11155111,sepolia.era.zksync.dev,mint,500,3,220,0xdb4cc5a5a522324d83cd34db367752988b0adbd8253d2028911fe3fef36965d6,470015.290791,482634.748625,12619.457834,205938,1405898746,,success,1,0,,,11799500
pilot_1790585831611,mint_N500_c3_r1,1,2026-09-28T09:05:13.739Z,ethereumSepolia,11155111,sepolia.era.zksync.dev,mint,500,3,218,0xdebbda2567fe4eaffd757989f6c561aa0767bd9bb1c13d64c38ac8cf0de89844,469784.982125,482983.951333,13198.969207999995,205938,1405898746,,success,1,0,,,11799500
pilot_1790585831611,mint_N500_c3_r1,1,2026-09-28T09:05:25.486Z,ethereumSepolia,11155111,sepolia.era.zksync.dev,mint,500,3,221,0x2d7da3cf855573e0d3be06428cc0adfdf14dd3f3de8f8c1249fd8538563d5498,482517.794708,494730.78625,12212.991542000032,205926,1536949182,,success,1,0,,,11799501
pilot_1790585831611,mint_N500_c3_r1,1,2026-09-28T09:05:25.744Z,ethereumSepolia,11155111,sepolia.era.zksync.dev,mint,500,3,222,0x9bb2dc798688fa033b6dba9b455414dc8e5332ae7f4b2c1f38b965efcbf27d5f,482634.842375,494988.495583,12353.653208000003,205938,1536949182,,success,1,0,,,11799501
pilot_1790585831611,mint_N500_c3_r1,1,2026-09-28T09:05:25.785Z,ethereumSepolia,11155111,sepolia.era.zksync.dev,mint,500,3,223,0x4f836d7297c83dce1e164edec591d4ae24e7286c9e75d76c6fc16895da9a2ad8,482983.990625,495029.285916,12045.295291000046,205938,1536949182,,success,1,0,,,11799501
pilot_1790585831611,mint_N500_c3_r1,1,2026-09-28T09:05:36.978Z,ethereumSepolia,11155111,sepolia.era.zksync.dev,mint,500,3,224,0xef31658f71238475eb0d1d7229dd6b82d1b3aadb4c44c5e5d335b8efa7300dec,494730.845666,506222.341666,11491.496000000043,205926,1478456439,,success,1,0,,,11799502
pilot_1790585831611,mint_N500_c3_r1,1,2026-09-28T09:05:37.165Z,ethereumSepolia,11155111,sepolia.era.zksync.dev,mint,500,3,225,0x9aacff6802f00af0855a4c9b44c3e5d03cf7272dc027fd68dc7dd15784ff9213,494988.536625,506409.379958,11420.843332999968,205938,1478456439,,success,1,0,,,11799502
pilot_1790585831611,mint_N500_c3_r1,1,2026-09-28T09:05:37.287Z,ethereumSepolia,11155111,sepolia.era.zksync.dev,mint,500,3,226,0xcc28b68fe410ed87d7e8337b0f739c5cc36a51a34f5533049f960fc845b92f16,495029.354125,506531.195916,11501.841790999984,205938,1478456439,,success,1,0,,,11799502
pilot_1790585831611,mint_N500_c3_r1,1,2026-09-28T09:05:49.786Z,ethereumSepolia,11155111,sepolia.era.zksync.dev,mint,500,3,227,0x648b2135f457975d6f81ec4bc5bd09d78be729179e45972d9668dc557576ed50,506222.539625,519030.611958,12808.072333000018,205938,1396811968,,success,1,0,,,11799503
pilot_1790585831611,mint_N500_c3_r1,1,2026-09-28T09:05:49.905Z,ethereumSepolia,11155111,sepolia.era.zksync.dev,mint,500,3,228,0xa6f1c235f399c91740efd1284dfade8216ff869226fb4be6ab79fcc4058c6786,506409.462333,519149.185375,12739.723042000027,205938,1396811968,,success,1,0,,,11799503
pilot_1790585831611,mint_N500_c3_r1,1,2026-09-28T09:05:50.024Z,ethereumSepolia,11155111,sepolia.era.zksync.dev,mint,500,3,229,0x56ead9f7b700d70a62f1652a8a3e4efc62c2280932927b88afda818b716cd783,506531.224625,519268.694708,12737.470083000022,205938,1396811968,,success,1,0,,,11799503
pilot_1790585831611,mint_N500_c3_r1,1,2026-09-28T09:06:00.628Z,ethereumSepolia,11155111,sepolia.era.zksync.dev,mint,500,3,231,0x50c9fea1df5b5e173cc19bce0c933663a2126d9ca43c692f0a4b5593c616ffca,519149.253375,529872.387208,10723.13383299997,205938,1522166036,,success,1,0,,,11799504
pilot_1790585831611,mint_N500_c3_r1,1,2026-09-28T09:06:00.665Z,ethereumSepolia,11155111,sepolia.era.zksync.dev,mint,500,3,232,0x30b2410004142c1ca4b06545edcb8ad09cb025b52928f0f3160d0ef0b12cd65b,519268.770416,529909.197291,10640.426875000063,205938,1522166036,,success,1,0,,,11799504
pilot_1790585831611,mint_N500_c3_r1,1,2026-09-28T09:06:01.041Z,ethereumSepolia,11155111,sepolia.era.zksync.dev,mint,500,3,230,0xcce1d89d9ba6f2487e8fec1ac94669015d0430b8fa922a6eb7c5ddef5d89a53e,519030.69825,530285.593166,11254.894915999961,205938,1522166036,,success,1,0,,,11799504
pilot_1790585831611,mint_N500_c3_r1,1,2026-09-28T09:06:13.539Z,ethereumSepolia,11155111,sepolia.era.zksync.dev,mint,500,3,233,0x9346e944ed8273486f57e61020534d508be2e87c3058b06e1874b4599391b78e,529872.471166,542784.005875,12911.534709000029,205938,1458299797,,success,1,0,,,11799505
pilot_1790585831611,mint_N500_c3_r1,1,2026-09-28T09:06:13.654Z,ethereumSepolia,11155111,sepolia.era.zksync.dev,mint,500,3,234,0x17a51079f2db1ac79e8d3cc5b4e4e730be894be436f638e5210696a76ab5804c,529909.231041,542899.033708,12989.802666999982,205938,1458299797,,success,1,0,,,11799505
pilot_1790585831611,mint_N500_c3_r1,1,2026-09-28T09:06:13.769Z,ethereumSepolia,11155111,sepolia.era.zksync.dev,mint,500,3,235,0xc05899e335ddb428ee219348abb2885fb5d085a4464a51f9189c68c5b1ff2ee8,530285.656541,543013.960875,12728.304333999986,205938,1458299797,,success,1,0,,,11799505
pilot_1790585831611,mint_N500_c3_r1,1,2026-09-28T09:06:25.020Z,ethereumSepolia,11155111,sepolia.era.zksync.dev,mint,500,3,236,0x22dfcf4563cf25bf9f5300986957c7d7df265245b25a67cca4c2d176d69be301,542784.110291,554264.884333,11480.774042000063,205938,1387516384,,success,1,0,,,11799506
pilot_1790585831611,mint_N500_c3_r1,1,2026-09-28T09:06:25.137Z,ethereumSepolia,11155111,sepolia.era.zksync.dev,mint,500,3,237,0xc9e951ea0c4be8bde32a03c4506646fc185fdb5edc466bed49ae733fdd27ca25,542899.074875,554381.861208,11482.786332999938,205938,1387516384,,success,1,0,,,11799506
pilot_1790585831611,mint_N500_c3_r1,1,2026-09-28T09:06:25.255Z,ethereumSepolia,11155111,sepolia.era.zksync.dev,mint,500,3,238,0x52d17c7fdd0fe1db32ff81e611f78deebf5080fa91725562176b57e09c80a9bb,543014.006333,554499.714333,11485.707999999984,205938,1387516384,,success,1,0,,,11799506
pilot_1790585831611,mint_N500_c3_r1,1,2026-09-28T09:06:36.606Z,ethereumSepolia,11155111,sepolia.era.zksync.dev,mint,500,3,239,0xcd6d3945a7fc07ead1aac62099242b913aa6422cd7b7c67a7ed0f1d7c2db2155,554265.433625,565850.068875,11584.63525000005,205938,1524602257,,success,1,0,,,11799507
pilot_1790585831611,mint_N500_c3_r1,1,2026-09-28T09:06:36.736Z,ethereumSepolia,11155111,sepolia.era.zksync.dev,mint,500,3,240,0x32ac2aaa2ac00d97f065eadaf7c7848773033d89143cb40b03af97ddbc289d7d,554381.900166,565980.546875,11598.646708999993,205938,1524602257,,success,1,0,,,11799507
pilot_1790585831611,mint_N500_c3_r1,1,2026-09-28T09:06:36.851Z,ethereumSepolia,11155111,sepolia.era.zksync.dev,mint,500,3,241,0xa2519725d5f5b3d893d8d909ca1ad83ab819ba2b04a1627345d275e0772c5877,554499.763333,566095.377666,11595.614333000034,205938,1524602257,,success,1,0,,,11799507
pilot_1790585831611,mint_N500_c3_r1,1,2026-09-28T09:06:48.735Z,ethereumSepolia,11155111,sepolia.era.zksync.dev,mint,500,3,242,0x1afc4262ae42d971f978b84b3affcb589c30596e1934fd51c96d746d51115699,565850.133208,577979.090791,12128.957583000069,205938,1404437989,,success,1,0,,,11799508
pilot_1790585831611,mint_N500_c3_r1,1,2026-09-28T09:06:48.858Z,ethereumSepolia,11155111,sepolia.era.zksync.dev,mint,500,3,243,0x88836e65479452363457f6d08b86ddfefa7eaa62ec8de04ea4f3e89be031d61a,565980.611083,578102.425416,12121.814332999988,205938,1404437989,,success,1,0,,,11799508
pilot_1790585831611,mint_N500_c3_r1,1,2026-09-28T09:06:49.158Z,ethereumSepolia,11155111,sepolia.era.zksync.dev,mint,500,3,244,0x6bb1d23b0f3dd77b999be5bbda9e8d66d36d1f290d6211ac8bc6a4bcd57acdf1,566095.437041,578402.145708,12306.708667000057,205938,1404437989,,success,1,0,,,11799508
pilot_1790585831611,mint_N500_c3_r1,1,2026-09-28T09:07:01.684Z,ethereumSepolia,11155111,sepolia.era.zksync.dev,mint,500,3,245,0x6c9c7346f63fbc124d97f875e625c156195f0dd3836da62648b50bd58c84c8f9,577979.162625,590927.9045,12948.741874999949,205938,1525718070,,success,1,0,,,11799509
pilot_1790585831611,mint_N500_c3_r1,1,2026-09-28T09:07:01.796Z,ethereumSepolia,11155111,sepolia.era.zksync.dev,mint,500,3,246,0x730b2500830e3b649679ce59d4e297bf36794a43451c00cfe0cc1ca7bf4bcdd1,578102.476416,591040.479625,12938.003208999988,205938,1525718070,,success,1,0,,,11799509
pilot_1790585831611,mint_N500_c3_r1,1,2026-09-28T09:07:01.918Z,ethereumSepolia,11155111,sepolia.era.zksync.dev,mint,500,3,247,0x0a3119ffb58b31e60190edcf798b9d57d2564c9df83c66bc1c8e70e339dbeafd,578402.212333,591162.666125,12760.453791999957,205938,1525718070,,success,1,0,,,11799509
pilot_1790585831611,mint_N500_c3_r1,1,2026-09-28T09:07:13.192Z,ethereumSepolia,11155111,sepolia.era.zksync.dev,mint,500,3,249,0x2613a8c17a4f82327958fdf0c73a4118f759eca6e65e26c8b40ca8261be4f128,591040.541791,602436.064041,11395.522249999922,205938,1403105456,,success,1,0,,,11799510
pilot_1790585831611,mint_N500_c3_r1,1,2026-09-28T09:07:13.312Z,ethereumSepolia,11155111,sepolia.era.zksync.dev,mint,500,3,248,0xa18225560f344fbdaddf4d2391762543d74c150975f616dce26ae97c7b69fa4c,590928.011541,602556.481958,11628.470417000004,205938,1403105456,,success,1,0,,,11799510
pilot_1790585831611,mint_N500_c3_r1,1,2026-09-28T09:07:13.431Z,ethereumSepolia,11155111,sepolia.era.zksync.dev,mint,500,3,250,0x3deac410571baaf5b2275a0d0a96943b1cc668da7f0f7acf34e98ddf3a7093cf,591162.861666,602675.643583,11512.781917000073,205938,1403105456,,success,1,0,,,11799510
pilot_1790585831611,mint_N500_c3_r1,1,2026-09-28T09:07:24.686Z,ethereumSepolia,11155111,sepolia.era.zksync.dev,mint,500,3,251,0x3f9321f4b7da713985780cca13b824fdbf820400b1ee42b28154945d034408b2,602436.129791,613930.376166,11494.246374999988,205938,1547636119,,success,1,0,,,11799511
pilot_1790585831611,mint_N500_c3_r1,1,2026-09-28T09:07:24.806Z,ethereumSepolia,11155111,sepolia.era.zksync.dev,mint,500,3,252,0x2eccc898f3a6d9435129e853f2acff7feef4309b71ca9ec6e3c6bf223934ca50,602556.537875,614049.988416,11493.450540999998,205938,1547636119,,success,1,0,,,11799511
pilot_1790585831611,mint_N500_c3_r1,1,2026-09-28T09:07:24.926Z,ethereumSepolia,11155111,sepolia.era.zksync.dev,mint,500,3,253,0x7fa806ddfc3426f567831929f47b8f25b81a858c8705b59284f149d193836942,602675.713291,614170.353125,11494.63983400003,205938,1547636119,,success,1,0,,,11799511
pilot_1790585831611,mint_N500_c3_r1,1,2026-09-28T09:07:37.488Z,ethereumSepolia,11155111,sepolia.era.zksync.dev,mint,500,3,254,0xeefd8711980fa36d844016aec4fee08d57ef29a45ad1b9cd224ab2899f95d0f8,613930.449041,626731.898708,12801.449666999979,205926,1457926123,,success,1,0,,,11799512
pilot_1790585831611,mint_N500_c3_r1,1,2026-09-28T09:07:37.600Z,ethereumSepolia,11155111,sepolia.era.zksync.dev,mint,500,3,255,0x6d2edeadaf649078392c32f30f7d4aa1caeea980cf77d7701d8f8599264434a6,614050.038291,626844.121916,12794.083625000087,205938,1457926123,,success,1,0,,,11799512
pilot_1790585831611,mint_N500_c3_r1,1,2026-09-28T09:07:37.875Z,ethereumSepolia,11155111,sepolia.era.zksync.dev,mint,500,3,256,0x93262ad65f5f987c279dc78040096f48b30be1497d3996bd85cc137a17106008,614170.396541,627119.640958,12949.24441699998,205938,1457926123,,success,1,0,,,11799512
pilot_1790585831611,mint_N500_c3_r1,1,2026-09-28T09:07:49.056Z,ethereumSepolia,11155111,sepolia.era.zksync.dev,mint,500,3,257,0x121453d0c67f4bccab78372029d6826a135cc4d8c4aa88ef3f5803ed67864c02,626731.966458,638300.277208,11568.310749999946,205938,1398400268,,success,1,0,,,11799513
pilot_1790585831611,mint_N500_c3_r1,1,2026-09-28T09:07:49.204Z,ethereumSepolia,11155111,sepolia.era.zksync.dev,mint,500,3,258,0x1f03ef2f5c3ccd266789b006d538edf7935693abc9f5efcf20e1f976ade86929,626844.2595,638448.125875,11603.866374999983,205938,1398400268,,success,1,0,,,11799513
pilot_1790585831611,mint_N500_c3_r1,1,2026-09-28T09:07:49.402Z,ethereumSepolia,11155111,sepolia.era.zksync.dev,mint,500,3,259,0x452fee9f61486fa5287b4a83bcc347e6a1f76ebae7b70cfd60c9cd7be9c73354,627119.740375,638645.942833,11526.202457999927,205938,1398400268,,success,1,0,,,11799513
pilot_1790585831611,mint_N500_c3_r1,1,2026-09-28T09:08:01.435Z,ethereumSepolia,11155111,sepolia.era.zksync.dev,mint,500,3,262,0xcd7dd6156fb7c5fedbb01957ec4de1d512a313718a46a2260f6c4638cb07220c,638645.999208,650679.057916,12033.058707999997,205938,1338867736,,success,1,0,,,11799514
pilot_1790585831611,mint_N500_c3_r1,1,2026-09-28T09:08:01.751Z,ethereumSepolia,11155111,sepolia.era.zksync.dev,mint,500,3,260,0x1571388bf54277569f3baffa6b9e409d55900eb6ad7960f8cef433ddbcc4430b,638300.338583,650995.3845,12695.04591700004,205938,1338867736,,success,1,0,,,11799514
pilot_1790585831611,mint_N500_c3_r1,1,2026-09-28T09:08:01.875Z,ethereumSepolia,11155111,sepolia.era.zksync.dev,mint,500,3,261,0xcce0e9f08273a7f3ce9d3ee4e2999fefb5da9d5857f405b924d4a44d6d411814,638448.195041,651119.433708,12671.238666999969,205938,1338867736,,success,1,0,,,11799514
pilot_1790585831611,mint_N500_c3_r1,1,2026-09-28T09:08:13.684Z,ethereumSepolia,11155111,sepolia.era.zksync.dev,mint,500,3,263,0xf492b17410f3c19c14444a21a28b974df2dfe55862133637896978a5d1fba1da,650679.185333,662927.800791,12248.615457999986,205938,1312433724,,success,1,0,,,11799515
pilot_1790585831611,mint_N500_c3_r1,1,2026-09-28T09:08:13.812Z,ethereumSepolia,11155111,sepolia.era.zksync.dev,mint,500,3,265,0x739b3c2354bbbdcb0560f93df6d8cd5e78d2fc71db1c77f4a3a46fe31261ebc1,651119.50525,663055.8765,11936.371249999967,205938,1312433724,,success,1,0,,,11799515
pilot_1790585831611,mint_N500_c3_r1,1,2026-09-28T09:08:14.020Z,ethereumSepolia,11155111,sepolia.era.zksync.dev,mint,500,3,264,0x94015b2a38980f2ad3527c78348cc4b678d5f984073fe42ef05f5f138b0250e0,650995.553916,663264.313,12268.75908400002,205938,1312433724,,success,1,0,,,11799515
pilot_1790585831611,mint_N500_c3_r1,1,2026-09-28T09:08:24.600Z,ethereumSepolia,11155111,sepolia.era.zksync.dev,mint,500,3,266,0x011326eabd13920b2721d7d35ce58ad8f5f042a919094f2cc068dc9b6730890a,662927.908375,673843.892666,10915.984291000059,205938,1337643704,,success,1,0,,,11799516
pilot_1790585831611,mint_N500_c3_r1,1,2026-09-28T09:08:24.722Z,ethereumSepolia,11155111,sepolia.era.zksync.dev,mint,500,3,267,0x27338e453fb996c13fa1089fb6ebd6174eab080e782228485bcb3705d5eee3d9,663055.929833,673966.296416,10910.366583000054,205938,1337643704,,success,1,0,,,11799516
pilot_1790585831611,mint_N500_c3_r1,1,2026-09-28T09:08:24.856Z,ethereumSepolia,11155111,sepolia.era.zksync.dev,mint,500,3,268,0x8af811f3a9133274a62f602cccbf61ac861b6210f50ce4574186f78e54fd0e2d,663264.395208,674099.755916,10835.360708000022,205938,1337643704,,success,1,0,,,11799516
pilot_1790585831611,mint_N500_c3_r1,1,2026-09-28T09:08:37.393Z,ethereumSepolia,11155111,sepolia.era.zksync.dev,mint,500,3,269,0x90edfe4ed30ac27c4a37bb59eaeea323930d8d364ef2715dedfbe23ddbe8a60d,673843.977125,686636.794,12792.816875000019,205938,1284585856,,success,1,0,,,11799517
pilot_1790585831611,mint_N500_c3_r1,1,2026-09-28T09:08:37.621Z,ethereumSepolia,11155111,sepolia.era.zksync.dev,mint,500,3,270,0x12a0ee91aef030f6d6caee50ff037ad5cb120d24a9a21d94000435275a3649f1,673966.410208,686864.922041,12898.511832999997,205938,1284585856,,success,1,0,,,11799517
pilot_1790585831611,mint_N500_c3_r1,1,2026-09-28T09:08:37.810Z,ethereumSepolia,11155111,sepolia.era.zksync.dev,mint,500,3,271,0x91c2237aaa9e4785ab85fa4b60001cf72aa079c3bc167821a81a21a875f922a6,674099.826875,687053.535958,12953.709082999965,205938,1284585856,,success,1,0,,,11799517
pilot_1790585831611,mint_N500_c3_r1,1,2026-09-28T09:08:48.675Z,ethereumSepolia,11155111,sepolia.era.zksync.dev,mint,500,3,272,0x9fb78ab6dc404b934e6ec44c21025cabaa4787ed3f9a3cfc2d0c904179f4babd,686636.887208,697919.197666,11282.31045800005,205938,1320983458,,success,1,0,,,11799518
pilot_1790585831611,mint_N500_c3_r1,1,2026-09-28T09:08:48.800Z,ethereumSepolia,11155111,sepolia.era.zksync.dev,mint,500,3,273,0x10f020614681637bb83cb4425f385a1d7919ea5445686565fe3f0bc066bb13e4,686865.096708,698043.50325,11178.406541999895,205938,1320983458,,success,1,0,,,11799518
pilot_1790585831611,mint_N500_c3_r1,1,2026-09-28T09:08:48.918Z,ethereumSepolia,11155111,sepolia.era.zksync.dev,mint,500,3,274,0x16334564b2be5573bee741d9d6dfdae068ac06d9f9937882965cffe0d09b3cf0,687053.606916,698162.396958,11108.790042000008,205938,1320983458,,success,1,0,,,11799518
pilot_1790585831611,mint_N500_c3_r1,1,2026-09-28T09:09:00.794Z,ethereumSepolia,11155111,sepolia.era.zksync.dev,mint,500,3,275,0xc322b69e3ecc7595a43a68a231648c535c928bc644aa1877e1c477bb7a2f35dc,697919.368333,710037.454583,12118.086250000051,205938,1496260887,,success,1,0,,,11799519
pilot_1790585831611,mint_N500_c3_r1,1,2026-09-28T09:09:00.910Z,ethereumSepolia,11155111,sepolia.era.zksync.dev,mint,500,3,276,0x45a908524fcaf1f1d7ee1c62d33c251f3611b25e8701e3268e9ab13420e930cf,698043.563208,710154.158666,12110.595457999967,205938,1496260887,,success,1,0,,,11799519
pilot_1790585831611,mint_N500_c3_r1,1,2026-09-28T09:09:01.022Z,ethereumSepolia,11155111,sepolia.era.zksync.dev,mint,500,3,277,0xeb1e14c2eff745a3afc5efb32cc5b23c55fe7ee48d1bdc23973a10f94ef5eef8,698162.509583,710265.800625,12103.291042000055,205938,1496260887,,success,1,0,,,11799519
pilot_1790585831611,mint_N500_c3_r1,1,2026-09-28T09:09:12.756Z,ethereumSepolia,11155111,sepolia.era.zksync.dev,mint,500,3,278,0xf1495a233d2ae496f8d95123abd87de6325ab442ec8504f101202527f09a2c7c,710037.579708,721999.572666,11961.992958000046,205938,1437264081,,success,1,0,,,11799520
pilot_1790585831611,mint_N500_c3_r1,1,2026-09-28T09:09:12.895Z,ethereumSepolia,11155111,sepolia.era.zksync.dev,mint,500,3,279,0x8f2c0cf2656817517c11aa782207c85cae109981d163efa61bea6f0f455ea3e9,710154.2465,722138.677125,11984.430625000037,205938,1437264081,,success,1,0,,,11799520
pilot_1790585831611,mint_N500_c3_r1,1,2026-09-28T09:09:13.015Z,ethereumSepolia,11155111,sepolia.era.zksync.dev,mint,500,3,280,0x6fea93798e46b36e2d7e4bd5713d3fbb4a4aa87423c5bb4a3ef282d12e9109e7,710265.89,722258.824208,11992.934207999962,205938,1437264081,,success,1,0,,,11799520
pilot_1790585831611,mint_N500_c3_r1,1,2026-09-28T09:09:24.918Z,ethereumSepolia,11155111,sepolia.era.zksync.dev,mint,500,3,281,0x4600c4a2836b3bf5da6f1474f4e1a958e29f6e9a315997265d0ab13ffd38f6d8,721999.702708,734161.610625,12161.907917000004,205938,1527306497,,success,1,0,,,11799521
pilot_1790585831611,mint_N500_c3_r1,1,2026-09-28T09:09:25.039Z,ethereumSepolia,11155111,sepolia.era.zksync.dev,mint,500,3,282,0xb17ae916c3e9fc11de2c8c9b4c9dd50db5a6967d62116672b6b80229a842c4d4,722138.721,734282.394625,12143.673624999938,205938,1527306497,,success,1,0,,,11799521
pilot_1790585831611,mint_N500_c3_r1,1,2026-09-28T09:09:25.247Z,ethereumSepolia,11155111,sepolia.era.zksync.dev,mint,500,3,283,0x4e21bf15114bdb8410a851f57c74c432fef8c47e22ad1396cc1b41330eeb8b52,722258.868083,734490.7965,12231.928417000105,205938,1527306497,,success,1,0,,,11799521
pilot_1790585831611,mint_N500_c3_r1,1,2026-09-28T09:09:37.672Z,ethereumSepolia,11155111,sepolia.era.zksync.dev,mint,500,3,284,0x3583409fcf3f7ba9707c35c4527565ea580871230f1a806af5f04450b2ea6d8c,734161.686083,746915.487041,12753.800958000007,205938,1475685211,,success,1,0,,,11799522
pilot_1790585831611,mint_N500_c3_r1,1,2026-09-28T09:09:37.869Z,ethereumSepolia,11155111,sepolia.era.zksync.dev,mint,500,3,285,0x947c18c7ca28f8b5ee8f35381772fa4a59a2d0a3a0b13872d9324e2e8c76f3bc,734282.433083,747112.822,12830.388917000033,205926,1475685211,,success,1,0,,,11799522
pilot_1790585831611,mint_N500_c3_r1,1,2026-09-28T09:09:37.989Z,ethereumSepolia,11155111,sepolia.era.zksync.dev,mint,500,3,286,0x2b5448eacf017aa2a969533daaff2053d4cfb50d298e62da0bbd202ff086bd1f,734490.851458,747233.239541,12742.388082999969,205938,1475685211,,success,1,0,,,11799522
pilot_1790585831611,mint_N500_c3_r1,1,2026-09-28T09:09:48.605Z,ethereumSepolia,11155111,sepolia.era.zksync.dev,mint,500,3,287,0xc86f3239f3ce44486e40f61215f805cbf46385d026b183842d9449d4474acfb7,746915.725916,757848.577583,10932.85166699998,205938,1880203688,,success,1,0,,,11799523
pilot_1790585831611,mint_N500_c3_r1,1,2026-09-28T09:09:48.711Z,ethereumSepolia,11155111,sepolia.era.zksync.dev,mint,500,3,288,0x30aac92d4d689b978e9f61de56965117abbf6958890c841e6ae5267d09f418e1,747112.865,757954.408958,10841.543958000024,205938,1880203688,,success,1,0,,,11799523
pilot_1790585831611,mint_N500_c3_r1,1,2026-09-28T09:09:48.921Z,ethereumSepolia,11155111,sepolia.era.zksync.dev,mint,500,3,289,0xa140392aa33c7de3f89cf88ce64f1d5e23d334cebad5df3edc02f8328c501c0b,747233.366041,758164.665583,10931.299542000052,205938,1880203688,,success,1,0,,,11799523
pilot_1790585831611,mint_N500_c3_r1,1,2026-09-28T09:10:01.423Z,ethereumSepolia,11155111,sepolia.era.zksync.dev,mint,500,3,290,0x586c80f00f1f6d71622adff43e2fa4d26ff9e2557ba081c1b2a96a5b0de28c09,757848.67175,770667.003916,12818.332166000037,205938,1409237023,,success,1,0,,,11799524
pilot_1790585831611,mint_N500_c3_r1,1,2026-09-28T09:10:01.582Z,ethereumSepolia,11155111,sepolia.era.zksync.dev,mint,500,3,291,0xa313d19d276b1de26fc47f9e458469e6390e8d6679bdbfb1249417dc406b0b78,757954.661041,770825.614166,12870.953125,205926,1409237023,,success,1,0,,,11799524
pilot_1790585831611,mint_N500_c3_r1,1,2026-09-28T09:10:01.784Z,ethereumSepolia,11155111,sepolia.era.zksync.dev,mint,500,3,292,0x39cd90b7ef84a90d166edf76b67d96db113fc69031bdfd2be81d4d0b80c6a099,758164.749041,771027.812625,12863.063583999989,205938,1409237023,,success,1,0,,,11799524
pilot_1790585831611,mint_N500_c3_r1,1,2026-09-28T09:10:13.573Z,ethereumSepolia,11155111,sepolia.era.zksync.dev,mint,500,3,293,0x04c11ce6fcede8df6c95a36405e74d438fba55e88e65863a604c04f18277bdce,770667.047958,782816.853083,12149.805125000072,205938,1521213597,,success,1,0,,,11799525
pilot_1790585831611,mint_N500_c3_r1,1,2026-09-28T09:10:13.695Z,ethereumSepolia,11155111,sepolia.era.zksync.dev,mint,500,3,294,0x70fc04f2af0637387ce4c663cfa6390d4d02ba0b5af98a9ad3d355544abb287a,770825.713833,782938.566375,12112.852542000008,205938,1521213597,,success,1,0,,,11799525
pilot_1790585831611,mint_N500_c3_r1,1,2026-09-28T09:10:13.821Z,ethereumSepolia,11155111,sepolia.era.zksync.dev,mint,500,3,295,0xea6db9a28235b0f3a41f674bc567689cc51a82afba3a29b3db4e9b2da3f24aed,771027.854333,783064.940291,12037.085957999923,205926,1521213597,,success,1,0,,,11799525
pilot_1790585831611,mint_N500_c3_r1,1,2026-09-28T09:10:25.633Z,ethereumSepolia,11155111,sepolia.era.zksync.dev,mint,500,3,296,0x101383712e299adeda69f6081e739ac1d0fc165aac49fbe180f8919e3d8f9adc,782816.895125,794877.099875,12060.204749999917,205938,1443464243,,success,1,0,,,11799526
pilot_1790585831611,mint_N500_c3_r1,1,2026-09-28T09:10:25.754Z,ethereumSepolia,11155111,sepolia.era.zksync.dev,mint,500,3,297,0x40c7a201a3ed215b12658cb405779b33eadda7b0f26e05a3121e4bb25b650477,782938.611958,794998.087958,12059.476000000024,205926,1443464243,,success,1,0,,,11799526
pilot_1790585831611,mint_N500_c3_r1,1,2026-09-28T09:10:25.869Z,ethereumSepolia,11155111,sepolia.era.zksync.dev,mint,500,3,298,0xde92f9735df4e412e1447071177383beec4455bd5db93f734d32c55966191ccc,783065.0625,795112.447666,12047.385165999993,205938,1443464243,,success,1,0,,,11799526
pilot_1790585831611,mint_N500_c3_r1,1,2026-09-28T09:10:36.958Z,ethereumSepolia,11155111,sepolia.era.zksync.dev,mint,500,3,299,0x744b4cd3926717c5c7efe18adddf05f56857c4e1a600ab7d916a7b05630d28ee,794877.178041,806201.837916,11324.659875000012,205926,1371764435,,success,1,0,,,11799527
pilot_1790585831611,mint_N500_c3_r1,1,2026-09-28T09:10:37.156Z,ethereumSepolia,11155111,sepolia.era.zksync.dev,mint,500,3,300,0xf2764329ba0f7c0e23e5aaebf72243f4482eccfb387f4f7a590aa37d0d886aa0,794998.16025,806399.961958,11401.801708000014,205938,1371764435,,success,1,0,,,11799527
pilot_1790585831611,mint_N500_c3_r1,1,2026-09-28T09:10:37.269Z,ethereumSepolia,11155111,sepolia.era.zksync.dev,mint,500,3,301,0x0e579691b2085c29a9355ba7c61708964fc06973acb2c9d22864227073e11deb,795112.494958,806512.723458,11400.228499999968,205938,1371764435,,success,1,0,,,11799527
pilot_1790585831611,mint_N500_c3_r1,1,2026-09-28T09:10:49.765Z,ethereumSepolia,11155111,sepolia.era.zksync.dev,mint,500,3,302,0xf068dc0ad52c4ac71210cb35207b284e183be18b5a1c8a546c8f066ad3f15938,806201.890666,819008.832166,12806.941500000074,205938,1504578446,,success,1,0,,,11799528
pilot_1790585831611,mint_N500_c3_r1,1,2026-09-28T09:10:49.903Z,ethereumSepolia,11155111,sepolia.era.zksync.dev,mint,500,3,303,0xf9bd2ec897b6d2eb3387b46601cb7f3212de1d85428fe7e4767d5b5730d9a8ab,806400.056208,819146.423458,12746.367249999894,205938,1504578446,,success,1,0,,,11799528
pilot_1790585831611,mint_N500_c3_r1,1,2026-09-28T09:10:50.016Z,ethereumSepolia,11155111,sepolia.era.zksync.dev,mint,500,3,304,0x96aa83c666388a9c1c1d59f9ee59d04b4eccc39f8353e6e4944b20396b12dcfe,806512.83825,819259.492041,12746.653791000019,205938,1504578446,,success,1,0,,,11799528
pilot_1790585831611,mint_N500_c3_r1,1,2026-09-28T09:11:00.670Z,ethereumSepolia,11155111,sepolia.era.zksync.dev,mint,500,3,307,0xb067b25925f2f28152ff3653bf44679bd970e93de2545f9eae3b77b40ba534ea,819259.53775,829913.290041,10653.752290999983,205938,1469875321,,success,1,0,,,11799529
pilot_1790585831611,mint_N500_c3_r1,1,2026-09-28T09:11:00.995Z,ethereumSepolia,11155111,sepolia.era.zksync.dev,mint,500,3,305,0x9cbd62103441480896d4f7771cfe2d5dd7b0ec87067776c1ba07ced87743fa05,819009.05525,830238.955458,11229.900207999977,205926,1469875321,,success,1,0,,,11799529
pilot_1790585831611,mint_N500_c3_r1,1,2026-09-28T09:11:01.226Z,ethereumSepolia,11155111,sepolia.era.zksync.dev,mint,500,3,306,0xa74d6f652ba4584b031ef44462ecd44e43180a95a3f2c23f4c78f6fb02a8ffc7,819146.472541,830469.948125,11323.475584,205926,1469875321,,success,1,0,,,11799529
pilot_1790585831611,mint_N500_c3_r1,1,2026-09-28T09:11:13.543Z,ethereumSepolia,11155111,sepolia.era.zksync.dev,mint,500,3,308,0xf6691d14781c05cf7c24f8fc4a63c82c1de2d73fb1728f95a11f9a1c9244b533,829913.352666,842786.715583,12873.362916999962,205938,1501782818,,success,1,0,,,11799530
pilot_1790585831611,mint_N500_c3_r1,1,2026-09-28T09:11:14.058Z,ethereumSepolia,11155111,sepolia.era.zksync.dev,mint,500,3,309,0x87cd0c844625a7879861058663bb41266d31a4063e0f3c150f8501ba1fa976ad,830239.006625,843301.62325,13062.616624999908,205938,1501782818,,success,1,0,,,11799530
pilot_1790585831611,mint_N500_c3_r1,1,2026-09-28T09:11:14.537Z,ethereumSepolia,11155111,sepolia.era.zksync.dev,mint,500,3,310,0x1e8951d2c80e853841f9938fc874baf6667df0660f402fdac66a2d03d211f86f,830470.057791,843779.99425,13309.93645899999,205938,1501782818,,success,1,0,,,11799530
pilot_1790585831611,mint_N500_c3_r1,1,2026-09-28T09:11:25.604Z,ethereumSepolia,11155111,sepolia.era.zksync.dev,mint,500,3,311,0x1dae047d109f8d0bfe8b87d1af4ba215716d8943163312c5f167d394cd406067,842787.250416,854847.137458,12059.887041999958,205938,1405213978,,success,1,0,,,11799531
pilot_1790585831611,mint_N500_c3_r1,1,2026-09-28T09:11:25.718Z,ethereumSepolia,11155111,sepolia.era.zksync.dev,mint,500,3,312,0x21ca6337450f7dfa7abb6d02e2a755efdfea148e1d87926eb54c87d116903030,843301.675041,854961.213375,11659.53833400004,205938,1405213978,,success,1,0,,,11799531
pilot_1790585831611,mint_N500_c3_r1,1,2026-09-28T09:11:25.918Z,ethereumSepolia,11155111,sepolia.era.zksync.dev,mint,500,3,313,0x4471b80440480d1c38cf10571874862e2431ce3bfae3d29c454dc73abb255d0b,843780.041625,855161.126041,11381.084416000056,205938,1405213978,,success,1,0,,,11799531
pilot_1790585831611,mint_N500_c3_r1,1,2026-09-28T09:11:36.503Z,ethereumSepolia,11155111,sepolia.era.zksync.dev,mint,500,3,315,0x675d6fdd4febed2ababdede335009cc224a24880088d4ef6ef8511a5ab2bd5e1,854961.509458,865745.549541,10784.040083000087,205938,1549206402,,success,1,0,,,11799532
pilot_1790585831611,mint_N500_c3_r1,1,2026-09-28T09:11:36.624Z,ethereumSepolia,11155111,sepolia.era.zksync.dev,mint,500,3,316,0xe1cc70c8857eb7454b23533c4de47989ca762378640a166903bbf1ae65323e4f,855161.161083,865867.508625,10706.347542000003,205938,1549206402,,success,1,0,,,11799532
pilot_1790585831611,mint_N500_c3_r1,1,2026-09-28T09:11:36.889Z,ethereumSepolia,11155111,sepolia.era.zksync.dev,mint,500,3,314,0xdf37eb71bab6b9cf3d06f0b118056c6bfeeaababf9b3212c7f2b64ed8dab0730,854847.27175,866132.833708,11285.561958000064,205938,1549206402,,success,1,0,,,11799532
pilot_1790585831611,mint_N500_c3_r1,1,2026-09-28T09:11:48.718Z,ethereumSepolia,11155111,sepolia.era.zksync.dev,mint,500,3,317,0xb246791d2a31c94c0dfc2e4859ac04333a391dfe43927f78cde4068dbe7e9a95,865746.53625,877960.899916,12214.363665999961,205938,1450020929,,success,1,0,,,11799533
pilot_1790585831611,mint_N500_c3_r1,1,2026-09-28T09:11:49.040Z,ethereumSepolia,11155111,sepolia.era.zksync.dev,mint,500,3,318,0xb8f94a7ee9c13df1fef0fecb11d401f566d795675ab66b63e95ae614b09dd4c5,865867.567666,878283.550208,12415.982542000012,205938,1450020929,,success,1,0,,,11799533
pilot_1790585831611,mint_N500_c3_r1,1,2026-09-28T09:11:49.081Z,ethereumSepolia,11155111,sepolia.era.zksync.dev,mint,500,3,319,0x07308839f2be129e3fd8dde63686575e584e22f85a6dc6c0d0b01a8a9ca84fe7,866132.891208,878324.403416,12191.512207999942,205926,1450020929,,success,1,0,,,11799533
pilot_1790585831611,mint_N500_c3_r1,1,2026-09-28T09:12:01.542Z,ethereumSepolia,11155111,sepolia.era.zksync.dev,mint,500,3,320,0x9d49eb6275d0a65207a1ccc86f4c066ccdb8e5920e2bbd3a70c43ea8ff70f8c6,877960.960916,890785.745208,12824.784291999997,205938,1394988947,,success,1,0,,,11799534
pilot_1790585831611,mint_N500_c3_r1,1,2026-09-28T09:12:01.648Z,ethereumSepolia,11155111,sepolia.era.zksync.dev,mint,500,3,321,0xfe8325b4f7a22b25ed8616b8bd7c7d58464311f22c318b8cd9195db648cbbb8f,878283.616333,890891.412333,12607.795999999973,205938,1394988947,,success,1,0,,,11799534
pilot_1790585831611,mint_N500_c3_r1,1,2026-09-28T09:12:01.754Z,ethereumSepolia,11155111,sepolia.era.zksync.dev,mint,500,3,322,0xd4832fe854db3f0578dc08d269c273344dd6b2d10a237e471ed6b189af19e546,878324.439875,890997.408625,12672.96875,205938,1394988947,,success,1,0,,,11799534
pilot_1790585831611,mint_N500_c3_r1,1,2026-09-28T09:12:13.636Z,ethereumSepolia,11155111,sepolia.era.zksync.dev,mint,500,3,323,0x1d6d00f774a64c4ac626ac39371f95a80e457380a4ed236127c6485eb2354750,890786.024083,902878.944083,12092.919999999925,205938,1531918415,,success,1,0,,,11799535
pilot_1790585831611,mint_N500_c3_r1,1,2026-09-28T09:12:13.759Z,ethereumSepolia,11155111,sepolia.era.zksync.dev,mint,500,3,324,0xa5f7ad4544e7093882dc42e2904ac16c4a4391750818549f37d1de9c65de7226,890891.452125,903001.827791,12110.375666000065,205938,1531918415,,success,1,0,,,11799535
pilot_1790585831611,mint_N500_c3_r1,1,2026-09-28T09:12:13.875Z,ethereumSepolia,11155111,sepolia.era.zksync.dev,mint,500,3,325,0x04034bcbb04677aed0a12d3e7e11ee33ae79c0f8b37ce8232c6bd7e620439bc8,890997.453333,903118.749375,12121.29604200006,205938,1531918415,,success,1,0,,,11799535
pilot_1790585831611,mint_N500_c3_r1,1,2026-09-28T09:12:25.150Z,ethereumSepolia,11155111,sepolia.era.zksync.dev,mint,500,3,326,0xd06718d315ab3aa1d8a832e764c34ee6528cf314d15ee066187306a2b9234016,902879.789,914393.467208,11513.678208000027,205938,1531594550,,success,1,0,,,11799536
pilot_1790585831611,mint_N500_c3_r1,1,2026-09-28T09:12:25.384Z,ethereumSepolia,11155111,sepolia.era.zksync.dev,mint,500,3,327,0x5c8755537d7675803476781fbf3fc7a2d3f0f9d4166b879d404595540e3819bc,903001.868041,914627.696625,11625.828584000003,205938,1531594550,,success,1,0,,,11799536
pilot_1790585831611,mint_N500_c3_r1,1,2026-09-28T09:12:25.448Z,ethereumSepolia,11155111,sepolia.era.zksync.dev,mint,500,3,328,0x265e38ca51960f867f66e684f32cab4de5956bfc3d4afeecddc306c6990550f3,903118.804625,914690.997375,11572.192750000046,205938,1531594550,,success,1,0,,,11799536
pilot_1790585831611,mint_N500_c3_r1,1,2026-09-28T09:12:37.761Z,ethereumSepolia,11155111,sepolia.era.zksync.dev,mint,500,3,329,0x44ba10c3b9f7b1bdb39e4ea626eaff714fe69bfa220830f97a64002413bea962,914393.739791,927003.895458,12610.155666999985,205938,1340288161,,success,1,0,,,11799537
pilot_1790585831611,mint_N500_c3_r1,1,2026-09-28T09:12:37.996Z,ethereumSepolia,11155111,sepolia.era.zksync.dev,mint,500,3,330,0x570ce74599b0356484cb73e0dbc3d85a5bc8ef791c582750336b52f305915fed,914627.795791,927239.208333,12611.412541999947,205926,1340288161,,success,1,0,,,11799537
pilot_1790585831611,mint_N500_c3_r1,1,2026-09-28T09:12:38.206Z,ethereumSepolia,11155111,sepolia.era.zksync.dev,mint,500,3,331,0x851d1026e7e3a5405cb4753b9fb46181d4e3c4659a9f3eb7a3f577f623833cd5,914691.082208,927448.897916,12757.81570799998,205938,1340288161,,success,1,0,,,11799537
pilot_1790585831611,mint_N500_c3_r1,1,2026-09-28T09:12:48.460Z,ethereumSepolia,11155111,sepolia.era.zksync.dev,mint,500,3,333,0x51ead3b5c79b8606d01c09f6e7544e1523ae6b08998e50a14ac72c7a82c3323c,927239.253,937703.557541,10464.304540999932,205938,1517272472,,success,1,0,,,11799538
pilot_1790585831611,mint_N500_c3_r1,1,2026-09-28T09:12:48.863Z,ethereumSepolia,11155111,sepolia.era.zksync.dev,mint,500,3,332,0x9f4c1c3bd6f53254c6b3100e9ae18a70be608f68bc13091f535e77d49a695fd0,927004.245041,938105.912458,11101.667417000048,205938,1517272472,,success,1,0,,,11799538
pilot_1790585831611,mint_N500_c3_r1,1,2026-09-28T09:12:48.907Z,ethereumSepolia,11155111,sepolia.era.zksync.dev,mint,500,3,334,0x03205569a3230c335ab105b093695c83cbcffbed89882181d45841f9a2a05310,927448.945625,938150.17575,10701.230125000002,205926,1517272472,,success,1,0,,,11799538
pilot_1790585831611,mint_N500_c3_r1,1,2026-09-28T09:13:02.082Z,ethereumSepolia,11155111,sepolia.era.zksync.dev,mint,500,3,335,0x925d9322df1acd572cdde460b029911e65210344be72047c728fbf747ed9889a,937703.733958,951325.091791,13621.357833000016,205938,1424481402,,success,1,0,,,11799539
pilot_1790585831611,mint_N500_c3_r1,1,2026-09-28T09:13:02.200Z,ethereumSepolia,11155111,sepolia.era.zksync.dev,mint,500,3,336,0xf6b250e9bbe16f35211a8d0fe5f8c1dac9859c34091a2f24a2c1188d2dd6523f,938105.97125,951442.65,13336.67875000008,205938,1424481402,,success,1,0,,,11799539
pilot_1790585831611,mint_N500_c3_r1,1,2026-09-28T09:13:02.403Z,ethereumSepolia,11155111,sepolia.era.zksync.dev,mint,500,3,337,0xea384474501f0287460ecc7ad7ba36b1055998d0aa272ea812d6203f43997dc5,938150.224916,951645.9555,13495.730584000004,205926,1424481402,,success,1,0,,,11799539
pilot_1790585831611,mint_N500_c3_r1,1,2026-09-28T09:13:13.620Z,ethereumSepolia,11155111,sepolia.era.zksync.dev,mint,500,3,338,0x2827a928c588c407dde7f72d58d9bb5729c2ac8c1448b73ed25e33ab8fd50ade,951325.271083,962862.801833,11537.530750000034,205938,1526833912,,success,1,0,,,11799540
pilot_1790585831611,mint_N500_c3_r1,1,2026-09-28T09:13:13.750Z,ethereumSepolia,11155111,sepolia.era.zksync.dev,mint,500,3,339,0x4b13cb8e39c041ba714ff75bfa4f3648d1d5d19872b61331c8f9b0270bb77a48,951442.724708,962992.896625,11550.171917000087,205926,1526833912,,success,1,0,,,11799540
pilot_1790585831611,mint_N500_c3_r1,1,2026-09-28T09:13:13.935Z,ethereumSepolia,11155111,sepolia.era.zksync.dev,mint,500,3,340,0x25f98ebe2d3c09fc2400af799c423e8de31afd2b0e8d075df33b94fd3fd5f8aa,951646.013458,963177.581041,11531.567582999938,205938,1526833912,,success,1,0,,,11799540
pilot_1790585831611,mint_N500_c3_r1,1,2026-09-28T09:13:24.554Z,ethereumSepolia,11155111,sepolia.era.zksync.dev,mint,500,3,341,0x43315719f0ce648e8d4dd40053ced84ee816c30798431105f77049082fc4bc37,962862.887083,973797.334958,10934.447874999954,205938,1411699924,,success,1,0,,,11799541
pilot_1790585831611,mint_N500_c3_r1,1,2026-09-28T09:13:24.675Z,ethereumSepolia,11155111,sepolia.era.zksync.dev,mint,500,3,342,0xb9dd357489a764f485f5e09b84fc5fa7a29472ac01f98fc26a4634671c571aaf,962992.94875,973917.557416,10924.608666000073,205938,1411699924,,success,1,0,,,11799541
pilot_1790585831611,mint_N500_c3_r1,1,2026-09-28T09:13:24.871Z,ethereumSepolia,11155111,sepolia.era.zksync.dev,mint,500,3,343,0x7ce6ac3ed1db6968e959da1065a5b7ed7c424626ce96576e3f2d52495a42a83b,963177.649833,974113.733583,10936.08374999999,205926,1411699924,,success,1,0,,,11799541
pilot_1790585831611,mint_N500_c3_r1,1,2026-09-28T09:13:37.453Z,ethereumSepolia,11155111,sepolia.era.zksync.dev,mint,500,3,344,0x8eaa1b66d02089075bb13e00adb7f11c59bb00120eec555d41294a37a6534c4a,973797.546791,986696.358333,12898.81154200004,205938,1483802926,,success,1,0,,,11799542
pilot_1790585831611,mint_N500_c3_r1,1,2026-09-28T09:13:37.572Z,ethereumSepolia,11155111,sepolia.era.zksync.dev,mint,500,3,345,0x793e0d32469238b6ee8b91863ff109872f6bd398f97ca1dd7a0fa69c439ddc15,973917.624291,986815.379333,12897.755042000092,205938,1483802926,,success,1,0,,,11799542
pilot_1790585831611,mint_N500_c3_r1,1,2026-09-28T09:13:37.699Z,ethereumSepolia,11155111,sepolia.era.zksync.dev,mint,500,3,346,0x41b578e3f80ef180d969ace1a690373869947d623c24a3ae378830f62271474d,974113.838166,986942.427958,12828.589792000013,205926,1483802926,,success,1,0,,,11799542
pilot_1790585831611,mint_N500_c3_r1,1,2026-09-28T09:13:49.609Z,ethereumSepolia,11155111,sepolia.era.zksync.dev,mint,500,3,347,0x3816c8b1b111db0e6e5f6066d7be137d66d5351c559e4b713fc4ec1cfe3e96ed,986696.438166,998851.894208,12155.456042000093,205938,1359958286,,success,1,0,,,11799543
pilot_1790585831611,mint_N500_c3_r1,1,2026-09-28T09:13:49.728Z,ethereumSepolia,11155111,sepolia.era.zksync.dev,mint,500,3,348,0x4082db236b232f19d56b96b207a3a9f53368835738747a19c505610e4753e71c,986815.428583,998971.286375,12155.857792000053,205938,1359958286,,success,1,0,,,11799543
pilot_1790585831611,mint_N500_c3_r1,1,2026-09-28T09:13:49.851Z,ethereumSepolia,11155111,sepolia.era.zksync.dev,mint,500,3,349,0x161992bd0299ef83edef2b06edfc706e29d73cd18ebf3c6572e2fea8834a787c,986942.477,999093.476041,12150.999041000032,205938,1359958286,,success,1,0,,,11799543
pilot_1790585831611,mint_N500_c3_r1,1,2026-09-28T09:14:01.814Z,ethereumSepolia,11155111,sepolia.era.zksync.dev,mint,500,3,350,0x43a621b992bb693eab9db320378dd00fa9a815cc0a61376abb704294cc3620e0,998851.961708,1011056.675416,12204.713707999908,205938,1509324684,,success,1,0,,,11799544
pilot_1790585831611,mint_N500_c3_r1,1,2026-09-28T09:14:01.932Z,ethereumSepolia,11155111,sepolia.era.zksync.dev,mint,500,3,351,0x06c1c8e7c2e7c00c96fa1f484be136590b16176ddef3aa2007bcb235a3078074,998971.32025,1011175.345666,12204.025416000048,205938,1509324684,,success,1,0,,,11799544
pilot_1790585831611,mint_N500_c3_r1,1,2026-09-28T09:14:02.133Z,ethereumSepolia,11155111,sepolia.era.zksync.dev,mint,500,3,352,0x147cbb657698fc0cc9313223b451f57f63316d9dad4a20f50b36445e628729cc,999093.516375,1011376.34775,12282.83137499995,205938,1509324684,,success,1,0,,,11799544
pilot_1790585831611,mint_N500_c3_r1,1,2026-09-28T09:14:12.745Z,ethereumSepolia,11155111,sepolia.era.zksync.dev,mint,500,3,354,0x179eb8c07a1bd8aa60af1699f3e54762d3e0e7dea8f62f0374e2ec4aafd4ba16,1011175.413458,1021987.788625,10812.375166999991,205938,1353442729,,success,1,0,,,11799545
pilot_1790585831611,mint_N500_c3_r1,1,2026-09-28T09:14:12.873Z,ethereumSepolia,11155111,sepolia.era.zksync.dev,mint,500,3,353,0x70ac4fd7a51af1e12d0e818440511a7999f0388fe40c88fac46e2a0d9d691e48,1011056.810833,1022115.697041,11058.88620800001,205938,1353442729,,success,1,0,,,11799545
pilot_1790585831611,mint_N500_c3_r1,1,2026-09-28T09:14:12.990Z,ethereumSepolia,11155111,sepolia.era.zksync.dev,mint,500,3,355,0x2e57835268bac41afdf34ac5eed1145882fcc427053654b3f8a416cee1fc1166,1011376.39625,1022232.50425,10856.108000000007,205938,1353442729,,success,1,0,,,11799545
pilot_1790585831611,mint_N500_c3_r1,1,2026-09-28T09:14:25.684Z,ethereumSepolia,11155111,sepolia.era.zksync.dev,mint,500,3,356,0x69959d1462982f052b5b5469f05743b0b587bf470c2c28283e4ca8fe390e5f31,1021987.838125,1034927.256208,12939.418082999997,205938,1476766238,,success,1,0,,,11799546
pilot_1790585831611,mint_N500_c3_r1,1,2026-09-28T09:14:25.807Z,ethereumSepolia,11155111,sepolia.era.zksync.dev,mint,500,3,357,0xf11fdbc8821bb1273fdb4b3a507e6a291bd890f0dbed35eb11266fb5c7238236,1022115.749125,1035050.191541,12934.442416000064,205938,1476766238,,success,1,0,,,11799546
pilot_1790585831611,mint_N500_c3_r1,1,2026-09-28T09:14:25.954Z,ethereumSepolia,11155111,sepolia.era.zksync.dev,mint,500,3,358,0xcc3d8e739a7a4f238f715842ff9d181d9deb12fb0139e93701ef61347b5a0635,1022232.588791,1035196.37275,12963.783959000022,205938,1476766238,,success,1,0,,,11799546
pilot_1790585831611,mint_N500_c3_r1,1,2026-09-28T09:14:37.837Z,ethereumSepolia,11155111,sepolia.era.zksync.dev,mint,500,3,359,0x886324a07cd18e0dc6e44aa703fe20d7b1a6054a2f16a462011baf7d7d188ba5,1034927.337416,1047079.639666,12152.302250000066,205938,1470035352,,success,1,0,,,11799547
pilot_1790585831611,mint_N500_c3_r1,1,2026-09-28T09:14:37.958Z,ethereumSepolia,11155111,sepolia.era.zksync.dev,mint,500,3,360,0x0f36c7da06411ad6857e821e36e1772abf43318784ed385a78eb551192f1c0ff,1035050.246541,1047201.125208,12150.878666999983,205926,1470035352,,success,1,0,,,11799547
pilot_1790585831611,mint_N500_c3_r1,1,2026-09-28T09:14:38.076Z,ethereumSepolia,11155111,sepolia.era.zksync.dev,mint,500,3,361,0x3e0b3e7c7fc922b6abc49c7ca34785c3e4f578786c983e8f50a81d74a211ca1c,1035196.434083,1047318.322041,12121.887958000065,205938,1470035352,,success,1,0,,,11799547
pilot_1790585831611,mint_N500_c3_r1,1,2026-09-28T09:14:49.356Z,ethereumSepolia,11155111,sepolia.era.zksync.dev,mint,500,3,364,0xe92b8151e765256e688258db9189351c3c6313a15ad1f4f77911b446fa2c7ac5,1047318.370166,1058599.066541,11280.696375000058,205938,1355758567,,success,1,0,,,11799548
pilot_1790585831611,mint_N500_c3_r1,1,2026-09-28T09:14:49.678Z,ethereumSepolia,11155111,sepolia.era.zksync.dev,mint,500,3,362,0x17916fcb6c3032479cb3d2d38114b350290e091b3ef567d6c15c830fa33b7cbd,1047079.821708,1058920.556208,11840.73450000002,205938,1355758567,,success,1,0,,,11799548
pilot_1790585831611,mint_N500_c3_r1,1,2026-09-28T09:14:49.894Z,ethereumSepolia,11155111,sepolia.era.zksync.dev,mint,500,3,363,0xee6c947ef492dc4e66af1ae24728566d09d4fc760255dc98980bf83931e310be,1047201.167333,1059136.38025,11935.212916999939,205926,1355758567,,success,1,0,,,11799548
pilot_1790585831611,mint_N500_c3_r1,1,2026-09-28T09:15:01.696Z,ethereumSepolia,11155111,sepolia.era.zksync.dev,mint,500,3,365,0x4180df16f4e144f1fe56ebd709e784a2ed2c211bd547817c63c3ca0d3c4a2fa3,1058599.180208,1070938.460291,12339.280083000194,205938,1495685811,,success,1,0,,,11799549
pilot_1790585831611,mint_N500_c3_r1,1,2026-09-28T09:15:01.994Z,ethereumSepolia,11155111,sepolia.era.zksync.dev,mint,500,3,366,0x7092ebec89142a9980ae681d39eddbeee399fe508c5fd2b6b16f2a0b279b2a3c,1058920.641291,1071236.767625,12316.126334000146,205938,1495685811,,success,1,0,,,11799549
pilot_1790585831611,mint_N500_c3_r1,1,2026-09-28T09:15:02.034Z,ethereumSepolia,11155111,sepolia.era.zksync.dev,mint,500,3,367,0x5159f323a72f1bff4f36e7aabac9be2e8474995e87cd4002b6842322e2d8cea5,1059136.463791,1071276.807041,12140.34325000015,205938,1495685811,,success,1,0,,,11799549
pilot_1790585831611,mint_N500_c3_r1,1,2026-09-28T09:15:12.694Z,ethereumSepolia,11155111,sepolia.era.zksync.dev,mint,500,3,368,0x5fbfa019da840472463126d3ff580686a248bbe1702f4edafa52db6ba5b7f5dc,1070938.63575,1081936.799625,10998.163875000086,205938,1379031928,,success,1,0,,,11799550
pilot_1790585831611,mint_N500_c3_r1,1,2026-09-28T09:15:12.903Z,ethereumSepolia,11155111,sepolia.era.zksync.dev,mint,500,3,370,0x087595b923aa3ff05a76cfed837ca12fa731d8d06087e4b8bdfab72d8ad0f3b9,1071276.894208,1082145.987083,10869.092874999857,205938,1379031928,,success,1,0,,,11799550
pilot_1790585831611,mint_N500_c3_r1,1,2026-09-28T09:15:13.021Z,ethereumSepolia,11155111,sepolia.era.zksync.dev,mint,500,3,369,0x939bd0113a5dbb37d436d826411b03dcfa50a986eae393d44d53f4db5d3e97f2,1071236.86175,1082263.65825,11026.796500000171,205938,1379031928,,success,1,0,,,11799550
pilot_1790585831611,mint_N500_c3_r1,1,2026-09-28T09:15:25.534Z,ethereumSepolia,11155111,sepolia.era.zksync.dev,mint,500,3,372,0x5a2919781bb24e670e2a123334d6376200d32f137eadccb31c8b77b2276ccd9a,1082146.151916,1094776.703333,12630.551416999893,205926,1518849118,,success,1,0,,,11799551
pilot_1790585831611,mint_N500_c3_r1,1,2026-09-28T09:15:25.670Z,ethereumSepolia,11155111,sepolia.era.zksync.dev,mint,500,3,373,0x054889949220c468bff2e32905720d402ca18ff2c684cabc5c8078acdcba7b42,1082263.717083,1094912.125958,12648.408874999965,205938,1518849118,,success,1,0,,,11799551
pilot_1790585831611,mint_N500_c3_r1,1,2026-09-28T09:15:25.852Z,ethereumSepolia,11155111,sepolia.era.zksync.dev,mint,500,3,371,0x7d9d637498963fddff3b98eaf889a72a7086ac075c33404f1a8eb92b18979c13,1081936.972458,1095094.538375,13157.565916999942,205938,1518849118,,success,1,0,,,11799551
pilot_1790585831611,mint_N500_c3_r1,1,2026-09-28T09:15:36.563Z,ethereumSepolia,11155111,sepolia.era.zksync.dev,mint,500,3,374,0xef3ad68259aa38001d1c6a8157ddfeb786324636f2cb0dcdde34906f94986483,1094776.780708,1105805.325625,11028.544916999992,205938,1476111961,,success,1,0,,,11799552
pilot_1790585831611,mint_N500_c3_r1,1,2026-09-28T09:15:36.684Z,ethereumSepolia,11155111,sepolia.era.zksync.dev,mint,500,3,375,0x24a916390549ada82c9a7ea78824ef5a780a86c2e1072958b997b6f410f7fb42,1094912.208166,1105926.672333,11014.464167000027,205938,1476111961,,success,1,0,,,11799552
pilot_1790585831611,mint_N500_c3_r1,1,2026-09-28T09:15:36.805Z,ethereumSepolia,11155111,sepolia.era.zksync.dev,mint,500,3,376,0x9136ad374124770b5f8808fc5f20095bb1f52a1d65a0452fa64d64f4bfdcc8b6,1095094.584291,1106047.830791,10953.246500000125,205938,1476111961,,success,1,0,,,11799552
pilot_1790585831611,mint_N500_c3_r1,1,2026-09-28T09:15:48.714Z,ethereumSepolia,11155111,sepolia.era.zksync.dev,mint,500,3,377,0xcb520255eec0059793312bfba884d2aaa8dde1f1b0360354ea0e454643cef4ce,1105805.47475,1117956.825458,12151.350707999896,205938,1373787695,,success,1,0,,,11799553
pilot_1790585831611,mint_N500_c3_r1,1,2026-09-28T09:15:48.837Z,ethereumSepolia,11155111,sepolia.era.zksync.dev,mint,500,3,378,0x98925bf29ec3278d36db6bd3a089a21ddc78da580101c37753162c2b5736ebf1,1105926.718666,1118079.0925,12152.373833999969,205938,1373787695,,success,1,0,,,11799553
pilot_1790585831611,mint_N500_c3_r1,1,2026-09-28T09:15:49.118Z,ethereumSepolia,11155111,sepolia.era.zksync.dev,mint,500,3,379,0x7ec7f611cddfac52358156d3d47b150d470561362188a607b6b91175d2934d35,1106047.982625,1118360.348875,12312.366249999963,205938,1373787695,,success,1,0,,,11799553
pilot_1790585831611,mint_N500_c3_r1,1,2026-09-28T09:16:01.630Z,ethereumSepolia,11155111,sepolia.era.zksync.dev,mint,500,3,380,0x46af667af49b6f7dafd2c9b1156fc1ff64d6894471739cd89613a857e1ac80b6,1117956.909125,1130872.840291,12915.931165999966,205926,1507757161,,success,1,0,,,11799554
pilot_1790585831611,mint_N500_c3_r1,1,2026-09-28T09:16:01.782Z,ethereumSepolia,11155111,sepolia.era.zksync.dev,mint,500,3,381,0x68d3327462cbef688c52c93087d6f28f692d367ccc62f98735b5c9974c062a4f,1118079.136916,1131024.535166,12945.398250000086,205938,1507757161,,success,1,0,,,11799554
pilot_1790585831611,mint_N500_c3_r1,1,2026-09-28T09:16:01.910Z,ethereumSepolia,11155111,sepolia.era.zksync.dev,mint,500,3,382,0x4fe97ea2dca54938a5913d92601bef4aadab7aa2c62cea2bfcafbb7ed14de066,1118360.448458,1131152.405625,12791.957166999811,205938,1507757161,,success,1,0,,,11799554
pilot_1790585831611,mint_N500_c3_r1,1,2026-09-28T09:16:13.287Z,ethereumSepolia,11155111,sepolia.era.zksync.dev,mint,500,3,385,0xa58123eec54d9f8be845f4a8e707c5eda9ae7fd452e9203129973a94fb326bb2,1131152.470666,1142529.641708,11377.171042000176,205938,1414662759,,success,1,0,,,11799555
pilot_1790585831611,mint_N500_c3_r1,1,2026-09-28T09:16:13.686Z,ethereumSepolia,11155111,sepolia.era.zksync.dev,mint,500,3,383,0xd1e7e5601165343620672c320254e390edc64bde2bfc8dd6f926b4e076204c58,1130872.921625,1142928.542375,12055.620750000002,205938,1414662759,,success,1,0,,,11799555
pilot_1790585831611,mint_N500_c3_r1,1,2026-09-28T09:16:13.833Z,ethereumSepolia,11155111,sepolia.era.zksync.dev,mint,500,3,384,0x399b6408e90db7552a82f23ab9655156b8fcf3e1dc5fef4b1552f4b45bd52c8c,1131024.579291,1143074.946583,12050.36729199998,205938,1414662759,,success,1,0,,,11799555
pilot_1790585831611,mint_N500_c3_r1,1,2026-09-28T09:16:25.609Z,ethereumSepolia,11155111,sepolia.era.zksync.dev,mint,500,3,386,0xf41a0fab4209f93d316999ed7a0da7280e9f6262dbabd10ecbdbac46241d69e1,1142529.695583,1154851.580333,12321.884749999968,205926,1497015981,,success,1,0,,,11799556
pilot_1790585831611,mint_N500_c3_r1,1,2026-09-28T09:16:25.835Z,ethereumSepolia,11155111,sepolia.era.zksync.dev,mint,500,3,387,0xe39eaf961f2e1ca8eaac692e3ba6b5e199f6b76c6bbee368e03ecd5eab7b097d,1142928.599708,1155077.6075,12149.00779199996,205938,1497015981,,success,1,0,,,11799556
pilot_1790585831611,mint_N500_c3_r1,1,2026-09-28T09:16:25.968Z,ethereumSepolia,11155111,sepolia.era.zksync.dev,mint,500,3,388,0x9592b12c176e924d5051638f5f61b6311ec746e586de875e80780480677bccc6,1143074.996458,1155210.705458,12135.709000000032,205938,1497015981,,success,1,0,,,11799556
pilot_1790585831611,mint_N500_c3_r1,1,2026-09-28T09:16:37.115Z,ethereumSepolia,11155111,sepolia.era.zksync.dev,mint,500,3,389,0x22d0a836abd1c5ecb5df4882e57bc2cfa7e5736bd17da72fe9210e2ea8fb3e62,1154851.642166,1166357.407958,11505.765791999875,205938,1407861888,,success,1,0,,,11799557
pilot_1790585831611,mint_N500_c3_r1,1,2026-09-28T09:16:37.289Z,ethereumSepolia,11155111,sepolia.era.zksync.dev,mint,500,3,390,0x162994d75bbc6344e5a2ac3680fce020c6d81449f98da37802ecf1e459d83a37,1155077.644708,1166531.240541,11453.595833000029,205938,1407861888,,success,1,0,,,11799557
pilot_1790585831611,mint_N500_c3_r1,1,2026-09-28T09:16:37.404Z,ethereumSepolia,11155111,sepolia.era.zksync.dev,mint,500,3,391,0x6a56cd4cd14750c44f4b51c4e962f4f756493253eda4804a5a5d2e2a3042c1d7,1155210.86775,1166646.453666,11435.585915999953,205938,1407861888,,success,1,0,,,11799557
pilot_1790585831611,mint_N500_c3_r1,1,2026-09-28T09:16:49.390Z,ethereumSepolia,11155111,sepolia.era.zksync.dev,mint,500,3,393,0xde634839c4fbf766065dccc9beb456accbf4bd2815706d09aa21f7bce48a98be,1166531.330041,1178632.676958,12101.346917000134,205938,1525910711,,success,1,0,,,11799558
pilot_1790585831611,mint_N500_c3_r1,1,2026-09-28T09:16:49.512Z,ethereumSepolia,11155111,sepolia.era.zksync.dev,mint,500,3,394,0x710f42f4d8afa0783db775c34cf2f1f0ee710c20c8a290bad9d8ca5f5a6ae368,1166646.519916,1178753.963958,12107.444041999988,205938,1525910711,,success,1,0,,,11799558
pilot_1790585831611,mint_N500_c3_r1,1,2026-09-28T09:16:49.712Z,ethereumSepolia,11155111,sepolia.era.zksync.dev,mint,500,3,392,0x4cb2437927c1858fa746c69ba4ef16b8dfd06b3201f717b3ce85f8512c9a5409,1166357.581291,1178954.017208,12596.435917000053,205938,1525910711,,success,1,0,,,11799558
pilot_1790585831611,mint_N500_c3_r1,1,2026-09-28T09:17:01.594Z,ethereumSepolia,11155111,sepolia.era.zksync.dev,mint,500,3,395,0x133d50bee25d358250bac949bdae3950afa8bc9e986efbf983235cabfd58f698,1178632.825916,1190836.397666,12203.57175000012,205938,1477208913,,success,1,0,,,11799559
pilot_1790585831611,mint_N500_c3_r1,1,2026-09-28T09:17:01.720Z,ethereumSepolia,11155111,sepolia.era.zksync.dev,mint,500,3,396,0xabfd9939d89764f7f857febcba2bcb95c108bb4387ba122d7aeaa8545fd07ff5,1178754.011875,1190961.905166,12207.893290999811,205938,1477208913,,success,1,0,,,11799559
pilot_1790585831611,mint_N500_c3_r1,1,2026-09-28T09:17:01.839Z,ethereumSepolia,11155111,sepolia.era.zksync.dev,mint,500,3,397,0xf7c3400e12377f913c6981f3eec396934d9b363432ca3dd98385cc2c7038de9a,1178954.105916,1191081.290875,12127.184958999977,205938,1477208913,,success,1,0,,,11799559
pilot_1790585831611,mint_N500_c3_r1,1,2026-09-28T09:17:12.492Z,ethereumSepolia,11155111,sepolia.era.zksync.dev,mint,500,3,398,0xe02149cdb19dc43a39a683f245befa0cb949113c1d769244e4c892706f5c75dd,1190836.570041,1201733.945125,10897.375084000174,205938,1485396355,,success,1,0,,,11799560
pilot_1790585831611,mint_N500_c3_r1,1,2026-09-28T09:17:12.613Z,ethereumSepolia,11155111,sepolia.era.zksync.dev,mint,500,3,399,0xfb21c267df7f2a50cd91a8874888d57ac06976bd6f1978d8dc0b6a48d9084710,1190961.952375,1201855.05525,10893.102874999866,205938,1485396355,,success,1,0,,,11799560
pilot_1790585831611,mint_N500_c3_r1,1,2026-09-28T09:17:12.742Z,ethereumSepolia,11155111,sepolia.era.zksync.dev,mint,500,3,400,0x6d003fd9a4e3cd6cb35052b06f533bec7ace835b40304e0b8e543b3121212382,1191081.338375,1201984.477416,10903.139041000046,205938,1485396355,,success,1,0,,,11799560
pilot_1790585831611,mint_N500_c3_r1,1,2026-09-28T09:17:24.575Z,ethereumSepolia,11155111,sepolia.era.zksync.dev,mint,500,3,401,0x4fa96011a1d6f971ef64aa65be9e3d33a92f675dd65d1c17055682ee6ebf3ef3,1201734.073916,1213817.220583,12083.146666999906,205938,1371199601,,success,1,0,,,11799561
pilot_1790585831611,mint_N500_c3_r1,1,2026-09-28T09:17:24.696Z,ethereumSepolia,11155111,sepolia.era.zksync.dev,mint,500,3,402,0xce85d08e2459ee53b7711f1910c266f804ea11b978e6f6149137f9561192f549,1201855.103041,1213938.412708,12083.309667000081,205938,1371199601,,success,1,0,,,11799561
pilot_1790585831611,mint_N500_c3_r1,1,2026-09-28T09:17:24.817Z,ethereumSepolia,11155111,sepolia.era.zksync.dev,mint,500,3,403,0x9813e71abbcc5f6b0941c9fec0bf5634efca6b6dbae253acfe0c86e7f9630042,1201984.562041,1214059.130541,12074.568500000052,205938,1371199601,,success,1,0,,,11799561
pilot_1790585831611,mint_N500_c3_r1,1,2026-09-28T09:17:36.665Z,ethereumSepolia,11155111,sepolia.era.zksync.dev,mint,500,3,404,0xf9887904bb44be29e060bed47ce33f1b7d3f7270347f651baf9bd265ad9e3e3f,1213817.276458,1225907.093166,12089.816707999911,205938,1504020130,,success,1,0,,,11799562
pilot_1790585831611,mint_N500_c3_r1,1,2026-09-28T09:17:36.797Z,ethereumSepolia,11155111,sepolia.era.zksync.dev,mint,500,3,405,0x338fd9fd6ffbc968a5f8868d0248fe191dd8e91f680eb8f59e0bce05c4a4bf97,1213938.455416,1226039.55025,12101.094834000105,205926,1504020130,,success,1,0,,,11799562
pilot_1790585831611,mint_N500_c3_r1,1,2026-09-28T09:17:36.909Z,ethereumSepolia,11155111,sepolia.era.zksync.dev,mint,500,3,406,0x3b8ac8f6479316a947619da4a2d880fae6922886721cff0d3277e2ba0e5284ca,1214059.181625,1226150.865666,12091.684040999971,205938,1504020130,,success,1,0,,,11799562
pilot_1790585831611,mint_N500_c3_r1,1,2026-09-28T09:17:48.770Z,ethereumSepolia,11155111,sepolia.era.zksync.dev,mint,500,3,407,0xd8b3065f59bb96508a1e3e6ea34b4adc98d3630ce3632f2b65d9562074acb005,1225907.239625,1238011.919166,12104.679541000165,205938,1427158680,,success,1,0,,,11799563
pilot_1790585831611,mint_N500_c3_r1,1,2026-09-28T09:17:48.895Z,ethereumSepolia,11155111,sepolia.era.zksync.dev,mint,500,3,408,0xe859ba0ece958066cae17512a173e04b2792861b7834f6bc9d86aa7e032b50ac,1226039.69875,1238136.892375,12097.193625000073,205938,1427158680,,success,1,0,,,11799563
pilot_1790585831611,mint_N500_c3_r1,1,2026-09-28T09:17:49.013Z,ethereumSepolia,11155111,sepolia.era.zksync.dev,mint,500,3,409,0x650e99fe10b621361dbc38609fb4512896913d5c6a7d5d5c2901ad04d5b9bd69,1226150.909958,1238254.821,12103.911041999934,205938,1427158680,,success,1,0,,,11799563
pilot_1790585831611,mint_N500_c3_r1,1,2026-09-28T09:18:00.921Z,ethereumSepolia,11155111,sepolia.era.zksync.dev,mint,500,3,410,0x0100d2a82d44f3557ef8ef3fe7ce6c9949ff40c5253083aa84e28519d437b1b3,1238011.983291,1250163.340833,12151.357542000012,205938,1499330934,,success,1,0,,,11799564
pilot_1790585831611,mint_N500_c3_r1,1,2026-09-28T09:18:01.053Z,ethereumSepolia,11155111,sepolia.era.zksync.dev,mint,500,3,411,0x20671fd97cd1a01d1a0d14a80fb075f5abf2d32e9c948730b581bfd782ddeef6,1238136.927,1250294.685583,12157.758583000163,205926,1499330934,,success,1,0,,,11799564
pilot_1790585831611,mint_N500_c3_r1,1,2026-09-28T09:18:01.277Z,ethereumSepolia,11155111,sepolia.era.zksync.dev,mint,500,3,412,0xb07baf02795b7b2f71495b80ef6365c73da4df5151c72c84cca86bbb956f4080,1238254.996,1250518.923916,12263.927915999899,205938,1499330934,,success,1,0,,,11799564
pilot_1790585831611,mint_N500_c3_r1,1,2026-09-28T09:18:12.714Z,ethereumSepolia,11155111,sepolia.era.zksync.dev,mint,500,3,415,0x934716e4a8729f95823e5baf0677c87064e77649432250004bc15d4f4fc88666,1250518.964833,1261956.017583,11437.052750000032,205926,1357053385,,success,1,0,,,11799565
pilot_1790585831611,mint_N500_c3_r1,1,2026-09-28T09:18:13.033Z,ethereumSepolia,11155111,sepolia.era.zksync.dev,mint,500,3,413,0xebeb1d5145557ca903b9cbc6bf2fc195922faff6222c03d9e633ed9ef1390305,1250163.605041,1262275.3415,12111.736459000036,205938,1357053385,,success,1,0,,,11799565
pilot_1790585831611,mint_N500_c3_r1,1,2026-09-28T09:18:13.074Z,ethereumSepolia,11155111,sepolia.era.zksync.dev,mint,500,3,414,0x1f844abc7a2c419063a23cf9798d6a9267b30e801cfdd6966d6fde95d4c08f29,1250294.737916,1262316.470958,12021.733042000094,205938,1357053385,,success,1,0,,,11799565
pilot_1790585831611,mint_N500_c3_r1,1,2026-09-28T09:18:25.650Z,ethereumSepolia,11155111,sepolia.era.zksync.dev,mint,500,3,416,0x97bc597bdd0b8d59911f113edbd6b9d652660d24c67b7b2905be6694795947d2,1261956.089041,1274891.8945,12935.805458999937,205938,1503442995,,success,1,0,,,11799566
pilot_1790585831611,mint_N500_c3_r1,1,2026-09-28T09:18:25.864Z,ethereumSepolia,11155111,sepolia.era.zksync.dev,mint,500,3,417,0xc2ca4032e3e4799bcc48641120ca45c9ac6313dd6ccab7260f53b094729a8130,1262275.394416,1275106.30275,12830.908334000036,205938,1503442995,,success,1,0,,,11799566
pilot_1790585831611,mint_N500_c3_r1,1,2026-09-28T09:18:25.991Z,ethereumSepolia,11155111,sepolia.era.zksync.dev,mint,500,3,418,0xc94db4368d08450e2c63029a882e8de694da23cfae2b727e61c020710b2a9885,1262316.637041,1275232.965791,12916.328750000102,205938,1503442995,,success,1,0,,,11799566
pilot_1790585831611,mint_N500_c3_r1,1,2026-09-28T09:18:37.873Z,ethereumSepolia,11155111,sepolia.era.zksync.dev,mint,500,3,419,0xa90adac7c562e2e10d7baf6c633c261a4b4b13eb00b796d996ce7bbae5d36c48,1274892.034666,1287114.499916,12222.465250000125,205938,1408085638,,success,1,0,,,11799567
pilot_1790585831611,mint_N500_c3_r1,1,2026-09-28T09:18:37.993Z,ethereumSepolia,11155111,sepolia.era.zksync.dev,mint,500,3,420,0x702947d9c426e9dfc8bfca13399f236b98fdd94919002e4b5bc7c5f5ce367e99,1275106.375458,1287234.585166,12128.209708000068,205938,1408085638,,success,1,0,,,11799567
pilot_1790585831611,mint_N500_c3_r1,1,2026-09-28T09:18:38.190Z,ethereumSepolia,11155111,sepolia.era.zksync.dev,mint,500,3,421,0x9279b11ca7793c4295b150540e757803dc121630d15545440a5a5e0048f2acdc,1275233.002458,1287431.763041,12198.760583000025,205938,1408085638,,success,1,0,,,11799567
pilot_1790585831611,mint_N500_c3_r1,1,2026-09-28T09:18:48.783Z,ethereumSepolia,11155111,sepolia.era.zksync.dev,mint,500,3,422,0xc05e99074fa0f781df2ec750b4ee0748f621236ffd96c2a59b7ba695273161c0,1287114.562833,1298025.349125,10910.786291999975,205926,1517634953,,success,1,0,,,11799568
pilot_1790585831611,mint_N500_c3_r1,1,2026-09-28T09:18:48.967Z,ethereumSepolia,11155111,sepolia.era.zksync.dev,mint,500,3,423,0x6b45717916c29ff6978c5a6e9118f7a83f3ef2099eb1f08794d86ea6bc26b02d,1287234.630666,1298209.127,10974.496334000025,205938,1517634953,,success,1,0,,,11799568
pilot_1790585831611,mint_N500_c3_r1,1,2026-09-28T09:18:49.101Z,ethereumSepolia,11155111,sepolia.era.zksync.dev,mint,500,3,424,0xf504659a453c750bb7fd452e33c00ecbd8aabce34ded0e4a00d156ca227e63d1,1287431.819208,1298342.675333,10910.856124999933,205938,1517634953,,success,1,0,,,11799568
pilot_1790585831611,mint_N500_c3_r1,1,2026-09-28T09:19:00.836Z,ethereumSepolia,11155111,sepolia.era.zksync.dev,mint,500,3,425,0x43d85caac8d905093ac312d6690722ebd785cec1e7c4358c613e381d82a46502,1298025.423041,1310077.677958,12052.254916999955,205926,1358020767,,success,1,0,,,11799569
pilot_1790585831611,mint_N500_c3_r1,1,2026-09-28T09:19:01.098Z,ethereumSepolia,11155111,sepolia.era.zksync.dev,mint,500,3,426,0x22b32aa69fb2f78f48aa2c3176b3802fc8084f15a59a54f87b82e10d4257cfe9,1298209.286708,1310339.443916,12130.157207999844,205926,1358020767,,success,1,0,,,11799569
pilot_1790585831611,mint_N500_c3_r1,1,2026-09-28T09:19:01.138Z,ethereumSepolia,11155111,sepolia.era.zksync.dev,mint,500,3,427,0xf99f4a01752d1319ce22d9eeeb2e09fe462286bb114b3c49e781f92cadeecca4,1298342.723166,1310380.177,12037.45383399981,205938,1358020767,,success,1,0,,,11799569
pilot_1790585831611,mint_N500_c3_r1,1,2026-09-28T09:19:12.337Z,ethereumSepolia,11155111,sepolia.era.zksync.dev,mint,500,3,428,0x8d20fbe85e6ee373de77349351795084f22f6a455ca432aa4cfac04e24e29bdf,1310077.742708,1321578.317041,11500.574332999997,205938,1480072169,,success,1,0,,,11799570
pilot_1790585831611,mint_N500_c3_r1,1,2026-09-28T09:19:12.550Z,ethereumSepolia,11155111,sepolia.era.zksync.dev,mint,500,3,429,0xb39fb8936794ae3d30b1206a1f4460b42011ee67508ce607725c9393db9c5690,1310339.508791,1321792.2365,11452.727709000232,205938,1480072169,,success,1,0,,,11799570
pilot_1790585831611,mint_N500_c3_r1,1,2026-09-28T09:19:12.671Z,ethereumSepolia,11155111,sepolia.era.zksync.dev,mint,500,3,430,0x26116c8512a96b99be57e25a872cc02de98b73a29e9447aa3e9ed8adc1cc489e,1310380.210875,1321913.037,11532.826124999905,205926,1480072169,,success,1,0,,,11799570
pilot_1790585831611,mint_N500_c3_r1,1,2026-09-28T09:19:24.623Z,ethereumSepolia,11155111,sepolia.era.zksync.dev,mint,500,3,432,0xede5daad2c3395b5086518feced123824a1a101000f11b009e452f27aecc67f1,1321792.2975,1333865.085666,12072.78816599981,205938,1435066643,,success,1,0,,,11799571
pilot_1790585831611,mint_N500_c3_r1,1,2026-09-28T09:19:24.748Z,ethereumSepolia,11155111,sepolia.era.zksync.dev,mint,500,3,433,0xa11941fe363cfe3fba5733eeb0c6ba123d630f2b305a52bd4e5ed2dbb5b8e24e,1321913.187625,1333990.187875,12077.000250000041,205938,1435066643,,success,1,0,,,11799571
pilot_1790585831611,mint_N500_c3_r1,1,2026-09-28T09:19:25.099Z,ethereumSepolia,11155111,sepolia.era.zksync.dev,mint,500,3,431,0xe29405b000942d87f79da74d198a6460e6fb8b99a9a411fa9fa6b21c08c397a5,1321578.452375,1334340.485791,12762.033415999962,205926,1435066643,,success,1,0,,,11799571
pilot_1790585831611,mint_N500_c3_r1,1,2026-09-28T09:19:36.949Z,ethereumSepolia,11155111,sepolia.era.zksync.dev,mint,500,3,434,0x02496f8268f15c5b00bf61c6b1f13a653ffea01663fa8af2b39307a3b0b336de,1333865.267625,1346190.963291,12325.695666000014,205938,1491679771,,success,1,0,,,11799572
pilot_1790585831611,mint_N500_c3_r1,1,2026-09-28T09:19:37.161Z,ethereumSepolia,11155111,sepolia.era.zksync.dev,mint,500,3,435,0x2f99fd41cfa99f43021f2100383001f65f3bb730e0d677cd8d02e5f308c4fcaa,1333990.24475,1346402.357458,12412.112708,205938,1491679771,,success,1,0,,,11799572
pilot_1790585831611,mint_N500_c3_r1,1,2026-09-28T09:19:37.280Z,ethereumSepolia,11155111,sepolia.era.zksync.dev,mint,500,3,436,0x53a53de9af587e1cb36e6664851ef5e944db8b7505a9fc6082aa85d4e9498f7f,1334340.542291,1346521.483666,12180.941374999937,205938,1491679771,,success,1,0,,,11799572
pilot_1790585831611,mint_N500_c3_r1,1,2026-09-28T09:19:49.780Z,ethereumSepolia,11155111,sepolia.era.zksync.dev,mint,500,3,437,0xa05db18a872e1cbbf0ef6aee1f3b856eecaca2dcfb5c9fc85bc67c4d9f9013fe,1346191.111416,1359022.087125,12830.975709000137,205938,1380674422,,success,1,0,,,11799573
pilot_1790585831611,mint_N500_c3_r1,1,2026-09-28T09:19:49.911Z,ethereumSepolia,11155111,sepolia.era.zksync.dev,mint,500,3,438,0x5a42d4dfe12e94ba834eaff30b008ae4ae4a84f2e8066e328d6bffaff86a59b6,1346402.52175,1359152.190416,12749.668666000012,205938,1380674422,,success,1,0,,,11799573
pilot_1790585831611,mint_N500_c3_r1,1,2026-09-28T09:19:50.025Z,ethereumSepolia,11155111,sepolia.era.zksync.dev,mint,500,3,439,0x19737130e87bdf1a2d60c53fed99dc67717e25337f0706e23ef0f4ecc03c29b8,1346521.532333,1359266.480583,12744.9482499999,205938,1380674422,,success,1,0,,,11799573
pilot_1790585831611,mint_N500_c3_r1,1,2026-09-28T09:20:01.854Z,ethereumSepolia,11155111,sepolia.era.zksync.dev,mint,500,3,440,0xedc304d592a62f79e9bdf4b88c4e58c8b34abcc699ea63885295ed38edb5f6a1,1359022.171875,1371096.053291,12073.88141599996,205938,1496327421,,success,1,0,,,11799574
pilot_1790585831611,mint_N500_c3_r1,1,2026-09-28T09:20:01.963Z,ethereumSepolia,11155111,sepolia.era.zksync.dev,mint,500,3,441,0x177af46a85ddc6bf722375b4623fe49f43aebf5dcdff389f0a8b91c80151b680,1359152.246791,1371204.791,12052.544208999956,205938,1496327421,,success,1,0,,,11799574
pilot_1790585831611,mint_N500_c3_r1,1,2026-09-28T09:20:02.073Z,ethereumSepolia,11155111,sepolia.era.zksync.dev,mint,500,3,442,0x805b676a9a463d2770f301b9abfc15c9624114175bc354ff9ab956fd1e82354d,1359266.532041,1371314.929958,12048.397917000111,205938,1496327421,,success,1,0,,,11799574
pilot_1790585831611,mint_N500_c3_r1,1,2026-09-28T09:20:12.545Z,ethereumSepolia,11155111,sepolia.era.zksync.dev,mint,500,3,443,0x03b079de8c82bd2a0763ed250694660093d6d0a41a87182db12844c566e10437,1371096.165541,1381786.712791,10690.547250000061,205938,1403796821,,success,1,0,,,11799575
pilot_1790585831611,mint_N500_c3_r1,1,2026-09-28T09:20:12.659Z,ethereumSepolia,11155111,sepolia.era.zksync.dev,mint,500,3,444,0xd5c520a93a5beefe3f6aa996f03c11fb6b9937ac7b1c84b3a48af1d62b588852,1371204.855541,1381900.772416,10695.916875000112,205938,1403796821,,success,1,0,,,11799575
pilot_1790585831611,mint_N500_c3_r1,1,2026-09-28T09:20:12.938Z,ethereumSepolia,11155111,sepolia.era.zksync.dev,mint,500,3,445,0x4ce23df830118991d8858dcbe5fa2149115440b82872586a5a6a92a272cf6577,1371314.964958,1382179.763125,10864.798167000059,205938,1403796821,,success,1,0,,,11799575
pilot_1790585831611,mint_N500_c3_r1,1,2026-09-28T09:20:25.442Z,ethereumSepolia,11155111,sepolia.era.zksync.dev,mint,500,3,447,0xc329bb9683a4caec5b37d37759b25c8a6b59a4bb02f44417ae5ee331a859b382,1381900.830416,1394683.943083,12783.112666999921,205926,1479070362,,success,1,0,,,11799576
pilot_1790585831611,mint_N500_c3_r1,1,2026-09-28T09:20:25.558Z,ethereumSepolia,11155111,sepolia.era.zksync.dev,mint,500,3,448,0x2a4905ad8084a58f212a20aa80deeaecf1653d24e383bf6b88ea976d69ecce5d,1382180.176916,1394799.912791,12619.735875000013,205938,1479070362,,success,1,0,,,11799576
pilot_1790585831611,mint_N500_c3_r1,1,2026-09-28T09:20:25.885Z,ethereumSepolia,11155111,sepolia.era.zksync.dev,mint,500,3,446,0xdb05c308b4c95d26d4e9894f7fc04655e9b380a1ac06c1bf33a579970d30bcee,1381786.815708,1395126.476583,13339.66087500006,205938,1479070362,,success,1,0,,,11799576
pilot_1790585831611,mint_N500_c3_r1,1,2026-09-28T09:20:37.797Z,ethereumSepolia,11155111,sepolia.era.zksync.dev,mint,500,3,449,0x67e252c613bc8c8bba0f7ab6f373d8bf64bab10e9227685a62099b4977aae94a,1394684.069041,1407038.085666,12354.016624999931,205938,1373339861,,success,1,0,,,11799577
pilot_1790585831611,mint_N500_c3_r1,1,2026-09-28T09:20:38.021Z,ethereumSepolia,11155111,sepolia.era.zksync.dev,mint,500,3,450,0x7e4983b32e68170f3ea2c8165c46d882da1c05c3abfb0ad978651dfda814fc2b,1394799.944416,1407262.067625,12462.123208999867,205938,1373339861,,success,1,0,,,11799577
pilot_1790585831611,mint_N500_c3_r1,1,2026-09-28T09:20:38.137Z,ethereumSepolia,11155111,sepolia.era.zksync.dev,mint,500,3,451,0x1b5f5850644a65df52cf1c738df9f2a3d50fbf9e0cb58f4853cece0281092791,1395126.5645,1407378.01725,12251.452749999939,205938,1373339861,,success,1,0,,,11799577
pilot_1790585831611,mint_N500_c3_r1,1,2026-09-28T09:20:50.002Z,ethereumSepolia,11155111,sepolia.era.zksync.dev,mint,500,3,452,0x833b2754d51bfc63f7c4d6668be2dc5a11fa0fcaac31a6daaddac0b8952a3436,1407038.352,1419243.861,12205.509000000078,205938,1525865295,,success,1,0,,,11799578
pilot_1790585831611,mint_N500_c3_r1,1,2026-09-28T09:20:50.125Z,ethereumSepolia,11155111,sepolia.era.zksync.dev,mint,500,3,453,0x07d10bbb00456ef14dc81b7873c7e6584565f2737e750ebdd080632a3783d527,1407262.123291,1419366.154666,12104.03137500002,205938,1525865295,,success,1,0,,,11799578
pilot_1790585831611,mint_N500_c3_r1,1,2026-09-28T09:20:50.251Z,ethereumSepolia,11155111,sepolia.era.zksync.dev,mint,500,3,454,0xceb3029811d0c5ecee7ca7bfa7c8b63849fba256d735c8b1f539765ed140c4e4,1407378.070875,1419492.342541,12114.271666000132,205926,1525865295,,success,1,0,,,11799578
pilot_1790585831611,mint_N500_c3_r1,1,2026-09-28T09:21:01.576Z,ethereumSepolia,11155111,sepolia.era.zksync.dev,mint,500,3,457,0x3c71f4ab00c5c2c01a09537c804c6cad15fa7132f3c1ae5026453f99797d11c3,1419492.424583,1430817.742208,11325.317625000142,205926,1429972458,,success,1,0,,,11799579
pilot_1790585831611,mint_N500_c3_r1,1,2026-09-28T09:21:01.889Z,ethereumSepolia,11155111,sepolia.era.zksync.dev,mint,500,3,455,0xd1d2b8ded0dca31229e9720cb3671a3e7e6c8cb48e2ddaae1cfba3c036e865f5,1419243.972958,1431130.402875,11886.429917000001,205938,1429972458,,success,1,0,,,11799579
pilot_1790585831611,mint_N500_c3_r1,1,2026-09-28T09:21:02.143Z,ethereumSepolia,11155111,sepolia.era.zksync.dev,mint,500,3,456,0xb2cc1acb770a8e0f569e7256e27c75c50620b22a1fc7d4c795802b4e996044e3,1419366.213458,1431383.895958,12017.682500000112,205938,1429972458,,success,1,0,,,11799579
pilot_1790585831611,mint_N500_c3_r1,1,2026-09-28T09:21:12.715Z,ethereumSepolia,11155111,sepolia.era.zksync.dev,mint,500,3,458,0x14b41e24a6b46ca4c30b50d892e77509dec25735daeb3e8fc3678f7b1b2bbae1,1430817.843625,1441956.802041,11138.958416000009,205938,1526759541,,success,1,0,,,11799580
pilot_1790585831611,mint_N500_c3_r1,1,2026-09-28T09:21:12.837Z,ethereumSepolia,11155111,sepolia.era.zksync.dev,mint,500,3,459,0xd84034f31647f7d774c07ab75612219022871334c010d02c6b3a59aa160c8198,1431130.544166,1442077.870708,10947.32654199982,205938,1526759541,,success,1,0,,,11799580
pilot_1790585831611,mint_N500_c3_r1,1,2026-09-28T09:21:12.956Z,ethereumSepolia,11155111,sepolia.era.zksync.dev,mint,500,3,460,0x2b9fe618b5cc5bdac5e694441ea6e703e1b886aea2fed48a410b9ec090b80ecf,1431383.972125,1442197.258916,10813.286790999817,205938,1526759541,,success,1,0,,,11799580
pilot_1790585831611,mint_N500_c3_r1,1,2026-09-28T09:21:25.414Z,ethereumSepolia,11155111,sepolia.era.zksync.dev,mint,500,3,462,0xf25b16e1b39ff9cae95b902066db9068cd39f235c82c2ecfb449f40b4de8e939,1442078.506958,1454655.616833,12577.109875000082,205938,1381730439,,success,1,0,,,11799581
pilot_1790585831611,mint_N500_c3_r1,1,2026-09-28T09:21:25.516Z,ethereumSepolia,11155111,sepolia.era.zksync.dev,mint,500,3,461,0x12e1eb7a2f65e0a176070c4bd5db10eeeff0d6cf461ebe0b481216ed2a9beb8d,1441956.955125,1454756.902541,12799.947415999835,205938,1381730439,,success,1,0,,,11799581
pilot_1790585831611,mint_N500_c3_r1,1,2026-09-28T09:21:25.679Z,ethereumSepolia,11155111,sepolia.era.zksync.dev,mint,500,3,463,0x480c0ca5b6632affed55b1e80c7227d875e6659b846141ab3204fe934ae96f1a,1442197.466708,1454920.788875,12723.322167000035,205938,1381730439,,success,1,0,,,11799581
pilot_1790585831611,mint_N500_c3_r1,1,2026-09-28T09:21:36.754Z,ethereumSepolia,11155111,sepolia.era.zksync.dev,mint,500,3,464,0xc5b2ef67d8de75a86f2f64583137fbdecdf58cf0fac0c06a586c0731bf9737b7,1454655.657291,1465995.214083,11339.556792000076,205938,1498298988,,success,1,0,,,11799582
pilot_1790585831611,mint_N500_c3_r1,1,2026-09-28T09:21:36.870Z,ethereumSepolia,11155111,sepolia.era.zksync.dev,mint,500,3,465,0xc22ff2e1f3cceb56abc19930b6a42f156ae34b4f2e3054037989bb15a294a70c,1454756.936541,1466111.022291,11354.085750000086,205938,1498298988,,success,1,0,,,11799582
pilot_1790585831611,mint_N500_c3_r1,1,2026-09-28T09:21:36.994Z,ethereumSepolia,11155111,sepolia.era.zksync.dev,mint,500,3,466,0xfd303303a50fcab5fdce65265e551a61732e867fc5e24ec5549663b3618ee2d5,1454920.839583,1466234.858083,11314.018500000006,205938,1498298988,,success,1,0,,,11799582
pilot_1790585831611,mint_N500_c3_r1,1,2026-09-28T09:21:48.819Z,ethereumSepolia,11155111,sepolia.era.zksync.dev,mint,500,3,467,0xee214935e874e86530bd01370068e1083fed072d4c6cef9506862232b22ed35c,1465995.284708,1478060.460291,12065.175583000062,205926,1381638475,,success,1,0,,,11799583
pilot_1790585831611,mint_N500_c3_r1,1,2026-09-28T09:21:48.920Z,ethereumSepolia,11155111,sepolia.era.zksync.dev,mint,500,3,468,0x55bfefebf21fa52735dc99846f1ce00aafd17fa4a96ec5eaa70e934092fcc3c6,1466111.088541,1478160.901833,12049.813291999977,205938,1381638475,,success,1,0,,,11799583
pilot_1790585831611,mint_N500_c3_r1,1,2026-09-28T09:21:49.038Z,ethereumSepolia,11155111,sepolia.era.zksync.dev,mint,500,3,469,0xf05a15c8b5fa6ba0aa60099a50040eb175fe4c6e1bf55649d597de085563f86f,1466234.921916,1478278.931458,12044.009542000014,205938,1381638475,,success,1,0,,,11799583
pilot_1790585831611,mint_N500_c3_r1,1,2026-09-28T09:22:01.510Z,ethereumSepolia,11155111,sepolia.era.zksync.dev,mint,500,3,470,0x7fc5983592bc0357d0cd533bf7d6a7e3d4d10c4ed076cac2ed59ebc9946b8a56,1478060.540958,1490751.616916,12691.075957999798,205938,1482490554,,success,1,0,,,11799584
pilot_1790585831611,mint_N500_c3_r1,1,2026-09-28T09:22:01.629Z,ethereumSepolia,11155111,sepolia.era.zksync.dev,mint,500,3,471,0x3aa2f7269a97d14435d148d8662accc260bc4ef4fcba72246737dbab725660d2,1478161.042541,1490870.6615,12709.618958999868,205926,1482490554,,success,1,0,,,11799584
pilot_1790585831611,mint_N500_c3_r1,1,2026-09-28T09:22:01.738Z,ethereumSepolia,11155111,sepolia.era.zksync.dev,mint,500,3,472,0x0b3a8bfa628ea96e55e0e2b1899a22f2ecc09ffb38609ee030bc67d73bf183a2,1478278.988041,1490979.615708,12700.627667000052,205938,1482490554,,success,1,0,,,11799584
pilot_1790585831611,mint_N500_c3_r1,1,2026-09-28T09:22:13.682Z,ethereumSepolia,11155111,sepolia.era.zksync.dev,mint,500,3,473,0x20756b0956071525ca38228464570f2ea3469a7c66b7d98a9573d9fe768f6843,1490751.764875,1502923.60275,12171.837874999968,205938,1672396116,,success,1,0,,,11799585
pilot_1790585831611,mint_N500_c3_r1,1,2026-09-28T09:22:13.889Z,ethereumSepolia,11155111,sepolia.era.zksync.dev,mint,500,3,474,0x842be54ad5823f2af9bfa6babbaeaf752c9d6363e7d008aa4c60fb06d05c4d5f,1490870.711208,1503130.101791,12259.390582999913,205938,1672396116,,success,1,0,,,11799585
pilot_1790585831611,mint_N500_c3_r1,1,2026-09-28T09:22:13.990Z,ethereumSepolia,11155111,sepolia.era.zksync.dev,mint,500,3,475,0xed203b338b18563f3a99673c042bdc6d7309b83fa1d7546ba9fd61e82c1492d6,1490979.668583,1503231.342333,12251.673749999842,205938,1672396116,,success,1,0,,,11799585
pilot_1790585831611,mint_N500_c3_r1,1,2026-09-28T09:22:25.208Z,ethereumSepolia,11155111,sepolia.era.zksync.dev,mint,500,3,476,0xc1dc1c2665958d9e343e3cbb50b72ea2a80b09161a1dabe37ab6935b3e70e446,1502923.698416,1514448.878625,11525.180208999896,205938,1534427776,,success,1,0,,,11799586
pilot_1790585831611,mint_N500_c3_r1,1,2026-09-28T09:22:25.504Z,ethereumSepolia,11155111,sepolia.era.zksync.dev,mint,500,3,477,0xb3316958832ecc4e7583e2c0cdb035a82a268cd571e0f2886f4ba7a10e255c3a,1503130.160708,1514745.259791,11615.099083000096,205938,1534427776,,success,1,0,,,11799586
pilot_1790585831611,mint_N500_c3_r1,1,2026-09-28T09:22:25.540Z,ethereumSepolia,11155111,sepolia.era.zksync.dev,mint,500,3,478,0xe4ec5d21be3cc1c4884f166dd37380bc8624e24014cbe949ab3914166526e800,1503231.412208,1514781.521333,11550.109124999959,205938,1534427776,,success,1,0,,,11799586
pilot_1790585831611,mint_N500_c3_r1,1,2026-09-28T09:22:36.806Z,ethereumSepolia,11155111,sepolia.era.zksync.dev,mint,500,3,479,0x6dbe5ff9dd7bd96b4c748a65d288b158e7cac5823377eaf6facc5ba59fb89170,1514448.934375,1526046.841125,11597.906750000082,205938,1409229004,,success,1,0,,,11799587
pilot_1790585831611,mint_N500_c3_r1,1,2026-09-28T09:22:37.094Z,ethereumSepolia,11155111,sepolia.era.zksync.dev,mint,500,3,480,0xc5c5c4dbbd7cb50d7bb012b4da9ee7484ce5499fa8a2bb49ffde29e9928d1dc7,1514745.315,1526335.083666,11589.768666000105,205938,1409229004,,success,1,0,,,11799587
pilot_1790585831611,mint_N500_c3_r1,1,2026-09-28T09:22:37.134Z,ethereumSepolia,11155111,sepolia.era.zksync.dev,mint,500,3,481,0xb9e772bb27244b288439a48c083dbe192eec86715e09e43715c6f4fcbfd24145,1514781.663291,1526375.191166,11593.527874999912,205938,1409229004,,success,1,0,,,11799587
pilot_1790585831611,mint_N500_c3_r1,1,2026-09-28T09:22:48.771Z,ethereumSepolia,11155111,sepolia.era.zksync.dev,mint,500,3,482,0xe0d5426a8d4eb1173afc4ba7227c02d0a85183d13766c6d42c3973b8225edc36,1526046.937208,1538012.045208,11965.108000000007,205938,1513478434,,success,1,0,,,11799588
pilot_1790585831611,mint_N500_c3_r1,1,2026-09-28T09:22:49.063Z,ethereumSepolia,11155111,sepolia.era.zksync.dev,mint,500,3,484,0x0da72413f85bebb30f0558abba0b113c5b2d766e27ba3fcb973ab259df7a4ff2,1526375.282166,1538303.732166,11928.449999999953,205938,1513478434,,success,1,0,,,11799588
pilot_1790585831611,mint_N500_c3_r1,1,2026-09-28T09:22:49.261Z,ethereumSepolia,11155111,sepolia.era.zksync.dev,mint,500,3,483,0xa9e05c5c7c80574bcc6289ce94aadba508c38d32f584121503bb9e7ff021e295,1526335.141625,1538501.755375,12166.613750000019,205938,1513478434,,success,1,0,,,11799588
pilot_1790585831611,mint_N500_c3_r1,1,2026-09-28T09:23:01.709Z,ethereumSepolia,11155111,sepolia.era.zksync.dev,mint,500,3,485,0x5e7c28b865d5f9cbc33d06761d5da749380526646560cf3659a65b8fbbdd5848,1538012.101375,1550949.9605,12937.859124999959,205938,1415739479,,success,1,0,,,11799589
pilot_1790585831611,mint_N500_c3_r1,1,2026-09-28T09:23:01.840Z,ethereumSepolia,11155111,sepolia.era.zksync.dev,mint,500,3,486,0x293d3f738e2455919377314189f864394b31a24d1f47e2143b8d769d7782873d,1538303.780083,1551081.414333,12777.63425000012,205938,1415739479,,success,1,0,,,11799589
pilot_1790585831611,mint_N500_c3_r1,1,2026-09-28T09:23:01.969Z,ethereumSepolia,11155111,sepolia.era.zksync.dev,mint,500,3,487,0x0640c5763dfd6be9cb00253983275e0973800f92d81a8c4b90e28821d423e573,1538501.808583,1551209.578625,12707.770042000106,205938,1415739479,,success,1,0,,,11799589
pilot_1790585831611,mint_N500_c3_r1,1,2026-09-28T09:23:13.220Z,ethereumSepolia,11155111,sepolia.era.zksync.dev,mint,500,3,488,0x54d84253bc201dc9fc82aa042426bf9282d4098752120f3484b68242b3fd974d,1550950.060083,1562460.731666,11510.671583000105,205938,1497161946,,success,1,0,,,11799590
pilot_1790585831611,mint_N500_c3_r1,1,2026-09-28T09:23:13.347Z,ethereumSepolia,11155111,sepolia.era.zksync.dev,mint,500,3,489,0x4da3caf858fb4a173fd0f054d7c5d510232207fbeeb6a37c8f63fb33d7e1a1be,1551081.4615,1562587.853,11506.39149999991,205938,1497161946,,success,1,0,,,11799590
pilot_1790585831611,mint_N500_c3_r1,1,2026-09-28T09:23:13.462Z,ethereumSepolia,11155111,sepolia.era.zksync.dev,mint,500,3,490,0x20d636a357bccb6fde791041dae2d2ac8ad3b3c0dc9662c9a9694fbdd5491348,1551209.627875,1562703.259541,11493.631666000001,205938,1497161946,,success,1,0,,,11799590
pilot_1790585831611,mint_N500_c3_r1,1,2026-09-28T09:23:24.793Z,ethereumSepolia,11155111,sepolia.era.zksync.dev,mint,500,3,492,0xf81bcadf699f332ba347a231ca7d9d85602dbaacf32de4f5502d02bc7d8a5997,1562587.900958,1574034.348416,11446.447457999922,205938,1402398172,,success,1,0,,,11799591
pilot_1790585831611,mint_N500_c3_r1,1,2026-09-28T09:23:24.915Z,ethereumSepolia,11155111,sepolia.era.zksync.dev,mint,500,3,493,0x779b68b38f2c1a91a38dbcdde2b16849820464f179eda39ba470b3a1b9e1498e,1562703.2945,1574155.544541,11452.250040999847,205914,1402398172,,success,1,0,,,11799591
pilot_1790585831611,mint_N500_c3_r1,1,2026-09-28T09:23:25.115Z,ethereumSepolia,11155111,sepolia.era.zksync.dev,mint,500,3,491,0xc7faeb89efa1ccff03f5852ce687ecc8b639b5ad331bc96b487cf320c0df64ba,1562460.775875,1574356.151708,11895.375833000056,205938,1402398172,,success,1,0,,,11799591
pilot_1790585831611,mint_N500_c3_r1,1,2026-09-28T09:23:36.425Z,ethereumSepolia,11155111,sepolia.era.zksync.dev,mint,500,3,494,0x43b75accb77911b6a15a1a6a9efaf7512c2c63e243d5434d344cb133ab84c681,1574034.40925,1585665.988666,11631.579416000051,205938,1489593243,,success,1,0,,,11799592
pilot_1790585831611,mint_N500_c3_r1,1,2026-09-28T09:23:36.556Z,ethereumSepolia,11155111,sepolia.era.zksync.dev,mint,500,3,495,0x9208aac93660d9a7dab927e0aee9c158a4d32317ba7a767f5029b7e853ff94d0,1574155.584791,1585797.291916,11641.707124999957,205938,1489593243,,success,1,0,,,11799592
pilot_1790585831611,mint_N500_c3_r1,1,2026-09-28T09:23:36.745Z,ethereumSepolia,11155111,sepolia.era.zksync.dev,mint,500,3,496,0x08c26d8c4b673dcd25d30006764c058e4f2e91dea8703287b3d01f25dc814bcd,1574356.288791,1585986.070583,11629.781792000169,205938,1489593243,,success,1,0,,,11799592
pilot_1790585831611,mint_N500_c3_r1,1,2026-09-28T09:23:48.639Z,ethereumSepolia,11155111,sepolia.era.zksync.dev,mint,500,3,497,0xde5a01f2f2995d17e64005d47845995fb9bed59143a232babdbcf6a9624d8dbc,1585666.047291,1597879.548666,12213.501374999993,205938,1382246818,,success,1,0,,,11799593
pilot_1790585831611,mint_N500_c3_r1,1,2026-09-28T09:23:48.935Z,ethereumSepolia,11155111,sepolia.era.zksync.dev,mint,500,3,498,0xd5ea0a9e0e16a1687c1fd6fb436f9ee551e18868af97b2e38e67f96734f33ab5,1585797.444791,1598175.374666,12377.929874999914,205938,1382246818,,success,1,0,,,11799593
pilot_1790585831611,mint_N500_c3_r1,1,2026-09-28T09:23:49.055Z,ethereumSepolia,11155111,sepolia.era.zksync.dev,mint,500,3,499,0x6fb5a2c8249ffaa567d9d406859728296e6017fd1561f9be76322277622c95a4,1585986.116041,1598295.655291,12309.539249999914,205938,1382246818,,success,1,0,,,11799593
pilot_1790585831611,mint_N500_c3_r1,1,2026-09-28T09:24:00.912Z,ethereumSepolia,11155111,sepolia.era.zksync.dev,mint,500,3,500,0x926275af4eb01d92619a0a738c366dfe8ee945d54a3c69191514fd510d09e263,1597879.605291,1610152.760666,12273.155374999857,205938,1516451190,,success,1,0,,,11799594
pilot_1790585831611,mint_N500_c3_r1,1,2026-09-28T09:24:01.026Z,ethereumSepolia,11155111,sepolia.era.zksync.dev,mint,500,3,501,0x3e170947427028e05d5962ec7b2ae79ae6d5b3a822d66688548fcd79a38de8c6,1598175.4495,1610267.115583,12091.666082999902,205938,1516451190,,success,1,0,,,11799594
pilot_1790585831611,mint_N500_c3_r1,1,2026-09-28T09:24:01.149Z,ethereumSepolia,11155111,sepolia.era.zksync.dev,mint,500,3,502,0x044122e72d4a718b6b63e0b4e5aa9763003f379b6914984eb88b37b3ddd3c741,1598295.70775,1610389.988791,12094.281041000038,205938,1516451190,,success,1,0,,,11799594
pilot_1790585831611,mint_N500_c3_r1,1,2026-09-28T09:24:12.477Z,ethereumSepolia,11155111,sepolia.era.zksync.dev,mint,500,3,503,0x91998859aec10edf8a6b61d2ea197bcf4bd36c1f3ece726ccc198fb08459f558,1610152.872458,1621717.868375,11564.99591700011,205938,1474084572,,success,1,0,,,11799595
pilot_1790585831611,mint_N500_c3_r1,1,2026-09-28T09:24:12.613Z,ethereumSepolia,11155111,sepolia.era.zksync.dev,mint,500,3,504,0x6c1e4604be71f3ad76b0a0be3956bccdaac48b09a910cb3af9ac7e779cfbf6a5,1610267.203583,1621853.377208,11586.173625000054,205938,1474084572,,success,1,0,,,11799595
pilot_1790585831611,mint_N500_c3_r1,1,2026-09-28T09:24:12.733Z,ethereumSepolia,11155111,sepolia.era.zksync.dev,mint,500,3,505,0x119fe13c351ad5ca9d34aefef084d62c22a728a90879b8e75e88331a4762dcd2,1610390.055833,1621973.571708,11583.515875000041,205938,1474084572,,success,1,0,,,11799595
pilot_1790585831611,mint_N500_c3_r1,1,2026-09-28T09:24:25.358Z,ethereumSepolia,11155111,sepolia.era.zksync.dev,mint,500,3,506,0x8540ade95f7975a0944fcad51617c6114a96c619337ea9893411b0a78cfe26a6,1621717.992333,1634599.115041,12881.12270800001,205938,1375799886,,success,1,0,,,11799596
pilot_1790585831611,mint_N500_c3_r1,1,2026-09-28T09:24:25.548Z,ethereumSepolia,11155111,sepolia.era.zksync.dev,mint,500,3,507,0x9405392aeb37ebc71638ebec6d9b3127deb1b7c91c8619198de62c86bf140479,1621853.512625,1634788.392208,12934.879582999973,205938,1375799886,,success,1,0,,,11799596
pilot_1790585831611,mint_N500_c3_r1,1,2026-09-28T09:24:25.670Z,ethereumSepolia,11155111,sepolia.era.zksync.dev,mint,500,3,508,0x6c6e3689247bd2dedabda764c78afe322b8e089bea0057bff259ef69e27bda2f,1621973.615541,1634910.600083,12936.984542000107,205938,1375799886,,success,1,0,,,11799596
pilot_1790585831611,mint_N500_c3_r1,1,2026-09-28T09:24:37.607Z,ethereumSepolia,11155111,sepolia.era.zksync.dev,mint,500,3,509,0xba1b9cb311f4f9d7f53366a3d62e7f66a9a89f2a2b74e0109ad0f316c8acf350,1634599.180666,1646847.913291,12248.732625000179,205938,1481449984,,success,1,0,,,11799597
pilot_1790585831611,mint_N500_c3_r1,1,2026-09-28T09:24:37.717Z,ethereumSepolia,11155111,sepolia.era.zksync.dev,mint,500,3,510,0x421f480f5c6807e8d3b9269d61b1a5d6befce7517474d4dee2b0b82d3d6f23a2,1634788.651291,1646957.366375,12168.715084000025,205938,1481449984,,success,1,0,,,11799597
pilot_1790585831611,mint_N500_c3_r1,1,2026-09-28T09:24:37.840Z,ethereumSepolia,11155111,sepolia.era.zksync.dev,mint,500,3,511,0x5a281130b0bd54cd206b3bb284c637ef8f67668098beedebe7f4746a25bebc46,1634910.657291,1647080.324916,12169.667625000002,205938,1481449984,,success,1,0,,,11799597
pilot_1790585831611,mint_N500_c3_r1,1,2026-09-28T09:24:48.994Z,ethereumSepolia,11155111,sepolia.era.zksync.dev,mint,500,3,512,0x8f828e5d05292224df9d827dabe961e8102126a2be4df859aeb6da597957f8ca,1646847.996083,1658240.020541,11392.02445799997,205938,1353318112,,success,1,0,,,11799598
pilot_1790585831611,mint_N500_c3_r1,1,2026-09-28T09:24:49.178Z,ethereumSepolia,11155111,sepolia.era.zksync.dev,mint,500,3,513,0x17fa4d7f1f2910e2b2f3fa8fcc9b157e12beccb4d5967732ac966377a880e2b7,1646957.39925,1658424.22425,11466.824999999953,205938,1353318112,,success,1,0,,,11799598
pilot_1790585831611,mint_N500_c3_r1,1,2026-09-28T09:24:49.313Z,ethereumSepolia,11155111,sepolia.era.zksync.dev,mint,500,3,514,0xcf7468da3d4990d9f6adc721e4145b33b5f6ebca69405ba672ee8a81b9274751,1647080.372583,1658558.812291,11478.439708000049,205938,1353318112,,success,1,0,,,11799598
pilot_1790585831611,mint_N500_c3_r1,1,2026-09-28T09:25:00.710Z,ethereumSepolia,11155111,sepolia.era.zksync.dev,mint,500,3,517,0x365dcd3403c391afd923ce9761f366e0de7df8e0e6040633c5af087338f79094,1658558.908333,1669960.416583,11401.508249999955,205938,1498769864,,success,1,0,,,11799599
pilot_1790585831611,mint_N500_c3_r1,1,2026-09-28T09:25:01.148Z,ethereumSepolia,11155111,sepolia.era.zksync.dev,mint,500,3,515,0x522fd3fb6689c94e47be3f662911989ba839a8ec055121a9744611981e360392,1658240.094,1670397.573875,12157.47987499996,205938,1498769864,,success,1,0,,,11799599
pilot_1790585831611,mint_N500_c3_r1,1,2026-09-28T09:25:01.241Z,ethereumSepolia,11155111,sepolia.era.zksync.dev,mint,500,3,516,0x3299cb693c966dcd7e3340aadb18915c71d111447591a9c4d705f47cc4b1df5b,1658424.278458,1670491.565166,12067.286708000116,205938,1498769864,,success,1,0,,,11799599
pilot_1790585831611,mint_N500_c3_r1,1,2026-09-28T09:25:12.487Z,ethereumSepolia,11155111,sepolia.era.zksync.dev,mint,500,3,520,0xa124f929d22559bc1f5b68d1d586484c3d4f9946d0d88bf6d2e024e12338cdfa,1670491.613541,1681739.240583,11247.62704199995,205938,1444890102,,success,1,0,,,11799600
pilot_1790585831611,mint_N500_c3_r1,1,2026-09-28T09:25:12.687Z,ethereumSepolia,11155111,sepolia.era.zksync.dev,mint,500,3,519,0xd3b21f866a794aa1242d71c4e76254378f8966e03c151f8749697fb5c4304119,1670397.617916,1681938.952833,11541.33491700003,205938,1444890102,,success,1,0,,,11799600
pilot_1790585831611,mint_N500_c3_r1,1,2026-09-28T09:25:12.889Z,ethereumSepolia,11155111,sepolia.era.zksync.dev,mint,500,3,518,0xebeae9c54dd879d164bfc329d62b60890792e78971a0f8b98705d23b023b6be8,1669960.506208,1682140.930208,12180.423999999883,205938,1444890102,,success,1,0,,,11799600
pilot_1790585831611,mint_N500_c3_r1,1,2026-09-28T09:25:24.816Z,ethereumSepolia,11155111,sepolia.era.zksync.dev,mint,500,3,521,0x71d5fab0ccb60f35d4b9d8dba6ff0368e372e8c76769629c2a86fb5b164c211b,1681739.310833,1694068.909833,12329.59899999993,205938,1361186360,,success,1,0,,,11799601
pilot_1790585831611,mint_N500_c3_r1,1,2026-09-28T09:25:24.938Z,ethereumSepolia,11155111,sepolia.era.zksync.dev,mint,500,3,522,0x3c42901fb481d70d1fc5f37430444c1d18c45376b60c611028d919f5ffb53b95,1681939.003375,1694191.263,12252.259624999948,205938,1361186360,,success,1,0,,,11799601
pilot_1790585831611,mint_N500_c3_r1,1,2026-09-28T09:25:25.080Z,ethereumSepolia,11155111,sepolia.era.zksync.dev,mint,500,3,523,0xe8cd70043e03dfdd2e2bfad2cd1db9dd65d2fcf26814276b8d242e0587a3c8f9,1682141.010083,1694332.615375,12191.60529200011,205938,1361186360,,success,1,0,,,11799601
pilot_1790585831611,mint_N500_c3_r1,1,2026-09-28T09:25:36.967Z,ethereumSepolia,11155111,sepolia.era.zksync.dev,mint,500,3,524,0xd671b7f98e7b26db2185dfd7e712847f3e1008ef9a4542fcc40f3968369b0e9b,1694069.1255,1706220.695375,12151.569874999812,205926,1510968077,,success,1,0,,,11799602
pilot_1790585831611,mint_N500_c3_r1,1,2026-09-28T09:25:37.100Z,ethereumSepolia,11155111,sepolia.era.zksync.dev,mint,500,3,525,0x74580a6500c52f272bc91e502f8084ea0b5030f912ffec79a255c4375718da78,1694191.308333,1706352.930666,12161.622332999948,205938,1510968077,,success,1,0,,,11799602
pilot_1790585831611,mint_N500_c3_r1,1,2026-09-28T09:25:37.231Z,ethereumSepolia,11155111,sepolia.era.zksync.dev,mint,500,3,526,0x3fca217f1cfe009a86fa278b5fd970a8d9f6a05384fe9957d1320ee2efddffb3,1694332.67225,1706484.285041,12151.612790999934,205938,1510968077,,success,1,0,,,11799602
pilot_1790585831611,mint_N500_c3_r1,1,2026-09-28T09:25:49.790Z,ethereumSepolia,11155111,sepolia.era.zksync.dev,mint,500,3,527,0xb558b94e75450209960dcd6c2ccede5509ca6cf9e3cf97f4a242b428f0a13bd6,1706220.748333,1719043.148791,12822.400457999902,205938,1502705280,,success,1,0,,,11799603
pilot_1790585831611,mint_N500_c3_r1,1,2026-09-28T09:25:49.937Z,ethereumSepolia,11155111,sepolia.era.zksync.dev,mint,500,3,528,0xba941289101046ae58d9087abc795d3af0c24004c028862f7cc8acd3854c9159,1706353.005,1719191.032166,12838.027166000102,205938,1502705280,,success,1,0,,,11799603
pilot_1790585831611,mint_N500_c3_r1,1,2026-09-28T09:25:50.054Z,ethereumSepolia,11155111,sepolia.era.zksync.dev,mint,500,3,529,0x659f6a874c2508970be6f76af406d5603bc7e561b57594e56f3a1e28bc74650f,1706484.367375,1719307.274916,12822.907541000051,205938,1502705280,,success,1,0,,,11799603
pilot_1790585831611,mint_N500_c3_r1,1,2026-09-28T09:26:00.620Z,ethereumSepolia,11155111,sepolia.era.zksync.dev,mint,500,3,531,0x062aa8169db173a2e1234c43ba70b01e3e080825cab4b2c8d8402ab3b89b6a47,1719191.0765,1729873.9275,10682.851000000024,205938,1490331184,,success,1,0,,,11799604
pilot_1790585831611,mint_N500_c3_r1,1,2026-09-28T09:26:00.743Z,ethereumSepolia,11155111,sepolia.era.zksync.dev,mint,500,3,530,0x529563df3eaa5e0bcff5883ace7f0850938faf90a7011123ebbd0e4b8b7c1edb,1719044.362333,1729996.740333,10952.378000000026,205938,1490331184,,success,1,0,,,11799604
pilot_1790585831611,mint_N500_c3_r1,1,2026-09-28T09:26:00.920Z,ethereumSepolia,11155111,sepolia.era.zksync.dev,mint,500,3,532,0x0548f3b0f89f871ebaf4a72154ca9689a5d4369ebbedb0f46b9d71c0b1a8dac3,1719307.326333,1730174.001625,10866.675291999942,205938,1490331184,,success,1,0,,,11799604
pilot_1790585831611,mint_N500_c3_r1,1,2026-09-28T09:26:12.790Z,ethereumSepolia,11155111,sepolia.era.zksync.dev,mint,500,3,533,0xe34a313cb2604b625fed21ad6d8ec92ffbae8783c64640fb477b9c7e172a3a5a,1729874.013416,1742044.195125,12170.181709000142,205938,1366140232,,success,1,0,,,11799605
pilot_1790585831611,mint_N500_c3_r1,1,2026-09-28T09:26:12.988Z,ethereumSepolia,11155111,sepolia.era.zksync.dev,mint,500,3,534,0xe6813fbc6beb97e3e754b4c40c821fa15420712d5a8c6151ce5e5f3a5a99fed0,1729996.777166,1742241.612666,12244.835499999812,205938,1366140232,,success,1,0,,,11799605
pilot_1790585831611,mint_N500_c3_r1,1,2026-09-28T09:26:13.122Z,ethereumSepolia,11155111,sepolia.era.zksync.dev,mint,500,3,535,0x2a6289c170d8c9762e8130fd8ef3199be7b5aa8d8bbcadf30aaedd081cf06f95,1730174.069833,1742375.395791,12201.32595800003,205938,1366140232,,success,1,0,,,11799605
pilot_1790585831611,mint_N500_c3_r1,1,2026-09-28T09:26:25.666Z,ethereumSepolia,11155111,sepolia.era.zksync.dev,mint,500,3,536,0x41c2582e451ec7b8c2880b0f69732176e592f785b1885dfd2d9442d23d6dfc26,1742044.456333,1754919.363625,12874.907292000018,205938,1489389517,,success,1,0,,,11799606
pilot_1790585831611,mint_N500_c3_r1,1,2026-09-28T09:26:25.863Z,ethereumSepolia,11155111,sepolia.era.zksync.dev,mint,500,3,537,0xe1fe78f069e78599ca2d67aaef6d2294a76847a84d55325971a271838e0269e6,1742241.67225,1755116.810625,12875.138374999864,205938,1489389517,,success,1,0,,,11799606
pilot_1790585831611,mint_N500_c3_r1,1,2026-09-28T09:26:25.910Z,ethereumSepolia,11155111,sepolia.era.zksync.dev,mint,500,3,538,0x4ff51bc351c9af34aab25a5c7f61829ad34d42383a120af7713180fe88ad5f7a,1742375.471958,1755164.202041,12788.730082999915,205938,1489389517,,success,1,0,,,11799606
pilot_1790585831611,mint_N500_c3_r1,1,2026-09-28T09:26:36.717Z,ethereumSepolia,11155111,sepolia.era.zksync.dev,mint,500,3,539,0x3cdc42eebaccf2f44c4cf4292dc4646da5742961ec5bb2b2cafe198f03e2f8f5,1754919.4235,1765970.389333,11050.965832999907,205938,1428305218,,success,1,0,,,11799607
pilot_1790585831611,mint_N500_c3_r1,1,2026-09-28T09:26:36.847Z,ethereumSepolia,11155111,sepolia.era.zksync.dev,mint,500,3,540,0x713d335651065862ed8cf4979e7aaae85ce38db107fe96d1cbe34841e052ede0,1755116.918291,1766100.949125,10984.030834000092,205938,1428305218,,success,1,0,,,11799607
pilot_1790585831611,mint_N500_c3_r1,1,2026-09-28T09:26:36.972Z,ethereumSepolia,11155111,sepolia.era.zksync.dev,mint,500,3,541,0x1e19cb4490b4b6111c202901010fb17801a30666d7acabb723f19887722872fe,1755164.290916,1766226.129083,11061.838166999863,205938,1428305218,,success,1,0,,,11799607
pilot_1790585831611,mint_N500_c3_r1,1,2026-09-28T09:26:49.548Z,ethereumSepolia,11155111,sepolia.era.zksync.dev,mint,500,3,542,0x114f98dfae1191d3df1a0a549c8cf47c1f7ef3692d47a66a754497ea7d401585,1765970.4825,1778801.728291,12831.245791000081,205938,1497730576,,success,1,0,,,11799608
pilot_1790585831611,mint_N500_c3_r1,1,2026-09-28T09:26:49.765Z,ethereumSepolia,11155111,sepolia.era.zksync.dev,mint,500,3,543,0x46786ba435fc5b45cb8c0a06a1fa6ec87c11b31eb84819751f45611edb44a0f1,1766101.005583,1779018.62975,12917.624167000176,205938,1497730576,,success,1,0,,,11799608
pilot_1790585831611,mint_N500_c3_r1,1,2026-09-28T09:26:49.894Z,ethereumSepolia,11155111,sepolia.era.zksync.dev,mint,500,3,544,0x690a16096414e9ef0e82d225ee32fdc5cfe775feaa79b68fb889aaec8840f8c0,1766226.224,1779147.898208,12921.67420800007,205926,1497730576,,success,1,0,,,11799608
pilot_1790585831611,mint_N500_c3_r1,1,2026-09-28T09:27:00.504Z,ethereumSepolia,11155111,sepolia.era.zksync.dev,mint,500,3,545,0x881f09af30af6b238996f48d403669138ffec82d23e442dcc6267cfbb3b23324,1778801.816875,1789757.72875,10955.91187499999,205938,1766483261,,success,1,0,,,11799609
pilot_1790585831611,mint_N500_c3_r1,1,2026-09-28T09:27:00.730Z,ethereumSepolia,11155111,sepolia.era.zksync.dev,mint,500,3,546,0x0f3dd9583c2e420dc77b2d61d9af4cbaa6e39be96b97d57dbd11630d260d728b,1779018.699208,1789983.820916,10965.121708000079,205938,1766483261,,success,1,0,,,11799609
pilot_1790585831611,mint_N500_c3_r1,1,2026-09-28T09:27:00.825Z,ethereumSepolia,11155111,sepolia.era.zksync.dev,mint,500,3,547,0x02fa4f5dab509fc5c277079511874bd2c5effcff8bda5b66791be5dc01f50529,1779147.953791,1790078.988708,10931.034916999983,205938,1766483261,,success,1,0,,,11799609
pilot_1790585831611,mint_N500_c3_r1,1,2026-09-28T09:27:12.653Z,ethereumSepolia,11155111,sepolia.era.zksync.dev,mint,500,3,548,0x183d426444f7f4c04881a2db6496940fc3b4e3c2474d47561e3c17617f7d06d9,1789757.792875,1801906.552875,12148.76000000001,205938,1495088516,,success,1,0,,,11799610
pilot_1790585831611,mint_N500_c3_r1,1,2026-09-28T09:27:12.879Z,ethereumSepolia,11155111,sepolia.era.zksync.dev,mint,500,3,549,0xfb49de2802fa32ec576924dd01c76e6b654c4f5c7cd780b3c83925fa43dbad3b,1789983.877041,1802132.890083,12149.013042000122,205938,1495088516,,success,1,0,,,11799610
pilot_1790585831611,mint_N500_c3_r1,1,2026-09-28T09:27:13.010Z,ethereumSepolia,11155111,sepolia.era.zksync.dev,mint,500,3,550,0x44ffe40212d96c1f9a25a87dcf60fecaad261f2251e79166a1e6e950c7855fa3,1790079.03125,1802264.269208,12185.237958000042,205938,1495088516,,success,1,0,,,11799610
pilot_1790585831611,mint_N500_c3_r1,1,2026-09-28T09:27:25.562Z,ethereumSepolia,11155111,sepolia.era.zksync.dev,mint,500,3,551,0x79d985c16569c4eb107f181d195fe0d9f00c87b6f47e77db377285caca8d14e8,1801906.613583,1814815.787208,12909.173625000054,205938,1408572794,,success,1,0,,,11799611
pilot_1790585831611,mint_N500_c3_r1,1,2026-09-28T09:27:25.686Z,ethereumSepolia,11155111,sepolia.era.zksync.dev,mint,500,3,552,0x65c680335c9bf63c1c3c62a6cabf0953e8e92cd3a78b29ccbe095ac6eb481f7d,1802133.071291,1814939.432958,12806.361667000223,205938,1408572794,,success,1,0,,,11799611
pilot_1790585831611,mint_N500_c3_r1,1,2026-09-28T09:27:25.901Z,ethereumSepolia,11155111,sepolia.era.zksync.dev,mint,500,3,553,0x98cff407a097004a53e7c918b2f0f82b56b2d8d54e30a24d067c69429b75ec9e,1802264.355166,1815155.387333,12891.032166999998,205938,1408572794,,success,1,0,,,11799611
pilot_1790585831611,mint_N500_c3_r1,1,2026-09-28T09:27:37.105Z,ethereumSepolia,11155111,sepolia.era.zksync.dev,mint,500,3,554,0xa2bfc11b96765d922067d44c516a2a5195a63c3ef234fd98488f70cc191ce4b8,1814815.869416,1826358.839625,11542.970208999934,205938,1494011906,,success,1,0,,,11799612
pilot_1790585831611,mint_N500_c3_r1,1,2026-09-28T09:27:37.223Z,ethereumSepolia,11155111,sepolia.era.zksync.dev,mint,500,3,555,0x92a5ac6949e36b432aadf8a8675a2987dba98a7a44724e682982346156e14fdd,1814939.497125,1826476.928291,11537.431165999966,205914,1494011906,,success,1,0,,,11799612
pilot_1790585831611,mint_N500_c3_r1,1,2026-09-28T09:27:37.430Z,ethereumSepolia,11155111,sepolia.era.zksync.dev,mint,500,3,556,0x94d56694f79d4ab3058b8235f6faf75bdf766b9bc0490a95787441c03d480616,1815155.435541,1826683.469625,11528.034083999926,205926,1494011906,,success,1,0,,,11799612
pilot_1790585831611,mint_N500_c3_r1,1,2026-09-28T09:27:48.635Z,ethereumSepolia,11155111,sepolia.era.zksync.dev,mint,500,3,557,0xb9d4eac49eb877ac5c11fe982509204535914430c03893a6f5d0ccf2feba7f60,1826358.974416,1837889.127083,11530.152666999958,205938,1372024233,,success,1,0,,,11799613
pilot_1790585831611,mint_N500_c3_r1,1,2026-09-28T09:27:48.753Z,ethereumSepolia,11155111,sepolia.era.zksync.dev,mint,500,3,558,0x79fd1f17696accba9758a25a0fb7edd190f6bb8b02cf0cb733e5255e931bdcdc,1826476.979416,1838006.670833,11529.691417000024,205926,1372024233,,success,1,0,,,11799613
pilot_1790585831611,mint_N500_c3_r1,1,2026-09-28T09:27:48.928Z,ethereumSepolia,11155111,sepolia.era.zksync.dev,mint,500,3,559,0xcdd35c03f22ae260b6e8c688efef574c6256a3b34079d1997b312d0934d3f223,1826683.531541,1838181.466875,11497.935334000038,205926,1372024233,,success,1,0,,,11799613
pilot_1790585831611,mint_N500_c3_r1,1,2026-09-28T09:28:00.895Z,ethereumSepolia,11155111,sepolia.era.zksync.dev,mint,500,3,560,0x4e9153bc8250c349f6016c18a1a1334a16d47b805bb980531d64f912cde75e44,1837889.18825,1850148.966708,12259.77845800016,205938,1497639839,,success,1,0,,,11799614
pilot_1790585831611,mint_N500_c3_r1,1,2026-09-28T09:28:01.112Z,ethereumSepolia,11155111,sepolia.era.zksync.dev,mint,500,3,561,0x2361b821c85cf6362bba535608f7923da572987c98eb616b7e2d81f099a71024,1838006.703958,1850366.18175,12359.477791999932,205938,1497639839,,success,1,0,,,11799614
pilot_1790585831611,mint_N500_c3_r1,1,2026-09-28T09:28:01.243Z,ethereumSepolia,11155111,sepolia.era.zksync.dev,mint,500,3,562,0x4fc29aa9c5bdbf6bd6ba38983b02cb37a1f763839d815f0c70b052f7cee2dbc8,1838181.5225,1850496.757958,12315.235458000097,205938,1497639839,,success,1,0,,,11799614
pilot_1790585831611,mint_N500_c3_r1,1,2026-09-28T09:28:13.903Z,ethereumSepolia,11155111,sepolia.era.zksync.dev,mint,500,3,563,0xc2ae1309260d681455a653cbfa008e1b8570ba72c94a01a24d3e8e195693a171,1850149.037041,1863156.976458,13007.939416999929,205938,1394198851,,success,1,0,,,11799615
pilot_1790585831611,mint_N500_c3_r1,1,2026-09-28T09:28:14.098Z,ethereumSepolia,11155111,sepolia.era.zksync.dev,mint,500,3,564,0x7ef4a23fe93ed4ad8566758ad124ade1b6c369bbef90e88a3c0605c98dbdc4b7,1850366.229416,1863351.847708,12985.618292000145,205938,1394198851,,success,1,0,,,11799615
pilot_1790585831611,mint_N500_c3_r1,1,2026-09-28T09:28:14.247Z,ethereumSepolia,11155111,sepolia.era.zksync.dev,mint,500,3,565,0x8f652ad8d6b0892f7bbbf1d4f9c1b4bd9e099742f631d8d79a3f146300b44aa1,1850496.802291,1863501.148375,13004.346084000077,205938,1394198851,,success,1,0,,,11799615
pilot_1790585831611,mint_N500_c3_r1,1,2026-09-28T09:28:24.851Z,ethereumSepolia,11155111,sepolia.era.zksync.dev,mint,500,3,566,0xec05bdec493fac0e911ade93b87ea5f838d9590e3bcbd7b8c2c22428c33cc29e,1863157.142708,1874105.454208,10948.311500000069,205938,1482168767,,success,1,0,,,11799616
pilot_1790585831611,mint_N500_c3_r1,1,2026-09-28T09:28:24.986Z,ethereumSepolia,11155111,sepolia.era.zksync.dev,mint,500,3,567,0x7dab3fc8d5989ec4dc26a661094f7b0df96285167e75e2f4c1263abae2e92985,1863351.92575,1874240.189166,10888.263416000176,205926,1482168767,,success,1,0,,,11799616
pilot_1790585831611,mint_N500_c3_r1,1,2026-09-28T09:28:25.191Z,ethereumSepolia,11155111,sepolia.era.zksync.dev,mint,500,3,568,0xb7f3e0f6c2d3e981b91d395de23964b04fca49d1bdfc5538b7dcf6842e5a7b2b,1863501.210833,1874445.342583,10944.131749999942,205938,1482168767,,success,1,0,,,11799616
pilot_1790585831611,mint_N500_c3_r1,1,2026-09-28T09:28:37.737Z,ethereumSepolia,11155111,sepolia.era.zksync.dev,mint,500,3,569,0x1e784cffed1861d59bc28b7a224436708bd747ca8545e106a3aa0871e7300213,1874105.608583,1886990.949291,12885.340707999887,205938,1411748068,,success,1,0,,,11799617
pilot_1790585831611,mint_N500_c3_r1,1,2026-09-28T09:28:37.854Z,ethereumSepolia,11155111,sepolia.era.zksync.dev,mint,500,3,570,0x31225454d6b7a827cf5dbc649ca1ee2242c67ddedd0d1e1b12600dbdcfa31c9d,1874240.25725,1887107.541375,12867.284125000006,205938,1411748068,,success,1,0,,,11799617
pilot_1790585831611,mint_N500_c3_r1,1,2026-09-28T09:28:37.988Z,ethereumSepolia,11155111,sepolia.era.zksync.dev,mint,500,3,571,0xc58e920c04706cfe368c8004aea51b393ea55235cf4f25fe271ce7dfb9ae8357,1874445.398166,1887242.295291,12796.897125000134,205926,1411748068,,success,1,0,,,11799617
pilot_1790585831611,mint_N500_c3_r1,1,2026-09-28T09:28:48.569Z,ethereumSepolia,11155111,sepolia.era.zksync.dev,mint,500,3,572,0xec3a5e3b5f1488609c6154802150f83cd497d6b432a77126443ae7bfa276cce6,1886991.0235,1897822.710875,10831.687375000212,205938,1522485337,,success,1,0,,,11799618
pilot_1790585831611,mint_N500_c3_r1,1,2026-09-28T09:28:48.747Z,ethereumSepolia,11155111,sepolia.era.zksync.dev,mint,500,3,573,0x88c351cad9f66abeed2a2f7d74745a2a9c1a30fc776cabaa7153c10c45686da1,1887107.606166,1898000.645458,10893.039292000001,205938,1522485337,,success,1,0,,,11799618
pilot_1790585831611,mint_N500_c3_r1,1,2026-09-28T09:28:48.871Z,ethereumSepolia,11155111,sepolia.era.zksync.dev,mint,500,3,574,0x3527417c53297e39c6a7854aa5897fe04cc99c790463b89014d56cf05ce359ff,1887242.450208,1898125.011791,10882.561583000002,205938,1522485337,,success,1,0,,,11799618
pilot_1790585831611,mint_N500_c3_r1,1,2026-09-28T09:29:01.444Z,ethereumSepolia,11155111,sepolia.era.zksync.dev,mint,500,3,575,0x93ef984b367515b5ac49dbf6b7fa701f400c9ccc6cae4815a316bae8c29c2c02,1897822.757791,1910698.282041,12875.524250000017,205938,1397373715,,success,1,0,,,11799619
pilot_1790585831611,mint_N500_c3_r1,1,2026-09-28T09:29:01.568Z,ethereumSepolia,11155111,sepolia.era.zksync.dev,mint,500,3,576,0x30ec94de344ee33a242704aad5188d97767221315cc549d0449366d2947111df,1898000.904583,1910822.229083,12821.324499999871,205938,1397373715,,success,1,0,,,11799619
pilot_1790585831611,mint_N500_c3_r1,1,2026-09-28T09:29:01.695Z,ethereumSepolia,11155111,sepolia.era.zksync.dev,mint,500,3,577,0xf77d988a4958977605717873c95c24967721fbd0018bf3739e89163d79f1e73b,1898125.071541,1910948.778833,12823.707292000065,205926,1397373715,,success,1,0,,,11799619
pilot_1790585831611,mint_N500_c3_r1,1,2026-09-28T09:29:13.606Z,ethereumSepolia,11155111,sepolia.era.zksync.dev,mint,500,3,578,0x72f3101cb9d2f822d1f5a0d7e926d00ee6b9e6e10734c222d76d0db895fd3636,1910698.975125,1922860.345291,12161.370165999979,205938,1520185738,,success,1,0,,,11799620
pilot_1790585831611,mint_N500_c3_r1,1,2026-09-28T09:29:13.743Z,ethereumSepolia,11155111,sepolia.era.zksync.dev,mint,500,3,579,0x8926a8946be0cfb64a7c19b469dad24c6c696c3e1722c0661fc506d33d974683,1910822.262333,1922997.124041,12174.861707999837,205938,1520185738,,success,1,0,,,11799620
pilot_1790585831611,mint_N500_c3_r1,1,2026-09-28T09:29:13.948Z,ethereumSepolia,11155111,sepolia.era.zksync.dev,mint,500,3,580,0x561b679464c0b7f03568d39e3cab0d686e2ca0a0926fefb6c94dd63e5e4a77c5,1910948.821791,1923202.138541,12253.316749999998,205938,1520185738,,success,1,0,,,11799620
pilot_1790585831611,mint_N500_c3_r1,1,2026-09-28T09:29:24.486Z,ethereumSepolia,11155111,sepolia.era.zksync.dev,mint,500,3,581,0x0c33d2bf76a531e2c334214c70ccc2984bb96d83e12ecc62eb6c2ce0166e770a,1922860.436208,1933739.736625,10879.300416999962,205938,1427872135,,success,1,0,,,11799621
pilot_1790585831611,mint_N500_c3_r1,1,2026-09-28T09:29:24.686Z,ethereumSepolia,11155111,sepolia.era.zksync.dev,mint,500,3,582,0x0c3fd53316835f802971f96e47ca1edd57844cfef1c6bdf0b1de9455efa5d278,1922997.167541,1933940.100875,10942.933333999943,205938,1427872135,,success,1,0,,,11799621
pilot_1790585831611,mint_N500_c3_r1,1,2026-09-28T09:29:24.728Z,ethereumSepolia,11155111,sepolia.era.zksync.dev,mint,500,3,583,0x5aa0ac5a25138027e48146122c325849b92267367d5e3ab668b9a01990b95b02,1923202.168541,1933982.354416,10780.185874999966,205938,1427872135,,success,1,0,,,11799621
pilot_1790585831611,mint_N500_c3_r1,1,2026-09-28T09:29:37.278Z,ethereumSepolia,11155111,sepolia.era.zksync.dev,mint,500,3,584,0xa563c81f1cff2f9d4e576456d16be21e960f878819f2fcc557f9fa63b6f5740d,1933739.985875,1946532.273375,12792.287500000093,205938,1502757410,,success,1,0,,,11799622
pilot_1790585831611,mint_N500_c3_r1,1,2026-09-28T09:29:37.576Z,ethereumSepolia,11155111,sepolia.era.zksync.dev,mint,500,3,585,0x1f859b314e1ebf8cf757241167d255cf4033ae9422241a6c223c49692fc42415,1933940.157166,1946830.144625,12889.987458999967,205938,1502757410,,success,1,0,,,11799622
pilot_1790585831611,mint_N500_c3_r1,1,2026-09-28T09:29:37.613Z,ethereumSepolia,11155111,sepolia.era.zksync.dev,mint,500,3,586,0xfae843bcd4d7814ff589d42fb71dfbd5eddc3039a509b8fc5191c320281dd89f,1933982.415958,1946866.705166,12884.289207999827,205938,1502757410,,success,1,0,,,11799622
pilot_1790585831611,mint_N500_c3_r1,1,2026-09-28T09:29:49.414Z,ethereumSepolia,11155111,sepolia.era.zksync.dev,mint,500,3,587,0xe28829ab198dadde449df553f077e947d17a2ab86250453023ec1b2877114ad2,1946532.342708,1958667.798875,12135.456167000113,205938,1393882561,,success,1,0,,,11799623
pilot_1790585831611,mint_N500_c3_r1,1,2026-09-28T09:29:49.608Z,ethereumSepolia,11155111,sepolia.era.zksync.dev,mint,500,3,588,0x8f7da6e5226324f3540b00a5b0a19692843a2659ef9a980e7e11e22c137c99cd,1946830.211708,1958862.052958,12031.841250000056,205938,1393882561,,success,1,0,,,11799623
pilot_1790585831611,mint_N500_c3_r1,1,2026-09-28T09:29:49.733Z,ethereumSepolia,11155111,sepolia.era.zksync.dev,mint,500,3,589,0x8a26adea696e742ce80e65267e570c630ec23223231295316139ecae008dfb17,1946866.777583,1958986.967833,12120.190249999985,205938,1393882561,,success,1,0,,,11799623
pilot_1790585831611,mint_N500_c3_r1,1,2026-09-28T09:30:01.125Z,ethereumSepolia,11155111,sepolia.era.zksync.dev,mint,500,3,590,0x27e1c8d94fee3d95bcd4a3957e09fdd330a3f91ef6857d9c0014f20132ecc51e,1958667.947375,1970379.06975,11711.122375000035,205938,1510505224,,success,1,0,,,11799624
pilot_1790585831611,mint_N500_c3_r1,1,2026-09-28T09:30:01.244Z,ethereumSepolia,11155111,sepolia.era.zksync.dev,mint,500,3,591,0x609259584954cf48eceb748ba4bc1229fda1c29a416b06aebeaba06dbd540e77,1958862.106375,1970498.590666,11636.484291000059,205938,1510505224,,success,1,0,,,11799624
pilot_1790585831611,mint_N500_c3_r1,1,2026-09-28T09:30:01.366Z,ethereumSepolia,11155111,sepolia.era.zksync.dev,mint,500,3,592,0x116ff53dcbc79b25923edc917b8bcf5c759174ea1d5296d42e0938236a68905e,1958987.007041,1970620.53725,11633.53020899999,205938,1510505224,,success,1,0,,,11799624
pilot_1790585831611,mint_N500_c3_r1,1,2026-09-28T09:30:13.332Z,ethereumSepolia,11155111,sepolia.era.zksync.dev,mint,500,3,593,0xfa662314a2ecda668226477e2a88065c3d02119d47a6cab249186d5178f02a20,1970379.143958,1982586.248791,12207.104833000107,205926,1360650820,,success,1,0,,,11799625
pilot_1790585831611,mint_N500_c3_r1,1,2026-09-28T09:30:13.454Z,ethereumSepolia,11155111,sepolia.era.zksync.dev,mint,500,3,594,0xb034cd916052db1451e593e4a77721410219dad914e059a190205c16a547aa00,1970498.634333,1982708.367625,12209.733291999903,205938,1360650820,,success,1,0,,,11799625
pilot_1790585831611,mint_N500_c3_r1,1,2026-09-28T09:30:13.733Z,ethereumSepolia,11155111,sepolia.era.zksync.dev,mint,500,3,595,0x56d4f60d17b425ad1fffac7d49fc0c660bdeb34965752d735ab92457030fc9ee,1970620.585458,1982987.092333,12366.506874999963,205938,1360650820,,success,1,0,,,11799625
pilot_1790585831611,mint_N500_c3_r1,1,2026-09-28T09:30:28.724Z,ethereumSepolia,11155111,sepolia.era.zksync.dev,mint,500,3,596,0xcf4194bb4c654cfb5f7f381dce807e4bed85bfcad39103e382a962ac4670dd80,1982586.317208,1997978.349583,15392.032374999952,205938,1547398636,,success,1,0,,,11799626
pilot_1790585831611,mint_N500_c3_r1,1,2026-09-28T09:30:36.807Z,ethereumSepolia,11155111,sepolia.era.zksync.dev,mint,500,3,597,0x0596fd5495f72cca29104f4d0f7beaaac546276d411e2604d7f22e61d644e643,1982708.421208,2006061.068666,23352.647457999876,205938,1547398636,,success,1,0,,,11799626
pilot_1790585831611,mint_N500_c3_r1,1,2026-09-28T09:30:36.938Z,ethereumSepolia,11155111,sepolia.era.zksync.dev,mint,500,3,598,0x424c322b4f8476392f04d060e7e612f1c8616bc763302fbbc185fff260802309,1982987.169791,2006192.652583,23205.482792000053,205938,1547398636,,success,1,0,,,11799626
pilot_1790585831611,mint_N500_c3_r1,1,2026-09-28T09:30:37.071Z,ethereumSepolia,11155111,sepolia.era.zksync.dev,mint,500,3,599,0x47703428c574136715c4ed310291a388ea4baf9575b56fa1f8ceafc9fb6b64e9,1997978.543416,2006324.846541,8346.303125000093,205938,1484987890,,success,1,0,,,11799626
pilot_1790585831611,mint_N500_c3_r1,1,2026-09-28T09:30:49.289Z,ethereumSepolia,11155111,sepolia.era.zksync.dev,mint,500,3,600,0x4b539ad68a9a7e842734f3d4361498d5ffa1c78cd35610f12e53559ddd41fa36,2006061.160416,2018543.085916,12481.925499999896,205938,1516996791,,success,1,0,,,11799627
