experiment_id,run_id,repeat_index,timestamp_utc,network,chain_id,rpc_provider,operation,N,concurrency,token_id,tx_hash,submit_time_ms,receipt_time_ms,latency_ms,gas_used,effective_gas_price,transaction_cost_native,status,attempt_number,retry_count,error_type,error_message,block_number
pilot_1790562436815,unblock_N100_c3,0,2026-09-28T02:37:21.649Z,zkSyncTestnet,300,sepolia.era.zksync.dev,unblock,100,3,6909,0xc5722eb7f7de20f0c3babaf5f002515fd08a05b706e03532ebce8a01fb52307e,599981.612791,605738.263291,5756.650499999989,86513,25000000,,success,1,0,,,8588783
pilot_1790562436815,unblock_N100_c3,0,2026-09-28T02:37:21.894Z,zkSyncTestnet,300,sepolia.era.zksync.dev,unblock,100,3,6911,0x82d5c693ce38c2ab7e0ddad1ee760dfdbf04e92206e8887ab74ea704864915f5,599982.562083,605983.187833,6000.6257500000065,86513,25000000,,success,1,0,,,8588783
pilot_1790562436815,unblock_N100_c3,0,2026-09-28T02:37:22.169Z,zkSyncTestnet,300,sepolia.era.zksync.dev,unblock,100,3,6910,0x1f373ed2b72e282639f0c2587bf89c363a514d9ff16193863d4612e6fbd27d20,599982.433625,606259.014458,6276.5808330000145,86519,25000000,,success,1,0,,,8588783
pilot_1790562436815,unblock_N100_c3,0,2026-09-28T02:37:23.490Z,zkSyncTestnet,300,sepolia.era.zksync.dev,unblock,100,3,6912,0xa0747f653632a481ea183a53725aea2275c7e50cd692ad86653934fc1b3875eb,605744.480333,607579.545916,1835.065583000076,86519,25000000,,success,1,0,,,8588785
pilot_1790562436815,unblock_N100_c3,0,2026-09-28T02:37:23.761Z,zkSyncTestnet,300,sepolia.era.zksync.dev,unblock,100,3,6913,0x05a79005e12a586788fb192f7b0608ee5b70c570f26743d6a2ea983c3d2aadba,605983.303666,607851.035041,1867.731374999974,86519,25000000,,success,1,0,,,8588786
pilot_1790562436815,unblock_N100_c3,0,2026-09-28T02:37:23.968Z,zkSyncTestnet,300,sepolia.era.zksync.dev,unblock,100,3,6914,0xe4e786d162bf6f5b138b1e617f8369cbb986ab92143e2a573dfe3533a4e5afb3,606259.195041,608058.014083,1798.8190419999883,86519,25000000,,success,1,0,,,8588787
pilot_1790562436815,unblock_N100_c3,0,2026-09-28T02:37:26.272Z,zkSyncTestnet,300,sepolia.era.zksync.dev,unblock,100,3,6915,0xb328d49a08b02c028064c67974932905ce327eb1f95a419f7bc8ec1018f154fa,607579.65125,610361.81525,2782.1639999999898,86513,25000000,,success,1,0,,,8588788
pilot_1790562436815,unblock_N100_c3,0,2026-09-28T02:37:26.597Z,zkSyncTestnet,300,sepolia.era.zksync.dev,unblock,100,3,6916,0xa18946edbdc870cf9028235fd9796765313ff45180a4e239c2f3a92cc787bee7,607851.296541,610686.785916,2835.4893750000047,86519,25000000,,success,1,0,,,8588789
pilot_1790562436815,unblock_N100_c3,0,2026-09-28T02:37:27.644Z,zkSyncTestnet,300,sepolia.era.zksync.dev,unblock,100,3,6917,0x15653b6ef9b3c5827cdcc91177e6924b057d7c76e3413eaf4761b9d889a51c91,608058.10675,611733.69175,3675.5849999999627,86519,25000000,,success,1,0,,,8588790
pilot_1790562436815,unblock_N100_c3,0,2026-09-28T02:37:29.052Z,zkSyncTestnet,300,sepolia.era.zksync.dev,unblock,100,3,6918,0xe154a629220c15d2e4d073e4b99bd89b3471506305b22963c284b873b77a4cab,610362.028666,613141.311625,2779.2829589999747,86519,25000000,,success,1,0,,,8588791
pilot_1790562436815,unblock_N100_c3,0,2026-09-28T02:37:29.358Z,zkSyncTestnet,300,sepolia.era.zksync.dev,unblock,100,3,6919,0x2792ddb2dd63f284dffe72c2ae126f1683249fa2ad0c621ab9115f565279e867,610686.917541,613448.08275,2761.165208999999,86519,25000000,,success,1,0,,,8588792
pilot_1790562436815,unblock_N100_c3,0,2026-09-28T02:37:30.559Z,zkSyncTestnet,300,sepolia.era.zksync.dev,unblock,100,3,6920,0x7b7ef158c992d0f3219af26420cfd0b4c9d7b5c2bc3ab5a926a028e64da388fe,611734.17075,614649.124083,2914.953332999954,86519,25000000,,success,1,0,,,8588793
pilot_1790562436815,unblock_N100_c3,0,2026-09-28T02:37:30.831Z,zkSyncTestnet,300,sepolia.era.zksync.dev,unblock,100,3,6921,0x108978bf0aabad71e965faa9ab06168eca442c04921c2878fb1285d36b68bc74,613141.44975,614921.080625,1779.6308749999152,86519,25000000,,success,1,0,,,8588793
pilot_1790562436815,unblock_N100_c3,0,2026-09-28T02:37:31.083Z,zkSyncTestnet,300,sepolia.era.zksync.dev,unblock,100,3,6922,0x5d5637ddc18dd671ed02891372ab03a806cdc3a89db80740ffce740850948bc2,613448.227291,615172.232375,1724.0050840000622,86513,25000000,,success,1,0,,,8588794
pilot_1790562436815,unblock_N100_c3,0,2026-09-28T02:37:33.268Z,zkSyncTestnet,300,sepolia.era.zksync.dev,unblock,100,3,6923,0x134da46ef0a04b7764843e267e9d63da9bbe4f393bcb0ef214aee5cf1c952bee,614649.280666,617357.794083,2708.5134170000674,86519,25000000,,success,1,0,,,8588795
pilot_1790562436815,unblock_N100_c3,0,2026-09-28T02:37:33.496Z,zkSyncTestnet,300,sepolia.era.zksync.dev,unblock,100,3,6924,0x86143b7155a5f54b8298b77ae7e412739de27d8cd0944df177f89a9e37978410,614921.236125,617585.348208,2664.112082999898,86519,25000000,,success,1,0,,,8588796
pilot_1790562436815,unblock_N100_c3,0,2026-09-28T02:37:33.779Z,zkSyncTestnet,300,sepolia.era.zksync.dev,unblock,100,3,6925,0x14d6f9f3a8766b7f625f4aa2f6152544ed8546b2a9e59350ef37d0b999e6c18d,615172.36425,617868.798166,2696.4339160000673,86513,25000000,,success,1,0,,,8588797
pilot_1790562436815,unblock_N100_c3,0,2026-09-28T02:37:35.052Z,zkSyncTestnet,300,sepolia.era.zksync.dev,unblock,100,3,6926,0x88b2771b11bf61dff197bf762f7ddd245776c6d7b557df0233495b0742b5a1b6,617357.906083,619142.064958,1784.1588749999646,86519,25000000,,success,1,0,,,8588798
pilot_1790562436815,unblock_N100_c3,0,2026-09-28T02:37:35.329Z,zkSyncTestnet,300,sepolia.era.zksync.dev,unblock,100,3,6927,0x579264a3d0b27bd5d77ba28c69830e200d4398be12e1d38120484dac5c48aa3e,617585.447125,619418.272333,1832.8252080000238,86519,25000000,,success,1,0,,,8588799
pilot_1790562436815,unblock_N100_c3,0,2026-09-28T02:37:35.607Z,zkSyncTestnet,300,sepolia.era.zksync.dev,unblock,100,3,6928,0x439d2e7128bf95b8adaabbc90a0b15463d61916bdc63fbec4306fa1de57499a9,617868.859375,619696.761541,1827.9021659999853,86513,25000000,,success,1,0,,,8588800
pilot_1790562436815,unblock_N100_c3,0,2026-09-28T02:37:36.848Z,zkSyncTestnet,300,sepolia.era.zksync.dev,unblock,100,3,6929,0xe67a95082c7bfaa3439e9fed43f43bac99bc692ea0edd30ad6517b6423edbf5b,619142.242708,620937.57075,1795.32804199995,86519,25000000,,success,1,0,,,8588801
pilot_1790562436815,unblock_N100_c3,0,2026-09-28T02:37:37.974Z,zkSyncTestnet,300,sepolia.era.zksync.dev,unblock,100,3,6930,0x8522f7dcb9e7018ebfaa0b907445957d7cf8e4bd29b05705442a54c7618f8403,619418.363375,622063.381916,2645.018541000085,86519,25000000,,success,1,0,,,8588802
pilot_1790562436815,unblock_N100_c3,0,2026-09-28T02:37:38.205Z,zkSyncTestnet,300,sepolia.era.zksync.dev,unblock,100,3,6931,0x25d639450bcee0dc018cb1a1182ab86cbfbd4036540dc2d0039eb9da4020c6fa,619696.829458,622294.241916,2597.412458000006,86519,25000000,,success,1,0,,,8588803
pilot_1790562436815,unblock_N100_c3,0,2026-09-28T02:37:39.715Z,zkSyncTestnet,300,sepolia.era.zksync.dev,unblock,100,3,6932,0xd02bdcbd5629bf3d954f6ec29b67e037c10a87235b6827bf8901a24c30377fcc,620937.688958,623804.510125,2866.8211669999873,86519,25000000,,success,1,0,,,8588805
pilot_1790562436815,unblock_N100_c3,0,2026-09-28T02:37:39.770Z,zkSyncTestnet,300,sepolia.era.zksync.dev,unblock,100,3,6933,0xa9a21d1a987d55038b64b60d24d63e9fdd08b25face23eb415f42b8c9a44eebe,622063.4845,623860.065791,1796.5812910000095,86513,25000000,,success,1,0,,,8588806
pilot_1790562436815,unblock_N100_c3,0,2026-09-28T02:37:39.996Z,zkSyncTestnet,300,sepolia.era.zksync.dev,unblock,100,3,6934,0xce975e6b538c53884da77275c8c81cd1583fa1110c6e543afab0a29c7e9f0ac4,622294.441541,624085.967625,1791.526084000012,86519,25000000,,success,1,0,,,8588806
pilot_1790562436815,unblock_N100_c3,0,2026-09-28T02:37:41.570Z,zkSyncTestnet,300,sepolia.era.zksync.dev,unblock,100,3,6935,0xc77a5564d9cf98c2bcaa3de9aa0795e1cf86e88bb5894f2b6b0326988825093d,623804.641541,625659.299458,1854.657917000004,86519,25000000,,success,1,0,,,8588807
pilot_1790562436815,unblock_N100_c3,0,2026-09-28T02:37:41.575Z,zkSyncTestnet,300,sepolia.era.zksync.dev,unblock,100,3,6936,0x94fc32e5ebdf035eaddae008d6b1790fd76ff985d818c1c673b8b2cc254bd90a,623860.142,625664.261916,1804.1199160000542,86513,25000000,,success,1,0,,,8588808
pilot_1790562436815,unblock_N100_c3,0,2026-09-28T02:37:41.816Z,zkSyncTestnet,300,sepolia.era.zksync.dev,unblock,100,3,6937,0xfe8d18436d1e5495539311acfa5be19903e88cc1a96a81a74e7cbf49c488374b,624086.095375,625905.834208,1819.7388329999521,86513,25000000,,success,1,0,,,8588808
pilot_1790562436815,unblock_N100_c3,0,2026-09-28T02:37:43.382Z,zkSyncTestnet,300,sepolia.era.zksync.dev,unblock,100,3,6938,0x40d8677036e0d75074a34bea8e759eb50d9344150740f3b070cbdf97773d2d19,625659.426666,627471.61775,1812.1910839999327,86513,25000000,,success,1,0,,,8588809
pilot_1790562436815,unblock_N100_c3,0,2026-09-28T02:37:43.959Z,zkSyncTestnet,300,sepolia.era.zksync.dev,unblock,100,3,6939,0xcdeb904520378a184d1e3717acf4556fcf0292dd59bc340c51d73747bcd11ae2,625664.290916,628048.193791,2383.902875000029,86513,25000000,,success,1,0,,,8588810
pilot_1790562436815,unblock_N100_c3,0,2026-09-28T02:37:44.947Z,zkSyncTestnet,300,sepolia.era.zksync.dev,unblock,100,3,6940,0xa835016cb65645623b085138daf7a0b710d069e1331215006d40131785b3baf4,625905.900791,629036.208541,3130.3077500000363,86519,25000000,,success,1,0,,,8588811
pilot_1790562436815,unblock_N100_c3,0,2026-09-28T02:37:45.237Z,zkSyncTestnet,300,sepolia.era.zksync.dev,unblock,100,3,6941,0x45e5015f3a6653aa4e603cca155aaeb7503ca347acd555ef44d4063bcb1061cd,627471.829916,629326.320958,1854.4910420000087,86513,25000000,,success,1,0,,,8588812
pilot_1790562436815,unblock_N100_c3,0,2026-09-28T02:37:45.761Z,zkSyncTestnet,300,sepolia.era.zksync.dev,unblock,100,3,6942,0xdce068562cb6d23a75fb944b5bd77309fcb56ef166932f01a40fd730707f1d01,628048.315416,629850.846458,1802.531042000046,86513,25000000,,success,1,0,,,8588813
pilot_1790562436815,unblock_N100_c3,0,2026-09-28T02:37:48.468Z,zkSyncTestnet,300,sepolia.era.zksync.dev,unblock,100,3,6943,0x8c47fd70d0c006b475f0f65b84013a1147d38650ee43c9502b6684428d07ccae,629036.294666,632557.840875,3521.546209000051,86519,25000000,,success,1,0,,,8588814
pilot_1790562436815,unblock_N100_c3,0,2026-09-28T02:37:50.032Z,zkSyncTestnet,300,sepolia.era.zksync.dev,unblock,100,3,6945,0x44055a1a93ee34461085d64f19bfa01daccd41fbb6d90be8d15d7231d3d82f92,629851.0495,634121.335083,4270.285583000048,86519,25000000,,success,1,0,,,8588815
pilot_1790562436815,unblock_N100_c3,0,2026-09-28T02:37:50.279Z,zkSyncTestnet,300,sepolia.era.zksync.dev,unblock,100,3,6944,0xd895e74d7634ddb4a911af7e49abc9e9ff4cfbe31591b8b2c380aed225d6aa35,629326.398,634369.065791,5042.667790999985,86513,25000000,,success,1,0,,,8588815
pilot_1790562436815,unblock_N100_c3,0,2026-09-28T02:37:51.028Z,zkSyncTestnet,300,sepolia.era.zksync.dev,unblock,100,3,6946,0x033df9edfba7bfdfc3a50daff925002c8111a339f5a017d7570f4156aa7f4c92,632557.911291,635117.436458,2559.5251670000143,86513,25000000,,success,1,0,,,8588816
pilot_1790562436815,unblock_N100_c3,0,2026-09-28T02:37:51.849Z,zkSyncTestnet,300,sepolia.era.zksync.dev,unblock,100,3,6947,0x6323dc60677c6a081b1b29daeb0e712b25f51452b5e0251291a62f477a93bcb5,634121.395083,635938.790625,1817.3955420000711,86513,25000000,,success,1,0,,,8588817
pilot_1790562436815,unblock_N100_c3,0,2026-09-28T02:37:52.068Z,zkSyncTestnet,300,sepolia.era.zksync.dev,unblock,100,3,6948,0x37f00086c737f2afc1f136df7fef44b025c827181eeaf4096895e9815282deef,634369.152208,636157.29975,1788.1475420000497,86513,25000000,,success,1,0,,,8588818
pilot_1790562436815,unblock_N100_c3,0,2026-09-28T02:37:52.830Z,zkSyncTestnet,300,sepolia.era.zksync.dev,unblock,100,3,6949,0x051dd9b2c4ec41757a040dd8ea715d3dd7daf20afa9dec3b30da56df95e69aa1,635117.555041,636919.747208,1802.1921670000302,86519,25000000,,success,1,0,,,8588819
pilot_1790562436815,unblock_N100_c3,0,2026-09-28T02:37:54.474Z,zkSyncTestnet,300,sepolia.era.zksync.dev,unblock,100,3,6950,0xcbfde25958f285c34fa46f0d66b182ddc369c8ddd952f7850da4a2c2fba18337,635938.900583,638564.076583,2625.1759999999776,86519,25000000,,success,1,0,,,8588821
pilot_1790562436815,unblock_N100_c3,0,2026-09-28T02:37:55.755Z,zkSyncTestnet,300,sepolia.era.zksync.dev,unblock,100,3,6951,0xa9911703a1f628316efaa141aa9efcc8bae32329c2d8aaa50d6e16a99ac234c1,636157.399625,639844.552541,3687.152915999992,86519,25000000,,success,1,0,,,8588822
pilot_1790562436815,unblock_N100_c3,0,2026-09-28T02:37:57.298Z,zkSyncTestnet,300,sepolia.era.zksync.dev,unblock,100,3,6952,0x8ab4ae98292e73f21db9260bed2739ceefe19fc587526d9130e4112f5d83c3a6,636919.813458,641387.596625,4467.783167000045,86519,25000000,,success,1,0,,,8588823
pilot_1790562436815,unblock_N100_c3,0,2026-09-28T02:37:57.821Z,zkSyncTestnet,300,sepolia.era.zksync.dev,unblock,100,3,6953,0xc2af80356e346a0090ab204b4a7500245a28bd2506db8f5abd8b3311f46e7dec,638564.192666,641910.554041,3346.3613749999786,86513,25000000,,success,1,0,,,8588824
pilot_1790562436815,unblock_N100_c3,0,2026-09-28T02:37:58.373Z,zkSyncTestnet,300,sepolia.era.zksync.dev,unblock,100,3,6954,0xc5af56cd8c4f9df13dd7a073ef8eaabdaf76903842ce6f3f269c15f0c4220f18,639844.6315,642462.270458,2617.638957999996,86513,25000000,,success,1,0,,,8588825
pilot_1790562436815,unblock_N100_c3,0,2026-09-28T02:37:59.916Z,zkSyncTestnet,300,sepolia.era.zksync.dev,unblock,100,3,6955,0x3747296707312ac9b568810d3ec4682ea34bef4a4549893877596eed07d378c4,641387.774833,644005.257083,2617.482250000001,86513,25000000,,success,1,0,,,8588826
pilot_1790562436815,unblock_N100_c3,0,2026-09-28T02:38:00.439Z,zkSyncTestnet,300,sepolia.era.zksync.dev,unblock,100,3,6956,0xbb30583e51c8d7350d8a84c62db35bdf582491b6a8310c273f0f5ca6f2d21318,641910.628166,644528.343125,2617.7149590000045,86513,25000000,,success,1,0,,,8588827
pilot_1790562436815,unblock_N100_c3,0,2026-09-28T02:38:00.982Z,zkSyncTestnet,300,sepolia.era.zksync.dev,unblock,100,3,6957,0xfc77f7b5462953812fa8aeff7c7792cf6511ac16ac9411853b10650d186a93bd,642462.3385,645071.973083,2609.6345830000937,86519,25000000,,success,1,0,,,8588828
pilot_1790562436815,unblock_N100_c3,0,2026-09-28T02:38:01.777Z,zkSyncTestnet,300,sepolia.era.zksync.dev,unblock,100,3,6958,0x8660e0de384650e2db39e8f1f113c794091768f5a6fbd951e1a5d11a389a6a15,644005.327,645866.865041,1861.5380409999052,86513,25000000,,success,1,0,,,8588829
pilot_1790562436815,unblock_N100_c3,0,2026-09-28T02:38:02.250Z,zkSyncTestnet,300,sepolia.era.zksync.dev,unblock,100,3,6959,0xff4392287037505f61fc3403fe302eccbae3e606f3586a9013581adf8a3a26cb,644528.450125,646339.589333,1811.139208000037,86513,25000000,,success,1,0,,,8588830
pilot_1790562436815,unblock_N100_c3,0,2026-09-28T02:38:02.769Z,zkSyncTestnet,300,sepolia.era.zksync.dev,unblock,100,3,6960,0x5259ae054413e27a7614f2013bd7e8be780b6eb84883dd6c1050b12086e3536f,645072.044583,646858.726208,1786.6816249999683,86519,25000000,,success,1,0,,,8588831
pilot_1790562436815,unblock_N100_c3,0,2026-09-28T02:38:03.585Z,zkSyncTestnet,300,sepolia.era.zksync.dev,unblock,100,3,6961,0x1bc6d6d5010356cd08069418c991a658586b373cda30cfcd1c97684645d9d5e0,645866.962458,647675.043958,1808.0814999999711,86519,25000000,,success,1,0,,,8588832
pilot_1790562436815,unblock_N100_c3,0,2026-09-28T02:38:04.109Z,zkSyncTestnet,300,sepolia.era.zksync.dev,unblock,100,3,6962,0xeaa2481a766b434e0f40571642e68522a69943e0c9b594436db1b987538142ae,646339.66925,648198.895458,1859.2262079999782,86519,25000000,,success,1,0,,,8588833
pilot_1790562436815,unblock_N100_c3,0,2026-09-28T02:38:05.438Z,zkSyncTestnet,300,sepolia.era.zksync.dev,unblock,100,3,6963,0xaa9cc81afb221e8258d3ca76d6f959b065b7ca5d7326f706ee79d0c4e8efb834,646858.837166,649527.887458,2669.0502919999417,86519,25000000,,success,1,0,,,8588834
pilot_1790562436815,unblock_N100_c3,0,2026-09-28T02:38:06.950Z,zkSyncTestnet,300,sepolia.era.zksync.dev,unblock,100,3,6964,0xb6baab29535fbcfac64f3c73895bc8ec4455a32659b7de270540d189650f266a,647675.14975,651040.029541,3364.879791000043,86513,25000000,,success,1,0,,,8588835
pilot_1790562436815,unblock_N100_c3,0,2026-09-28T02:38:07.822Z,zkSyncTestnet,300,sepolia.era.zksync.dev,unblock,100,3,6965,0x42fdc9a691fe140d323bc9a2a2029531d9871d5f7cd14d73c0b0b93a072e4d12,648198.97775,651911.456375,3712.478624999989,86513,25000000,,success,1,0,,,8588836
pilot_1790562436815,unblock_N100_c3,0,2026-09-28T02:38:08.039Z,zkSyncTestnet,300,sepolia.era.zksync.dev,unblock,100,3,6966,0x7133478f0f1b274d5c147cbf57dcd672552811c578ec6cf1bbd42a44e23759ab,649527.982958,652128.739708,2600.7567499999423,86519,25000000,,success,1,0,,,8588837
pilot_1790562436815,unblock_N100_c3,0,2026-09-28T02:38:08.829Z,zkSyncTestnet,300,sepolia.era.zksync.dev,unblock,100,3,6967,0xe777d77d73df50741b96f9efa2c1af589c360725d29c950e9c969f46dfedcca3,651040.141708,652918.190666,1878.0489580000285,86519,25000000,,success,1,0,,,8588838
pilot_1790562436815,unblock_N100_c3,0,2026-09-28T02:38:09.622Z,zkSyncTestnet,300,sepolia.era.zksync.dev,unblock,100,3,6968,0x0bdfb620b8dbf0c90f8ed1fb99aef787841b63972a842a38b3e7b7fbf38d8ca2,651911.590708,653711.456791,1799.8660829999717,86519,25000000,,success,1,0,,,8588839
pilot_1790562436815,unblock_N100_c3,0,2026-09-28T02:38:09.879Z,zkSyncTestnet,300,sepolia.era.zksync.dev,unblock,100,3,6969,0xd7312e7e2cc04b0b5d03a02f96acabe63134406e5502276aa8da5aeb3bebf1cb,652128.839708,653968.411041,1839.5713330000872,86513,25000000,,success,1,0,,,8588840
pilot_1790562436815,unblock_N100_c3,0,2026-09-28T02:38:10.626Z,zkSyncTestnet,300,sepolia.era.zksync.dev,unblock,100,3,6970,0xcd91dc25351dfb72c6ef86aa3b1eda5e64ed88cb885cb2a9cf1e651eaa56b740,652918.313041,654715.823583,1797.5105419999454,86513,25000000,,success,1,0,,,8588841
pilot_1790562436815,unblock_N100_c3,0,2026-09-28T02:38:12.307Z,zkSyncTestnet,300,sepolia.era.zksync.dev,unblock,100,3,6971,0xd0ea09184991c42f2b062c1ac18cd1f08a8c97f848ee1e9ac991a60a1b5fed5e,653711.541666,656397.077083,2685.535416999948,86519,25000000,,success,1,0,,,8588842
pilot_1790562436815,unblock_N100_c3,0,2026-09-28T02:38:13.404Z,zkSyncTestnet,300,sepolia.era.zksync.dev,unblock,100,3,6972,0x51a1a4b80357a44450d24b16fd225569966420edfa8eecb9b977cd720fa3a551,653968.491291,657493.848833,3525.3575420000125,86519,25000000,,success,1,0,,,8588843
pilot_1790562436815,unblock_N100_c3,0,2026-09-28T02:38:14.378Z,zkSyncTestnet,300,sepolia.era.zksync.dev,unblock,100,3,6973,0x24a2e743b19b29b1d51caec0f34ae20941ef08f656bb672a61fd378150e4a017,654715.94775,658467.857958,3751.9102079999866,86519,25000000,,success,1,0,,,8588844
pilot_1790562436815,unblock_N100_c3,0,2026-09-28T02:38:15.645Z,zkSyncTestnet,300,sepolia.era.zksync.dev,unblock,100,3,6974,0xb772d48b8b9a07b6284e08c5dfc735e3396e44172f1a9ceb1b41b759dc06caa6,656397.181125,659734.5285,3337.347375000012,86513,25000000,,success,1,0,,,8588845
pilot_1790562436815,unblock_N100_c3,0,2026-09-28T02:38:16.170Z,zkSyncTestnet,300,sepolia.era.zksync.dev,unblock,100,3,6976,0xdd0dfc6dc9907084a395656c6c8bede8633da24463670824519d13ad4c511765,658468.047333,660259.461875,1791.4145420000423,86513,25000000,,success,1,0,,,8588846
pilot_1790562436815,unblock_N100_c3,0,2026-09-28T02:38:16.406Z,zkSyncTestnet,300,sepolia.era.zksync.dev,unblock,100,3,6975,0x3c64ffa80f9a2755bd5e5227ccb52679fbeaae7803f6f074a758b8012dc7d1e4,657493.94275,660496.011375,3002.0686249999562,86513,25000000,,success,1,0,,,8588846
pilot_1790562436815,unblock_N100_c3,0,2026-09-28T02:38:19.589Z,zkSyncTestnet,300,sepolia.era.zksync.dev,unblock,100,3,6978,0xcd261d0f177c4caf577718c4e634cf0d4c131f45ffa988df188f1f8419d7cc70,660259.581875,663678.9505,3419.368625000003,86519,25000000,,success,1,0,,,8588847
pilot_1790562436815,unblock_N100_c3,0,2026-09-28T02:38:19.591Z,zkSyncTestnet,300,sepolia.era.zksync.dev,unblock,100,3,6977,0xb33d12f340a2ac6d61a528b3bc0089545ed50f9ddbbfe058da3a21cf3c0faeab,659734.629333,663680.9875,3946.3581669999985,86519,25000000,,success,1,0,,,8588847
pilot_1790562436815,unblock_N100_c3,0,2026-09-28T02:38:21.143Z,zkSyncTestnet,300,sepolia.era.zksync.dev,unblock,100,3,6979,0x7c04e076dbf72d5c1e49606d71dff11d276b0cbe35775af055086e777a474db1,660496.158916,665232.735708,4736.576791999978,86513,25000000,,success,1,0,,,8588848
pilot_1790562436815,unblock_N100_c3,0,2026-09-28T02:38:21.413Z,zkSyncTestnet,300,sepolia.era.zksync.dev,unblock,100,3,6980,0x38d605a9b5ade3960b2231c09f98e381ecc01f7518a05a84781756a20425e115,663679.014666,665502.317416,1823.3027499999152,86513,25000000,,success,1,0,,,8588849
pilot_1790562436815,unblock_N100_c3,0,2026-09-28T02:38:23.512Z,zkSyncTestnet,300,sepolia.era.zksync.dev,unblock,100,3,6981,0x75a78f6d01241271643e9a7aed494064fe533aead9a8dd0b1a9ffa409a08ef49,663681.001666,667601.410791,3920.4091250000056,86513,25000000,,success,1,0,,,8588850
pilot_1790562436815,unblock_N100_c3,0,2026-09-28T02:38:23.742Z,zkSyncTestnet,300,sepolia.era.zksync.dev,unblock,100,3,6982,0xb4025084fcbebebd9c87bfd7bf762f277a5b7bbadb2627e842cf3d97b7492c1d,665232.839416,667831.954541,2599.115125000011,86513,25000000,,success,1,0,,,8588851
pilot_1790562436815,unblock_N100_c3,0,2026-09-28T02:38:24.034Z,zkSyncTestnet,300,sepolia.era.zksync.dev,unblock,100,3,6983,0x5ffbe4db8e5b442d319a036edfb8b82bdce4551bc84927e1a7eb36883bd7930f,665502.368708,668124.089333,2621.720624999958,86513,25000000,,success,1,0,,,8588852
pilot_1790562436815,unblock_N100_c3,0,2026-09-28T02:38:25.324Z,zkSyncTestnet,300,sepolia.era.zksync.dev,unblock,100,3,6984,0xead3394d9fa1b5617dbd8d8ac9ab0b4aeedd5f7bc8fcae21f872b478674d0ba0,667601.51175,669413.313166,1811.801416000002,86513,25000000,,success,1,0,,,8588854
pilot_1790562436815,unblock_N100_c3,0,2026-09-28T02:38:25.612Z,zkSyncTestnet,300,sepolia.era.zksync.dev,unblock,100,3,6985,0x631f0519bba8e4cec6e931002078b6ce90299a39b4b77f27dfef765a09d3eec0,667832.0715,669702.062916,1869.9914160000626,86519,25000000,,success,1,0,,,8588855
pilot_1790562436815,unblock_N100_c3,0,2026-09-28T02:38:25.853Z,zkSyncTestnet,300,sepolia.era.zksync.dev,unblock,100,3,6986,0x502b5e11d84fcda0381148a5651ac67782ba0b7e1cd64a5193e584d687468d2e,668124.152458,669942.71975,1818.5672920000507,86519,25000000,,success,1,0,,,8588856
pilot_1790562436815,unblock_N100_c3,0,2026-09-28T02:38:27.182Z,zkSyncTestnet,300,sepolia.era.zksync.dev,unblock,100,3,6987,0xdcf00e8b67de74b2b9deaaa1a692b9825ea189833ca2c7c6ea944c09d52dabfe,669413.415666,671271.359791,1857.9441250000382,86513,25000000,,success,1,0,,,8588857
pilot_1790562436815,unblock_N100_c3,0,2026-09-28T02:38:27.418Z,zkSyncTestnet,300,sepolia.era.zksync.dev,unblock,100,3,6988,0x4e37ea90a8752504ecfcb57b6992cd6aee7ddc49846066e6176b9e9bf87cd715,669702.150916,671507.75825,1805.607333999942,86519,25000000,,success,1,0,,,8588858
pilot_1790562436815,unblock_N100_c3,0,2026-09-28T02:38:27.706Z,zkSyncTestnet,300,sepolia.era.zksync.dev,unblock,100,3,6989,0x58d10f5493a575b53a3afc37e9b72edb34e35532570a571fd6f2b5c49fc79d29,669942.77175,671796.111,1853.3392500000773,86519,25000000,,success,1,0,,,8588859
pilot_1790562436815,unblock_N100_c3,0,2026-09-28T02:38:28.994Z,zkSyncTestnet,300,sepolia.era.zksync.dev,unblock,100,3,6990,0xf2a6a5c511f0b9242bace094f708de95c7855f70491167661aa8a12a2da9109d,671271.435125,673083.412625,1811.9775000000373,86513,25000000,,success,1,0,,,8588860
pilot_1790562436815,unblock_N100_c3,0,2026-09-28T02:38:29.305Z,zkSyncTestnet,300,sepolia.era.zksync.dev,unblock,100,3,6991,0xd2c71dcdeb4aea30f89a9cfcc224065007051cc3f804afab0e67c9720231b3e9,671507.834791,673394.386833,1886.5520419999957,86513,25000000,,success,1,0,,,8588861
pilot_1790562436815,unblock_N100_c3,0,2026-09-28T02:38:29.507Z,zkSyncTestnet,300,sepolia.era.zksync.dev,unblock,100,3,6992,0x4d392fd72658ac3b93cc046106c4f1fc12f88bf7f982e17c2e436613407c6941,671796.202041,673596.56425,1800.3622090000426,86513,25000000,,success,1,0,,,8588862
pilot_1790562436815,unblock_N100_c3,0,2026-09-28T02:38:30.851Z,zkSyncTestnet,300,sepolia.era.zksync.dev,unblock,100,3,6993,0x3438cc3cdf63deb82410640fe79e8f193e3d1861824d16dc0683806ec1100d40,673083.543458,674940.327958,1856.784500000067,86519,25000000,,success,1,0,,,8588863
pilot_1790562436815,unblock_N100_c3,0,2026-09-28T02:38:31.108Z,zkSyncTestnet,300,sepolia.era.zksync.dev,unblock,100,3,6994,0xd1e085827c096ff79d60d7765fe12af40426addc771b3a9ab3350f9edd5e3439,673394.476291,675197.684416,1803.2081250000047,86519,25000000,,success,1,0,,,8588864
pilot_1790562436815,unblock_N100_c3,0,2026-09-28T02:38:31.376Z,zkSyncTestnet,300,sepolia.era.zksync.dev,unblock,100,3,6995,0xd9fd04d0b1c407273343a2e0933987bd2a4f2bc6df48e9cb247fad9677a60b6c,673596.616041,675466.018833,1869.402791999979,86519,25000000,,success,1,0,,,8588865
pilot_1790562436815,unblock_N100_c3,0,2026-09-28T02:38:32.693Z,zkSyncTestnet,300,sepolia.era.zksync.dev,unblock,100,3,6996,0x7ad307c1f48669269f4814b2f2baa96ff578099f7b5afc3db311aba74faf7e9a,674940.461875,676782.359291,1841.8974159999052,86519,25000000,,success,1,0,,,8588866
pilot_1790562436815,unblock_N100_c3,0,2026-09-28T02:38:32.948Z,zkSyncTestnet,300,sepolia.era.zksync.dev,unblock,100,3,6997,0x8d22547a4457cf1d8d06df35a755516d456c57cafe1d930572f98e53198a120e,675197.783833,677037.494083,1839.7102500000037,86519,25000000,,success,1,0,,,8588867
pilot_1790562436815,unblock_N100_c3,0,2026-09-28T02:38:33.185Z,zkSyncTestnet,300,sepolia.era.zksync.dev,unblock,100,3,6998,0xed1d0cc836cab61a800efef6161211f3993609674951047f708ca7debc036fda,675466.118041,677275.169083,1809.0510420000646,86519,25000000,,success,1,0,,,8588868
pilot_1790562436815,unblock_N100_c3,0,2026-09-28T02:38:34.526Z,zkSyncTestnet,300,sepolia.era.zksync.dev,unblock,100,3,6999,0x9d5adbeb445254dd1dae4f77bb4304ab9c4addd8d20a0ed29fc222b0bbe259e0,676782.420875,678615.510541,1833.0896660001017,86519,25000000,,success,1,0,,,8588869
pilot_1790562436815,unblock_N100_c3,0,2026-09-28T02:38:34.761Z,zkSyncTestnet,300,sepolia.era.zksync.dev,unblock,100,3,7000,0xe904f4bf0a42844d8253af0e9c306c6787483a8f53712579e1d8a5541a895349,677037.555,678850.658541,1813.1035409999313,86519,25000000,,success,1,0,,,8588870
pilot_1790562436815,unblock_N100_c3,0,2026-09-28T02:38:35.045Z,zkSyncTestnet,300,sepolia.era.zksync.dev,unblock,100,3,7001,0x10e48d1268292b51dba6255de08ac169e946549f7fbac1f7f3601caec5918fef,677275.284916,679134.665916,1859.3810000000522,86513,25000000,,success,1,0,,,8588871
pilot_1790562436815,unblock_N100_c3,0,2026-09-28T02:38:36.371Z,zkSyncTestnet,300,sepolia.era.zksync.dev,unblock,100,3,7002,0x42ef9bbd2ddbb1a013a4d79c8a42ae51bfe0f1f4722647cccbe9b01e3f0b809d,678615.622166,680460.83175,1845.2095840000547,86519,25000000,,success,1,0,,,8588872
pilot_1790562436815,unblock_N100_c3,0,2026-09-28T02:38:36.624Z,zkSyncTestnet,300,sepolia.era.zksync.dev,unblock,100,3,7003,0x7d4207b564e4d05d644cb7d536e67f15b38c2ba9227c283b00461e5cbcba529b,678850.763666,680713.911666,1863.1480000000447,86513,25000000,,success,1,0,,,8588873
pilot_1790562436815,unblock_N100_c3,0,2026-09-28T02:38:36.931Z,zkSyncTestnet,300,sepolia.era.zksync.dev,unblock,100,3,7004,0xd642b172b980ca29fc03faff854d40989904182062f1996feba783b50bb5e017,679134.87,681020.895833,1886.0258329999633,86519,25000000,,success,1,0,,,8588874
pilot_1790562436815,unblock_N100_c3,0,2026-09-28T02:38:38.192Z,zkSyncTestnet,300,sepolia.era.zksync.dev,unblock,100,3,7005,0x0a4b03bdeb0c37b2b78d2ed7e225bed4b0ebbe80920a7b862f493645e26fc563,680461.068625,682282.050708,1820.9820830000099,86513,25000000,,success,1,0,,,8588875
pilot_1790562436815,unblock_N100_c3,0,2026-09-28T02:38:38.428Z,zkSyncTestnet,300,sepolia.era.zksync.dev,unblock,100,3,7006,0x732b34c84373da5a6df8928b96033883dfaedc9b4be1d3b81cd9c1fa01fe3ba7,680714.025041,682518.124,1804.0989589999663,86519,25000000,,success,1,0,,,8588876
pilot_1790562436815,unblock_N100_c3,0,2026-09-28T02:38:38.717Z,zkSyncTestnet,300,sepolia.era.zksync.dev,unblock,100,3,7007,0x79be3fcff78efdd64c09c30889b7151fd88317ea59ed69ad2bffc29c7935be5b,681020.9905,682806.674875,1785.6843750000698,86519,25000000,,success,1,0,,,8588877
pilot_1790562436815,unblock_N100_c3,0,2026-09-28T02:38:41.076Z,zkSyncTestnet,300,sepolia.era.zksync.dev,unblock,100,3,7008,0x3cb155fe7aafcb2def21496495bb3085afc26290e7c3c7442cd4da1a8feda3b8,682282.193041,685165.618416,2883.4253749999916,86519,25000000,,success,1,0,,,8588878
pilot_1790562436815,unblock_N500_c3,0,2026-09-28T03:31:05.833Z,zkSyncTestnet,300,sepolia.era.zksync.dev,unblock,500,3,7011,0x08d6278060740359f845dbcb5437ddccfd95a768e6112a153b16935c65047830,3826997.936541,3829902.118041,2904.181499999948,86400,25000000,,success,1,0,,,8590099
pilot_1790562436815,unblock_N500_c3,0,2026-09-28T03:31:06.593Z,zkSyncTestnet,300,sepolia.era.zksync.dev,unblock,500,3,7010,0x870991a3f78e86101a98fd37b6602d6b272954f72b20a99f24afd17bf23b3b4e,3826997.855708,3830662.105541,3664.249833000358,86513,25000000,,success,1,0,,,8590099
pilot_1790562436815,unblock_N500_c3,0,2026-09-28T03:31:06.877Z,zkSyncTestnet,300,sepolia.era.zksync.dev,unblock,500,3,7009,0xd1ccfbd7d5a233bdfc2b5cf70264761c37b55c176a244471f13c4efcf9e6ed43,3826997.550791,3830945.692375,3948.1415840000845,86513,25000000,,success,1,0,,,8590099
pilot_1790562436815,unblock_N500_c3,0,2026-09-28T03:31:07.688Z,zkSyncTestnet,300,sepolia.era.zksync.dev,unblock,500,3,7012,0x7e2157ca03e4074d685eeda7bba083b2ae66ffa1ad7bb495d6c39b682f6861e0,3829904.494958,3831756.732791,1852.2378330002539,86519,25000000,,success,1,0,,,8590100
pilot_1790562436815,unblock_N500_c3,0,2026-09-28T03:31:08.448Z,zkSyncTestnet,300,sepolia.era.zksync.dev,unblock,500,3,7013,0x6f16cf1d17ab3a0af14d1c035321dc192b44a2bdaf298de88a3ef33cc2b15ceb,3830662.171833,3832516.455416,1854.2835829998367,86519,25000000,,success,1,0,,,8590101
pilot_1790562436815,unblock_N500_c3,0,2026-09-28T03:31:08.691Z,zkSyncTestnet,300,sepolia.era.zksync.dev,unblock,500,3,7014,0x87d9a58d9ea39873d1d5d612bd9b2f18479e0fff2bc1fa7062db0ba24847407f,3830945.742083,3832759.951,1814.2089169998653,86519,25000000,,success,1,0,,,8590102
pilot_1790562436815,unblock_N500_c3,0,2026-09-28T03:31:09.509Z,zkSyncTestnet,300,sepolia.era.zksync.dev,unblock,500,3,7015,0x71c85f063acd8ce3a838a9c368d7cc5e7ef9cc6b36a70ba54d0415a9894266e3,3831756.785041,3833577.776916,1820.9918749998324,86519,25000000,,success,1,0,,,8590103
pilot_1790562436815,unblock_N500_c3,0,2026-09-28T03:31:10.285Z,zkSyncTestnet,300,sepolia.era.zksync.dev,unblock,500,3,7016,0x4f30bb614ef24a7c929b167201577159b0584241a2e00ecaec3f51e8ad120f7c,3832516.497541,3834353.430833,1836.9332920000888,86519,25000000,,success,1,0,,,8590104
pilot_1790562436815,unblock_N500_c3,0,2026-09-28T03:31:11.352Z,zkSyncTestnet,300,sepolia.era.zksync.dev,unblock,500,3,7018,0x129c81069e610b9a5d8b3425fe2344e4d64d8347666f55e975aa0bcd39f10acc,3833577.850791,3835421.003958,1843.1531670000404,86513,25000000,,success,1,0,,,8590106
pilot_1790562436815,unblock_N500_c3,0,2026-09-28T03:31:11.829Z,zkSyncTestnet,300,sepolia.era.zksync.dev,unblock,500,3,7017,0xbb643f7dd5bede00d89153e1f557a6c5dae0eb67ae71b495dbc43a423f928777,3832759.993833,3835898.164791,3138.1709580002353,86519,25000000,,success,1,0,,,8590106
pilot_1790562436815,unblock_N500_c3,0,2026-09-28T03:31:12.127Z,zkSyncTestnet,300,sepolia.era.zksync.dev,unblock,500,3,7019,0xe8a509d53ae07feb6dad32076b74fd2ca6477cdc5726a3ed822eb82359d26df6,3834353.579708,3836196.164583,1842.5848749997094,86519,25000000,,success,1,0,,,8590107
pilot_1790562436815,unblock_N500_c3,0,2026-09-28T03:31:13.694Z,zkSyncTestnet,300,sepolia.era.zksync.dev,unblock,500,3,7021,0x69c6fd42073ff85290a7cf4501cf7912c06a59d344e14006f8c654b34bee8d21,3835898.232291,3837763.04375,1864.8114590002224,86519,25000000,,success,1,0,,,8590108
pilot_1790562436815,unblock_N500_c3,0,2026-09-28T03:31:13.697Z,zkSyncTestnet,300,sepolia.era.zksync.dev,unblock,500,3,7020,0x792dd28e32a42d152c1e195d77263afbad95ecf474e7706fbb2ee221116bafd6,3835421.22625,3837765.421625,2344.1953750001267,86519,25000000,,success,1,0,,,8590108
pilot_1790562436815,unblock_N500_c3,0,2026-09-28T03:31:13.941Z,zkSyncTestnet,300,sepolia.era.zksync.dev,unblock,500,3,7022,0x7f10b939dbfc04431d0b0d13f4364b4b737a6c2a96d468af2285b16c9e9eaa37,3836196.22825,3838010.082208,1813.8539579999633,86519,25000000,,success,1,0,,,8590109
pilot_1790562436815,unblock_N500_c3,0,2026-09-28T03:31:15.501Z,zkSyncTestnet,300,sepolia.era.zksync.dev,unblock,500,3,7023,0x05cf14f33887d17005d2229bfff3889410f9e8de4db36195ce18f381dc6962e5,3837763.124833,3839569.595625,1806.470792000182,86513,25000000,,success,1,0,,,8590110
pilot_1790562436815,unblock_N500_c3,0,2026-09-28T03:31:15.505Z,zkSyncTestnet,300,sepolia.era.zksync.dev,unblock,500,3,7024,0x2b9457ce55faf9b84b525db5fc3a1340523ef78d924aaeea9117939fedb1842c,3837765.436583,3839573.306333,1807.8697500000708,86519,25000000,,success,1,0,,,8590111
pilot_1790562436815,unblock_N500_c3,0,2026-09-28T03:31:15.790Z,zkSyncTestnet,300,sepolia.era.zksync.dev,unblock,500,3,7025,0x2a3766bf6591531d9173885fbcbc0c2786fd8bb644c30a1d4f02c59f66dc076b,3838010.164041,3839858.973375,1848.809334000107,86519,25000000,,success,1,0,,,8590111
pilot_1790562436815,unblock_N500_c3,0,2026-09-28T03:31:17.365Z,zkSyncTestnet,300,sepolia.era.zksync.dev,unblock,500,3,7026,0x49fa3b4592ddaeea433f6c83bca52ba5ea8267508ad0d7387871cdfb385c70f6,3839569.784125,3841434.061833,1864.2777080000378,86519,25000000,,success,1,0,,,8590112
pilot_1790562436815,unblock_N500_c3,0,2026-09-28T03:31:17.367Z,zkSyncTestnet,300,sepolia.era.zksync.dev,unblock,500,3,7027,0xb7994b4fecb0d5fde6e8426ba04189c20a6c9c74ec890c03cd3013615e72b6eb,3839573.330833,3841436.068458,1862.737625000067,86519,25000000,,success,1,0,,,8590113
pilot_1790562436815,unblock_N500_c3,0,2026-09-28T03:31:18.412Z,zkSyncTestnet,300,sepolia.era.zksync.dev,unblock,500,3,7028,0x055f411ed0c0e22983f8d6b4d20697c85dde97aa3929ea145e29118066f94995,3839859.028541,3842480.654125,2621.6255839997903,86519,25000000,,success,1,0,,,8590113
pilot_1790562436815,unblock_N500_c3,0,2026-09-28T03:31:19.760Z,zkSyncTestnet,300,sepolia.era.zksync.dev,unblock,500,3,7029,0x3ed18278375beddeb9c53ce14c73b512c21cb6991034a722308d25788dd6facd,3841434.190083,3843828.335958,2394.145874999929,86519,25000000,,success,1,0,,,8590114
pilot_1790562436815,unblock_N500_c3,0,2026-09-28T03:31:19.981Z,zkSyncTestnet,300,sepolia.era.zksync.dev,unblock,500,3,7030,0x5ec8f9e5a4fc7dd416d06bc6b9ba0c660d023be1c9ee2ceb6fa0bf130945a0ab,3841436.310916,3844050.031458,2613.720542000141,86513,25000000,,success,1,0,,,8590114
pilot_1790562436815,unblock_N500_c3,0,2026-09-28T03:31:20.221Z,zkSyncTestnet,300,sepolia.era.zksync.dev,unblock,500,3,7031,0xf25bb2d27bf980f430b424ca02cd3b35eeeb2b5ddc8d709c490b9729639a4221,3842480.706291,3844289.296375,1808.590084000025,86513,25000000,,success,1,0,,,8590115
pilot_1790562436815,unblock_N500_c3,0,2026-09-28T03:31:21.562Z,zkSyncTestnet,300,sepolia.era.zksync.dev,unblock,500,3,7032,0x453ae44fbe45b255bdd49a8ded5980160acd1ae3569d8571cddb808cb04b881c,3843828.38575,3845630.897291,1802.5115410001017,86519,25000000,,success,1,0,,,8590116
pilot_1790562436815,unblock_N500_c3,0,2026-09-28T03:31:21.797Z,zkSyncTestnet,300,sepolia.era.zksync.dev,unblock,500,3,7033,0x2c4366a606307f9f0c9c3a11d49438e051925dc88901faa20d1bfe61fd1bcb81,3844050.094041,3845865.777541,1815.68349999981,86513,25000000,,success,1,0,,,8590117
pilot_1790562436815,unblock_N500_c3,0,2026-09-28T03:31:22.080Z,zkSyncTestnet,300,sepolia.era.zksync.dev,unblock,500,3,7034,0x24181511bc7bc9ee4d7cd6be66cbe8227bd35df87a462af6ea182f65721af9f1,3844289.347541,3846148.743375,1859.3958339998499,86513,25000000,,success,1,0,,,8590118
pilot_1790562436815,unblock_N500_c3,0,2026-09-28T03:31:23.369Z,zkSyncTestnet,300,sepolia.era.zksync.dev,unblock,500,3,7035,0x9ea6b9c6b4fe5a104729d9e7d92203ce8fceba36d7611627f8e27f8930127062,3845630.993458,3847438.199916,1807.2064580000006,86519,25000000,,success,1,0,,,8590119
pilot_1790562436815,unblock_N500_c3,0,2026-09-28T03:31:23.653Z,zkSyncTestnet,300,sepolia.era.zksync.dev,unblock,500,3,7036,0x457cdce9782fac98662ee8bbb196444786add0e5f09f9317d40ed67eefe735f8,3845865.83725,3847721.841833,1856.0045830002055,86400,25000000,,success,1,0,,,8590120
pilot_1790562436815,unblock_N500_c3,0,2026-09-28T03:31:23.887Z,zkSyncTestnet,300,sepolia.era.zksync.dev,unblock,500,3,7037,0x2ed7d26dd1f52282ce2558086feca389795d8d50c3d327030aa3d8b0a2bdc78a,3846148.785,3847955.789208,1807.0042079999112,86519,25000000,,success,1,0,,,8590121
pilot_1790562436815,unblock_N500_c3,0,2026-09-28T03:31:25.226Z,zkSyncTestnet,300,sepolia.era.zksync.dev,unblock,500,3,7038,0x9f8fe3997f7bccfb74abdc554012d2ab2a5d15ee7d05a74ee4bd974cab3cb308,3847438.264166,3849294.808291,1856.544125000015,86513,25000000,,success,1,0,,,8590122
pilot_1790562436815,unblock_N500_c3,0,2026-09-28T03:31:25.469Z,zkSyncTestnet,300,sepolia.era.zksync.dev,unblock,500,3,7039,0x0b193a334ee1ab4d69bbe540f6f13a73cecae8b6fdf7e19d8a8463f07280778e,3847721.962708,3849537.973541,1816.010832999833,86519,25000000,,success,1,0,,,8590123
pilot_1790562436815,unblock_N500_c3,0,2026-09-28T03:31:25.753Z,zkSyncTestnet,300,sepolia.era.zksync.dev,unblock,500,3,7040,0x697e886326dd6b26de5cda2bb52a6a786c25f2bdf99503a1db92952a0746f762,3847955.854666,3849821.46725,1865.6125839999877,86513,25000000,,success,1,0,,,8590124
pilot_1790562436815,unblock_N500_c3,0,2026-09-28T03:31:27.059Z,zkSyncTestnet,300,sepolia.era.zksync.dev,unblock,500,3,7041,0x0701d0460d42004f01b058d4b3a18f85709b56e89558ce511fbaa4aa501e3686,3849294.852541,3851127.306083,1832.4535419996828,86519,25000000,,success,1,0,,,8590125
pilot_1790562436815,unblock_N500_c3,0,2026-09-28T03:31:27.323Z,zkSyncTestnet,300,sepolia.era.zksync.dev,unblock,500,3,7042,0x688cf2037ccc9e5a189ac68ff8dd5aa1b57687c09a902bffe22b492dc59af96b,3849538.061125,3851391.754958,1853.6938330000266,86519,25000000,,success,1,0,,,8590126
pilot_1790562436815,unblock_N500_c3,0,2026-09-28T03:31:27.558Z,zkSyncTestnet,300,sepolia.era.zksync.dev,unblock,500,3,7043,0x1e2374028e60ffe241805d942610cea5b135cb4e30f97f384688b481e28bd7b7,3849821.545375,3851626.279416,1804.734040999785,86513,25000000,,success,1,0,,,8590127
pilot_1790562436815,unblock_N500_c3,0,2026-09-28T03:31:28.906Z,zkSyncTestnet,300,sepolia.era.zksync.dev,unblock,500,3,7044,0xd42c0c10bfe993d4979f371b08b30ba93e03cc9bfb3072b5214cb4b8b6e74304,3851127.382208,3852974.620208,1847.2379999998957,86519,25000000,,success,1,0,,,8590128
pilot_1790562436815,unblock_N500_c3,0,2026-09-28T03:31:29.131Z,zkSyncTestnet,300,sepolia.era.zksync.dev,unblock,500,3,7045,0xf360440bb4b29c2cf1b67ce71a8d03f53f5398d4be07e8fa51f288cd4f14417e,3851391.847625,3853199.34975,1807.5021250001155,86519,25000000,,success,1,0,,,8590129
pilot_1790562436815,unblock_N500_c3,0,2026-09-28T03:31:29.419Z,zkSyncTestnet,300,sepolia.era.zksync.dev,unblock,500,3,7046,0xc82cd1da51e212d6d5005868b4f9617e432e7695f2ca1ca9b1fd8fd87e606015,3851626.381,3853487.245875,1860.8648749999702,86519,25000000,,success,1,0,,,8590130
pilot_1790562436815,unblock_N500_c3,0,2026-09-28T03:31:30.710Z,zkSyncTestnet,300,sepolia.era.zksync.dev,unblock,500,3,7047,0x78d863921cc240bc88bf1a375f1d1defe41dfdde5684257e4426901a7c51d926,3852974.674458,3854778.586375,1803.9119170000777,86519,25000000,,success,1,0,,,8590131
pilot_1790562436815,unblock_N500_c3,0,2026-09-28T03:31:30.998Z,zkSyncTestnet,300,sepolia.era.zksync.dev,unblock,500,3,7048,0xcaf939deedff6d9c72897688a8af48b07c43a803120bca6e524854a8eaa9d4e8,3853199.406791,3855066.974541,1867.5677499999292,86513,25000000,,success,1,0,,,8590132
pilot_1790562436815,unblock_N500_c3,0,2026-09-28T03:31:31.236Z,zkSyncTestnet,300,sepolia.era.zksync.dev,unblock,500,3,7049,0x4121631dadda05eec28124c4018e110f162996c1678ef3bdaa8e237372d975e3,3853487.288916,3855304.478125,1817.1892089997418,86513,25000000,,success,1,0,,,8590133
pilot_1790562436815,unblock_N500_c3,0,2026-09-28T03:31:32.562Z,zkSyncTestnet,300,sepolia.era.zksync.dev,unblock,500,3,7050,0xe55b4b74e4ad4584ab0ac0a388fd2baa26f6bb1311a9be3e9e77981337bc8ca0,3854778.654583,3856630.28675,1851.6321669998579,86513,25000000,,success,1,0,,,8590134
pilot_1790562436815,unblock_N500_c3,0,2026-09-28T03:31:32.808Z,zkSyncTestnet,300,sepolia.era.zksync.dev,unblock,500,3,7051,0x92147c2a0fe99002ea82327ba4408cf8c96db309c91c4eaf5353230d00818877,3855067.027625,3856877.0185,1809.9908749996684,86513,25000000,,success,1,0,,,8590135
pilot_1790562436815,unblock_N500_c3,0,2026-09-28T03:31:33.091Z,zkSyncTestnet,300,sepolia.era.zksync.dev,unblock,500,3,7052,0xd0967fe7e3d8b31eeda4e197faa9d5c0efa9e9b0970f2a00e2a38ce25012aca2,3855304.542083,3857159.943125,1855.4010420003906,86519,25000000,,success,1,0,,,8590136
pilot_1790562436815,unblock_N500_c3,0,2026-09-28T03:31:34.366Z,zkSyncTestnet,300,sepolia.era.zksync.dev,unblock,500,3,7053,0x2f955e7cafc5f7a4862bb487f8c3084c3f0049f60e6aef74d4ff614406392bde,3856630.339083,3858434.484458,1804.1453749998473,86513,25000000,,success,1,0,,,8590137
pilot_1790562436815,unblock_N500_c3,0,2026-09-28T03:31:34.663Z,zkSyncTestnet,300,sepolia.era.zksync.dev,unblock,500,3,7054,0x319fe6dd1bf94316c86b43315bc4185c084cd990d9f35198cef4df3a3efbaa31,3856877.065375,3858731.86825,1854.8028750000522,86394,25000000,,success,1,0,,,8590138
pilot_1790562436815,unblock_N500_c3,0,2026-09-28T03:31:34.895Z,zkSyncTestnet,300,sepolia.era.zksync.dev,unblock,500,3,7055,0xa86ed956ddeabccf7b01624ea68ed811b54697f0dfc16ff6a191caa773e17834,3857160.007416,3858963.573041,1803.5656249998137,86519,25000000,,success,1,0,,,8590139
pilot_1790562436815,unblock_N500_c3,0,2026-09-28T03:31:36.233Z,zkSyncTestnet,300,sepolia.era.zksync.dev,unblock,500,3,7056,0x6155934dff5b906cead292b0f11682e6c20bf3cbdaabf1103723e8a2cfc05e27,3858434.555208,3860301.651541,1867.0963330003433,86513,25000000,,success,1,0,,,8590140
pilot_1790562436815,unblock_N500_c3,0,2026-09-28T03:31:36.471Z,zkSyncTestnet,300,sepolia.era.zksync.dev,unblock,500,3,7057,0x44b6e82982e83ef26e761cb4ecb83334a689458757b75980ff54c362ccaf188f,3858731.910166,3860539.959625,1808.049459000118,86519,25000000,,success,1,0,,,8590141
pilot_1790562436815,unblock_N500_c3,0,2026-09-28T03:31:36.763Z,zkSyncTestnet,300,sepolia.era.zksync.dev,unblock,500,3,7058,0x5b7d315b6589afa35e8024b4ca64177d486e8232abdf8e550f9fa37fac69c338,3858963.636125,3860831.70275,1868.0666249999776,86513,25000000,,success,1,0,,,8590142
pilot_1790562436815,unblock_N500_c3,0,2026-09-28T03:31:38.074Z,zkSyncTestnet,300,sepolia.era.zksync.dev,unblock,500,3,7059,0x58235fc01e91bc794959f5cbeaedfca89f4a9f64d5d7bbfeedbaa7c656ed2a47,3860301.698666,3862142.586541,1840.887875000015,86513,25000000,,success,1,0,,,8590144
pilot_1790562436815,unblock_N500_c3,0,2026-09-28T03:31:38.330Z,zkSyncTestnet,300,sepolia.era.zksync.dev,unblock,500,3,7060,0x27ea7706ad84f016fe4bdee6a1c852792e2cc0becd037fbb174c44490d690999,3860540.010708,3862398.529333,1858.518625000026,86519,25000000,,success,1,0,,,8590145
pilot_1790562436815,unblock_N500_c3,0,2026-09-28T03:31:38.578Z,zkSyncTestnet,300,sepolia.era.zksync.dev,unblock,500,3,7061,0xdac729f6e5d0156308c02be98c5b85d436376f98eaac02126646af5bd32b8686,3860831.791333,3862646.821375,1815.0300419996493,86513,25000000,,success,1,0,,,8590146
pilot_1790562436815,unblock_N500_c3,0,2026-09-28T03:31:39.940Z,zkSyncTestnet,300,sepolia.era.zksync.dev,unblock,500,3,7062,0xf88132f9f9b3e3fe9d85c55a6fe995fc0cdb85761a099a75dc5ae28a58c37751,3862142.6325,3864008.323333,1865.6908330000006,86513,25000000,,success,1,0,,,8590147
pilot_1790562436815,unblock_N500_c3,0,2026-09-28T03:31:40.168Z,zkSyncTestnet,300,sepolia.era.zksync.dev,unblock,500,3,7063,0x5a6cd36b7db9d262e0d0e7c4bf664e6a146c9d1098ba0df0d0314781401b1221,3862398.576291,3864236.397458,1837.8211670001037,86519,25000000,,success,1,0,,,8590148
pilot_1790562436815,unblock_N500_c3,0,2026-09-28T03:31:40.428Z,zkSyncTestnet,300,sepolia.era.zksync.dev,unblock,500,3,7064,0x6dec2dbf407c042aeb9f330258e46bdbe40b54625f6bace19330aaa8e6c03708,3862646.898791,3864496.601166,1849.7023750003427,86513,25000000,,success,1,0,,,8590149
pilot_1790562436815,unblock_N500_c3,0,2026-09-28T03:31:41.739Z,zkSyncTestnet,300,sepolia.era.zksync.dev,unblock,500,3,7065,0x857c64ac789545dfee1917925dd4e9495c8d7af007beac370e67e6e3f5a423e1,3864008.396916,3865807.489833,1799.0929169999436,86519,25000000,,success,1,0,,,8590150
pilot_1790562436815,unblock_N500_c3,0,2026-09-28T03:31:42.004Z,zkSyncTestnet,300,sepolia.era.zksync.dev,unblock,500,3,7066,0x9da40e8eb242c8dc99439772b1955ac198188c19d71681cb810223f22d165fb2,3864236.474125,3866072.848625,1836.374499999918,86519,25000000,,success,1,0,,,8590151
pilot_1790562436815,unblock_N500_c3,0,2026-09-28T03:31:42.266Z,zkSyncTestnet,300,sepolia.era.zksync.dev,unblock,500,3,7067,0xf55dd4d2201e37fe8d6158f24a4912fc8c4c2da42a3d42378c62dc5b8b3aad84,3864496.643416,3866334.903833,1838.260416999925,86519,25000000,,success,1,0,,,8590152
pilot_1790562436815,unblock_N500_c3,0,2026-09-28T03:31:43.586Z,zkSyncTestnet,300,sepolia.era.zksync.dev,unblock,500,3,7068,0x240fda51c961a79e62fcdafa23887aa3b746a904e3279a690cd1c7e651da281f,3865807.564333,3867654.277833,1846.7134999996051,86519,25000000,,success,1,0,,,8590153
pilot_1790562436815,unblock_N500_c3,0,2026-09-28T03:31:43.812Z,zkSyncTestnet,300,sepolia.era.zksync.dev,unblock,500,3,7069,0x749b729402b439bdcf411f6d3ae55d2d049c5ee8a770c64d566bef1bfd0f88f0,3866072.926708,3867880.957041,1808.0303330002353,86519,25000000,,success,1,0,,,8590154
pilot_1790562436815,unblock_N500_c3,0,2026-09-28T03:31:44.103Z,zkSyncTestnet,300,sepolia.era.zksync.dev,unblock,500,3,7070,0x07fc6c21ae8f57626c452ccc102415149dcf0b4754119720fda8ded98d651874,3866334.952166,3868171.40425,1836.4520840002224,86519,25000000,,success,1,0,,,8590155
pilot_1790562436815,unblock_N500_c3,0,2026-09-28T03:31:45.380Z,zkSyncTestnet,300,sepolia.era.zksync.dev,unblock,500,3,7071,0x63b3556c042234b455ea2daed2590aec349976fee6152dfba71624cc092b8e3e,3867654.387666,3869448.492791,1794.105124999769,86513,25000000,,success,1,0,,,8590156
pilot_1790562436815,unblock_N500_c3,0,2026-09-28T03:31:45.693Z,zkSyncTestnet,300,sepolia.era.zksync.dev,unblock,500,3,7072,0x10b1ee4b056da9b3459ab30b135e68032cd34dc378eecd50ad8909821a1e6502,3867881.031833,3869761.7065,1880.6746669998392,86519,25000000,,success,1,0,,,8590157
pilot_1790562436815,unblock_N500_c3,0,2026-09-28T03:31:45.925Z,zkSyncTestnet,300,sepolia.era.zksync.dev,unblock,500,3,7073,0x174bb73d4763b5925ec4681f800863c166ce087ef7c42e0ea8237a321cf9e062,3868171.479791,3869993.213708,1821.7339169997722,86519,25000000,,success,1,0,,,8590158
pilot_1790562436815,unblock_N500_c3,0,2026-09-28T03:31:47.249Z,zkSyncTestnet,300,sepolia.era.zksync.dev,unblock,500,3,7074,0xc9221fbc347b7a32ac8e11f29f40a072b6a82ffa4c74a766ada66db8af098ff7,3869448.71725,3871317.73175,1869.0144999995828,86519,25000000,,success,1,0,,,8590159
pilot_1790562436815,unblock_N500_c3,0,2026-09-28T03:31:47.531Z,zkSyncTestnet,300,sepolia.era.zksync.dev,unblock,500,3,7075,0x0ca9240ad5e0a63dbb89f902b1ce598d35133a9ebe283b40023ec11aa6b9e8f7,3869761.782666,3871600.127958,1838.3452920001,86519,25000000,,success,1,0,,,8590160
pilot_1790562436815,unblock_N500_c3,0,2026-09-28T03:31:47.771Z,zkSyncTestnet,300,sepolia.era.zksync.dev,unblock,500,3,7076,0x1af55def3a09b0862bbf8387ae1831476f2c6082344775452f4ccd5a23c6eec8,3869993.308125,3871839.709416,1846.4012910001911,86519,25000000,,success,1,0,,,8590161
pilot_1790562436815,unblock_N500_c3,0,2026-09-28T03:31:49.085Z,zkSyncTestnet,300,sepolia.era.zksync.dev,unblock,500,3,7077,0x81fa08cfd59fdaab599ec4ec9a884a170d3ea18b9bfbfaf3bd7b89b5d2c77300,3871317.809375,3873153.81475,1836.0053749997169,86519,25000000,,success,1,0,,,8590162
pilot_1790562436815,unblock_N500_c3,0,2026-09-28T03:31:49.373Z,zkSyncTestnet,300,sepolia.era.zksync.dev,unblock,500,3,7078,0xf27a632eadea3b87700abaa9db2a06b6fb6a53a382e529d4fce1a673785b9352,3871600.302916,3873442.000583,1841.697666999884,86513,25000000,,success,1,0,,,8590163
pilot_1790562436815,unblock_N500_c3,0,2026-09-28T03:31:49.601Z,zkSyncTestnet,300,sepolia.era.zksync.dev,unblock,500,3,7079,0x4e79ecf3d97e7a9991d250f6916a7bb5f0ac868e4f17972b7643f18a10911ec1,3871839.776708,3873669.742791,1829.9660829999484,86519,25000000,,success,1,0,,,8590164
pilot_1790562436815,unblock_N500_c3,0,2026-09-28T03:31:52.344Z,zkSyncTestnet,300,sepolia.era.zksync.dev,unblock,500,3,7080,0x31b596bed62353d45a74591890af368810781d9bdf6bf0000a0f6f3f06099ea4,3873153.890416,3876412.164041,3258.2736249999143,86513,25000000,,success,1,0,,,8590165
pilot_1790562436815,unblock_N500_c3,0,2026-09-28T03:31:52.493Z,zkSyncTestnet,300,sepolia.era.zksync.dev,unblock,500,3,7081,0x3908c4f57c5c53407913e621f76bd61123cb1f4dd49336156e7d5cd81cab7023,3873442.067458,3876561.547541,3119.480082999915,86513,25000000,,success,1,0,,,8590165
pilot_1790562436815,unblock_N500_c3,0,2026-09-28T03:31:54.368Z,zkSyncTestnet,300,sepolia.era.zksync.dev,unblock,500,3,7082,0x42b962c08abb91e519501d3b76dc856c3ed7754b411d505cfbfa27937e73333e,3873669.78575,3878436.574083,4766.78833300015,86513,25000000,,success,1,0,,,8590166
pilot_1790562436815,unblock_N500_c3,0,2026-09-28T03:31:55.151Z,zkSyncTestnet,300,sepolia.era.zksync.dev,unblock,500,3,7083,0x7288821324b0126f19826f39bac5f38a11b1533155651de37454b9dfcc9a53d3,3876412.220958,3879219.8595,2807.6385419997387,86513,25000000,,success,1,0,,,8590167
pilot_1790562436815,unblock_N500_c3,0,2026-09-28T03:31:55.852Z,zkSyncTestnet,300,sepolia.era.zksync.dev,unblock,500,3,7084,0x906add8d5381c101aa9077bbb9541e1492477d1c4ebfe6bc59b73d5fd1b76b06,3876561.652375,3879920.733458,3359.0810829997063,86519,25000000,,success,1,0,,,8590168
pilot_1790562436815,unblock_N500_c3,0,2026-09-28T03:31:56.163Z,zkSyncTestnet,300,sepolia.era.zksync.dev,unblock,500,3,7085,0x9e2f2a81528126d9b06c59c3711aeb18bd0faa1981a5659abe78d42daa4986a0,3878436.61525,3880231.265708,1794.6504580001347,86513,25000000,,success,1,0,,,8590168
pilot_1790562436815,unblock_N500_c3,0,2026-09-28T03:31:57.439Z,zkSyncTestnet,300,sepolia.era.zksync.dev,unblock,500,3,7086,0xbb37ce891055399e27e6f50b90bf943baa10b5064938ca8f8c2c1d764724d462,3879219.915833,3881507.366041,2287.4502079999074,86513,25000000,,success,1,0,,,8590170
pilot_1790562436815,unblock_N500_c3,0,2026-09-28T03:31:57.733Z,zkSyncTestnet,300,sepolia.era.zksync.dev,unblock,500,3,7087,0x70442fe9851161d7f2e9d13257954ae64f41f62ae389b27308019fe0236652fb,3879920.785208,3881802.091,1881.3057920001447,86513,25000000,,success,1,0,,,8590171
pilot_1790562436815,unblock_N500_c3,0,2026-09-28T03:31:57.967Z,zkSyncTestnet,300,sepolia.era.zksync.dev,unblock,500,3,7088,0x0b91564d2296e5e9acf2b19ff53aed67d7e70f183c7be0e6fb254eb3434b7d06,3880231.321083,3882036.0555,1804.7344169998541,86513,25000000,,success,1,0,,,8590172
pilot_1790562436815,unblock_N500_c3,0,2026-09-28T03:31:59.307Z,zkSyncTestnet,300,sepolia.era.zksync.dev,unblock,500,3,7089,0xdb0516dcf59c1a7e5cff94472e82a35f01f4221f2d1e59e56ae1fb3b26c5fc80,3881507.411958,3883375.149458,1867.7374999998137,86519,25000000,,success,1,0,,,8590173
pilot_1790562436815,unblock_N500_c3,0,2026-09-28T03:31:59.538Z,zkSyncTestnet,300,sepolia.era.zksync.dev,unblock,500,3,7090,0x5f1b51a52910ce9c23404d08ef230f6f417825a9131cb1715c3806fac272f6e1,3881802.136583,3883606.851916,1804.7153329998255,86519,25000000,,success,1,0,,,8590174
pilot_1790562436815,unblock_N500_c3,0,2026-09-28T03:31:59.832Z,zkSyncTestnet,300,sepolia.era.zksync.dev,unblock,500,3,7091,0x06f0ae96162e7b9305c416de3b36363c84cd8ea4718e3f112b7ccf3f778963dd,3882036.109666,3883900.824375,1864.7147089997306,86513,25000000,,success,1,0,,,8590175
pilot_1790562436815,unblock_N500_c3,0,2026-09-28T03:32:02.174Z,zkSyncTestnet,300,sepolia.era.zksync.dev,unblock,500,3,7092,0x8eadf5a8723340de379c8f3dd579bdb6e586a0e584fbe697665e8be9149614db,3883375.202541,3886242.346875,2867.144333999604,86513,25000000,,success,1,0,,,8590176
pilot_1790562436815,unblock_N500_c3,0,2026-09-28T03:32:03.502Z,zkSyncTestnet,300,sepolia.era.zksync.dev,unblock,500,3,7093,0xe5b28837ed16cfd8935821b75325901283a9557e2d5dd0625c63120e7514386c,3883606.913125,3887570.222666,3963.3095410000533,86519,25000000,,success,1,0,,,8590177
pilot_1790562436815,unblock_N500_c3,0,2026-09-28T03:32:04.359Z,zkSyncTestnet,300,sepolia.era.zksync.dev,unblock,500,3,7094,0xe3ed43ca22552f7c139ecb940f1b08412fa7fa4bfcbea35d42aec59e110f1ed9,3883900.888,3888427.802166,4526.914166000206,86513,25000000,,success,1,0,,,8590178
pilot_1790562436815,unblock_N500_c3,0,2026-09-28T03:32:04.895Z,zkSyncTestnet,300,sepolia.era.zksync.dev,unblock,500,3,7095,0x06c991c183adbf62133c7e2c43d4dcf760134745295d9ebf258f63c45443dcb6,3886242.424875,3888963.761375,2721.336499999743,86513,25000000,,success,1,0,,,8590179
pilot_1790562436815,unblock_N500_c3,0,2026-09-28T03:32:05.879Z,zkSyncTestnet,300,sepolia.era.zksync.dev,unblock,500,3,7096,0xb8071e0478cbdcfd59bb634d818a1b0ae3ac5fa60028f258f4db1d5ef2e2b932,3887570.341083,3889948.004958,2377.6638750000857,86513,25000000,,success,1,0,,,8590180
pilot_1790562436815,unblock_N500_c3,0,2026-09-28T03:32:06.125Z,zkSyncTestnet,300,sepolia.era.zksync.dev,unblock,500,3,7097,0xfc5ad9dead510396a01e1031d17fea06db0fcd79813a470b35280cd5bda61d32,3888427.876125,3890194.041791,1766.1656659999862,86519,25000000,,success,1,0,,,8590180
pilot_1790562436815,unblock_N500_c3,0,2026-09-28T03:32:06.698Z,zkSyncTestnet,300,sepolia.era.zksync.dev,unblock,500,3,7098,0x9cdad64b9d0fc0c6fc0bf49708f54737cde49110d3ac97199d13f7972ae4bd1d,3888963.843,3890766.569916,1802.726916000247,86513,25000000,,success,1,0,,,8590181
pilot_1790562436815,unblock_N500_c3,0,2026-09-28T03:32:07.701Z,zkSyncTestnet,300,sepolia.era.zksync.dev,unblock,500,3,7099,0x2723871cf41d92e79572c4dca810d648dff9f68f6519bcd9642755481a1a5a5d,3889948.088375,3891769.893166,1821.804791000206,86513,25000000,,success,1,0,,,8590182
pilot_1790562436815,unblock_N500_c3,0,2026-09-28T03:32:07.939Z,zkSyncTestnet,300,sepolia.era.zksync.dev,unblock,500,3,7100,0x61623bfcef8d4868f14c3937939208647a63b9ca3a2a5b379999e6552aae4ee5,3890194.252583,3892007.729166,1813.4765830002725,86513,25000000,,success,1,0,,,8590182
pilot_1790562436815,unblock_N500_c3,0,2026-09-28T03:32:08.470Z,zkSyncTestnet,300,sepolia.era.zksync.dev,unblock,500,3,7101,0x6e1973f3d7af842579a3fa6c54e6ddc3d374daf5df2b2426c875aeecedeb2e66,3890766.673125,3892538.965625,1772.2924999999814,86519,25000000,,success,1,0,,,8590183
pilot_1790562436815,unblock_N500_c3,0,2026-09-28T03:32:09.535Z,zkSyncTestnet,300,sepolia.era.zksync.dev,unblock,500,3,7102,0x54e83d476cddf9fed50749a87004599a19fd45ef672b03504eaaec08d23591d9,3891769.947958,3893603.108166,1833.1602079998702,86513,25000000,,success,1,0,,,8590184
pilot_1790562436815,unblock_N500_c3,0,2026-09-28T03:32:09.794Z,zkSyncTestnet,300,sepolia.era.zksync.dev,unblock,500,3,7103,0x2332bafb83b728d3abb4f754b22ad174a36986c3c36bfc0a7a1b157079a6f36b,3892007.777375,3893862.257666,1854.4802910001017,86513,25000000,,success,1,0,,,8590184
pilot_1790562436815,unblock_N500_c3,0,2026-09-28T03:32:10.319Z,zkSyncTestnet,300,sepolia.era.zksync.dev,unblock,500,3,7104,0xedcf658799e765cc2f5a94627624eeebce6758215f08d4a80f3035e7cfac3757,3892539.041875,3894387.280375,1848.2384999999776,86513,25000000,,success,1,0,,,8590185
pilot_1790562436815,unblock_N500_c3,0,2026-09-28T03:32:11.368Z,zkSyncTestnet,300,sepolia.era.zksync.dev,unblock,500,3,7105,0x4569fccf21f39eb06f497049a1813e96f3b5c848a725d8bb085bdd1d2c6b10d3,3893603.157541,3895436.792833,1833.6352920001373,86519,25000000,,success,1,0,,,8590186
pilot_1790562436815,unblock_N500_c3,0,2026-09-28T03:32:13.474Z,zkSyncTestnet,300,sepolia.era.zksync.dev,unblock,500,3,7106,0x79e01e4dbc6341da55a0113cb084dd772dd420e348c9056bfe90b260af12e746,3893862.325125,3897542.586916,3680.2617910001427,86519,25000000,,success,1,0,,,8590187
pilot_1790562436815,unblock_N500_c3,0,2026-09-28T03:32:14.884Z,zkSyncTestnet,300,sepolia.era.zksync.dev,unblock,500,3,7107,0xa7650df3a7225e5ae9976bc3807e2358ab129f47a9f9dd74436e54ae5142d8cf,3894387.325458,3898952.112375,4564.786917000078,86519,25000000,,success,1,0,,,8590187
pilot_1790562436815,unblock_N500_c3,0,2026-09-28T03:32:15.158Z,zkSyncTestnet,300,sepolia.era.zksync.dev,unblock,500,3,7108,0x3cf6afdb89a02a82205f32e79f5d75c2173bb696fd22b8646a69e483f50e9900,3895436.875333,3899226.260791,3789.3854580000043,86519,25000000,,success,1,0,,,8590188
pilot_1790562436815,unblock_N500_c3,0,2026-09-28T03:32:16.331Z,zkSyncTestnet,300,sepolia.era.zksync.dev,unblock,500,3,7109,0xc0acac975509a4a617eba58dcf49db95d41adfac8445084fed3fd864d2b7b456,3897542.652958,3900399.154458,2856.50149999978,86513,25000000,,success,1,0,,,8590190
pilot_1790562436815,unblock_N500_c3,0,2026-09-28T03:32:17.659Z,zkSyncTestnet,300,sepolia.era.zksync.dev,unblock,500,3,7110,0xb6597db71ffe3eabb94af7f369a0867555e2d36b7bdbf5300dd965c7cdd3d864,3898952.204541,3901727.424208,2775.2196669997647,86513,25000000,,success,1,0,,,8590191
pilot_1790562436815,unblock_N500_c3,0,2026-09-28T03:32:17.678Z,zkSyncTestnet,300,sepolia.era.zksync.dev,unblock,500,3,7111,0x989a532ccef46326fbe886302a01ea6305a59c1b6ece933b36964c01d6d37041,3899226.341333,3901746.18275,2519.8414170001633,86519,25000000,,success,1,0,,,8590192
pilot_1790562436815,unblock_N500_c3,0,2026-09-28T03:32:19.002Z,zkSyncTestnet,300,sepolia.era.zksync.dev,unblock,500,3,7112,0x2b37ad190d1c00fe2d005bf8ad7f19c2bbe486e22fd146ffa113a7778dd71ed0,3900399.242375,3903070.807416,2671.5650410000235,86519,25000000,,success,1,0,,,8590193
pilot_1790562436815,unblock_N500_c3,0,2026-09-28T03:32:19.494Z,zkSyncTestnet,300,sepolia.era.zksync.dev,unblock,500,3,7113,0x78c3e28b7933c01cd21067cc9cb8b240e8327656a3bac14792d15b3d1d27529d,3901727.616875,3903562.403041,1834.78616600018,86519,25000000,,success,1,0,,,8590194
pilot_1790562436815,unblock_N500_c3,0,2026-09-28T03:32:20.804Z,zkSyncTestnet,300,sepolia.era.zksync.dev,unblock,500,3,7114,0xf5709d85b5d2a389eba95448ed262dff389a46d7aea7972ea1dadc7bdcea5769,3901746.24175,3904872.612583,3126.370833000168,86519,25000000,,success,1,0,,,8590195
pilot_1790562436815,unblock_N500_c3,0,2026-09-28T03:32:20.810Z,zkSyncTestnet,300,sepolia.era.zksync.dev,unblock,500,3,7115,0x49071f4b47c98ecf5dc9d1d9857fa24006ee7bf209df00523b0c38176ead4f68,3903070.877125,3904878.895708,1808.0185829997063,86519,25000000,,success,1,0,,,8590196
pilot_1790562436815,unblock_N500_c3,0,2026-09-28T03:32:22.236Z,zkSyncTestnet,300,sepolia.era.zksync.dev,unblock,500,3,7116,0x2be53475fafd0dbe319fb7c835d663333dd1f995df4c1a47ebaf40888e35f048,3903562.456666,3906304.76725,2742.310583999846,86513,25000000,,success,1,0,,,8590197
pilot_1790562436815,unblock_N500_c3,0,2026-09-28T03:32:23.948Z,zkSyncTestnet,300,sepolia.era.zksync.dev,unblock,500,3,7118,0xfb22a26e19344cc78539acb327a4bd617e5a9d1e7a5d24d3077980b270d99a82,3904878.934666,3908016.545833,3137.611167000141,86513,25000000,,success,1,0,,,8590198
pilot_1790562436815,unblock_N500_c3,0,2026-09-28T03:32:24.590Z,zkSyncTestnet,300,sepolia.era.zksync.dev,unblock,500,3,7117,0x58a1fb0fd1302074fd446ba17bc38720c448a27b75e37cf1cf49866aded5e79a,3904872.678833,3908658.156208,3785.4773750002496,86519,25000000,,success,1,0,,,8590198
pilot_1790562436815,unblock_N500_c3,0,2026-09-28T03:32:25.813Z,zkSyncTestnet,300,sepolia.era.zksync.dev,unblock,500,3,7120,0x44babe719f39828ea7ec2124992d937b7dd4f08e0d25ea39026b071779c3b9d1,3908016.610041,3909881.173375,1864.5633339998312,86519,25000000,,success,1,0,,,8590201
pilot_1790562436815,unblock_N500_c3,0,2026-09-28T03:32:26.073Z,zkSyncTestnet,300,sepolia.era.zksync.dev,unblock,500,3,7119,0x876a834fcb15d46563edda74b3232ab1dc410379eba5089db22ec241358710bd,3906304.850041,3910141.519916,3836.669874999672,86513,25000000,,success,1,0,,,8590200
pilot_1790562436815,unblock_N500_c3,0,2026-09-28T03:32:26.352Z,zkSyncTestnet,300,sepolia.era.zksync.dev,unblock,500,3,7121,0x5688b0a73bd22b2e3037408c83de871515ba192ed724f8488f3f6411a2436dd2,3908658.2215,3910420.41225,1762.190750000067,86513,25000000,,success,1,0,,,8590202
pilot_1790562436815,unblock_N500_c3,0,2026-09-28T03:32:29.452Z,zkSyncTestnet,300,sepolia.era.zksync.dev,unblock,500,3,7122,0x129bedfe772528271c121c6fcb78e27f6614222d8f85317773dc2bf7a0928de5,3909881.252708,3913520.44125,3639.188542000018,86519,25000000,,success,1,0,,,8590203
pilot_1790562436815,unblock_N500_c3,0,2026-09-28T03:32:29.719Z,zkSyncTestnet,300,sepolia.era.zksync.dev,unblock,500,3,7124,0x307d506183590adfc4cbb257a2aea2aaa7db8cf278bb2d5001f5df47078d544a,3910420.498666,3913787.546166,3367.0474999998696,86513,25000000,,success,1,0,,,8590204
pilot_1790562436815,unblock_N500_c3,0,2026-09-28T03:32:29.722Z,zkSyncTestnet,300,sepolia.era.zksync.dev,unblock,500,3,7123,0x66c65844e77d26d035e02ac7cc27057205a4b4ea6952c81c1fb1e9c0658c4008,3910141.568541,3913790.478666,3648.9101249999367,86519,25000000,,success,1,0,,,8590204
pilot_1790562436815,unblock_N500_c3,0,2026-09-28T03:32:32.116Z,zkSyncTestnet,300,sepolia.era.zksync.dev,unblock,500,3,7125,0x186c69a203dea6bb5192a4110d26e7983d6f2c01a0c440bd878722bb437f8bd2,3913520.517458,3916184.748541,2664.231082999613,86519,25000000,,success,1,0,,,8590205
pilot_1790562436815,unblock_N500_c3,0,2026-09-28T03:32:33.096Z,zkSyncTestnet,300,sepolia.era.zksync.dev,unblock,500,3,7126,0x529da00d9503f1f9a77446e2f18bc4d35614a1971ae9901da6a5e6b0c1d16cef,3913787.630625,3917164.027166,3376.396540999878,86513,25000000,,success,1,0,,,8590206
pilot_1790562436815,unblock_N500_c3,0,2026-09-28T03:32:33.913Z,zkSyncTestnet,300,sepolia.era.zksync.dev,unblock,500,3,7127,0x5905b1cb9bb8b508aa17afbfd548ba4244a401324634325f007d13ee9ad5de85,3913790.496833,3917981.593666,4191.09683299996,86513,25000000,,success,1,0,,,8590206
pilot_1790562436815,unblock_N500_c3,0,2026-09-28T03:32:35.537Z,zkSyncTestnet,300,sepolia.era.zksync.dev,unblock,500,3,7128,0x6a87c4570dad9736623a601ca65d648e6d0827562f89b21857ae5c79dbb10440,3916185.014291,3919605.511083,3420.496791999787,86519,25000000,,success,1,0,,,8590207
pilot_1790562436815,unblock_N500_c3,0,2026-09-28T03:32:35.789Z,zkSyncTestnet,300,sepolia.era.zksync.dev,unblock,500,3,7129,0x2d260acbd28926264b46f3a2596c9375d49d925ccbadbd1fc478e3b63649e18a,3917164.125333,3919857.561375,2693.436042000074,86513,25000000,,success,1,0,,,8590208
pilot_1790562436815,unblock_N500_c3,0,2026-09-28T03:32:36.536Z,zkSyncTestnet,300,sepolia.era.zksync.dev,unblock,500,3,7130,0xe820bf29fd265673600a7536f5e29de4b1a2bfb809e31c7909bb0c83c2f61375,3917981.701375,3920604.711958,2623.010582999792,86513,25000000,,success,1,0,,,8590209
pilot_1790562436815,unblock_N500_c3,0,2026-09-28T03:32:37.905Z,zkSyncTestnet,300,sepolia.era.zksync.dev,unblock,500,3,7131,0x00dd96e184a8c105a927abb694282c5ff3273cf7a01804fb944b950015796dcd,3919605.688666,3921973.208125,2367.5194589998573,86513,25000000,,success,1,0,,,8590210
pilot_1790562436815,unblock_N500_c3,0,2026-09-28T03:32:39.289Z,zkSyncTestnet,300,sepolia.era.zksync.dev,unblock,500,3,7133,0xa0d3119ff62d6b10ae0236196c230ada93ca2561c267367d486c9541218c5ebc,3920604.78175,3923357.908,2753.1262499997392,86519,25000000,,success,1,0,,,8590211
pilot_1790562436815,unblock_N500_c3,0,2026-09-28T03:32:40.731Z,zkSyncTestnet,300,sepolia.era.zksync.dev,unblock,500,3,7132,0xc1a8112dd90240db0f0f9ebbcdafab5243c1eb8fc89593c89724d4882e799a3e,3919857.608541,3924799.139875,4941.531333999708,86519,25000000,,success,1,0,,,8590211
pilot_1790562436815,unblock_N500_c3,0,2026-09-28T03:32:40.733Z,zkSyncTestnet,300,sepolia.era.zksync.dev,unblock,500,3,7134,0x102d052367722e880e4e54e9d10655db426c7d33ee238e29ad9aad4eeff8d18e,3921973.301291,3924801.837125,2828.5358339999802,86513,25000000,,success,1,0,,,8590212
pilot_1790562436815,unblock_N500_c3,0,2026-09-28T03:32:43.530Z,zkSyncTestnet,300,sepolia.era.zksync.dev,unblock,500,3,7135,0xc5daae90e0dc68c4a97088770b4c4512528e01d5e1d97d63440ed211a5021ea6,3923358.003916,3927598.664833,4240.660916999914,86513,25000000,,success,1,0,,,8590214
pilot_1790562436815,unblock_N500_c3,0,2026-09-28T03:32:44.401Z,zkSyncTestnet,300,sepolia.era.zksync.dev,unblock,500,3,7136,0x6d8ddc19ebbec7037901443746e7612f617d2b8c8254b776dd326d94408ed673,3924799.209458,3928469.316416,3670.1069579999894,86513,25000000,,success,1,0,,,8590215
pilot_1790562436815,unblock_N500_c3,0,2026-09-28T03:32:45.444Z,zkSyncTestnet,300,sepolia.era.zksync.dev,unblock,500,3,7137,0x4c1e00bc667275e9388ac1cf2b6d07489417d462827ed266604cb12f887466b9,3924801.850166,3929512.089,4710.238834000193,86519,25000000,,success,1,0,,,8590216
pilot_1790562436815,unblock_N500_c3,0,2026-09-28T03:32:45.675Z,zkSyncTestnet,300,sepolia.era.zksync.dev,unblock,500,3,7138,0x6988fc539129fdb12846b5f4e8c0d2784c542564d597dfefd0e243c0aa1435b9,3927598.710875,3929743.132583,2144.421708000358,86513,25000000,,success,1,0,,,8590217
pilot_1790562436815,unblock_N500_c3,0,2026-09-28T03:32:48.428Z,zkSyncTestnet,300,sepolia.era.zksync.dev,unblock,500,3,7141,0xaacdb7e82a787df5d52f55efde0a8023174453ad34f64d154eb8678e3325f3be,3929743.174666,3932496.511625,2753.3369589997455,86513,25000000,,success,1,0,,,8590219
pilot_1790562436815,unblock_N500_c3,0,2026-09-28T03:32:48.595Z,zkSyncTestnet,300,sepolia.era.zksync.dev,unblock,500,3,7140,0x15ab38670aa6d98416fe041f0fb65dce2ca0ff5747200101428c775b333554dc,3929512.151833,3932663.85525,3151.703416999895,86519,25000000,,success,1,0,,,8590219
pilot_1790562436815,unblock_N500_c3,0,2026-09-28T03:32:48.802Z,zkSyncTestnet,300,sepolia.era.zksync.dev,unblock,500,3,7139,0x5278c43f6e29b5a264767b69a1a450cf10eb8bc4ff964c94e3b09261728a16fd,3928469.407166,3932870.1235,4400.71633400023,86519,25000000,,success,1,0,,,8590218
pilot_1790562436815,unblock_N500_c3,0,2026-09-28T03:32:50.408Z,zkSyncTestnet,300,sepolia.era.zksync.dev,unblock,500,3,7142,0xa8787edc438dca4069468f74f99b3d37991940300622b53e9438e35d504d7e85,3932496.589875,3934476.592833,1980.0029579997063,86519,25000000,,success,1,0,,,8590220
pilot_1790562436815,unblock_N500_c3,0,2026-09-28T03:32:51.454Z,zkSyncTestnet,300,sepolia.era.zksync.dev,unblock,500,3,7143,0xadb663b9a200352be7874e7d56db6a8498963b1993e3119d224b6927f0c06d14,3932664.006666,3935522.342,2858.3353340001777,86519,25000000,,success,1,0,,,8590221
pilot_1790562436815,unblock_N500_c3,0,2026-09-28T03:32:51.456Z,zkSyncTestnet,300,sepolia.era.zksync.dev,unblock,500,3,7144,0x4b6f4596d86ebf94bcd4e19365c44272bcc96d4272d9e5dd3bf7f872df08dd3a,3932870.227875,3935524.555291,2654.3274159999564,86519,25000000,,success,1,0,,,8590222
pilot_1790562436815,unblock_N500_c3,0,2026-09-28T03:32:54.380Z,zkSyncTestnet,300,sepolia.era.zksync.dev,unblock,500,3,7145,0xa0212649094e84f3923e8747da2b36d6b26b49bf4da5c89175a9bd867d209264,3934476.674,3938448.762875,3972.0888749998994,86519,25000000,,success,1,0,,,8590223
pilot_1790562436815,unblock_N500_c3,0,2026-09-28T03:32:55.411Z,zkSyncTestnet,300,sepolia.era.zksync.dev,unblock,500,3,7146,0x438b45c16850d7f721a277d6211fa1bfcc4583a3c08eeb2659d98a1af8358862,3935522.442833,3939479.587916,3957.145082999952,86513,25000000,,success,1,0,,,8590224
pilot_1790562436815,unblock_N500_c3,0,2026-09-28T03:32:55.694Z,zkSyncTestnet,300,sepolia.era.zksync.dev,unblock,500,3,7147,0x38a475e9600317a090ee3655a843a5ff846739c51f60e49a3c3d5c7ec1f9536f,3935524.568708,3939762.422291,4237.853583000135,86513,25000000,,success,1,0,,,8590224
pilot_1790562436815,unblock_N500_c3,0,2026-09-28T03:32:57.737Z,zkSyncTestnet,300,sepolia.era.zksync.dev,unblock,500,3,7148,0x9c692409b3a7c0338fbd0821b46117cd9a025e819db8114fce46ad8a52ace37a,3938448.8415,3941805.7075,3356.8659999999218,86513,25000000,,success,1,0,,,8590225
pilot_1790562436815,unblock_N500_c3,0,2026-09-28T03:32:58.579Z,zkSyncTestnet,300,sepolia.era.zksync.dev,unblock,500,3,7149,0x90342407030aea8c3efcf5a0c3501b3b957d7ac9f528068212c443642e3648f4,3939479.700125,3942647.426916,3167.7267909999937,86519,25000000,,success,1,0,,,8590226
pilot_1790562436815,unblock_N500_c3,0,2026-09-28T03:32:59.078Z,zkSyncTestnet,300,sepolia.era.zksync.dev,unblock,500,3,7150,0x1d699596d93a5937a129e0c5efdcaa8fef44b5c5ba94f4e7d245c21829bb010c,3939762.496916,3943146.718208,3384.221292000264,86513,25000000,,success,1,0,,,8590227
pilot_1790562436815,unblock_N500_c3,0,2026-09-28T03:33:00.126Z,zkSyncTestnet,300,sepolia.era.zksync.dev,unblock,500,3,7151,0x736acf468ec65c506efe9c1d5bf6c15c3b67eb62ce6026ed624d02b89982b3a0,3941805.772333,3944194.403583,2388.631250000093,86513,25000000,,success,1,0,,,8590228
pilot_1790562436815,unblock_N500_c3,0,2026-09-28T03:33:00.372Z,zkSyncTestnet,300,sepolia.era.zksync.dev,unblock,500,3,7152,0xd57ec443e1e61b3ecd550738a54527b96ade25a27d7caf55fa104095254d4572,3942647.521416,3944440.602958,1793.0815419997089,86513,25000000,,success,1,0,,,8590228
pilot_1790562436815,unblock_N500_c3,0,2026-09-28T03:33:00.882Z,zkSyncTestnet,300,sepolia.era.zksync.dev,unblock,500,3,7153,0xada17c177720fdb986e27cc72274df53fbb9ccbed12044119c6716ad4f9ae333,3943146.793666,3944950.312333,1803.5186669998802,86513,25000000,,success,1,0,,,8590229
pilot_1790562436815,unblock_N500_c3,0,2026-09-28T03:33:01.937Z,zkSyncTestnet,300,sepolia.era.zksync.dev,unblock,500,3,7154,0x2231d096856e0230950f3e98b3b60ac5be945e43606fe037e69fedae6df8d033,3944194.473625,3946005.351583,1810.8779579997063,86513,25000000,,success,1,0,,,8590230
pilot_1790562436815,unblock_N500_c3,0,2026-09-28T03:33:02.748Z,zkSyncTestnet,300,sepolia.era.zksync.dev,unblock,500,3,7156,0x36c2a2c12a86da3fd5e024d5b94462561968f2a38654c5069bb34553ea961c01,3944950.400666,3946816.690625,1866.289958999958,86400,25000000,,success,1,0,,,8590231
pilot_1790562436815,unblock_N500_c3,0,2026-09-28T03:33:03.158Z,zkSyncTestnet,300,sepolia.era.zksync.dev,unblock,500,3,7155,0xf3d42c168558f842741bd129ead2d6f932303f456db493a30417877a2e1a54ed,3944440.701625,3947226.129875,2785.428249999881,86519,25000000,,success,1,0,,,8590230
pilot_1790562436815,unblock_N500_c3,0,2026-09-28T03:33:04.550Z,zkSyncTestnet,300,sepolia.era.zksync.dev,unblock,500,3,7158,0x1ce7ca6126986b967c6641a52dff2e71b706fa873e6a72a150c46a8aa7a0bfa2,3946816.783125,3948617.977166,1801.1940409997478,86513,25000000,,success,1,0,,,8590232
pilot_1790562436815,unblock_N500_c3,0,2026-09-28T03:33:05.081Z,zkSyncTestnet,300,sepolia.era.zksync.dev,unblock,500,3,7159,0x46c129430b0ab4cac023dcc68de16ff09e181d0bb67a20e4f74fd7d6ef4d195e,3947226.210291,3949149.579291,1923.3689999999478,86519,25000000,,success,1,0,,,8590233
pilot_1790562436815,unblock_N500_c3,0,2026-09-28T03:33:05.122Z,zkSyncTestnet,300,sepolia.era.zksync.dev,unblock,500,3,7157,0x77815cb5a3a7e9449043c2484c11860f93dfe1d7f16179bc8ea04fae47bef554,3946005.435708,3949190.751833,3185.3161250003614,86519,25000000,,success,1,0,,,8590232
pilot_1790562436815,unblock_N500_c3,0,2026-09-28T03:33:07.187Z,zkSyncTestnet,300,sepolia.era.zksync.dev,unblock,500,3,7160,0x4858b50e5161f607245e65953723c2acd8d8161235eda8da57f361decc0c836f,3948618.082958,3951254.967125,2636.8841670001857,86513,25000000,,success,1,0,,,8590234
pilot_1790562436815,unblock_N500_c3,0,2026-09-28T03:33:08.604Z,zkSyncTestnet,300,sepolia.era.zksync.dev,unblock,500,3,7161,0x621a2d5e5f99d11d6708f097dc2ea3f434693d6a2bf0075e7cc3d829fb78340e,3949149.638916,3952672.038666,3522.3997500003316,86519,25000000,,success,1,0,,,8590235
pilot_1790562436815,unblock_N500_c3,0,2026-09-28T03:33:08.830Z,zkSyncTestnet,300,sepolia.era.zksync.dev,unblock,500,3,7162,0x5c8716650867ccf32091ac4169218d0a62b7133fba15f9846101daad9b22675e,3949190.790541,3952898.087,3707.2964589996263,86519,25000000,,success,1,0,,,8590236
pilot_1790562436815,unblock_N500_c3,0,2026-09-28T03:33:10.084Z,zkSyncTestnet,300,sepolia.era.zksync.dev,unblock,500,3,7163,0x55ab4bea8133b55d4103f5957f7a91e7549d75accc0d566efb2a55c49fc81425,3951255.0385,3954152.179458,2897.14095800044,86513,25000000,,success,1,0,,,8590237
pilot_1790562436815,unblock_N500_c3,0,2026-09-28T03:33:12.178Z,zkSyncTestnet,300,sepolia.era.zksync.dev,unblock,500,3,7164,0x37cb30b94a0e18dfc19ca7ab3122511dea052de1ca93e0f5551f6b834088ee21,3952672.138708,3956246.651666,3574.5129579999484,86513,25000000,,success,1,0,,,8590238
pilot_1790562436815,unblock_N500_c3,0,2026-09-28T03:33:12.759Z,zkSyncTestnet,300,sepolia.era.zksync.dev,unblock,500,3,7166,0xffcc093bb9e49effd7b5526da008defbe4b4dfcebf5d05bd857380122a41e647,3954152.251083,3956827.056583,2674.805499999784,86519,25000000,,success,1,0,,,8590239
pilot_1790562436815,unblock_N500_c3,0,2026-09-28T03:33:13.914Z,zkSyncTestnet,300,sepolia.era.zksync.dev,unblock,500,3,7165,0x5d4f505be7fe3970fc4aec04472b1d84997c91c3aef306f6b3692b85c5e1ee6a,3952898.140125,3957982.340541,5084.200416000094,86513,25000000,,success,1,0,,,8590238
pilot_1790562436815,unblock_N500_c3,0,2026-09-28T03:33:16.700Z,zkSyncTestnet,300,sepolia.era.zksync.dev,unblock,500,3,7167,0xa1cc42939bfaf77d1d3baed265856b59538385bd14de85ea192a162b58dad538,3956246.695458,3960768.256333,4521.5608749999665,86513,25000000,,success,1,0,,,8590240
pilot_1790562436815,unblock_N500_c3,0,2026-09-28T03:33:17.861Z,zkSyncTestnet,300,sepolia.era.zksync.dev,unblock,500,3,7168,0x1e3f306d8eec2e424ba0b39d11e6981dcdcb16facbd1360e5dd5482bc3ca9d84,3956827.100958,3961928.998416,5101.897458000109,86513,25000000,,success,1,0,,,8590241
pilot_1790562436815,unblock_N500_c3,0,2026-09-28T03:33:18.476Z,zkSyncTestnet,300,sepolia.era.zksync.dev,unblock,500,3,7169,0x690cd150f638713848f1e20c39e6d6888d68d0805b697d659b0218222eb6ff7b,3957982.409458,3962543.968791,4561.5593329998665,86519,25000000,,success,1,0,,,8590241
pilot_1790562436815,unblock_N500_c3,0,2026-09-28T03:33:21.778Z,zkSyncTestnet,300,sepolia.era.zksync.dev,unblock,500,3,7170,0xb1c0e08a802f346e72569788de4098906c9e4744ff28da58f6f2874feaf2c6a5,3960768.35625,3965845.981125,5077.624874999747,86513,25000000,,success,1,0,,,8590242
pilot_1790562436815,unblock_N500_c3,0,2026-09-28T03:33:21.787Z,zkSyncTestnet,300,sepolia.era.zksync.dev,unblock,500,3,7171,0x251cab58900d30e13b50cf833cefd47536a0dded3a128c5299c8281d27b840e6,3961929.198833,3965854.838208,3925.6393750002608,86513,25000000,,success,1,0,,,8590242
pilot_1790562436815,unblock_N500_c3,0,2026-09-28T03:33:22.010Z,zkSyncTestnet,300,sepolia.era.zksync.dev,unblock,500,3,7172,0x830c9471f4210d456dbb1fcf8264ae79183dcf794e269af42284deceee32d4b9,3962544.043916,3966078.050666,3534.006750000175,86513,25000000,,success,1,0,,,8590243
pilot_1790562436815,unblock_N500_c3,0,2026-09-28T03:33:23.722Z,zkSyncTestnet,300,sepolia.era.zksync.dev,unblock,500,3,7173,0x9076bc97d1ce1d143c839d4bb7c5cc87b93f1e823d6e21f68aa9ad386be493d2,3965846.071791,3967790.118875,1944.0470839999616,86513,25000000,,success,1,0,,,8590244
pilot_1790562436815,unblock_N500_c3,0,2026-09-28T03:33:24.879Z,zkSyncTestnet,300,sepolia.era.zksync.dev,unblock,500,3,7174,0x20fd4a31752f02712ac365145717bf84b260121371881d0e96319f5666057929,3965854.927791,3968947.7945,3092.8667089999653,86513,25000000,,success,1,0,,,8590245
pilot_1790562436815,unblock_N500_c3,0,2026-09-28T03:33:25.521Z,zkSyncTestnet,300,sepolia.era.zksync.dev,unblock,500,3,7175,0xb82873043ee5a8b8298f081887d26106174929a75d1afd15619db85e1243ac87,3966078.105375,3969589.598791,3511.4934160001576,86519,25000000,,success,1,0,,,8590246
pilot_1790562436815,unblock_N500_c3,0,2026-09-28T03:33:25.628Z,zkSyncTestnet,300,sepolia.era.zksync.dev,unblock,500,3,7176,0x6a376c97f6c025a74399aa8321c0f1271ab14ec0a37c70a6a15f2dede72093d4,3967790.199958,3969696.073625,1905.8736670003273,86519,25000000,,success,1,0,,,8590246
pilot_1790562436815,unblock_N500_c3,0,2026-09-28T03:33:27.389Z,zkSyncTestnet,300,sepolia.era.zksync.dev,unblock,500,3,7178,0x3317f9614a318b52e960b9c6a274f677f196e143db1074ab5e9301678dc4f32e,3969589.66825,3971457.391208,1867.7229579999112,86519,25000000,,success,1,0,,,8590247
pilot_1790562436815,unblock_N500_c3,0,2026-09-28T03:33:27.912Z,zkSyncTestnet,300,sepolia.era.zksync.dev,unblock,500,3,7177,0xce200a6b8e567f0dae0ef1dbf8aa9810c518162ba45410fc1921242d13dd1245,3968947.88475,3971980.409666,3032.524915999733,86519,25000000,,success,1,0,,,8590247
pilot_1790562436815,unblock_N500_c3,0,2026-09-28T03:33:28.666Z,zkSyncTestnet,300,sepolia.era.zksync.dev,unblock,500,3,7179,0xa759e9f646cc001a6ef39e6d1cdd125f1175245f4d4c4f2ac75970e847f5d266,3969696.131625,3972734.573833,3038.442207999993,86513,25000000,,success,1,0,,,8590248
pilot_1790562436815,unblock_N500_c3,0,2026-09-28T03:33:31.437Z,zkSyncTestnet,300,sepolia.era.zksync.dev,unblock,500,3,7182,0x5fa0c7b97f179c104e9d8a5b4a200761d89192bd4338f00dfed33988e890a83f,3972734.755291,3975505.563208,2770.8079169997945,86513,25000000,,success,1,0,,,8590249
pilot_1790562436815,unblock_N500_c3,0,2026-09-28T03:33:31.585Z,zkSyncTestnet,300,sepolia.era.zksync.dev,unblock,500,3,7180,0x879ae6a3b82b06d54f93e237356cc2bc07d42417d429fc69407caea93c79754e,3971457.573916,3975653.522416,4195.94849999994,86513,25000000,,success,1,0,,,8590249
pilot_1790562436815,unblock_N500_c3,0,2026-09-28T03:33:32.402Z,zkSyncTestnet,300,sepolia.era.zksync.dev,unblock,500,3,7181,0x4822d8801301cc0a205faa23b755d72ddd9e36a2412e1ea33f09b6b1ab8de59e,3971980.4765,3976470.559416,4490.082915999927,86513,25000000,,success,1,0,,,8590249
pilot_1790562436815,unblock_N500_c3,0,2026-09-28T03:33:35.112Z,zkSyncTestnet,300,sepolia.era.zksync.dev,unblock,500,3,7183,0x48b54e45b6bdf65cb606d3f5d09fcf9371e2c8a27c9a5fe7181440cd3f7caf6a,3975505.6245,3979180.305083,3674.680583000183,86513,25000000,,success,1,0,,,8590250
pilot_1790562436815,unblock_N500_c3,0,2026-09-28T03:33:35.481Z,zkSyncTestnet,300,sepolia.era.zksync.dev,unblock,500,3,7184,0xc44cae2e7c5734186da7351f86c99956e107349200cc37450e3994e5865cf8b0,3975653.599166,3979549.507708,3895.908542000223,86519,25000000,,success,1,0,,,8590251
pilot_1790562436815,unblock_N500_c3,0,2026-09-28T03:33:37.581Z,zkSyncTestnet,300,sepolia.era.zksync.dev,unblock,500,3,7185,0xc3e44014222a704d976a649c9cc69bc6a3a9d9a09cd56d2d3fc195aa6cf768b9,3976470.648833,3981649.087208,5178.438374999911,86513,25000000,,success,1,0,,,8590252
pilot_1790562436815,unblock_N500_c3,0,2026-09-28T03:33:37.738Z,zkSyncTestnet,300,sepolia.era.zksync.dev,unblock,500,3,7186,0x0d8dca12b773ae927515582724163dce4a0aeab50327c9fa67171524afbb0ff1,3979180.419708,3981805.890416,2625.470708000008,86519,25000000,,success,1,0,,,8590253
pilot_1790562436815,unblock_N500_c3,0,2026-09-28T03:33:39.446Z,zkSyncTestnet,300,sepolia.era.zksync.dev,unblock,500,3,7188,0xbfe6ceedf08d12a2082246ef57edb0f8a956bcc0b562ba1910dfcf6ff084e778,3981649.181416,3983514.63725,1865.4558340003714,86519,25000000,,success,1,0,,,8590255
pilot_1790562436815,unblock_N500_c3,0,2026-09-28T03:33:39.967Z,zkSyncTestnet,300,sepolia.era.zksync.dev,unblock,500,3,7187,0xc21a81d252abf85ae6bc2bd726fa960b2aafa9824285de52db5def05b297b032,3979549.551791,3984034.955458,4485.403666999657,86519,25000000,,success,1,0,,,8590254
pilot_1790562436815,unblock_N500_c3,0,2026-09-28T03:33:40.293Z,zkSyncTestnet,300,sepolia.era.zksync.dev,unblock,500,3,7189,0x7a5470546f99ae5ecd1318f51c4c8015abafeb2f06c9617a75c58e1a9a092d73,3981805.921041,3984361.531125,2555.6100840000436,86513,25000000,,success,1,0,,,8590256
pilot_1790562436815,unblock_N500_c3,0,2026-09-28T03:33:41.279Z,zkSyncTestnet,300,sepolia.era.zksync.dev,unblock,500,3,7190,0xa5481fba49eb3057e627f7cfca3096947907b2e15d26a28209fafc45f345e6ca,3983514.70025,3985347.021833,1832.321582999546,86519,25000000,,success,1,0,,,8590257
pilot_1790562436815,unblock_N500_c3,0,2026-09-28T03:33:41.775Z,zkSyncTestnet,300,sepolia.era.zksync.dev,unblock,500,3,7191,0x7c6705ccfc52f7dc9b6cd1042b9d22c3204616f3b2e1b65820f128dceb070867,3984035.009666,3985843.666541,1808.6568749998696,86513,25000000,,success,1,0,,,8590258
pilot_1790562436815,unblock_N500_c3,0,2026-09-28T03:33:42.070Z,zkSyncTestnet,300,sepolia.era.zksync.dev,unblock,500,3,7192,0x53ba3c1d1e0d244488fcda73ef04550054f79c3563b213cc4d77b9418ad22928,3984361.63,3986138.148125,1776.5181249999441,86519,25000000,,success,1,0,,,8590259
pilot_1790562436815,unblock_N500_c3,0,2026-09-28T03:33:45.215Z,zkSyncTestnet,300,sepolia.era.zksync.dev,unblock,500,3,7193,0x61b43a87d0b75956b61d6936f08ea41c448da546d803d6cd9de66a43248089f8,3985347.214458,3989282.9075,3935.69304200029,86519,25000000,,success,1,0,,,8590260
pilot_1790562436815,unblock_N500_c3,0,2026-09-28T03:33:45.216Z,zkSyncTestnet,300,sepolia.era.zksync.dev,unblock,500,3,7195,0xbe0be1943a9caed871a7c9fed20e17aa0f63bd09028d169bd76281cdd8daa385,3986138.187,3989284.647,3146.4599999999627,86513,25000000,,success,1,0,,,8590260
pilot_1790562436815,unblock_N500_c3,0,2026-09-28T03:33:47.049Z,zkSyncTestnet,300,sepolia.era.zksync.dev,unblock,500,3,7194,0x40e27b5a76d316d6910eab3f1af565e52d2eba152fee92d7ec1fc021a3676b3e,3985843.753416,3991116.873625,5273.120209000073,86519,25000000,,success,1,0,,,8590260
pilot_1790562436815,unblock_N500_c3,0,2026-09-28T03:33:47.834Z,zkSyncTestnet,300,sepolia.era.zksync.dev,unblock,500,3,7196,0x21f4fabad97d645b21f42e250d32905294c0b1e0ff2cb47e1cdf39d6a8e6cfc2,3989282.959916,3991902.566291,2619.6063750004396,86513,25000000,,success,1,0,,,8590261
pilot_1790562436815,unblock_N500_c3,0,2026-09-28T03:33:48.091Z,zkSyncTestnet,300,sepolia.era.zksync.dev,unblock,500,3,7197,0xec0c0a499b937ce3dfea09f3199dc0da5c60e0043ae9af84420cc143f8f61da0,3989284.662083,3992159.265291,2874.6032079998404,86513,25000000,,success,1,0,,,8590262
pilot_1790562436815,unblock_N500_c3,0,2026-09-28T03:33:50.459Z,zkSyncTestnet,300,sepolia.era.zksync.dev,unblock,500,3,7198,0x321d7eed676feba27c5124d0ead127ce29ab120cfde9938873c37962c63138cd,3991116.920791,3994527.010291,3410.089499999769,86519,25000000,,success,1,0,,,8590263
pilot_1790562436815,unblock_N500_c3,0,2026-09-28T03:33:51.778Z,zkSyncTestnet,300,sepolia.era.zksync.dev,unblock,500,3,7200,0xeebee6fbe5df95b9a69fe220f234a96fe31e7f8f6c48a334938592406375282c,3992159.407916,3995846.046958,3686.6390419998206,86513,25000000,,success,1,0,,,8590264
pilot_1790562436815,unblock_N500_c3,0,2026-09-28T03:33:52.344Z,zkSyncTestnet,300,sepolia.era.zksync.dev,unblock,500,3,7199,0x336de98db1a86ff88deaabba3b96cc0d2efbc439826cf1def1fb95000e7332a1,3991902.655041,3996412.223208,4509.568167000078,86519,25000000,,success,1,0,,,8590264
pilot_1790562436815,unblock_N500_c3,0,2026-09-28T03:33:53.603Z,zkSyncTestnet,300,sepolia.era.zksync.dev,unblock,500,3,7202,0xbb0452b6562d077e608f27a5e19cf657396afc948c855a0f213b93bfa15bdb90,3995846.148583,3997671.256166,1825.107582999859,86519,25000000,,success,1,0,,,8590267
pilot_1790562436815,unblock_N500_c3,0,2026-09-28T03:33:53.922Z,zkSyncTestnet,300,sepolia.era.zksync.dev,unblock,500,3,7201,0xc1daf64f5cb8ec3498b0661b70e4a199114db86e9b8cdcecd8c677e5185b44bd,3994527.095583,3997989.97675,3462.881166999694,86519,25000000,,success,1,0,,,8590266
pilot_1790562436815,unblock_N500_c3,0,2026-09-28T03:33:54.150Z,zkSyncTestnet,300,sepolia.era.zksync.dev,unblock,500,3,7203,0x6265f7dfd232d7f2270f1dfcb3c2cb1c613daf5adc3266d0d35442b37e2eef6b,3996412.319208,3998217.863833,1805.5446250000969,86513,25000000,,success,1,0,,,8590268
pilot_1790562436815,unblock_N500_c3,0,2026-09-28T03:33:56.225Z,zkSyncTestnet,300,sepolia.era.zksync.dev,unblock,500,3,7204,0x54c2c6c2e218eee90d00defcd669acaccdfabf5d9156ba8a8827203007b9da69,3997671.325625,4000293.4425,2622.1168749998324,86513,25000000,,success,1,0,,,8590271
pilot_1790562436815,unblock_N500_c3,0,2026-09-28T03:33:56.762Z,zkSyncTestnet,300,sepolia.era.zksync.dev,unblock,500,3,7205,0x8f3839b70f59737e4c665d9b807bccc47eb82766166f304519df36da003d8d85,3997990.061541,4000830.530458,2840.4689170001075,86519,25000000,,success,1,0,,,8590272
pilot_1790562436815,unblock_N500_c3,0,2026-09-28T03:33:57.277Z,zkSyncTestnet,300,sepolia.era.zksync.dev,unblock,500,3,7206,0x4e06d33b8b748bf094a261f5b20e973d5e23fc70f9d9855e0a27c5fb71d47152,3998217.933,4001344.842375,3126.9093749998137,86513,25000000,,success,1,0,,,8590273
pilot_1790562436815,unblock_N500_c3,0,2026-09-28T03:33:58.547Z,zkSyncTestnet,300,sepolia.era.zksync.dev,unblock,500,3,7207,0x1a90f4a78d3592ce9d43cfe50ddf72cb07b0eb6027b0bb69d91f9e0d98506422,4000293.488958,4002615.164833,2321.6758749997243,86519,25000000,,success,1,0,,,8590275
pilot_1790562436815,unblock_N500_c3,0,2026-09-28T03:34:01.237Z,zkSyncTestnet,300,sepolia.era.zksync.dev,unblock,500,3,7208,0x7b77bf4198a5fdda3900132485db47ed3ed8bec808a11744687ffb1196711514,4000830.618291,4005304.744958,4474.126666999888,86519,25000000,,success,1,0,,,8590276
pilot_1790562436815,unblock_N500_c3,0,2026-09-28T03:34:01.489Z,zkSyncTestnet,300,sepolia.era.zksync.dev,unblock,500,3,7209,0xabc14f3f6e70bf29d1d7e315242229197d43fb5bcb16bcebc2e66172a5b160fa,4001344.904791,4005556.977083,4212.072292000055,86513,25000000,,success,1,0,,,8590277
pilot_1790562436815,unblock_N500_c3,0,2026-09-28T03:34:02.018Z,zkSyncTestnet,300,sepolia.era.zksync.dev,unblock,500,3,7210,0x2fd89a462096a32e9c84724c27afaf254811f14b2b5a19368ce702d7965937f0,4002615.241916,4006086.618541,3471.3766250000335,86519,25000000,,success,1,0,,,8590277
pilot_1790562436815,unblock_N500_c3,0,2026-09-28T03:34:03.626Z,zkSyncTestnet,300,sepolia.era.zksync.dev,unblock,500,3,7211,0x668059e9e1bfed8d9c8b602282dfec113d3d1be22ac3500bb76acceaeec6f9c1,4005304.795375,4007694.314208,2389.5188329997472,86519,25000000,,success,1,0,,,8590278
pilot_1790562436815,unblock_N500_c3,0,2026-09-28T03:34:05.368Z,zkSyncTestnet,300,sepolia.era.zksync.dev,unblock,500,3,7213,0x6cfa58daa9b7feb2e4b8bea5ed1cd17808cec762c9a01fef3d00cb8c48267825,4006086.804958,4009435.868375,3349.0634170002304,86519,25000000,,success,1,0,,,8590280
pilot_1790562436815,unblock_N500_c3,0,2026-09-28T03:34:06.186Z,zkSyncTestnet,300,sepolia.era.zksync.dev,unblock,500,3,7212,0xf3c435da430e7c1a1ba2a4d01b0ec9ea851780e9260ec1ca08d7fbad239b797e,4005557.161,4010254.547833,4697.386832999997,86513,25000000,,success,1,0,,,8590280
pilot_1790562436815,unblock_N500_c3,0,2026-09-28T03:34:06.214Z,zkSyncTestnet,300,sepolia.era.zksync.dev,unblock,500,3,7214,0xf7ef120856992e53ccaeb66d3c04f0a57bcab310f0e019575d327eb290b94c58,4007694.37475,4010281.676833,2587.302083000075,86519,25000000,,success,1,0,,,8590280
pilot_1790562436815,unblock_N500_c3,0,2026-09-28T03:34:08.581Z,zkSyncTestnet,300,sepolia.era.zksync.dev,unblock,500,3,7215,0x0c58ec98cac387ea1bbbe74531bd1c367a0c3bc94ec58595909d1f4e0313577b,4009436.043666,4012649.14225,3213.098584000021,86513,25000000,,success,1,0,,,8590282
pilot_1790562436815,unblock_N500_c3,0,2026-09-28T03:34:10.250Z,zkSyncTestnet,300,sepolia.era.zksync.dev,unblock,500,3,7216,0x209b4c5d442715071e084ce00d421a1a08ca0543c4adf27def1a30b0ddd281b3,4010254.651083,4014317.936833,4063.2857499998063,86519,25000000,,success,1,0,,,8590283
pilot_1790562436815,unblock_N500_c3,0,2026-09-28T03:34:10.252Z,zkSyncTestnet,300,sepolia.era.zksync.dev,unblock,500,3,7217,0xae7c35499ef6b06fa5876fc7d8c1a7e118525a2cffc5c85628523b78ae9a42f3,4010281.770666,4014320.266875,4038.4962090002373,86519,25000000,,success,1,0,,,8590284
pilot_1790562436815,unblock_N500_c3,0,2026-09-28T03:34:11.945Z,zkSyncTestnet,300,sepolia.era.zksync.dev,unblock,500,3,7218,0x7cd60e2e32fb27ab19862c246c45d691e81eb2037471c7d25e7284323c200235,4012649.231875,4016013.635291,3364.403415999841,86519,25000000,,success,1,0,,,8590285
pilot_1790562436815,unblock_N500_c3,0,2026-09-28T03:34:13.004Z,zkSyncTestnet,300,sepolia.era.zksync.dev,unblock,500,3,7219,0x8d070c19aeb76f450ecb8907fb078d4afae485004da0532a8effc4275d3f25af,4014318.026125,4017072.174833,2754.1487080003135,86513,25000000,,success,1,0,,,8590286
pilot_1790562436815,unblock_N500_c3,0,2026-09-28T03:34:14.575Z,zkSyncTestnet,300,sepolia.era.zksync.dev,unblock,500,3,7220,0x3db3119791935fc833a160fb63964595a0dac1279f6d3565512844716c5caf21,4014320.281083,4018643.077458,4322.796374999918,86519,25000000,,success,1,0,,,8590287
pilot_1790562436815,unblock_N500_c3,0,2026-09-28T03:34:14.577Z,zkSyncTestnet,300,sepolia.era.zksync.dev,unblock,500,3,7221,0x69b3b6f07bc58330075a6235cf0e826d2ffcf680dcc726b9013d87c555c302e4,4016013.682458,4018644.987083,2631.304625000339,86519,25000000,,success,1,0,,,8590287
pilot_1790562436815,unblock_N500_c3,0,2026-09-28T03:34:16.674Z,zkSyncTestnet,300,sepolia.era.zksync.dev,unblock,500,3,7222,0x27ec3b370ddf9704623daf6cd313a7bd7c0e0303b1605ae88a0c46818ddea320,4017072.278541,4020742.441208,3670.162666999735,86519,25000000,,success,1,0,,,8590288
pilot_1790562436815,unblock_N500_c3,0,2026-09-28T03:34:17.201Z,zkSyncTestnet,300,sepolia.era.zksync.dev,unblock,500,3,7223,0x5b100f713825706c9cb065ab9f573a9b26b710b48769f78b2a98b9eb4719c433,4018643.136666,4021269.502375,2626.365709000267,86513,25000000,,success,1,0,,,8590289
pilot_1790562436815,unblock_N500_c3,0,2026-09-28T03:34:18.514Z,zkSyncTestnet,300,sepolia.era.zksync.dev,unblock,500,3,7225,0x2903da3a3703702c5bd6cb0c853f33fe25a6359998cd3cb6b10c525501b157a7,4020742.5195,4022582.411208,1839.8917080000974,86513,25000000,,success,1,0,,,8590291
pilot_1790562436815,unblock_N500_c3,0,2026-09-28T03:34:18.565Z,zkSyncTestnet,300,sepolia.era.zksync.dev,unblock,500,3,7224,0x9d0410b96e9dde02d9446e4f4e647b25f30a8273dd365602eae0ff0d61944b2b,4018644.999416,4022633.384791,3988.385374999605,86513,25000000,,success,1,0,,,8590290
pilot_1790562436815,unblock_N500_c3,0,2026-09-28T03:34:20.048Z,zkSyncTestnet,300,sepolia.era.zksync.dev,unblock,500,3,7226,0x6363bc9c7ffa23d5f8f19f03e4537927a67097d6a02eeaa265d91639121c5599,4021269.57775,4024115.73825,2846.1604999997653,86519,25000000,,success,1,0,,,8590292
pilot_1790562436815,unblock_N500_c3,0,2026-09-28T03:34:21.194Z,zkSyncTestnet,300,sepolia.era.zksync.dev,unblock,500,3,7227,0xb585f987cb66881c787db5d703a36192e2d2e02c2a755bb84c69cf110027250e,4022582.500458,4025261.648791,2679.1483329995535,86400,25000000,,success,1,0,,,8590293
pilot_1790562436815,unblock_N500_c3,0,2026-09-28T03:34:21.391Z,zkSyncTestnet,300,sepolia.era.zksync.dev,unblock,500,3,7228,0xe3439eff54f669b24cdd80eab8a7eec718763a63640d0523ee7a8696c9d8c2f2,4022633.42825,4025459.459666,2826.0314160003327,86519,25000000,,success,1,0,,,8590293
pilot_1790562436815,unblock_N500_c3,0,2026-09-28T03:34:21.916Z,zkSyncTestnet,300,sepolia.era.zksync.dev,unblock,500,3,7229,0xe6ed526c7dc89965d33d9336c7eaa1da0186a05853bfeca082ea37badcb55489,4024115.8285,4025984.555333,1868.7268330003135,86519,25000000,,success,1,0,,,8590294
pilot_1790562436815,unblock_N500_c3,0,2026-09-28T03:34:24.598Z,zkSyncTestnet,300,sepolia.era.zksync.dev,unblock,500,3,7230,0x891292f8d7844f8690d5300f49d147367ece8d21634217791009d432adf19860,4025261.8275,4028666.53975,3404.712249999866,86513,25000000,,success,1,0,,,8590295
pilot_1790562436815,unblock_N500_c3,0,2026-09-28T03:34:25.061Z,zkSyncTestnet,300,sepolia.era.zksync.dev,unblock,500,3,7231,0xe63129ae482f288cf0186ea73bdb4230c02089d3f6b9f7eddb8a308b4258acd1,4025459.509208,4029129.492208,3669.9830000000075,86519,25000000,,success,1,0,,,8590296
pilot_1790562436815,unblock_N500_c3,0,2026-09-28T03:34:25.294Z,zkSyncTestnet,300,sepolia.era.zksync.dev,unblock,500,3,7232,0x13b23b565f99c88c76f81b5070d6ce79d66b6e972f47ea354b03febe329b03e0,4025984.617333,4029362.247083,3377.6297499998473,86519,25000000,,success,1,0,,,8590296
pilot_1790562436815,unblock_N500_c3,0,2026-09-28T03:34:27.160Z,zkSyncTestnet,300,sepolia.era.zksync.dev,unblock,500,3,7233,0x9f939b7aacafb23dcadfee24a7d52d90ccf7d18af483b25683cfaeceae5aa56e,4028666.595583,4031228.099208,2561.5036249998957,86513,25000000,,success,1,0,,,8590297
pilot_1790562436815,unblock_N500_c3,0,2026-09-28T03:34:27.775Z,zkSyncTestnet,300,sepolia.era.zksync.dev,unblock,500,3,7234,0x206ced778e53327720830668f2533a96f04bf0ecc1be1668c39dff3e0dd97f36,4029129.568708,4031843.51025,2713.941542000044,86513,25000000,,success,1,0,,,8590298
pilot_1790562436815,unblock_N500_c3,0,2026-09-28T03:34:29.851Z,zkSyncTestnet,300,sepolia.era.zksync.dev,unblock,500,3,7236,0x4e2d5a0d903dd45d405182ad58416d5134df4a53e4e60f7405ef17443dd7fc06,4031228.174416,4033919.283666,2691.1092499997467,86513,25000000,,success,1,0,,,8590300
pilot_1790562436815,unblock_N500_c3,0,2026-09-28T03:34:29.853Z,zkSyncTestnet,300,sepolia.era.zksync.dev,unblock,500,3,7235,0xb261c6e6d3629dac3ca65498fcc65db0c1bf74dada328bfcf4a0de1422749e35,4029362.349166,4033921.1955,4558.846334000118,86513,25000000,,success,1,0,,,8590299
pilot_1790562436815,unblock_N500_c3,0,2026-09-28T03:34:31.464Z,zkSyncTestnet,300,sepolia.era.zksync.dev,unblock,500,3,7237,0xe869d88cf6dc6755e869923a76b5dc588f42fffa86eadc06a2950daf67754054,4031843.591791,4035532.030458,3688.4386669998057,86513,25000000,,success,1,0,,,8590301
pilot_1790562436815,unblock_N500_c3,0,2026-09-28T03:34:31.641Z,zkSyncTestnet,300,sepolia.era.zksync.dev,unblock,500,3,7238,0x67e1288772ada657cdede2ef6900e0997b23d8119e6ae9a18b5bee6273877e1c,4033919.369416,4035708.676791,1789.307375000324,86519,25000000,,success,1,0,,,8590302
pilot_1790562436815,unblock_N500_c3,0,2026-09-28T03:34:32.921Z,zkSyncTestnet,300,sepolia.era.zksync.dev,unblock,500,3,7239,0x34684e6f12837debd3d7e0d5d497bf988c31a86e59ef7ee3b4718a38feef960f,4033921.207291,4036989.255041,3068.0477499999106,86513,25000000,,success,1,0,,,8590303
pilot_1790562436815,unblock_N500_c3,0,2026-09-28T03:34:33.215Z,zkSyncTestnet,300,sepolia.era.zksync.dev,unblock,500,3,7240,0xafc0f9342f92e2d31fbe0dde3622165a39986d7a85ff83fd809cc50169619abf,4035532.102916,4037283.500916,1751.3980000000447,86513,25000000,,success,1,0,,,8590304
pilot_1790562436815,unblock_N500_c3,0,2026-09-28T03:34:34.735Z,zkSyncTestnet,300,sepolia.era.zksync.dev,unblock,500,3,7241,0xec774d0273d8d83ca531e31199fa94728d457657f8f839cce253c91e98ea7c04,4035708.745041,4038803.216625,3094.4715839996934,86519,25000000,,success,1,0,,,8590305
pilot_1790562436815,unblock_N500_c3,0,2026-09-28T03:34:34.737Z,zkSyncTestnet,300,sepolia.era.zksync.dev,unblock,500,3,7242,0x73f87539cde22c48ca9d407159ed217b5cf1933d67471a9009ace1fd839a6bde,4036989.351041,4038805.404791,1816.0537499999627,86519,25000000,,success,1,0,,,8590306
pilot_1790562436815,unblock_N500_c3,0,2026-09-28T03:34:36.598Z,zkSyncTestnet,300,sepolia.era.zksync.dev,unblock,500,3,7244,0x07a91dd813a3a973c6e1e6d1a05089bbb5137ecc7cde5cd7f6f64b0fd3d7f5cd,4038803.338375,4040666.000791,1862.6624160003848,86513,25000000,,success,1,0,,,8590307
pilot_1790562436815,unblock_N500_c3,0,2026-09-28T03:34:37.125Z,zkSyncTestnet,300,sepolia.era.zksync.dev,unblock,500,3,7243,0xd2a71c5eb5aba8fe1e2f187b71c2a4f69e6a6653a29719be14bd54e3a07cf5a7,4037283.55075,4041193.204541,3909.6537910001352,86513,25000000,,success,1,0,,,8590307
pilot_1790562436815,unblock_N500_c3,0,2026-09-28T03:34:38.266Z,zkSyncTestnet,300,sepolia.era.zksync.dev,unblock,500,3,7245,0x7bf4cc1044ba828f64cc9b8ee1ff7f7c0c234e165ee735ddc84f49be44f2e25c,4038805.415125,4042333.752875,3528.337749999948,86519,25000000,,success,1,0,,,8590308
pilot_1790562436815,unblock_N500_c3,0,2026-09-28T03:34:39.477Z,zkSyncTestnet,300,sepolia.era.zksync.dev,unblock,500,3,7246,0x3e58fada91d185cedc2912600dbe73b2fad810a56681563ce19aef772eb5d806,4040666.109791,4043544.562125,2878.4523340002634,86513,25000000,,success,1,0,,,8590309
pilot_1790562436815,unblock_N500_c3,0,2026-09-28T03:34:40.598Z,zkSyncTestnet,300,sepolia.era.zksync.dev,unblock,500,3,7247,0x3c8463f9ad2b76b9656d3c02af91eec5e9c1c3c468373367c7ae663fd3311379,4041193.270916,4044665.743875,3472.4729590001516,86513,25000000,,success,1,0,,,8590310
pilot_1790562436815,unblock_N500_c3,0,2026-09-28T03:34:41.318Z,zkSyncTestnet,300,sepolia.era.zksync.dev,unblock,500,3,7249,0x65d5788683878604ed40ff515180242899bef6360694963aa2e7036d3928a5af,4043544.636875,4045386.213708,1841.576832999941,86513,25000000,,success,1,0,,,8590311
pilot_1790562436815,unblock_N500_c3,0,2026-09-28T03:34:41.320Z,zkSyncTestnet,300,sepolia.era.zksync.dev,unblock,500,3,7248,0x9936ec7abcaf1598530763ca8eda9f5f5a99b7703f1b1145bceac861daa56d63,4042333.84325,4045388.025166,3054.181915999856,86519,25000000,,success,1,0,,,8590311
pilot_1790562436815,unblock_N500_c3,0,2026-09-28T03:34:43.149Z,zkSyncTestnet,300,sepolia.era.zksync.dev,unblock,500,3,7251,0x54418d6246cd20ccd63301365ee67551ff9037952aa0a817aa45e9d027637f11,4045386.295,4047217.415458,1831.120457999874,86519,25000000,,success,1,0,,,8590312
pilot_1790562436815,unblock_N500_c3,0,2026-09-28T03:34:43.639Z,zkSyncTestnet,300,sepolia.era.zksync.dev,unblock,500,3,7250,0xc7b7fce694ccd69c33f57f7243281a03bc4fa396495606f2b0febfd94bf49a7d,4044665.825625,4047706.894166,3041.0685410001315,86513,25000000,,success,1,0,,,8590312
pilot_1790562436815,unblock_N500_c3,0,2026-09-28T03:34:43.789Z,zkSyncTestnet,300,sepolia.era.zksync.dev,unblock,500,3,7252,0xc73c16c098312dee1241c84723e4c5a42faaa3d0fc9e6d17fa127e47d6651b70,4045388.037833,4047857.528875,2469.491041999776,86519,25000000,,success,1,0,,,8590313
pilot_1790562436815,unblock_N500_c3,0,2026-09-28T03:34:45.511Z,zkSyncTestnet,300,sepolia.era.zksync.dev,unblock,500,3,7254,0xce1f77a40df0928e417645389dc886ede79d0c8ab696f6d2fd32eca88d04fb4b,4047706.983375,4049579.180458,1872.1970830000937,86519,25000000,,success,1,0,,,8590314
pilot_1790562436815,unblock_N500_c3,0,2026-09-28T03:34:45.513Z,zkSyncTestnet,300,sepolia.era.zksync.dev,unblock,500,3,7253,0x2effd3aa3f82151532a9b7d8d005ce3a0f875cda3075d70e7fae1222621d8955,4047217.497333,4049581.238583,2363.7412499999627,86519,25000000,,success,1,0,,,8590314
pilot_1790562436815,unblock_N500_c3,0,2026-09-28T03:34:46.631Z,zkSyncTestnet,300,sepolia.era.zksync.dev,unblock,500,3,7255,0xa8db3ef63b182b024b134036743a3b2e4d2e62b474b1ec8f3d8a646a22f2aebe,4047857.592708,4050698.856916,2841.2642080001533,86513,25000000,,success,1,0,,,8590315
pilot_1790562436815,unblock_N500_c3,0,2026-09-28T03:34:47.350Z,zkSyncTestnet,300,sepolia.era.zksync.dev,unblock,500,3,7256,0x0488a02d214a90042fdaf436d24d093a3cc49a8e44726d746ca64cd5199aa584,4049579.272291,4051417.8125,1838.5402089999989,86513,25000000,,success,1,0,,,8590316
pilot_1790562436815,unblock_N500_c3,0,2026-09-28T03:34:48.203Z,zkSyncTestnet,300,sepolia.era.zksync.dev,unblock,500,3,7257,0xd8f0764c4bbfce50cb3c11edd8ca33c3023c6164da9a4ee6391e2210d3f54d53,4049581.250333,4052271.057,2689.8066670000553,86513,25000000,,success,1,0,,,8590317
pilot_1790562436815,unblock_N500_c3,0,2026-09-28T03:34:48.445Z,zkSyncTestnet,300,sepolia.era.zksync.dev,unblock,500,3,7258,0x875dc784b45c9b33747384285b921cce39ddfa07b17226a3067aeb67e7e8315b,4050699.009083,4052512.837583,1813.8284999998286,86513,25000000,,success,1,0,,,8590318
pilot_1790562436815,unblock_N500_c3,0,2026-09-28T03:34:50.019Z,zkSyncTestnet,300,sepolia.era.zksync.dev,unblock,500,3,7259,0x73f8cadcea5690b3e4b16f7637afdc45cf08147910c24f30a4486825f9c681c9,4051417.995541,4054086.811083,2668.815542000346,86513,25000000,,success,1,0,,,8590319
pilot_1790562436815,unblock_N500_c3,0,2026-09-28T03:34:51.277Z,zkSyncTestnet,300,sepolia.era.zksync.dev,unblock,500,3,7260,0x0eed507c8716b8714ebbe8fc0498695899b4c80fada9b6a7e43e5d5c512878c4,4052271.098625,4055344.682041,3073.5834160000086,86513,25000000,,success,1,0,,,8590320
pilot_1790562436815,unblock_N500_c3,0,2026-09-28T03:34:51.801Z,zkSyncTestnet,300,sepolia.era.zksync.dev,unblock,500,3,7261,0x646439cdfd350263ad76bb3b9898af65ebda425fc0384afa7d27f5873721dec8,4052512.895,4055869.012083,3356.117083000019,86519,25000000,,success,1,0,,,8590321
pilot_1790562436815,unblock_N500_c3,0,2026-09-28T03:34:52.558Z,zkSyncTestnet,300,sepolia.era.zksync.dev,unblock,500,3,7262,0xaaf6db5d427c9c97725ecb1c397dc949fb897939ace60d74068e2a8a5458e873,4054086.991125,4056625.747166,2538.756040999666,86513,25000000,,success,1,0,,,8590321
pilot_1790562436815,unblock_N500_c3,0,2026-09-28T03:34:53.077Z,zkSyncTestnet,300,sepolia.era.zksync.dev,unblock,500,3,7263,0x8d297126ed378f2222c2d5405d863b5dc526fd179422a8401039a8d33d058efe,4055344.753833,4057145.048333,1800.2944999998435,86513,25000000,,success,1,0,,,8590322
pilot_1790562436815,unblock_N500_c3,0,2026-09-28T03:34:54.498Z,zkSyncTestnet,300,sepolia.era.zksync.dev,unblock,500,3,7264,0x7cd1b62e743ad852660a961525852ff635e1dec5108fac568ca4b9c0c9ae2eb5,4055869.183125,4058565.67775,2696.4946249998175,86519,25000000,,success,1,0,,,8590323
pilot_1790562436815,unblock_N500_c3,0,2026-09-28T03:34:56.277Z,zkSyncTestnet,300,sepolia.era.zksync.dev,unblock,500,3,7267,0x82c7eca638cc22741b0193d3e127d9aded8eab983333377c17f0143b9ea988fc,4058565.762375,4060344.501625,1778.7392500001006,86513,25000000,,success,1,0,,,8590325
pilot_1790562436815,unblock_N500_c3,0,2026-09-28T03:34:56.777Z,zkSyncTestnet,300,sepolia.era.zksync.dev,unblock,500,3,7266,0xd58825a803030f7d6f3d543f06de90734d05d2bec5d658a0d2a7ee5842e2e6aa,4057145.1335,4060845.034291,3699.900791000109,86519,25000000,,success,1,0,,,8590325
pilot_1790562436815,unblock_N500_c3,0,2026-09-28T03:34:57.048Z,zkSyncTestnet,300,sepolia.era.zksync.dev,unblock,500,3,7265,0x2c676249c90b754425279797af9ac44f228f2060f5142752c64b71e036636030,4056625.844166,4061115.764208,4489.920042000245,86513,25000000,,success,1,0,,,8590324
pilot_1790562436815,unblock_N500_c3,0,2026-09-28T03:34:58.202Z,zkSyncTestnet,300,sepolia.era.zksync.dev,unblock,500,3,7268,0xb6b115db3ca187338c74a2be813fdb0dbb773d7964365106e1a4c254cd587665,4060344.599208,4062269.900916,1925.3017079997808,86513,25000000,,success,1,0,,,8590326
pilot_1790562436815,unblock_N500_c3,0,2026-09-28T03:34:59.511Z,zkSyncTestnet,300,sepolia.era.zksync.dev,unblock,500,3,7269,0x11b167e5b2c8078550d480db0c2194a110c95b46d81bf3bcbdd36a86dbc5b7cf,4060845.097375,4063579.033333,2733.9359579999,86519,25000000,,success,1,0,,,8590327
pilot_1790562436815,unblock_N500_c3,0,2026-09-28T03:34:59.732Z,zkSyncTestnet,300,sepolia.era.zksync.dev,unblock,500,3,7270,0x2aa10be3b4322006f3aa10cd844a978316f3b707c9ca2561ca60815805e9b617,4061115.837833,4063800.024041,2684.186207999941,86513,25000000,,success,1,0,,,8590328
pilot_1790562436815,unblock_N500_c3,0,2026-09-28T03:35:00.193Z,zkSyncTestnet,300,sepolia.era.zksync.dev,unblock,500,3,7271,0xc609cf74d38f4759efd272de30998efb23732bc10f247690de172531558ef633,4062269.948875,4064260.697166,1990.7482910002582,86519,25000000,,success,1,0,,,8590329
pilot_1790562436815,unblock_N500_c3,0,2026-09-28T03:35:01.482Z,zkSyncTestnet,300,sepolia.era.zksync.dev,unblock,500,3,7272,0x4d4599e6ff8250e065a80014eaeeb2df954765ebee0f5057155a7bf642bf3a42,4063579.081875,4065549.889708,1970.8078329996206,86519,25000000,,success,1,0,,,8590330
pilot_1790562436815,unblock_N500_c3,0,2026-09-28T03:35:02.810Z,zkSyncTestnet,300,sepolia.era.zksync.dev,unblock,500,3,7273,0x7f484b62f379cfcde99342d894e042438e1eb58ce3ca3a49cedbd5305a3cb5f3,4063800.072833,4066877.899375,3077.8265419998206,86519,25000000,,success,1,0,,,8590331
pilot_1790562436815,unblock_N500_c3,0,2026-09-28T03:35:02.875Z,zkSyncTestnet,300,sepolia.era.zksync.dev,unblock,500,3,7274,0x6742696f09f45afb30b318a2b44992e0e5c04237773b716adc7c9a762a22f9d3,4064260.760666,4066943.160541,2682.3998749996535,86513,25000000,,success,1,0,,,8590332
pilot_1790562436815,unblock_N500_c3,0,2026-09-28T03:35:04.670Z,zkSyncTestnet,300,sepolia.era.zksync.dev,unblock,500,3,7275,0xe75b5e9cd27038309f5fcb7aef9b3c3d6ccd806af2cab46cba0fbc1e55a02ab2,4065549.968166,4068738.028,3188.059833999723,86513,25000000,,success,1,0,,,8590333
pilot_1790562436815,unblock_N500_c3,0,2026-09-28T03:35:05.445Z,zkSyncTestnet,300,sepolia.era.zksync.dev,unblock,500,3,7276,0x316d41c0469cf6e81288a48f65af1224a52b1f2b6a16afdd4865bc148a199153,4066877.994958,4069512.846708,2634.85175000038,86513,25000000,,success,1,0,,,8590334
pilot_1790562436815,unblock_N500_c3,0,2026-09-28T03:35:06.282Z,zkSyncTestnet,300,sepolia.era.zksync.dev,unblock,500,3,7277,0xa26b08caa016fe665d1ee71f38c9daf4a302d209f8b43f289cec74f5fa7c2ee2,4066943.179,4070350.167125,3406.988125000149,86519,25000000,,success,1,0,,,8590335
pilot_1790562436815,unblock_N500_c3,0,2026-09-28T03:35:06.496Z,zkSyncTestnet,300,sepolia.era.zksync.dev,unblock,500,3,7278,0xa018dc04098eb8a1b6d6de4850065ff5238c0ac15078acc596e74a5c17c21b73,4068738.225416,4070564.193791,1825.9683750001714,86519,25000000,,success,1,0,,,8590336
pilot_1790562436815,unblock_N500_c3,0,2026-09-28T03:35:07.242Z,zkSyncTestnet,300,sepolia.era.zksync.dev,unblock,500,3,7279,0x6a61448dea2e0a9dab17fa414cfb0046e6c3f1d68647ce1658b69906a0026871,4069513.024125,4071309.99375,1796.9696249999106,86519,25000000,,success,1,0,,,8590337
pilot_1790562436815,unblock_N500_c3,0,2026-09-28T03:35:08.081Z,zkSyncTestnet,300,sepolia.era.zksync.dev,unblock,500,3,7280,0xc7b75dc93f1bbb6f1c0259024ee1b005ebfa745ff51bb7706fea19f588a95b3f,4070350.238875,4072148.526208,1798.2873329999857,86513,25000000,,success,1,0,,,8590338
pilot_1790562436815,unblock_N500_c3,0,2026-09-28T03:35:09.184Z,zkSyncTestnet,300,sepolia.era.zksync.dev,unblock,500,3,7281,0xce99974b8b79e8cd761ac42f80e32d88213027e5e05e1dae5f52eb191770efac,4070564.245,4073251.539458,2687.2944579999894,86519,25000000,,success,1,0,,,8590339
pilot_1790562436815,unblock_N500_c3,0,2026-09-28T03:35:09.459Z,zkSyncTestnet,300,sepolia.era.zksync.dev,unblock,500,3,7282,0xe55f28540a03ab230ef76fd790784825e7b5d0036977ababc99661bb09d89dc7,4071310.168458,4073527.224541,2217.056083000265,86513,25000000,,success,1,0,,,8590339
pilot_1790562436815,unblock_N500_c3,0,2026-09-28T03:35:10.698Z,zkSyncTestnet,300,sepolia.era.zksync.dev,unblock,500,3,7283,0xad08758960f19ef7f3421449d8c277452c02be7ffdc32ae43c4ff8f64ad2ed9f,4072148.593,4074766.335625,2617.7426249999553,86513,25000000,,success,1,0,,,8590340
pilot_1790562436815,unblock_N500_c3,0,2026-09-28T03:35:10.999Z,zkSyncTestnet,300,sepolia.era.zksync.dev,unblock,500,3,7284,0xa1169331ce61584f14cde7b2c9e540587c9bd5733a4af00ea2b884c719a4a8d9,4073251.632083,4075067.417375,1815.7852920000441,86519,25000000,,success,1,0,,,8590341
pilot_1790562436815,unblock_N500_c3,0,2026-09-28T03:35:11.259Z,zkSyncTestnet,300,sepolia.era.zksync.dev,unblock,500,3,7285,0x2641d780c42c305792a3aea009d786a25e80201194f0061442c3204bd1e494e1,4073527.271416,4075326.913708,1799.6422919998877,86519,25000000,,success,1,0,,,8590342
pilot_1790562436815,unblock_N500_c3,0,2026-09-28T03:35:12.524Z,zkSyncTestnet,300,sepolia.era.zksync.dev,unblock,500,3,7286,0xeb9eb619111768c05fb9b21079bcaf49fdf63d101d7fed5dccf6ca09973c244e,4074766.4075,4076591.630791,1825.2232909998856,86519,25000000,,success,1,0,,,8590343
pilot_1790562436815,unblock_N500_c3,0,2026-09-28T03:35:13.831Z,zkSyncTestnet,300,sepolia.era.zksync.dev,unblock,500,3,7287,0x25d1a66baad3b566b44d522b90de8ec3471a23a3c2ff2de8b93c7aaf38ea4465,4075067.544875,4077898.66725,2831.1223749998026,86519,25000000,,success,1,0,,,8590344
pilot_1790562436815,unblock_N500_c3,0,2026-09-28T03:35:14.064Z,zkSyncTestnet,300,sepolia.era.zksync.dev,unblock,500,3,7288,0x8f6b08789869f557765f7634af20aa6eee395c0d40ff281136f1519ba9979278,4075326.965833,4078131.448041,2804.4822080000304,86519,25000000,,success,1,0,,,8590345
pilot_1790562436815,unblock_N500_c3,0,2026-09-28T03:35:15.159Z,zkSyncTestnet,300,sepolia.era.zksync.dev,unblock,500,3,7289,0x8ad023e2daa6598369176a304dacbf34cb119359438ed133fde71f4632a2945a,4076591.706833,4079227.230458,2635.52362500038,86519,25000000,,success,1,0,,,8590347
pilot_1790562436815,unblock_N500_c3,0,2026-09-28T03:35:15.657Z,zkSyncTestnet,300,sepolia.era.zksync.dev,unblock,500,3,7290,0x5f0489059644bf4a219fb04c0c77c8fb47a55379146e42617f32290215f107ce,4077898.859166,4079724.86275,1826.0035839998163,86513,25000000,,success,1,0,,,8590348
pilot_1790562436815,unblock_N500_c3,0,2026-09-28T03:35:16.968Z,zkSyncTestnet,300,sepolia.era.zksync.dev,unblock,500,3,7291,0x518f65264e6a57ae6d1973e9fdbdabf84185a94ec20540203cf2f6ffb6faa8f4,4078131.50225,4081035.588416,2904.0861659999937,86519,25000000,,success,1,0,,,8590349
pilot_1790562436815,unblock_N500_c3,0,2026-09-28T03:35:17.490Z,zkSyncTestnet,300,sepolia.era.zksync.dev,unblock,500,3,7292,0x1c7b45481c36b4666010c339b22a690ae5d4b80e40d8ad2639b69c2d91d238a1,4079227.312083,4081557.940916,2330.6288330000825,86513,25000000,,success,1,0,,,8590350
pilot_1790562436815,unblock_N500_c3,0,2026-09-28T03:35:17.492Z,zkSyncTestnet,300,sepolia.era.zksync.dev,unblock,500,3,7293,0x88c1e522d88d842bf30dc9fe8f5ba7e7f7b251e24abcd6c7b283f122723a5ca2,4079724.950666,4081559.6595,1834.7088339999318,86513,25000000,,success,1,0,,,8590350
pilot_1790562436815,unblock_N500_c3,0,2026-09-28T03:35:19.779Z,zkSyncTestnet,300,sepolia.era.zksync.dev,unblock,500,3,7294,0xdc7ad7bf174f88ca6308bc1711b090c5c15878a2a7a5025e7976896c5823de07,4081035.684041,4083847.11325,2811.4292089999653,86519,25000000,,success,1,0,,,8590351
pilot_1790562436815,unblock_N500_c3,0,2026-09-28T03:35:20.346Z,zkSyncTestnet,300,sepolia.era.zksync.dev,unblock,500,3,7295,0xda98036f62a7033b9e966bcb9af505172edf24fe2cb6ed866cc676e3b32d1c02,4081557.967625,4084413.9455,2855.977874999866,86513,25000000,,success,1,0,,,8590352
pilot_1790562436815,unblock_N500_c3,0,2026-09-28T03:35:21.685Z,zkSyncTestnet,300,sepolia.era.zksync.dev,unblock,500,3,7297,0x08aaf0209b66ac3eb937baf2f8c9ddb04de01e1f5f9a788b350b922d7dce4c5d,4083847.195416,4085752.887791,1905.692374999635,86513,25000000,,success,1,0,,,8590354
pilot_1790562436815,unblock_N500_c3,0,2026-09-28T03:35:21.987Z,zkSyncTestnet,300,sepolia.era.zksync.dev,unblock,500,3,7296,0xa4b115b46d947debfe44da13fe75b8f2141a434c694d74b3f5b9895a49d91b32,4081559.674541,4086054.75825,4495.083709000144,86513,25000000,,success,1,0,,,8590353
pilot_1790562436815,unblock_N500_c3,0,2026-09-28T03:35:22.753Z,zkSyncTestnet,300,sepolia.era.zksync.dev,unblock,500,3,7298,0x224c7f00f814b45ee5ead211d8e7a671d092d123ee35c9b2a31af414a51b710e,4084414.027791,4086821.158375,2407.130584000144,86513,25000000,,success,1,0,,,8590355
pilot_1790562436815,unblock_N500_c3,0,2026-09-28T03:35:24.047Z,zkSyncTestnet,300,sepolia.era.zksync.dev,unblock,500,3,7299,0x1205423a60cd13d7c1b297ea4e3d8a374cf5b89c999db7e3a7c36d82d318340c,4085752.970625,4088114.548541,2361.5779160000384,86519,25000000,,success,1,0,,,8590356
pilot_1790562436815,unblock_N500_c3,0,2026-09-28T03:35:25.367Z,zkSyncTestnet,300,sepolia.era.zksync.dev,unblock,500,3,7301,0x0620dad3951832173edaef592633f7005d0ea9bccbcb53c490bf394e3d35e776,4086821.24825,4089435.137416,2613.8891659998335,86513,25000000,,success,1,0,,,8590357
pilot_1790562436815,unblock_N500_c3,0,2026-09-28T03:35:25.602Z,zkSyncTestnet,300,sepolia.era.zksync.dev,unblock,500,3,7300,0xd1e0a66499d9ab899098f556030884f0716304fde43e4148ce2843111b4bb4df,4086054.878583,4089669.608333,3614.7297499999404,86513,25000000,,success,1,0,,,8590357
pilot_1790562436815,unblock_N500_c3,0,2026-09-28T03:35:27.978Z,zkSyncTestnet,300,sepolia.era.zksync.dev,unblock,500,3,7302,0x9f049df1348c4d8e8902fa18459555f5837904e2f97247c47e013d1e01aac558,4088114.63575,4092045.540583,3930.9048330001533,86519,25000000,,success,1,0,,,8590358
pilot_1790562436815,unblock_N500_c3,0,2026-09-28T03:35:27.980Z,zkSyncTestnet,300,sepolia.era.zksync.dev,unblock,500,3,7303,0xead8e1eac18f44c1b4bcda1e268c254b4396f952223e82431358998050cf500f,4089435.223375,4092047.707625,2612.4842499997467,86513,25000000,,success,1,0,,,8590359
pilot_1790562436815,unblock_N500_c3,0,2026-09-28T03:35:29.867Z,zkSyncTestnet,300,sepolia.era.zksync.dev,unblock,500,3,7304,0x2979ea8f85896ea983d2bdefb9c85d4bdf10a315c6c49827d6746f7064143458,4089669.6815,4093934.5085,4264.827000000048,86519,25000000,,success,1,0,,,8590360
pilot_1790562436815,unblock_N500_c3,0,2026-09-28T03:35:30.633Z,zkSyncTestnet,300,sepolia.era.zksync.dev,unblock,500,3,7305,0xd0d952fcbb7d953ca91d215d5e40993da5f439870f7ac51580f04467a0a8e1f0,4092045.619791,4094700.964083,2655.344291999936,86519,25000000,,success,1,0,,,8590361
pilot_1790562436815,unblock_N500_c3,0,2026-09-28T03:35:32.579Z,zkSyncTestnet,300,sepolia.era.zksync.dev,unblock,500,3,7306,0xb351e4b2df0340b5bec199eab593bb55154720d1606ce72d763e6cc92ba13e65,4092047.720083,4096647.209791,4599.489707999863,86519,25000000,,success,1,0,,,8590362
pilot_1790562436815,unblock_N500_c3,0,2026-09-28T03:35:33.334Z,zkSyncTestnet,300,sepolia.era.zksync.dev,unblock,500,3,7307,0xcd70d1ed75bee5320aafa9eb11c78869d89e3f6d965b8afab27fbab8d5d1adfd,4093934.621416,4097401.364458,3466.743041999638,86519,25000000,,success,1,0,,,8590363
pilot_1790562436815,unblock_N500_c3,0,2026-09-28T03:35:34.795Z,zkSyncTestnet,300,sepolia.era.zksync.dev,unblock,500,3,7308,0x19b6e28721724cea4e1e5ccd9a80d02cf742ec6233b721c52c0bdb5510ac4929,4094701.043875,4098862.828291,4161.784415999893,86519,25000000,,success,1,0,,,8590364
pilot_1790562436815,unblock_N500_c3,0,2026-09-28T03:35:35.471Z,zkSyncTestnet,300,sepolia.era.zksync.dev,unblock,500,3,7309,0x579dbd1b11defc68f3a29d84deb91beb33d3b7115d69e367ed7525819447bf71,4096647.278083,4099539.006791,2891.7287079999223,86519,25000000,,success,1,0,,,8590365
pilot_1790562436815,unblock_N500_c3,0,2026-09-28T03:35:36.371Z,zkSyncTestnet,300,sepolia.era.zksync.dev,unblock,500,3,7310,0xa76ff8b98c86aa12c4e57112bea107171b3386259f7e4a9872943a81af1bab0c,4097401.420083,4100438.390958,3036.9708750001155,86519,25000000,,success,1,0,,,8590366
pilot_1790562436815,unblock_N500_c3,0,2026-09-28T03:35:37.271Z,zkSyncTestnet,300,sepolia.era.zksync.dev,unblock,500,3,7312,0x5855b46255e651aaa47774976981e05726c7d363ed6d2307da68d4e9c03e1fa7,4099539.089291,4101339.160416,1800.0711250002496,86513,25000000,,success,1,0,,,8590367
pilot_1790562436815,unblock_N500_c3,0,2026-09-28T03:35:37.507Z,zkSyncTestnet,300,sepolia.era.zksync.dev,unblock,500,3,7311,0xb1a101cbff26b2a8678a1c14707b02bb132d606ce51c8cb65f8c4ad27279ce88,4098862.897416,4101574.541875,2711.644459000323,86513,25000000,,success,1,0,,,8590367
pilot_1790562436815,unblock_N500_c3,0,2026-09-28T03:35:39.071Z,zkSyncTestnet,300,sepolia.era.zksync.dev,unblock,500,3,7314,0x307afe7ec77305912b734b311b273877d363a741cddfacea927717ab8034a835,4101339.324833,4103138.872375,1799.5475419997238,86519,25000000,,success,1,0,,,8590368
pilot_1790562436815,unblock_N500_c3,0,2026-09-28T03:35:40.257Z,zkSyncTestnet,300,sepolia.era.zksync.dev,unblock,500,3,7313,0xf225e7a0cf8ac915c3cd432379956408452e981ce89e774c02214e98a136e448,4100438.469041,4104325.077166,3886.608124999795,86513,25000000,,success,1,0,,,8590368
pilot_1790562436815,unblock_N500_c3,0,2026-09-28T03:35:41.320Z,zkSyncTestnet,300,sepolia.era.zksync.dev,unblock,500,3,7315,0x91498a2be8389aab40862980fbe3f327e679dbdceff354e8e1448c629d94459b,4101574.622625,4105387.664958,3813.0423330003396,86519,25000000,,success,1,0,,,8590369
pilot_1790562436815,unblock_N500_c3,0,2026-09-28T03:35:41.614Z,zkSyncTestnet,300,sepolia.era.zksync.dev,unblock,500,3,7316,0x9888ceade42ccf8435a563093c9ad52afd4129f83e4aa970e0c81d2181f71c5f,4103138.969083,4105682.0215,2543.0524169998243,86513,25000000,,success,1,0,,,8590370
pilot_1790562436815,unblock_N500_c3,0,2026-09-28T03:35:42.145Z,zkSyncTestnet,300,sepolia.era.zksync.dev,unblock,500,3,7317,0xe4a88153d471f376695411b48e9d206dede3e1fb38cde9e7228cf36be1274bb8,4104325.168791,4106212.553041,1887.3842500001192,86513,25000000,,success,1,0,,,8590371
pilot_1790562436815,unblock_N500_c3,0,2026-09-28T03:35:43.186Z,zkSyncTestnet,300,sepolia.era.zksync.dev,unblock,500,3,7318,0x9955bab039f58e5bc0db3f6b2e1f5f33281f97ad951b38a0a07cfdd587381bdb,4105387.739875,4107254.185625,1866.4457499999553,86513,25000000,,success,1,0,,,8590372
pilot_1790562436815,unblock_N500_c3,0,2026-09-28T03:35:43.424Z,zkSyncTestnet,300,sepolia.era.zksync.dev,unblock,500,3,7319,0x55509cc620a6d07005f0fd3eb521c071aae3419be8a12c9d2a3a0e93e8651f9a,4105682.085833,4107492.02875,1809.9429170000367,86519,25000000,,success,1,0,,,8590372
pilot_1790562436815,unblock_N500_c3,0,2026-09-28T03:35:43.964Z,zkSyncTestnet,300,sepolia.era.zksync.dev,unblock,500,3,7320,0x4e75bfac84c0b0c0fdc7a005e357a36289c71fa53ca8d132765a827045ce71de,4106212.625041,4108031.43675,1818.8117089997977,86513,25000000,,success,1,0,,,8590373
pilot_1790562436815,unblock_N500_c3,0,2026-09-28T03:35:44.997Z,zkSyncTestnet,300,sepolia.era.zksync.dev,unblock,500,3,7321,0xc85beec9d810293e07b45afee3e906ff1636d7dd94cf91be0b8a6e167dec96b7,4107254.26325,4109064.394625,1810.1313750003465,86519,25000000,,success,1,0,,,8590374
pilot_1790562436815,unblock_N500_c3,0,2026-09-28T03:35:45.290Z,zkSyncTestnet,300,sepolia.era.zksync.dev,unblock,500,3,7322,0x586e260d0566ace495bbdc8779fa0075e40fdd93ab2b9736bd454c3aa3cfe490,4107492.130083,4109357.430666,1865.3005830002949,86513,25000000,,success,1,0,,,8590374
pilot_1790562436815,unblock_N500_c3,0,2026-09-28T03:35:45.811Z,zkSyncTestnet,300,sepolia.era.zksync.dev,unblock,500,3,7323,0x0303614218064d90a2b58d3e5cc7ecd41c07c5715c111dce0d9979230e6ccb78,4108031.492125,4109878.906041,1847.413916000165,86513,25000000,,success,1,0,,,8590375
pilot_1790562436815,unblock_N500_c3,0,2026-09-28T03:35:46.860Z,zkSyncTestnet,300,sepolia.era.zksync.dev,unblock,500,3,7324,0x087c584398c8b49e8147b11bba9efc79bb861709554ecf41e178dedd6d2a1eb2,4109064.495416,4110927.566708,1863.0712919998914,86519,25000000,,success,1,0,,,8590376
pilot_1790562436815,unblock_N500_c3,0,2026-09-28T03:35:47.112Z,zkSyncTestnet,300,sepolia.era.zksync.dev,unblock,500,3,7325,0xb3ce5f6408ff1d780d2cff7e998ea12bb73f630e5d3843581eb05146d9801c18,4109357.499333,4111179.930666,1822.431333000306,86519,25000000,,success,1,0,,,8590376
pilot_1790562436815,unblock_N500_c3,0,2026-09-28T03:35:47.648Z,zkSyncTestnet,300,sepolia.era.zksync.dev,unblock,500,3,7326,0xf10a383f9ed3ee9be597abcec4063e3551989d539058e061d34daf197995d5cc,4109878.980541,4111715.506416,1836.5258749998175,86513,25000000,,success,1,0,,,8590377
pilot_1790562436815,unblock_N500_c3,0,2026-09-28T03:35:50.001Z,zkSyncTestnet,300,sepolia.era.zksync.dev,unblock,500,3,7327,0x93631b48aff68c1f184d5db49298c69f2c0804b09991a1b7420f12e7765064ed,4110927.643375,4114069.262416,3141.619041000027,86519,25000000,,success,1,0,,,8590378
pilot_1790562436815,unblock_N500_c3,0,2026-09-28T03:35:50.791Z,zkSyncTestnet,300,sepolia.era.zksync.dev,unblock,500,3,7328,0xc185bbafc81a92dd4095fe76bbc331644b285ede7f416e632a12bfab64a14973,4111180.016916,4114858.983541,3678.96662500035,86519,25000000,,success,1,0,,,8590379
pilot_1790562436815,unblock_N500_c3,0,2026-09-28T03:35:51.577Z,zkSyncTestnet,300,sepolia.era.zksync.dev,unblock,500,3,7329,0x29877325de884fb512d4ff5eeaca1e48ad2d7dce3981dd945458cf17018c89a2,4111716.023666,4115645.007666,3928.9840000001714,86513,25000000,,success,1,0,,,8590379
pilot_1790562436815,unblock_N500_c3,0,2026-09-28T03:35:53.738Z,zkSyncTestnet,300,sepolia.era.zksync.dev,unblock,500,3,7331,0x7a7c917f197dd0ec950d3f0f478e10b4d1d6897e0261979735f851e01a564467,4114859.038083,4117805.441416,2946.4033329999074,86513,25000000,,success,1,0,,,8590380
pilot_1790562436815,unblock_N500_c3,0,2026-09-28T03:35:53.754Z,zkSyncTestnet,300,sepolia.era.zksync.dev,unblock,500,3,7330,0x4c711a29a5b3b5b454c3fb56756e7509b28d82705691626b46ef5594a5395115,4114069.294958,4117822.042458,3752.747500000056,86519,25000000,,success,1,0,,,8590380
pilot_1790562436815,unblock_N500_c3,0,2026-09-28T03:35:54.520Z,zkSyncTestnet,300,sepolia.era.zksync.dev,unblock,500,3,7332,0xf3a9470bfc0eccbc693c4db965952e9ee2b742adcc276c86c77e91893e3f6342,4115645.085333,4118587.652958,2942.5676250001416,86513,25000000,,success,1,0,,,8590381
pilot_1790562436815,unblock_N500_c3,0,2026-09-28T03:35:55.521Z,zkSyncTestnet,300,sepolia.era.zksync.dev,unblock,500,3,7333,0xef63fd217cccb0139c50dd722f6a74f65f0cfb1a79f2b98a8a0c36d35fc9a844,4117805.496083,4119588.897875,1783.4017919995822,86519,25000000,,success,1,0,,,8590383
pilot_1790562436815,unblock_N500_c3,0,2026-09-28T03:35:56.301Z,zkSyncTestnet,300,sepolia.era.zksync.dev,unblock,500,3,7335,0x55383058b57d896432807d6183e4ed758a5c2c494274cf88cb44d5060439adb5,4118587.749541,4120368.395583,1780.6460420000367,86513,25000000,,success,1,0,,,8590384
pilot_1790562436815,unblock_N500_c3,0,2026-09-28T03:35:56.817Z,zkSyncTestnet,300,sepolia.era.zksync.dev,unblock,500,3,7334,0xb6fba9d2134d486735b82a7619890669e707eb1a12d36243c00456ac7f7afef5,4117822.165083,4120884.498875,3062.3337920000777,86513,25000000,,success,1,0,,,8590384
pilot_1790562436815,unblock_N500_c3,0,2026-09-28T03:35:58.393Z,zkSyncTestnet,300,sepolia.era.zksync.dev,unblock,500,3,7336,0x8a1b5aeba9476d39016619667073c0872d7a4d458ef5f1efc36c1971a19dd6f6,4119588.968041,4122460.637,2871.668959000148,86513,25000000,,success,1,0,,,8590385
pilot_1790562436815,unblock_N500_c3,0,2026-09-28T03:35:58.634Z,zkSyncTestnet,300,sepolia.era.zksync.dev,unblock,500,3,7338,0x83af4922cf4ae0a69e1ed2056b9ff541435031c44f61340862695d3c07ee3e11,4120884.607041,4122702.126708,1817.5196670000441,86519,25000000,,success,1,0,,,8590385
pilot_1790562436815,unblock_N500_c3,0,2026-09-28T03:35:58.649Z,zkSyncTestnet,300,sepolia.era.zksync.dev,unblock,500,3,7337,0x3f41e25a5d7ffbb79b7c9a08ebc2e794255e92165b25cfd025d27c0b949ac641,4120368.474083,4122717.25225,2348.7781670000404,86513,25000000,,success,1,0,,,8590385
pilot_1790562436815,unblock_N500_c3,0,2026-09-28T03:36:00.193Z,zkSyncTestnet,300,sepolia.era.zksync.dev,unblock,500,3,7339,0x791123a0ebc1403c4f04446af20a4a6187240d0138ef7f36243188552cc91bb3,4122460.700916,4124260.712625,1800.011708999984,86513,25000000,,success,1,0,,,8590386
pilot_1790562436815,unblock_N500_c3,0,2026-09-28T03:36:09.023Z,zkSyncTestnet,300,sepolia.era.zksync.dev,unblock,500,3,7340,0x63231527d047b93e5c91c98efb9aa02fa75e28951c2fa6a82c7df918cfd81b41,4122702.178541,4133090.974833,10388.796291999985,86513,25000000,,success,1,0,,,8590387
pilot_1790562436815,unblock_N500_c3,0,2026-09-28T03:36:10.158Z,zkSyncTestnet,300,sepolia.era.zksync.dev,unblock,500,3,7342,0x2462bd03708b04cbe5a4a4c4bdd042b7ffdecf5c9fd8d04476ab239c0f7b4b74,4124260.816,4134225.387375,9964.571374999825,86519,25000000,,success,1,0,,,8590388
pilot_1790562436815,unblock_N500_c3,0,2026-09-28T03:36:10.808Z,zkSyncTestnet,300,sepolia.era.zksync.dev,unblock,500,3,7343,0xa7386a3af6b99ada9bff2bc573407b8a682c6ac255df3242f68902055aadcad5,4133091.047166,4134875.654958,1784.6077919998206,86513,25000000,,success,1,0,,,8590389
pilot_1790562436815,unblock_N500_c3,0,2026-09-28T03:36:10.975Z,zkSyncTestnet,300,sepolia.era.zksync.dev,unblock,500,3,7341,0xc1bcdeddb060837016c707955b288a40e93dcb04e39c1de2a509aac4f1fec888,4122717.300583,4135042.933916,12325.633333000354,86519,25000000,,success,1,0,,,8590388
pilot_1790562436815,unblock_N500_c3,0,2026-09-28T03:36:12.035Z,zkSyncTestnet,300,sepolia.era.zksync.dev,unblock,500,3,7344,0x3371e13b64d4f898aa3a235b301afc55bdfa24df5ef5d20ef5f172bf8efc3a49,4134225.591125,4136102.443958,1876.8528330000117,86519,25000000,,success,1,0,,,8590390
pilot_1790562436815,unblock_N500_c3,0,2026-09-28T03:36:12.597Z,zkSyncTestnet,300,sepolia.era.zksync.dev,unblock,500,3,7345,0x1e61527f655b22293824db72a091aed2abb2e9f3e80243654aa0f8d9edf196ee,4134875.731791,4136664.331833,1788.6000419999473,86519,25000000,,success,1,0,,,8590391
pilot_1790562436815,unblock_N500_c3,0,2026-09-28T03:36:12.796Z,zkSyncTestnet,300,sepolia.era.zksync.dev,unblock,500,3,7346,0xd3e52247fdcbb8d1dcae9c49a156f2a358d4022c7beb81ea6bc39ad545d17125,4135043.024083,4136863.808125,1820.7840419998392,86513,25000000,,success,1,0,,,8590392
pilot_1790562436815,unblock_N500_c3,0,2026-09-28T03:36:14.660Z,zkSyncTestnet,300,sepolia.era.zksync.dev,unblock,500,3,7347,0x0631a447608aa66c840bd7f2d91a22d0ebf41f3be884d1906f392d2205e50574,4136102.5115,4138727.935125,2625.423624999821,86519,25000000,,success,1,0,,,8590393
pilot_1790562436815,unblock_N500_c3,0,2026-09-28T03:36:15.394Z,zkSyncTestnet,300,sepolia.era.zksync.dev,unblock,500,3,7349,0x15f226bc6fd1aa32df61a8381e8e73485582063fd4ebe93b1ba35093774276cd,4136863.898125,4139461.582583,2597.68445800012,86519,25000000,,success,1,0,,,8590394
pilot_1790562436815,unblock_N500_c3,0,2026-09-28T03:36:15.693Z,zkSyncTestnet,300,sepolia.era.zksync.dev,unblock,500,3,7348,0x990ff02828ce30f1c832d5ae906e8791e80d4968cbaf6361b966081f76387cd8,4136664.381333,4139760.511791,3096.130458000116,86519,25000000,,success,1,0,,,8590394
pilot_1790562436815,unblock_N500_c3,0,2026-09-28T03:36:16.567Z,zkSyncTestnet,300,sepolia.era.zksync.dev,unblock,500,3,7350,0xbfb3796dbb002dea833d8a79fa53a318bf713f8efc425e9ead2cd0419c8c89fe,4138728.002416,4140634.696291,1906.6938750003465,86513,25000000,,success,1,0,,,8590395
pilot_1790562436815,unblock_N500_c3,0,2026-09-28T03:36:17.270Z,zkSyncTestnet,300,sepolia.era.zksync.dev,unblock,500,3,7351,0x34b946b92e4369f4e7a63107b3f8ba17461fed7860a079f687e8a735fdf49af1,4139461.770416,4141338.1775,1876.407084000297,86519,25000000,,success,1,0,,,8590396
pilot_1790562436815,unblock_N500_c3,0,2026-09-28T03:36:17.508Z,zkSyncTestnet,300,sepolia.era.zksync.dev,unblock,500,3,7352,0x4b51c622bdfce6e713c1bbcd76cc4844c5ed39666541174f9df00c8eff0360f2,4139760.601041,4141576.179625,1815.5785840000026,86513,25000000,,success,1,0,,,8590397
pilot_1790562436815,unblock_N500_c3,0,2026-09-28T03:36:18.348Z,zkSyncTestnet,300,sepolia.era.zksync.dev,unblock,500,3,7353,0x0921afbe320055b8fd22c32cf8102cb08642d0c3bc801bf8b238664f1ec1e20e,4140634.778291,4142415.391791,1780.6134999999776,86513,25000000,,success,1,0,,,8590398
pilot_1790562436815,unblock_N500_c3,0,2026-09-28T03:36:19.088Z,zkSyncTestnet,300,sepolia.era.zksync.dev,unblock,500,3,7354,0x828f5d1dbeedc71bf76823026ef9aa37cc7dffd4e43ccf0cfc7a8d4499b484e7,4141338.253,4143155.208583,1816.95558300009,86513,25000000,,success,1,0,,,8590399
pilot_1790562436815,unblock_N500_c3,0,2026-09-28T03:36:19.367Z,zkSyncTestnet,300,sepolia.era.zksync.dev,unblock,500,3,7355,0x0a936ccb4709adde0608e7c2dcbe4ef7f475849d941ec42c53d3ca288dc0ad23,4141576.224833,4143435.107625,1858.8827920001931,86513,25000000,,success,1,0,,,8590400
pilot_1790562436815,unblock_N500_c3,0,2026-09-28T03:36:20.114Z,zkSyncTestnet,300,sepolia.era.zksync.dev,unblock,500,3,7356,0x1626654c3841a941d56ee0e225fd4351174838e0e1f01b0bc00aecb1e80b0aa8,4142415.486791,4144182.1555,1766.668709000107,86519,25000000,,success,1,0,,,8590401
pilot_1790562436815,unblock_N500_c3,0,2026-09-28T03:36:20.939Z,zkSyncTestnet,300,sepolia.era.zksync.dev,unblock,500,3,7357,0x509f9b3d17cb6f4a3a7eec77def1d4f4d980da74ad81488306525248167277c0,4143155.278333,4145007.033583,1851.7552499999292,86519,25000000,,success,1,0,,,8590402
pilot_1790562436815,unblock_N500_c3,0,2026-09-28T03:36:21.199Z,zkSyncTestnet,300,sepolia.era.zksync.dev,unblock,500,3,7358,0x71d22ec0947202aec6f49ce6bff6a75ec147f833f132697db7865088664f7167,4143435.162041,4145266.736625,1831.5745839998126,86519,25000000,,success,1,0,,,8590403
pilot_1790562436815,unblock_N500_c3,0,2026-09-28T03:36:21.984Z,zkSyncTestnet,300,sepolia.era.zksync.dev,unblock,500,3,7359,0x61ac189be7242da738a09eccf98c2c49a4c17e4717ddd889f7654567a3fdef64,4144182.226041,4146051.475083,1869.249042000156,86513,25000000,,success,1,0,,,8590404
pilot_1790562436815,unblock_N500_c3,0,2026-09-28T03:36:22.771Z,zkSyncTestnet,300,sepolia.era.zksync.dev,unblock,500,3,7360,0xdb918705c239c568556ceb8c7c00f8650727613de88bf8fc54fbcafa8d00b9f9,4145007.114041,4146838.594333,1831.4802919998765,86519,25000000,,success,1,0,,,8590405
pilot_1790562436815,unblock_N500_c3,0,2026-09-28T03:36:23.037Z,zkSyncTestnet,300,sepolia.era.zksync.dev,unblock,500,3,7361,0x1a54622a30a3480bc8031ee0b986d3b961af973cec897a3f1cd9e67cd168f519,4145266.797125,4147105.039958,1838.2428330001421,86513,25000000,,success,1,0,,,8590406
pilot_1790562436815,unblock_N500_c3,0,2026-09-28T03:36:23.826Z,zkSyncTestnet,300,sepolia.era.zksync.dev,unblock,500,3,7362,0x2921cf3a98f918d4e25a693ae428b3e36ee39c4956794084cafae975c40cce26,4146051.531916,4147893.739708,1842.2077919999138,86513,25000000,,success,1,0,,,8590407
pilot_1790562436815,unblock_N500_c3,0,2026-09-28T03:36:24.668Z,zkSyncTestnet,300,sepolia.era.zksync.dev,unblock,500,3,7363,0xb4672b9c8b7f33933e777d1614b997c955cae206578d629b00e4622b1ddd2fc4,4146838.669583,4148735.786958,1897.11737500038,86519,25000000,,success,1,0,,,8590408
pilot_1790562436815,unblock_N500_c3,0,2026-09-28T03:36:24.849Z,zkSyncTestnet,300,sepolia.era.zksync.dev,unblock,500,3,7364,0x22eb088707b89b6feb4b7aa89c1c582d2e23dfab4a78ad9e76b9dfbbf8a3fcee,4147105.120625,4148917.10475,1811.984124999959,86519,25000000,,success,1,0,,,8590409
pilot_1790562436815,unblock_N500_c3,0,2026-09-28T03:36:25.664Z,zkSyncTestnet,300,sepolia.era.zksync.dev,unblock,500,3,7365,0x920d3ce54a8947876ceed8e26cd65cbd36f98e9d76d91947c460059cdfc7a5d0,4147893.8095,4149731.64675,1837.837249999866,86513,25000000,,success,1,0,,,8590410
pilot_1790562436815,unblock_N500_c3,0,2026-09-28T03:36:26.414Z,zkSyncTestnet,300,sepolia.era.zksync.dev,unblock,500,3,7366,0xe25864d1b55ae3c70c64173a5f7bffcffb2ccb7f01f96f85ce3ddaae035e1bb6,4148735.83525,4150481.451833,1745.6165829999372,86519,25000000,,success,1,0,,,8590411
pilot_1790562436815,unblock_N500_c3,0,2026-09-28T03:36:26.708Z,zkSyncTestnet,300,sepolia.era.zksync.dev,unblock,500,3,7367,0x02c2f0fbb1315363555e87774d1cfea04885d276d8868a70d5950185f61171e7,4148917.145708,4150776.099333,1858.953625000082,86513,25000000,,success,1,0,,,8590412
pilot_1790562436815,unblock_N500_c3,0,2026-09-28T03:36:27.503Z,zkSyncTestnet,300,sepolia.era.zksync.dev,unblock,500,3,7368,0x372df286baa506b74ffbf23826f02fb3d13394254acdaf606040e67492a27adc,4149731.726416,4151570.525375,1838.7989590000361,86519,25000000,,success,1,0,,,8590413
pilot_1790562436815,unblock_N500_c3,0,2026-09-28T03:36:28.279Z,zkSyncTestnet,300,sepolia.era.zksync.dev,unblock,500,3,7369,0x9c7b57154dce460e1f98b134cc3d5ee2ce75e19548f111f608a1f677ce8c681a,4150481.499708,4152346.934708,1865.4350000000559,86519,25000000,,success,1,0,,,8590414
pilot_1790562436815,unblock_N500_c3,0,2026-09-28T03:36:28.517Z,zkSyncTestnet,300,sepolia.era.zksync.dev,unblock,500,3,7370,0x441be8fcbca2020f74507299ae72df69c9e20750d503525312756a5de59817cc,4150776.18525,4152584.4135,1808.2282499996945,86519,25000000,,success,1,0,,,8590415
pilot_1790562436815,unblock_N500_c3,0,2026-09-28T03:36:29.337Z,zkSyncTestnet,300,sepolia.era.zksync.dev,unblock,500,3,7371,0xfc695d108fb0601f1b9cb6d4f528a14ff1ab0cd698af5c98a37255a0b8cc6669,4151570.621833,4153404.414625,1833.7927920003422,86519,25000000,,success,1,0,,,8590416
pilot_1790562436815,unblock_N500_c3,0,2026-09-28T03:36:30.090Z,zkSyncTestnet,300,sepolia.era.zksync.dev,unblock,500,3,7372,0x32466a4be1838d1ca3c4f5cb9fd59772940e80dc37c5bfc8c770aea68f0ba389,4152347.013666,4154157.149708,1810.1360419997945,86513,25000000,,success,1,0,,,8590417
pilot_1790562436815,unblock_N500_c3,0,2026-09-28T03:36:30.378Z,zkSyncTestnet,300,sepolia.era.zksync.dev,unblock,500,3,7373,0x66406c16890d3a7781a005b9ab40d0f6fb79f61314d253809d412c9efde000dd,4152584.466541,4154445.959416,1861.4928749999963,86513,25000000,,success,1,0,,,8590418
pilot_1790562436815,unblock_N500_c3,0,2026-09-28T03:36:31.176Z,zkSyncTestnet,300,sepolia.era.zksync.dev,unblock,500,3,7374,0x627588c202cbd0b91e8c2567a36cb16d1bf23cbaa5d070abcad71670d9c0bc89,4153404.564,4155243.571625,1839.0076250000857,86519,25000000,,success,1,0,,,8590419
pilot_1790562436815,unblock_N500_c3,0,2026-09-28T03:36:31.947Z,zkSyncTestnet,300,sepolia.era.zksync.dev,unblock,500,3,7375,0x772d8a497ce2c55291c52f0eb1ac6b140d0194c5ab04c3ce6878e8585aa8fed5,4154157.259583,4156014.770541,1857.5109580000862,86519,25000000,,success,1,0,,,8590420
pilot_1790562436815,unblock_N500_c3,0,2026-09-28T03:36:32.214Z,zkSyncTestnet,300,sepolia.era.zksync.dev,unblock,500,3,7376,0xdfeea1ba52c0c42e37a81d59d6cc3d8572e1aafec70ddf83f58ef3467370d7f4,4154446.016958,4156282.092041,1836.0750829996541,86513,25000000,,success,1,0,,,8590421
pilot_1790562436815,unblock_N500_c3,0,2026-09-28T03:36:32.999Z,zkSyncTestnet,300,sepolia.era.zksync.dev,unblock,500,3,7377,0xb889256e339fa1a084df174b21edf1668909850f216385343448cc26e52bf6ea,4155243.639958,4157066.5995,1822.9595420002006,86519,25000000,,success,1,0,,,8590422
pilot_1790562436815,unblock_N500_c3,0,2026-09-28T03:36:33.769Z,zkSyncTestnet,300,sepolia.era.zksync.dev,unblock,500,3,7378,0xcf019f46eac768a58794c79a954e091c9fe49b3b909a29dff883845fadedf45a,4156014.875916,4157836.562875,1821.6869589998387,86519,25000000,,success,1,0,,,8590423
pilot_1790562436815,unblock_N500_c3,0,2026-09-28T03:36:34.044Z,zkSyncTestnet,300,sepolia.era.zksync.dev,unblock,500,3,7379,0xb117167205328805bafef83ef1dce8620de242d2528d4203bd4049d491243f8b,4156282.129458,4158112.058083,1829.928625000175,86519,25000000,,success,1,0,,,8590424
pilot_1790562436815,unblock_N500_c3,0,2026-09-28T03:36:34.821Z,zkSyncTestnet,300,sepolia.era.zksync.dev,unblock,500,3,7380,0xe577fbc4b7dd548c7221ad13c35bd78afcdce3f1db768f3739e314e756789fd9,4157066.673541,4158888.936625,1822.2630839999765,86519,25000000,,success,1,0,,,8590425
pilot_1790562436815,unblock_N500_c3,0,2026-09-28T03:36:35.618Z,zkSyncTestnet,300,sepolia.era.zksync.dev,unblock,500,3,7381,0x934b7a7e2dea907d4573336b0c1c42584494b5e8c54d1d46f1299744628d905c,4157836.62125,4159685.180208,1848.5589580000378,86513,25000000,,success,1,0,,,8590426
pilot_1790562436815,unblock_N500_c3,0,2026-09-28T03:36:35.881Z,zkSyncTestnet,300,sepolia.era.zksync.dev,unblock,500,3,7382,0xa720fc133df245148441006c006c8229c9875e2781e3913649fa94f78dfa0ace,4158112.104458,4159948.221041,1836.1165829999372,86513,25000000,,success,1,0,,,8590427
pilot_1790562436815,unblock_N500_c3,0,2026-09-28T03:36:36.669Z,zkSyncTestnet,300,sepolia.era.zksync.dev,unblock,500,3,7383,0x2853de83f7b5b1de632a936493568c0176b3b872308ce823e173d569aa094db6,4158888.975958,4160736.271708,1847.2957500000484,86519,25000000,,success,1,0,,,8590428
pilot_1790562436815,unblock_N500_c3,0,2026-09-28T03:36:37.445Z,zkSyncTestnet,300,sepolia.era.zksync.dev,unblock,500,3,7384,0x06e4cdfb9dd82284432bf0a5b4ee28e27b0d2c122fb27c76c18e50bc98efd29a,4159685.255833,4161512.835583,1827.5797500000335,86519,25000000,,success,1,0,,,8590429
pilot_1790562436815,unblock_N500_c3,0,2026-09-28T03:36:37.715Z,zkSyncTestnet,300,sepolia.era.zksync.dev,unblock,500,3,7385,0xade9aff3e516809b4d78e16089377a2c473113bee7ae3321c29c639573eab5d9,4159948.297625,4161782.39425,1834.0966249997728,86513,25000000,,success,1,0,,,8590430
pilot_1790562436815,unblock_N500_c3,0,2026-09-28T03:36:38.525Z,zkSyncTestnet,300,sepolia.era.zksync.dev,unblock,500,3,7386,0x0072926359c5334b0ad0d025345b8f3183e8004c4f897a7616500861051f9c02,4160736.359416,4162592.806166,1856.4467500001192,86513,25000000,,success,1,0,,,8590431
pilot_1790562436815,unblock_N500_c3,0,2026-09-28T03:36:39.291Z,zkSyncTestnet,300,sepolia.era.zksync.dev,unblock,500,3,7387,0xa208bfd6e6f9413e7667ee357c501ff9c2b1b14f3f851f80d076cc3f1829c08a,4161512.899791,4163358.52925,1845.6294590001926,86513,25000000,,success,1,0,,,8590432
pilot_1790562436815,unblock_N500_c3,0,2026-09-28T03:36:39.516Z,zkSyncTestnet,300,sepolia.era.zksync.dev,unblock,500,3,7388,0xd49c290740a869c3a0778c1e307e886ca178d37d261425c6304ef05be7fcad24,4161782.465958,4163583.347875,1800.881916999817,86519,25000000,,success,1,0,,,8590433
pilot_1790562436815,unblock_N500_c3,0,2026-09-28T03:36:40.338Z,zkSyncTestnet,300,sepolia.era.zksync.dev,unblock,500,3,7389,0x5e6e9e257fe18a8e974360a3ae3ff194270a985ebc5cb64522ddb1e1b5986b5b,4162592.879791,4164405.48125,1812.6014590002596,86519,25000000,,success,1,0,,,8590434
pilot_1790562436815,unblock_N500_c3,0,2026-09-28T03:36:41.089Z,zkSyncTestnet,300,sepolia.era.zksync.dev,unblock,500,3,7390,0xf553bc9b5d6ba5e015766b29af688ca5bbab677a9493ef4db2bd06db6774b764,4163358.595541,4165156.885291,1798.2897499999963,86513,25000000,,success,1,0,,,8590435
pilot_1790562436815,unblock_N500_c3,0,2026-09-28T03:36:41.387Z,zkSyncTestnet,300,sepolia.era.zksync.dev,unblock,500,3,7391,0xcd669f4b6f5699518a463a5fa1fc267cfba84475a6960abdfc0e53968047c674,4163583.507666,4165454.502833,1870.9951669997536,86519,25000000,,success,1,0,,,8590436
pilot_1790562436815,unblock_N500_c3,0,2026-09-28T03:36:42.962Z,zkSyncTestnet,300,sepolia.era.zksync.dev,unblock,500,3,7393,0x2c553e9b83e778ad125e4f937489aeb8c27dd78b6b080ba92f5cc24abf8304f6,4165157.061583,4167029.363125,1872.3015420003794,86513,25000000,,success,1,0,,,8590438
pilot_1790562436815,unblock_N500_c3,0,2026-09-28T03:36:43.211Z,zkSyncTestnet,300,sepolia.era.zksync.dev,unblock,500,3,7394,0x8fce241b578c4d37db5593ee0d246a82d400e70f0709354443a0239737135e4c,4165454.56625,4167279.094708,1824.528457999695,86513,25000000,,success,1,0,,,8590439
pilot_1790562436815,unblock_N500_c3,0,2026-09-28T03:36:43.488Z,zkSyncTestnet,300,sepolia.era.zksync.dev,unblock,500,3,7392,0x609ce2b49a62c3cca1800aa5a788ff273a56a5158a047ab2ba66d5484c88f211,4164405.574541,4167555.3025,3149.72795900004,86519,25000000,,success,1,0,,,8590438
pilot_1790562436815,unblock_N500_c3,0,2026-09-28T03:36:44.769Z,zkSyncTestnet,300,sepolia.era.zksync.dev,unblock,500,3,7395,0x3b226979de8652b5cc61f2b70968021e4146ff310440261c210001540844918b,4167029.742833,4168836.545708,1806.8028750000522,86519,25000000,,success,1,0,,,8590440
pilot_1790562436815,unblock_N500_c3,0,2026-09-28T03:36:45.056Z,zkSyncTestnet,300,sepolia.era.zksync.dev,unblock,500,3,7396,0xd8b294da6a023ad6b76f67f21a47f482035a6be5dce52162ed8cf9068091e686,4167279.162375,4169123.53275,1844.3703749999404,86519,25000000,,success,1,0,,,8590441
pilot_1790562436815,unblock_N500_c3,0,2026-09-28T03:36:45.296Z,zkSyncTestnet,300,sepolia.era.zksync.dev,unblock,500,3,7397,0xee5e531eb5ca7bb0aaa2132407f45ccdf79ae59eb3a19579fbc614f98b1adf06,4167555.373583,4169363.425958,1808.0523749999702,86513,25000000,,success,1,0,,,8590442
pilot_1790562436815,unblock_N500_c3,0,2026-09-28T03:36:46.628Z,zkSyncTestnet,300,sepolia.era.zksync.dev,unblock,500,3,7398,0xe61da04417fda1177b40d6b407ddef3e5cb3d838544b674e3ae28b8e304a22df,4168836.638,4170695.610791,1858.9727910002694,86519,25000000,,success,1,0,,,8590443
pilot_1790562436815,unblock_N500_c3,0,2026-09-28T03:36:46.865Z,zkSyncTestnet,300,sepolia.era.zksync.dev,unblock,500,3,7399,0xe258aa9a825a5ad65ead7b670049c89c6beceec2657012575cef13b4152264fe,4169123.622375,4170932.549708,1808.927333000116,86519,25000000,,success,1,0,,,8590444
pilot_1790562436815,unblock_N500_c3,0,2026-09-28T03:36:47.153Z,zkSyncTestnet,300,sepolia.era.zksync.dev,unblock,500,3,7400,0xa2784c152a6998200417b5cd46eba704d62a268d79da76e39fd434e7604b67b5,4169363.499958,4171220.22275,1856.7227920000441,86513,25000000,,success,1,0,,,8590445
pilot_1790562436815,unblock_N500_c3,0,2026-09-28T03:36:48.456Z,zkSyncTestnet,300,sepolia.era.zksync.dev,unblock,500,3,7401,0xbb828e28fb05b0b1ecf599b0241a2355010016e68f3b20e54db182b40c9146ff,4170695.703416,4172523.993333,1828.2899170001037,86513,25000000,,success,1,0,,,8590446
pilot_1790562436815,unblock_N500_c3,0,2026-09-28T03:36:48.728Z,zkSyncTestnet,300,sepolia.era.zksync.dev,unblock,500,3,7402,0x21eac57cc9db44baaaaee8d13953ceaaeb292b6e1fe347b4c89a2fe66a6d6cb6,4170932.630416,4172796.080541,1863.450124999974,86513,25000000,,success,1,0,,,8590447
pilot_1790562436815,unblock_N500_c3,0,2026-09-28T03:36:48.985Z,zkSyncTestnet,300,sepolia.era.zksync.dev,unblock,500,3,7403,0x3b42f40615ec9014ecb7dc7b5d8b5e144c1c051b7569be12cd936e877a96612c,4171220.293708,4173052.257458,1831.9637500001118,86513,25000000,,success,1,0,,,8590448
pilot_1790562436815,unblock_N500_c3,0,2026-09-28T03:36:50.298Z,zkSyncTestnet,300,sepolia.era.zksync.dev,unblock,500,3,7404,0xc909d2e1c3c1719f5e2307ba4cb9bfb1384ba2d52a5d00a757d7a31aa2dc9c73,4172524.072083,4174365.660125,1841.588041999843,86513,25000000,,success,1,0,,,8590449
pilot_1790562436815,unblock_N500_c3,0,2026-09-28T03:36:50.530Z,zkSyncTestnet,300,sepolia.era.zksync.dev,unblock,500,3,7405,0xbcb0f2da3175177ef5f20d2900b858b917098cf08af5bbbb83048e80e82ac8ca,4172796.147083,4174597.191541,1801.0444579999894,86519,25000000,,success,1,0,,,8590450
pilot_1790562436815,unblock_N500_c3,0,2026-09-28T03:36:50.820Z,zkSyncTestnet,300,sepolia.era.zksync.dev,unblock,500,3,7406,0x758db7c7b259c89a80f28f74db49c355aeaf6c0f463a4c7a99b8459d26acf9d1,4173052.353333,4174887.938791,1835.585457999725,86513,25000000,,success,1,0,,,8590451
pilot_1790562436815,unblock_N500_c3,0,2026-09-28T03:36:52.097Z,zkSyncTestnet,300,sepolia.era.zksync.dev,unblock,500,3,7407,0x0b07a124f45e5ed087d39d25c5a69a283f4dd83418442b44a8c6df9fa2bfe23a,4174365.799541,4176164.82325,1799.0237090000883,86519,25000000,,success,1,0,,,8590452
pilot_1790562436815,unblock_N500_c3,0,2026-09-28T03:36:52.394Z,zkSyncTestnet,300,sepolia.era.zksync.dev,unblock,500,3,7408,0x254175978614cd1985a05a245025a055a962ef32b5f74184b6b02c4ea1f13520,4174597.266708,4176461.5775,1864.310792000033,86519,25000000,,success,1,0,,,8590453
pilot_1790562436815,unblock_N500_c3,0,2026-09-28T03:36:52.630Z,zkSyncTestnet,300,sepolia.era.zksync.dev,unblock,500,3,7409,0x9935604046672709b084c4d6f9129025a397114d9deaeaca1cc5ba825ce1543d,4174887.988,4176697.33575,1809.34775000019,86513,25000000,,success,1,0,,,8590454
pilot_1790562436815,unblock_N500_c3,0,2026-09-28T03:36:53.979Z,zkSyncTestnet,300,sepolia.era.zksync.dev,unblock,500,3,7410,0x778c6e8f71f7cb548f1e840a8d0e67549bdc57f0b6667800321a79c0a958b5fa,4176164.90225,4178046.624208,1881.721958000213,86513,25000000,,success,1,0,,,8590455
pilot_1790562436815,unblock_N500_c3,0,2026-09-28T03:36:54.227Z,zkSyncTestnet,300,sepolia.era.zksync.dev,unblock,500,3,7411,0x668501fad80f9bf203e4a3ca7e57a2b57e78adc97b9c8e84223532fdf0005fed,4176461.627416,4178294.508625,1832.8812090000138,86519,25000000,,success,1,0,,,8590456
pilot_1790562436815,unblock_N500_c3,0,2026-09-28T03:36:54.492Z,zkSyncTestnet,300,sepolia.era.zksync.dev,unblock,500,3,7412,0x66f1d2106b6e3f98616fc789c418e17f20d4d6b8637f30af7b85ff55f6e3bf32,4176697.524791,4178560.015083,1862.4902920001186,86519,25000000,,success,1,0,,,8590457
pilot_1790562436815,unblock_N500_c3,0,2026-09-28T03:36:55.804Z,zkSyncTestnet,300,sepolia.era.zksync.dev,unblock,500,3,7413,0x4930f3c231805e6a9170a2b10befa281e5a8d0f31fc5291c1b72496978e9732d,4178046.725375,4179871.171541,1824.4461659998633,86513,25000000,,success,1,0,,,8590458
pilot_1790562436815,unblock_N500_c3,0,2026-09-28T03:36:56.065Z,zkSyncTestnet,300,sepolia.era.zksync.dev,unblock,500,3,7414,0xc8c700abaf5bb472a1269b454bc6414f84dc5d9b0757c6424766bfd62d8e2d4e,4178294.566625,4180132.213916,1837.6472910000011,86519,25000000,,success,1,0,,,8590459
pilot_1790562436815,unblock_N500_c3,0,2026-09-28T03:36:56.306Z,zkSyncTestnet,300,sepolia.era.zksync.dev,unblock,500,3,7415,0x121bbdfec243890bed72184221257d56ac26d8abd53403f93647708a69f5bf46,4178560.08925,4180373.509333,1813.420082999859,86519,25000000,,success,1,0,,,8590460
pilot_1790562436815,unblock_N500_c3,0,2026-09-28T03:36:57.639Z,zkSyncTestnet,300,sepolia.era.zksync.dev,unblock,500,3,7416,0x34e12fdb010f577250ac1799c911600a1864a88157a831476dc6dd050f35ce5a,4179871.249166,4181706.183291,1834.9341249996796,86513,25000000,,success,1,0,,,8590461
pilot_1790562436815,unblock_N500_c3,0,2026-09-28T03:36:57.892Z,zkSyncTestnet,300,sepolia.era.zksync.dev,unblock,500,3,7417,0x077a67f1bbd58e784d89d99c6370bef8579bbd79a176018a51e66f1df5a55e7f,4180132.37825,4181959.862375,1827.484124999959,86519,25000000,,success,1,0,,,8590462
pilot_1790562436815,unblock_N500_c3,0,2026-09-28T03:36:58.164Z,zkSyncTestnet,300,sepolia.era.zksync.dev,unblock,500,3,7418,0xdd4f9174829504c41ddad94b1ec82409ac7cdd235b7cb53e93d4c795cc94db32,4180373.595583,4182231.170375,1857.5747919999994,86519,25000000,,success,1,0,,,8590463
pilot_1790562436815,unblock_N500_c3,0,2026-09-28T03:36:59.466Z,zkSyncTestnet,300,sepolia.era.zksync.dev,unblock,500,3,7419,0x9a15eafe246fdfcad1c1f7820f7e56bebc930f50aabc3f925f188fa4ca189fd1,4181706.259458,4183533.748,1827.4885420002975,86519,25000000,,success,1,0,,,8590464
pilot_1790562436815,unblock_N500_c3,0,2026-09-28T03:36:59.733Z,zkSyncTestnet,300,sepolia.era.zksync.dev,unblock,500,3,7420,0x18407b8db6f477aaad872a4ef73fcf38d64b86920df683d478a45ce95b61f47a,4181959.906333,4183800.262875,1840.3565420000814,86519,25000000,,success,1,0,,,8590465
pilot_1790562436815,unblock_N500_c3,0,2026-09-28T03:36:59.965Z,zkSyncTestnet,300,sepolia.era.zksync.dev,unblock,500,3,7421,0xebcdad0a0d7830f31a72c90ffd67697addd08ccba749c5134b7747cab0a06b91,4182231.251625,4184032.912708,1801.6610829997808,86519,25000000,,success,1,0,,,8590466
pilot_1790562436815,unblock_N500_c3,0,2026-09-28T03:37:01.321Z,zkSyncTestnet,300,sepolia.era.zksync.dev,unblock,500,3,7422,0x47d7cb9368adb12e8cda04b87b44a4e2aba6112fa16c8693e55b7dd3a4fedb32,4183534.080166,4185388.56525,1854.4850840000436,86513,25000000,,success,1,0,,,8590467
pilot_1790562436815,unblock_N500_c3,0,2026-09-28T03:37:01.640Z,zkSyncTestnet,300,sepolia.era.zksync.dev,unblock,500,3,7423,0x7c49a518dca9ce689c5bec3b0e2a28a2240f958d48415f38c3b703ea92495880,4183800.322041,4185707.806583,1907.4845420001075,86513,25000000,,success,1,0,,,8590468
pilot_1790562436815,unblock_N500_c3,0,2026-09-28T03:37:01.827Z,zkSyncTestnet,300,sepolia.era.zksync.dev,unblock,500,3,7424,0xab58ac95f73f4a5c0b858863aa4d2997860c52e6911f5925729b8988ccbe2841,4184032.968541,4185894.125,1861.1564589999616,86513,25000000,,success,1,0,,,8590469
pilot_1790562436815,unblock_N500_c3,0,2026-09-28T03:37:03.162Z,zkSyncTestnet,300,sepolia.era.zksync.dev,unblock,500,3,7425,0x3a8378bd56486bde6f2e1d912ed07566fa35e61e444af143c2bc05120ecdefca,4185388.71875,4187229.291333,1840.5725830001757,86519,25000000,,success,1,0,,,8590471
pilot_1790562436815,unblock_N500_c3,0,2026-09-28T03:37:03.499Z,zkSyncTestnet,300,sepolia.era.zksync.dev,unblock,500,3,7426,0x8f510db07957596c680c474547448d1413621689de552bc02ba0e937cd055b6a,4185707.869458,4187566.682125,1858.8126669996418,86513,25000000,,success,1,0,,,8590472
pilot_1790562436815,unblock_N500_c3,0,2026-09-28T03:37:03.651Z,zkSyncTestnet,300,sepolia.era.zksync.dev,unblock,500,3,7427,0x41c32979138ddc7bd02970f0457761da6c4af4fcbb57034b1749f81aa23ecb79,4185894.171958,4187718.729208,1824.5572500000708,86513,25000000,,success,1,0,,,8590473
pilot_1790562436815,unblock_N500_c3,0,2026-09-28T03:37:04.978Z,zkSyncTestnet,300,sepolia.era.zksync.dev,unblock,500,3,7428,0x3b973dcdbbd59ca6a50b83a002ff9023a2948a82bb1f8803f38badc57d02f144,4187229.404125,4189045.88075,1816.4766250001267,86519,25000000,,success,1,0,,,8590474
pilot_1790562436815,unblock_N500_c3,0,2026-09-28T03:37:05.238Z,zkSyncTestnet,300,sepolia.era.zksync.dev,unblock,500,3,7429,0x300d13ac9ffaf21a6457c9dae5f7b66cb7b82725fbcfc254886db018cddc076e,4187566.82075,4189305.925791,1739.1050410000607,86513,25000000,,success,1,0,,,8590475
pilot_1790562436815,unblock_N500_c3,0,2026-09-28T03:37:05.502Z,zkSyncTestnet,300,sepolia.era.zksync.dev,unblock,500,3,7430,0x89bb7e44f0bc3a836031b0ffa1cf5c6302c91d3817ad23098359bd94ba9d90dd,4187718.815791,4189569.589708,1850.7739169998094,86513,25000000,,success,1,0,,,8590476
pilot_1790562436815,unblock_N500_c3,0,2026-09-28T03:37:06.778Z,zkSyncTestnet,300,sepolia.era.zksync.dev,unblock,500,3,7431,0xe67b642c7f3b9c0392cd1138da01de2926bcbb77e74c39fa278731cc9659a159,4189045.933083,4190845.608958,1799.6758749997243,86513,25000000,,success,1,0,,,8590477
pilot_1790562436815,unblock_N500_c3,0,2026-09-28T03:37:07.079Z,zkSyncTestnet,300,sepolia.era.zksync.dev,unblock,500,3,7432,0x2f3ef8e6a12325f779fab305be930d8bdbb57b7aab1c00cf087c71b7e187720a,4189305.975375,4191146.262,1840.2866250001825,86513,25000000,,success,1,0,,,8590478
pilot_1790562436815,unblock_N500_c3,0,2026-09-28T03:37:07.329Z,zkSyncTestnet,300,sepolia.era.zksync.dev,unblock,500,3,7433,0xab35cae22cef28a1e83f2d3bf9f4f200aafd2468e1723023770bfd195a2962fe,4189571.465583,4191396.479125,1825.0135420002043,86513,25000000,,success,1,0,,,8590479
pilot_1790562436815,unblock_N500_c3,0,2026-09-28T03:37:08.648Z,zkSyncTestnet,300,sepolia.era.zksync.dev,unblock,500,3,7434,0x73cee7a5c014a3b20b157e58a369336b880eb45f7c0e046b42f6ed1df0fb4d9c,4190845.659041,4192715.947708,1870.2886669998989,86519,25000000,,success,1,0,,,8590480
pilot_1790562436815,unblock_N500_c3,0,2026-09-28T03:37:08.932Z,zkSyncTestnet,300,sepolia.era.zksync.dev,unblock,500,3,7435,0xbc3c892654665114bf138618953ad4c1cd6acf25b0d0ccfd81a1dbd1017acc54,4191146.330791,4192999.959958,1853.6291670002975,86513,25000000,,success,1,0,,,8590481
pilot_1790562436815,unblock_N500_c3,0,2026-09-28T03:37:09.166Z,zkSyncTestnet,300,sepolia.era.zksync.dev,unblock,500,3,7436,0x8e7f01641d43b8703bd1887fac8f49916e641a88809a89442a9daddcfd9c8186,4191396.740291,4193233.384208,1836.6439169999212,86519,25000000,,success,1,0,,,8590482
pilot_1790562436815,unblock_N500_c3,0,2026-09-28T03:37:10.450Z,zkSyncTestnet,300,sepolia.era.zksync.dev,unblock,500,3,7437,0x2194d36c8d4b1319537c3e84f358382a2bdb42aecb0ee7ca956ab50f26395b12,4192716.028458,4194517.850791,1801.822332999669,86519,25000000,,success,1,0,,,8590483
pilot_1790562436815,unblock_N500_c3,0,2026-09-28T03:37:10.744Z,zkSyncTestnet,300,sepolia.era.zksync.dev,unblock,500,3,7438,0xb3c2fdb2bc13b30610749440b6ba0e21113b8b47c651af7e942d6b8c851dd65e,4193000.008583,4194811.904708,1811.8961249999702,86513,25000000,,success,1,0,,,8590484
pilot_1790562436815,unblock_N500_c3,0,2026-09-28T03:37:11.023Z,zkSyncTestnet,300,sepolia.era.zksync.dev,unblock,500,3,7439,0x3f53cd03110c453951079f6bd2796c9eda387096b0bfc0031afc1267add53827,4193233.427875,4195090.495208,1857.0673329997808,86519,25000000,,success,1,0,,,8590485
pilot_1790562436815,unblock_N500_c3,0,2026-09-28T03:37:12.317Z,zkSyncTestnet,300,sepolia.era.zksync.dev,unblock,500,3,7440,0x197c873b3b83bab6cebb8c63402e4c5a0446effeefc3887a3ae9d9b29b78f49b,4194517.917041,4196384.789541,1866.8724999995902,86519,25000000,,success,1,0,,,8590486
pilot_1790562436815,unblock_N500_c3,0,2026-09-28T03:37:12.555Z,zkSyncTestnet,300,sepolia.era.zksync.dev,unblock,500,3,7441,0x9cc0d4a9c3cd13d959ade1ba1ece6578fc23c56db1a132b35510353470604de2,4194811.993916,4196622.188708,1810.1947919996455,86519,25000000,,success,1,0,,,8590487
pilot_1790562436815,unblock_N500_c3,0,2026-09-28T03:37:12.850Z,zkSyncTestnet,300,sepolia.era.zksync.dev,unblock,500,3,7442,0x2096bf270cf024670b45f39789d3374cd7a3809ce113f4562b75213b1ea60ac8,4195090.549916,4196917.231041,1826.6811250001192,86513,25000000,,success,1,0,,,8590488
pilot_1790562436815,unblock_N500_c3,0,2026-09-28T03:37:14.120Z,zkSyncTestnet,300,sepolia.era.zksync.dev,unblock,500,3,7443,0x51871ec838c386a55985bdb04974622bcb3594ccb3c03ce7cd2f1fe1d32832e8,4196384.839958,4198187.72625,1802.8862920003012,86513,25000000,,success,1,0,,,8590489
pilot_1790562436815,unblock_N500_c3,0,2026-09-28T03:37:14.415Z,zkSyncTestnet,300,sepolia.era.zksync.dev,unblock,500,3,7444,0x385b7280144ec9529fc4595fca616b2b5374aa1eb63a845e73268119a7798a8e,4196622.265916,4198482.386291,1860.1203749999404,86513,25000000,,success,1,0,,,8590490
pilot_1790562436815,unblock_N500_c3,0,2026-09-28T03:37:14.702Z,zkSyncTestnet,300,sepolia.era.zksync.dev,unblock,500,3,7445,0xa6fd921ac5355e3f57e9ec562062d830c079bda915f44a317c8504eb898c646a,4196917.293541,4198769.250375,1851.956833999604,86519,25000000,,success,1,0,,,8590491
pilot_1790562436815,unblock_N500_c3,0,2026-09-28T03:37:15.988Z,zkSyncTestnet,300,sepolia.era.zksync.dev,unblock,500,3,7446,0xf07aca6bd4d702bf453964605123d983fa3e71b999e9cd80df15785bbe9e922a,4198187.78025,4200055.94025,1868.160000000149,86513,25000000,,success,1,0,,,8590492
pilot_1790562436815,unblock_N500_c3,0,2026-09-28T03:37:16.227Z,zkSyncTestnet,300,sepolia.era.zksync.dev,unblock,500,3,7447,0x85e09d42b49d03136bf1f944a44ed2b925d5157185b654ccf8c5b31b4431fb5d,4198482.488208,4200294.066333,1811.578125,86519,25000000,,success,1,0,,,8590493
pilot_1790562436815,unblock_N500_c3,0,2026-09-28T03:37:16.511Z,zkSyncTestnet,300,sepolia.era.zksync.dev,unblock,500,3,7448,0xda0755075575fd92cba1f0093c5253528e5849c49e37281d80274d49ee14582a,4198769.296791,4200578.130416,1808.8336249999702,86519,25000000,,success,1,0,,,8590494
pilot_1790562436815,unblock_N500_c3,0,2026-09-28T03:37:17.812Z,zkSyncTestnet,300,sepolia.era.zksync.dev,unblock,500,3,7449,0x69427cb60f685b13ad82db5401596397f65f0f88f318067dd991139d61fd9665,4200055.995,4201879.078166,1823.083165999502,86519,25000000,,success,1,0,,,8590495
pilot_1790562436815,unblock_N500_c3,0,2026-09-28T03:37:18.087Z,zkSyncTestnet,300,sepolia.era.zksync.dev,unblock,500,3,7450,0xaf97b54e91b8f270105ee10d30d4e57b1ea82bf738f3e111185908a689abac1d,4200294.106833,4202154.255291,1860.1484580002725,86519,25000000,,success,1,0,,,8590496
pilot_1790562436815,unblock_N500_c3,0,2026-09-28T03:37:18.349Z,zkSyncTestnet,300,sepolia.era.zksync.dev,unblock,500,3,7451,0x6c2adb449dce52dad5074978272ea9baab5214a2c72fa20694131899909446d3,4200578.178583,4202416.061625,1837.8830420002341,86519,25000000,,success,1,0,,,8590497
pilot_1790562436815,unblock_N500_c3,0,2026-09-28T03:37:19.653Z,zkSyncTestnet,300,sepolia.era.zksync.dev,unblock,500,3,7452,0x547f75721cb7d32a5a24c0717b051363cf97351001a26293dfcf6f30897484c5,4201879.128833,4203720.349541,1841.2207080004737,86513,25000000,,success,1,0,,,8590498
pilot_1790562436815,unblock_N500_c3,0,2026-09-28T03:37:19.887Z,zkSyncTestnet,300,sepolia.era.zksync.dev,unblock,500,3,7453,0x42af05e823434529bb05e16f03146cc103f3a52e54043b8622619addf292a52f,4202154.328125,4203954.402541,1800.074416000396,86513,25000000,,success,1,0,,,8590499
pilot_1790562436815,unblock_N500_c3,0,2026-09-28T03:37:20.179Z,zkSyncTestnet,300,sepolia.era.zksync.dev,unblock,500,3,7454,0x84448190c1f80391ba5553be2a0fab5068d83b686b0addf70918b459a052d902,4202416.236791,4204246.211208,1829.9744170000777,86519,25000000,,success,1,0,,,8590500
pilot_1790562436815,unblock_N500_c3,0,2026-09-28T03:37:21.481Z,zkSyncTestnet,300,sepolia.era.zksync.dev,unblock,500,3,7455,0x628d26ee8b6360b12d67969b0ae92861ed629998e0a2623792cd1f02be364d35,4203720.39125,4205548.635,1828.2437499994412,86513,25000000,,success,1,0,,,8590501
pilot_1790562436815,unblock_N500_c3,0,2026-09-28T03:37:21.750Z,zkSyncTestnet,300,sepolia.era.zksync.dev,unblock,500,3,7456,0xa10a532c4ad93d868a35cf1cb882eac8eb1ecbe1edff8070eb61002a9d01df87,4203954.473666,4205817.36825,1862.8945840001106,86519,25000000,,success,1,0,,,8590502
pilot_1790562436815,unblock_N500_c3,0,2026-09-28T03:37:22.641Z,zkSyncTestnet,300,sepolia.era.zksync.dev,unblock,500,3,7457,0xe5b0aec670ceea899fcdf7bfc493d0cd1137ffa399c8a59d3964e1d9b11e7ed0,4204246.244291,4206708.563041,2462.3187499996275,86513,25000000,,success,1,0,,,8590503
pilot_1790562436815,unblock_N500_c3,0,2026-09-28T03:37:23.327Z,zkSyncTestnet,300,sepolia.era.zksync.dev,unblock,500,3,7458,0x34158eb2d68a73d84ed037e919f500d042a62dea5e05914042c2179faa6e3684,4205548.7455,4207394.949375,1846.2038749996573,86513,25000000,,success,1,0,,,8590504
pilot_1790562436815,unblock_N500_c3,0,2026-09-28T03:37:23.566Z,zkSyncTestnet,300,sepolia.era.zksync.dev,unblock,500,3,7459,0xa81d9d3cf75f75b62fb9aa9659036284b69db0da6e29ea2c8d6e88014e061fd3,4205817.403166,4207633.950208,1816.5470420001075,86513,25000000,,success,1,0,,,8590505
pilot_1790562436815,unblock_N500_c3,0,2026-09-28T03:37:24.462Z,zkSyncTestnet,300,sepolia.era.zksync.dev,unblock,500,3,7460,0x8d7ff5662e44f0f7f6e16e10816faa75f967cd890abaed9051dfc9a7aa83b6fe,4206708.6315,4208529.134958,1820.5034579997882,86513,25000000,,success,1,0,,,8590506
pilot_1790562436815,unblock_N500_c3,0,2026-09-28T03:37:25.142Z,zkSyncTestnet,300,sepolia.era.zksync.dev,unblock,500,3,7461,0x8710cdd778ecba8526c65e2c8ee5ec8332a01cbf76f2494c796e86695f12cfde,4207395.021958,4209209.163916,1814.1419580001384,86519,25000000,,success,1,0,,,8590507
pilot_1790562436815,unblock_N500_c3,0,2026-09-28T03:37:25.428Z,zkSyncTestnet,300,sepolia.era.zksync.dev,unblock,500,3,7462,0x636e4a5837ae6497b481751b255a2750c3cb7518d7d3217df3148351ffdde6be,4207634.009958,4209495.260833,1861.2508749999106,86519,25000000,,success,1,0,,,8590508
pilot_1790562436815,unblock_N500_c3,0,2026-09-28T03:37:26.241Z,zkSyncTestnet,300,sepolia.era.zksync.dev,unblock,500,3,7463,0x6fc1b4bb89b36137d5429c1b2a2c4d1038a9550137b15620f1aa70d2c6e296be,4208529.198875,4210308.685541,1779.4866660004482,86513,25000000,,success,1,0,,,8590509
pilot_1790562436815,unblock_N500_c3,0,2026-09-28T03:37:27.001Z,zkSyncTestnet,300,sepolia.era.zksync.dev,unblock,500,3,7464,0xf1a6486bb3f664efadf2bc8c9d10e36ddc0711ad51ca8895957a73aa3758dcac,4209209.234625,4211068.284833,1859.0502080004662,86513,25000000,,success,1,0,,,8590510
pilot_1790562436815,unblock_N500_c3,0,2026-09-28T03:37:27.256Z,zkSyncTestnet,300,sepolia.era.zksync.dev,unblock,500,3,7465,0x531f58e7cc252fc9e347efbd6e06b09852b34664a8c560721c9d774ace2eb1fb,4209495.340541,4211323.6495,1828.308959000744,86519,25000000,,success,1,0,,,8590511
pilot_1790562436815,unblock_N500_c3,0,2026-09-28T03:37:28.049Z,zkSyncTestnet,300,sepolia.era.zksync.dev,unblock,500,3,7466,0xd598234a5cfd7d73a44dc806537b51ba2b642ff0f670996e40b10221865b8575,4210308.745375,4212116.709625,1807.9642500001937,86513,25000000,,success,1,0,,,8590512
pilot_1790562436815,unblock_N500_c3,0,2026-09-28T03:37:28.840Z,zkSyncTestnet,300,sepolia.era.zksync.dev,unblock,500,3,7467,0xc4343f0223c404e43467c7c4c9fbcf7ad27e05ed56db04581973e4cba29a3006,4211068.351458,4212907.338583,1838.987124999985,86513,25000000,,success,1,0,,,8590513
pilot_1790562436815,unblock_N500_c3,0,2026-09-28T03:37:29.096Z,zkSyncTestnet,300,sepolia.era.zksync.dev,unblock,500,3,7468,0x2a65e803933d69315a8091620ea9e5621b6662922e585e092d9b8c67f493a7d3,4211323.793208,4213163.438083,1839.6448749992996,86519,25000000,,success,1,0,,,8590514
pilot_1790562436815,unblock_N500_c3,0,2026-09-28T03:37:29.927Z,zkSyncTestnet,300,sepolia.era.zksync.dev,unblock,500,3,7469,0xe0f1396375cb0484007c82ea613dfa1c8395b283cc593d6005e52ac12c87d835,4212116.764875,4213994.15775,1877.3928749999031,86513,25000000,,success,1,0,,,8590515
pilot_1790562436815,unblock_N500_c3,0,2026-09-28T03:37:30.674Z,zkSyncTestnet,300,sepolia.era.zksync.dev,unblock,500,3,7470,0x978db0d00388be7f6af474a153ae9587664a8468db337ae0164109de1b239429,4212907.412208,4214741.391333,1833.9791249996051,86519,25000000,,success,1,0,,,8590516
pilot_1790562436815,unblock_N500_c3,0,2026-09-28T03:37:30.927Z,zkSyncTestnet,300,sepolia.era.zksync.dev,unblock,500,3,7471,0xdef79c717100e76c0206eb153111dded1acb5709e9473eb6018e67c320af6215,4213163.52425,4214994.453666,1830.9294159999117,86519,25000000,,success,1,0,,,8590517
pilot_1790562436815,unblock_N500_c3,0,2026-09-28T03:37:31.727Z,zkSyncTestnet,300,sepolia.era.zksync.dev,unblock,500,3,7472,0x55c4516869a0f4a7be9ca21e78603149f15739a449ddbae151898f76bda04b79,4213994.234333,4215794.813625,1800.5792920002714,86519,25000000,,success,1,0,,,8590518
pilot_1790562436815,unblock_N500_c3,0,2026-09-28T03:37:33.541Z,zkSyncTestnet,300,sepolia.era.zksync.dev,unblock,500,3,7473,0xacd9420575df1485359445ea122898a715ba996960f37685bb8ae020d8d9b5be,4214741.454041,4217608.562166,2867.1081249993294,86513,25000000,,success,1,0,,,8590519
pilot_1790562436815,unblock_N500_c3,0,2026-09-28T03:37:33.811Z,zkSyncTestnet,300,sepolia.era.zksync.dev,unblock,500,3,7474,0x2ab632263ffa091101027e48257dda425b0fd8405d5f30b886636fb6b66f1bc5,4214994.543625,4217878.463875,2883.920250000432,86513,25000000,,success,1,0,,,8590520
pilot_1790562436815,unblock_N500_c3,0,2026-09-28T03:37:34.068Z,zkSyncTestnet,300,sepolia.era.zksync.dev,unblock,500,3,7475,0x7e836d5ed65ab968b8d7684844b51c8a3376b724dbd19ed4d90927e88482e709,4215794.980083,4218135.820375,2340.840292000212,86513,25000000,,success,1,0,,,8590521
pilot_1790562436815,unblock_N500_c3,0,2026-09-28T03:37:37.020Z,zkSyncTestnet,300,sepolia.era.zksync.dev,unblock,500,3,7476,0x3c0878365f5920fa1430cebf01d51452688c7c0ef6309692ca373c694453c724,4217608.624958,4221087.762625,3479.1376670002937,86513,25000000,,success,1,0,,,8590522
pilot_1790562436815,unblock_N500_c3,0,2026-09-28T03:37:37.239Z,zkSyncTestnet,300,sepolia.era.zksync.dev,unblock,500,3,7478,0x29de1cd4e08c466b2447bd09e64184cfa9bb5e02bc937c7b615d7f469d419db2,4218135.888208,4221306.574833,3170.6866250000894,86513,25000000,,success,1,0,,,8590522
pilot_1790562436815,unblock_N500_c3,0,2026-09-28T03:37:38.009Z,zkSyncTestnet,300,sepolia.era.zksync.dev,unblock,500,3,7477,0xa5b60012dac5a3c6532af6e018fbeab9044fca796ad3029d777fe755085d174c,4217878.51675,4222076.13325,4197.616499999538,86513,25000000,,success,1,0,,,8590522
pilot_1790562436815,unblock_N500_c3,0,2026-09-28T03:37:38.791Z,zkSyncTestnet,300,sepolia.era.zksync.dev,unblock,500,3,7479,0x60ea440692e800ab278c5f2da8f9a6df8c3c198d477ec7642c5faafa8bb76ba7,4221087.857916,4222858.3735,1770.515583999455,86513,25000000,,success,1,0,,,8590523
pilot_1790562436815,unblock_N500_c3,0,2026-09-28T03:37:39.822Z,zkSyncTestnet,300,sepolia.era.zksync.dev,unblock,500,3,7480,0x69b9915653b4fb851df418b1300403e11d20c893d245fd0351dad9f48b0d83e3,4221306.647416,4223889.150958,2582.5035419994965,86513,25000000,,success,1,0,,,8590524
pilot_1790562436815,unblock_N500_c3,0,2026-09-28T03:37:39.918Z,zkSyncTestnet,300,sepolia.era.zksync.dev,unblock,500,3,7481,0x8f9aa8a2a6aa378eac860d76f98f962f5e4d64382e404e5e7c4a93a9e65611b7,4222076.256333,4223985.09325,1908.8369169998914,86519,25000000,,success,1,0,,,8590525
pilot_1790562436815,unblock_N500_c3,0,2026-09-28T03:37:40.707Z,zkSyncTestnet,300,sepolia.era.zksync.dev,unblock,500,3,7482,0xc56c986d2c3e1b361bcefbcd0ff7508a5a5a7210328ddcc836c35fa1a743c7de,4222858.433083,4224774.334958,1915.901875000447,86519,25000000,,success,1,0,,,8590526
pilot_1790562436815,unblock_N500_c3,0,2026-09-28T03:37:42.426Z,zkSyncTestnet,300,sepolia.era.zksync.dev,unblock,500,3,7484,0xa3150b5cc6102dc8ac6ccf14d83595801433574597bb0e89fffe6425fbe7855a,4223985.182875,4226493.2185,2508.0356250004843,86519,25000000,,success,1,0,,,8590527
pilot_1790562436815,unblock_N500_c3,0,2026-09-28T03:37:42.526Z,zkSyncTestnet,300,sepolia.era.zksync.dev,unblock,500,3,7485,0x59916b6f3ea409f850ae0869a32e6d958a4bffc9bddbbaf946f2caadbd038c47,4224774.410166,4226593.300708,1818.8905419996008,86513,25000000,,success,1,0,,,8590527
pilot_1790562436815,unblock_N500_c3,0,2026-09-28T03:37:43.249Z,zkSyncTestnet,300,sepolia.era.zksync.dev,unblock,500,3,7483,0x7fadf937340bc47a2189bc2a2db0fbaa645b849dbe2e066dfb936db3f9ed5b3b,4223889.328041,4227316.371208,3427.043166999705,86513,25000000,,success,1,0,,,8590527
pilot_1790562436815,unblock_N500_c3,0,2026-09-28T03:37:45.075Z,zkSyncTestnet,300,sepolia.era.zksync.dev,unblock,500,3,7488,0xd18ef86e8c31ddfaec6df53680882cfd1709a2bd5f0a7b1d8fa7a4859262049c,4227316.443625,4229142.460708,1826.0170829994604,86513,25000000,,success,1,0,,,8590529
pilot_1790562436815,unblock_N500_c3,0,2026-09-28T03:37:45.203Z,zkSyncTestnet,300,sepolia.era.zksync.dev,unblock,500,3,7486,0x6f2e17cc1955c3e2960c405543a56b097f52e0398d963bb62c5f3382060ad1c3,4226493.286416,4229269.971125,2776.684709000401,86519,25000000,,success,1,0,,,8590528
pilot_1790562436815,unblock_N500_c3,0,2026-09-28T03:37:46.494Z,zkSyncTestnet,300,sepolia.era.zksync.dev,unblock,500,3,7487,0x08c8120da6d6148e8a79a4086f27775a2b8cea9a7f1f22a751eec49302093200,4226593.347875,4230561.31175,3967.963875000365,86513,25000000,,success,1,0,,,8590529
pilot_1790562436815,unblock_N500_c3,0,2026-09-28T03:37:47.666Z,zkSyncTestnet,300,sepolia.era.zksync.dev,unblock,500,3,7489,0xeadf959ad27c34c697e65f2aa3a252ee47cf2de71baee09b505ce0d60478ee12,4229142.619083,4231732.903458,2590.2843749998137,86513,25000000,,success,1,0,,,8590530
pilot_1790562436815,unblock_N500_c3,0,2026-09-28T03:37:48.280Z,zkSyncTestnet,300,sepolia.era.zksync.dev,unblock,500,3,7491,0x56b1799c98938d9f2fbdf52ebb308eeed687dd04994b4db136e36e831817f18f,4230561.384125,4232347.147791,1785.7636660002172,86519,25000000,,success,1,0,,,8590531
pilot_1790562436815,unblock_N500_c3,0,2026-09-28T03:37:48.294Z,zkSyncTestnet,300,sepolia.era.zksync.dev,unblock,500,3,7490,0xb9c7bc0b6822f9bed17d1bbd658f7378b5b08147c0b9d50527e0462720f1c14c,4229270.020875,4232361.172416,3091.151540999301,86513,25000000,,success,1,0,,,8590531
pilot_1790562436815,unblock_N500_c3,0,2026-09-28T03:37:49.536Z,zkSyncTestnet,300,sepolia.era.zksync.dev,unblock,500,3,7492,0x05c0cb58d809299526900220518cc4519f075705bf4bdd845af65159c20cee69,4231732.984375,4233603.40775,1870.4233750002459,86519,25000000,,success,1,0,,,8590532
pilot_1790562436815,unblock_N500_c3,0,2026-09-28T03:37:50.065Z,zkSyncTestnet,300,sepolia.era.zksync.dev,unblock,500,3,7493,0xf03920d41238b2ecbb3cd16708a85acd9b43a05e720c6f732f98ef8145625f19,4232347.214083,4234132.826083,1785.6119999997318,86513,25000000,,success,1,0,,,8590533
pilot_1790562436815,unblock_N500_c3,0,2026-09-28T03:37:51.364Z,zkSyncTestnet,300,sepolia.era.zksync.dev,unblock,500,3,7494,0x93c0471442d2c72c897e537b80ec780cbc9a25acc67a06f8ad460d67a1affd67,4232361.200083,4235431.68125,3070.4811670007184,86513,25000000,,success,1,0,,,8590534
pilot_1790562436815,unblock_N500_c3,0,2026-09-28T03:37:51.374Z,zkSyncTestnet,300,sepolia.era.zksync.dev,unblock,500,3,7495,0x478aef5f835c542b4838ea685c7d4053a631a40ac5efc3d534a56b29451b0647,4233603.456041,4235441.158666,1837.702624999918,86513,25000000,,success,1,0,,,8590535
pilot_1790562436815,unblock_N500_c3,0,2026-09-28T03:37:53.217Z,zkSyncTestnet,300,sepolia.era.zksync.dev,unblock,500,3,7497,0x0f841519f493c35c1906a100b2058c658950f1eec1b451edc8ec68a1da7ae4b4,4235431.735458,4237284.210833,1852.4753750003874,86513,25000000,,success,1,0,,,8590536
pilot_1790562436815,unblock_N500_c3,0,2026-09-28T03:37:53.729Z,zkSyncTestnet,300,sepolia.era.zksync.dev,unblock,500,3,7496,0x01a5446d0319e5157ac80e1f01eabada29d151792b5fe0110ec4e4497fd2f25f,4234133.005916,4237795.97925,3662.9733339995146,86519,25000000,,success,1,0,,,8590536
pilot_1790562436815,unblock_N500_c3,0,2026-09-28T03:37:53.979Z,zkSyncTestnet,300,sepolia.era.zksync.dev,unblock,500,3,7498,0xc73b4380aeaff19839de81ff3337448d27ad7272601504c16000c09f97af70e7,4235441.181708,4238046.20625,2605.0245420001447,86513,25000000,,success,1,0,,,8590537
pilot_1790562436815,unblock_N500_c3,0,2026-09-28T03:37:55.578Z,zkSyncTestnet,300,sepolia.era.zksync.dev,unblock,500,3,7500,0x08f76bc83c7e40b54ef0425c7aff8f0c9e0c665d6001e98761fccd85b120197b,4237796.02925,4239645.400791,1849.3715409999713,86519,25000000,,success,1,0,,,8590539
pilot_1790562436815,unblock_N500_c3,0,2026-09-28T03:37:55.834Z,zkSyncTestnet,300,sepolia.era.zksync.dev,unblock,500,3,7499,0x8bf403388a80a73b1d35a51c69340e84fa31a4d3ed0220dc7f7b53284a397252,4237284.307083,4239901.574666,2617.2675829995424,86513,25000000,,success,1,0,,,8590538
pilot_1790562436815,unblock_N500_c3,0,2026-09-28T03:37:57.458Z,zkSyncTestnet,300,sepolia.era.zksync.dev,unblock,500,3,7502,0xe499a24056dda977ba99d3a30e15d2c8c12eeabf324ea9c8c4b178290d6e4652,4239645.510458,4241525.005791,1879.4953330000862,86519,25000000,,success,1,0,,,8590540
pilot_1790562436815,unblock_N500_c3,0,2026-09-28T03:37:57.639Z,zkSyncTestnet,300,sepolia.era.zksync.dev,unblock,500,3,7503,0x0ec98a8a9aa35a25b7ba459c13cb608d4266a9db239645de9be865051a17d103,4239901.638666,4241706.216833,1804.5781669998541,86519,25000000,,success,1,0,,,8590541
pilot_1790562436815,unblock_N500_c3,0,2026-09-28T03:37:57.928Z,zkSyncTestnet,300,sepolia.era.zksync.dev,unblock,500,3,7501,0x5e3537ec02f12ac7519a238771023559e99cc5424640e12c12997f5bda383f78,4238046.258125,4241994.868583,3948.610458000563,86519,25000000,,success,1,0,,,8590540
pilot_1790562436815,unblock_N500_c3,0,2026-09-28T03:38:00.083Z,zkSyncTestnet,300,sepolia.era.zksync.dev,unblock,500,3,7504,0x8c04d66a48da7bbcd8064c8ea6d79172b4b873955b0bfd271f2e24503e08ab80,4241525.090208,4244150.70025,2625.6100420001894,86519,25000000,,success,1,0,,,8590542
pilot_1790562436815,unblock_N500_c3,0,2026-09-28T03:38:01.075Z,zkSyncTestnet,300,sepolia.era.zksync.dev,unblock,500,3,7505,0x2a296e3a1a4df4410082d3c11961dd3ba755e79f206030cacf9a72d567ff4fc2,4241706.259875,4245142.359666,3436.099790999666,86519,25000000,,success,1,0,,,8590543
pilot_1790562436815,unblock_N500_c3,0,2026-09-28T03:38:01.303Z,zkSyncTestnet,300,sepolia.era.zksync.dev,unblock,500,3,7506,0x23b66303fe91fddcba293b618018816ab8ecb1b4b6072f8500cd1e71393a8969,4241994.931291,4245370.505041,3375.573750000447,86513,25000000,,success,1,0,,,8590543
pilot_1790562436815,unblock_N500_c3,0,2026-09-28T03:38:03.563Z,zkSyncTestnet,300,sepolia.era.zksync.dev,unblock,500,3,7507,0x0765eb8fc884ce65ee8c774336595130c285f501d674d118c5898697a4173e3e,4244150.779,4247629.959583,3479.180583000183,86513,25000000,,success,1,0,,,8590544
pilot_1790562436815,unblock_N500_c3,0,2026-09-28T03:38:04.294Z,zkSyncTestnet,300,sepolia.era.zksync.dev,unblock,500,3,7508,0xe4383f3719d70e9522f93cc71434d846edf2b25deb786bcdfb640da78f82ee9b,4245142.420875,4248361.614125,3219.193250000477,86513,25000000,,success,1,0,,,8590545
pilot_1790562436815,unblock_N1000_c3,0,2026-09-28T05:29:47.331Z,zkSyncTestnet,300,sepolia.era.zksync.dev,unblock,1000,3,7509,0xde091330e4de1b618a8a29981913e8c6b921e2acf585b11ff44d5161833b910e,10948760.433791,10951435.052333,2674.6185419987887,86513,25000000,,success,1,0,,,8592947
pilot_1790562436815,unblock_N1000_c3,0,2026-09-28T05:29:48.070Z,zkSyncTestnet,300,sepolia.era.zksync.dev,unblock,1000,3,7511,0xe39dc62977d0d8a2a6408c51693773bdc31289159a803c49b79754ec352fa1f0,10948760.741291,10952174.150791,3413.4095000009984,86519,25000000,,success,1,0,,,8592948
pilot_1790562436815,unblock_N1000_c3,0,2026-09-28T05:29:49.282Z,zkSyncTestnet,300,sepolia.era.zksync.dev,unblock,1000,3,7510,0x30a813ebde802862dd92eca0e0ce8661a2abfc7da29fc272f19565a365a9c559,10948760.667375,10953386.138583,4625.471208000556,86513,25000000,,success,1,0,,,8592948
pilot_1790562436815,unblock_N1000_c3,0,2026-09-28T05:29:49.963Z,zkSyncTestnet,300,sepolia.era.zksync.dev,unblock,1000,3,7513,0xe35f8e90cbfae227bea6bc97ca7a10e411c3b7717e3fb412223920309f769eb5,10952174.239625,10954067.532916,1893.2932910006493,86513,25000000,,success,1,0,,,8592950
pilot_1790562436815,unblock_N1000_c3,0,2026-09-28T05:29:50.495Z,zkSyncTestnet,300,sepolia.era.zksync.dev,unblock,1000,3,7512,0xe32c9f41558498e94c8944f1c3701a9bc60263d6b29c7df39ec7f577c9c2c3ec,10951437.547833,10954598.778875,3161.2310420013964,86513,25000000,,success,1,0,,,8592949
pilot_1790562436815,unblock_N1000_c3,0,2026-09-28T05:29:52.083Z,zkSyncTestnet,300,sepolia.era.zksync.dev,unblock,1000,3,7514,0x285b7692ec731599c4c998ee8a567b98755073fa8902d3ed27df811083ab42a0,10953386.206333,10956187.089458,2800.883124999702,86519,25000000,,success,1,0,,,8592951
pilot_1790562436815,unblock_N1000_c3,0,2026-09-28T05:29:52.290Z,zkSyncTestnet,300,sepolia.era.zksync.dev,unblock,1000,3,7515,0xbc418464079eb848c9134b8b5bce226b3a074124c07f51d8ced539b66d04016e,10954067.696375,10956394.122375,2326.426000000909,86513,25000000,,success,1,0,,,8592951
pilot_1790562436815,unblock_N1000_c3,0,2026-09-28T05:29:52.309Z,zkSyncTestnet,300,sepolia.era.zksync.dev,unblock,1000,3,7516,0x55a90171a1baf73c605d9a337af37f65b6e0edf059c32d8cfdd9f946c65607a3,10954598.844833,10956412.769291,1813.924458000809,86513,25000000,,success,1,0,,,8592951
pilot_1790562436815,unblock_N1000_c3,0,2026-09-28T05:29:55.695Z,zkSyncTestnet,300,sepolia.era.zksync.dev,unblock,1000,3,7517,0x518f6d6c408a001984ce898b359afb1eed71b7354f71f4227343fb50d066d31d,10956187.169625,10959799.36275,3612.1931250002235,86519,25000000,,success,1,0,,,8592952
pilot_1790562436815,unblock_N1000_c3,0,2026-09-28T05:29:57.288Z,zkSyncTestnet,300,sepolia.era.zksync.dev,unblock,1000,3,7519,0x17bf5af29209a1b41dafb2e2aad7b15202b79d5bae1ce23bd3623c96e97b87f0,10956412.789333,10961392.075666,4979.286332998425,86400,25000000,,success,1,0,,,8592953
pilot_1790562436815,unblock_N1000_c3,0,2026-09-28T05:29:58.293Z,zkSyncTestnet,300,sepolia.era.zksync.dev,unblock,1000,3,7518,0x0c55ea980deacc653e25f4338431fd7161f451da29c0da608388bddaec581f5a,10956394.200125,10962396.90475,6002.704625001177,86394,25000000,,success,1,0,,,8592953
pilot_1790562436815,unblock_N1000_c3,0,2026-09-28T05:29:58.587Z,zkSyncTestnet,300,sepolia.era.zksync.dev,unblock,1000,3,7520,0x8dae9a0de6c83f5b30c49b7636d2401450bd4c4038a778f9d7965a3224c48180,10959799.510166,10962691.277541,2891.767374999821,86513,25000000,,success,1,0,,,8592954
pilot_1790562436815,unblock_N1000_c3,0,2026-09-28T05:29:59.935Z,zkSyncTestnet,300,sepolia.era.zksync.dev,unblock,1000,3,7521,0x2ba63c159aa27509cf1bb3b3c30a04ecfe071dcfd7f333ea82fd95b248a0ee61,10961392.319375,10964039.242541,2646.923165999353,86513,25000000,,success,1,0,,,8592955
pilot_1790562436815,unblock_N1000_c3,0,2026-09-28T05:30:00.177Z,zkSyncTestnet,300,sepolia.era.zksync.dev,unblock,1000,3,7522,0x3d8f4be38b0ba6697e9e18362f64df42fdf555d1be4a3978c55e8fd87365c26a,10962397.059375,10964281.21675,1884.1573750004172,86513,25000000,,success,1,0,,,8592956
pilot_1790562436815,unblock_N1000_c3,0,2026-09-28T05:30:02.068Z,zkSyncTestnet,300,sepolia.era.zksync.dev,unblock,1000,3,7525,0x359d4879e1395a21fafaf21a54ea082f81bf3f92581a5efc2387a5abc5bc6422,10964281.330958,10966172.454291,1891.1233329996467,86513,25000000,,success,1,0,,,8592958
pilot_1790562436815,unblock_N1000_c3,0,2026-09-28T05:30:02.280Z,zkSyncTestnet,300,sepolia.era.zksync.dev,unblock,1000,3,7523,0xa29fe812c4844bde2ca5d5478f4fa4deefc8cf726af24bb6d785020cc7148c75,10962691.317375,10966384.386333,3693.0689579993486,86513,25000000,,success,1,0,,,8592957
pilot_1790562436815,unblock_N1000_c3,0,2026-09-28T05:30:02.518Z,zkSyncTestnet,300,sepolia.era.zksync.dev,unblock,1000,3,7524,0x832f33619014ac8cb37d0eeff7cf58e30336868686527ebcd99732bd5daea55d,10964039.350833,10966622.555666,2583.2048329990357,86513,25000000,,success,1,0,,,8592957
pilot_1790562436815,unblock_N1000_c3,0,2026-09-28T05:30:04.083Z,zkSyncTestnet,300,sepolia.era.zksync.dev,unblock,1000,3,7527,0x7ff73288759b055e491fe3f8d20abd795066c8dddc47695de797e83ae79fd46c,10966384.4605,10968187.165541,1802.7050410006195,86513,25000000,,success,1,0,,,8592960
pilot_1790562436815,unblock_N1000_c3,0,2026-09-28T05:30:04.917Z,zkSyncTestnet,300,sepolia.era.zksync.dev,unblock,1000,3,7526,0xfe473cb94ea10e54e89a008fcafea21682bb859fa253d088dd1c6f39efce7f65,10966172.631291,10969020.934208,2848.3029169999063,86513,25000000,,success,1,0,,,8592960
pilot_1790562436815,unblock_N1000_c3,0,2026-09-28T05:30:05.149Z,zkSyncTestnet,300,sepolia.era.zksync.dev,unblock,1000,3,7528,0x009f73e358c769ab9866d7ef7a2df32af597cc09cc217bdfa9fdeca70192fd70,10966622.577458,10969253.712083,2631.134625000879,86513,25000000,,success,1,0,,,8592961
pilot_1790562436815,unblock_N1000_c3,0,2026-09-28T05:30:06.981Z,zkSyncTestnet,300,sepolia.era.zksync.dev,unblock,1000,3,7529,0x5a262c8f52e1553d97ba84162c2d51f9dd3c3e266201a4ea29cd511355138672,10968187.233416,10971085.28175,2898.0483339987695,86519,25000000,,success,1,0,,,8592962
pilot_1790562436815,unblock_N1000_c3,0,2026-09-28T05:30:07.729Z,zkSyncTestnet,300,sepolia.era.zksync.dev,unblock,1000,3,7530,0xf6eb9c0d4d03ff90d8c2c83c02d28eb5bd69fb6ccbad54b249c0886225523a62,10969021.015291,10971833.6085,2812.5932090003043,86519,25000000,,success,1,0,,,8592963
pilot_1790562436815,unblock_N1000_c3,0,2026-09-28T05:30:08.601Z,zkSyncTestnet,300,sepolia.era.zksync.dev,unblock,1000,3,7531,0xa86381a14bbe84805cf7742c691251257684b1a9d9643b001469efa1ef98cd8a,10969253.778083,10972705.348791,3451.57070799917,86519,25000000,,success,1,0,,,8592964
pilot_1790562436815,unblock_N1000_c3,0,2026-09-28T05:30:11.305Z,zkSyncTestnet,300,sepolia.era.zksync.dev,unblock,1000,3,7532,0x36d925dded7d88dba3de4f7672162b533284af4128a76b02412c0bb52aa14459,10971085.372,10975409.793666,4324.421666000038,86519,25000000,,success,1,0,,,8592965
pilot_1790562436815,unblock_N1000_c3,0,2026-09-28T05:30:11.526Z,zkSyncTestnet,300,sepolia.era.zksync.dev,unblock,1000,3,7533,0x8ccd9eea4a9bab1a43c24c03ed22bc69f9a2db00ccb63253d2d72b092efedca1,10971833.673625,10975630.335041,3796.6614159997553,86519,25000000,,success,1,0,,,8592966
pilot_1790562436815,unblock_N1000_c3,0,2026-09-28T05:30:12.284Z,zkSyncTestnet,300,sepolia.era.zksync.dev,unblock,1000,3,7534,0x396eaf40354508bac51caf43613f09134b9c7489b103fc2c008d38a038acbc85,10972705.419083,10976388.339208,3682.920125000179,86519,25000000,,success,1,0,,,8592966
pilot_1790562436815,unblock_N1000_c3,0,2026-09-28T05:30:14.536Z,zkSyncTestnet,300,sepolia.era.zksync.dev,unblock,1000,3,7535,0x436cb78954870b56ec4d413b577e3a32c7efa00d69f28da433244c1c92159187,10975409.86875,10978639.880416,3230.0116659998894,86513,25000000,,success,1,0,,,8592967
pilot_1790562436815,unblock_N1000_c3,0,2026-09-28T05:30:16.511Z,zkSyncTestnet,300,sepolia.era.zksync.dev,unblock,1000,3,7536,0x3be98e8afcce8e55594384226c3f2f2f860c3edc7bcee5d62ac5d1f476cf0643,10975630.444958,10980615.127833,4984.68287499994,86519,25000000,,success,1,0,,,8592968
pilot_1790562436815,unblock_N1000_c3,0,2026-09-28T05:30:16.952Z,zkSyncTestnet,300,sepolia.era.zksync.dev,unblock,1000,3,7537,0xcd99ac90811518f04318c024be822c30841d6ac625c8398e0a86ffc70d4ed2a0,10976388.523208,10981056.201625,4667.67841700092,86519,25000000,,success,1,0,,,8592969
pilot_1790562436815,unblock_N1000_c3,0,2026-09-28T05:30:17.309Z,zkSyncTestnet,300,sepolia.era.zksync.dev,unblock,1000,3,7538,0x95ad7ad835b5a8ed058410759052e5e9d01668d97d7baa7265165b4c45ba7a50,10978639.955833,10981413.859125,2773.9032920002937,86519,25000000,,success,1,0,,,8592970
pilot_1790562436815,unblock_N1000_c3,0,2026-09-28T05:30:19.266Z,zkSyncTestnet,300,sepolia.era.zksync.dev,unblock,1000,3,7541,0x50a2834086aa99061a798778f29b3f3dff6f8ed0ec06c62bb26daf9a03335bb5,10981413.922875,10983370.0915,1956.1686249990016,86513,25000000,,success,1,0,,,8592973
pilot_1790562436815,unblock_N1000_c3,0,2026-09-28T05:30:19.394Z,zkSyncTestnet,300,sepolia.era.zksync.dev,unblock,1000,3,7539,0x5cfdca034642dc5d2338fee15c64930b3fd3dba6385e932dd685076681a09d7c,10980615.210958,10983498.554083,2883.343125000596,86519,25000000,,success,1,0,,,8592971
pilot_1790562436815,unblock_N1000_c3,0,2026-09-28T05:30:19.607Z,zkSyncTestnet,300,sepolia.era.zksync.dev,unblock,1000,3,7540,0x022226509f6101a5a5d7a53cad274951ed36dca88b89cc28fc3694975ac0c2a3,10981056.276708,10983711.82425,2655.5475420001894,86519,25000000,,success,1,0,,,8592972
pilot_1790562436815,unblock_N1000_c3,0,2026-09-28T05:30:22.409Z,zkSyncTestnet,300,sepolia.era.zksync.dev,unblock,1000,3,7542,0x37a365a622fde8a919139fbaa8ac3bde2efa16cd949f37ec38f6b9841b25c765,10983370.177291,10986513.409791,3143.2324999999255,86513,25000000,,success,1,0,,,8592974
pilot_1790562436815,unblock_N1000_c3,0,2026-09-28T05:30:23.200Z,zkSyncTestnet,300,sepolia.era.zksync.dev,unblock,1000,3,7544,0x9cd8b0b27328ae073192d56c3cabb48a16ee48f7f7879ff881cf2323fc0589a3,10983711.854833,10987304.415916,3592.5610830001533,86513,25000000,,success,1,0,,,8592975
pilot_1790562436815,unblock_N1000_c3,0,2026-09-28T05:30:24.238Z,zkSyncTestnet,300,sepolia.era.zksync.dev,unblock,1000,3,7543,0x0669c107ca38bb4a57685e2609a0e94ff6ce19b0d3128eb350652fd36a9b49ba,10983498.582958,10988342.355208,4843.772250000387,86519,25000000,,success,1,0,,,8592975
pilot_1790562436815,unblock_N1000_c3,0,2026-09-28T05:30:25.051Z,zkSyncTestnet,300,sepolia.era.zksync.dev,unblock,1000,3,7546,0xdb1d85f0015e619d15a0d4febbaa9ef6bdd049aec796e6015581e420d10e6538,10987304.463291,10989155.550166,1851.086874999106,86513,25000000,,success,1,0,,,8592976
pilot_1790562436815,unblock_N1000_c3,0,2026-09-28T05:30:25.615Z,zkSyncTestnet,300,sepolia.era.zksync.dev,unblock,1000,3,7545,0x9ac4f6a58d1adce11bac6a6a66689196f94b0b7387e4947c5448ddb60aacb153,10986513.5505,10989719.344291,3205.7937909998,86513,25000000,,success,1,0,,,8592976
pilot_1790562436815,unblock_N1000_c3,0,2026-09-28T05:30:26.941Z,zkSyncTestnet,300,sepolia.era.zksync.dev,unblock,1000,3,7548,0x667d897cd18fff8366a4a369535e8c481a1580a9ed5cbe8a3d97787f512b855e,10989155.797333,10991045.164125,1889.3667919989675,86513,25000000,,success,1,0,,,8592978
pilot_1790562436815,unblock_N1000_c3,0,2026-09-28T05:30:27.356Z,zkSyncTestnet,300,sepolia.era.zksync.dev,unblock,1000,3,7547,0xeed86dc7f949e7cb924f540cb53dad3ffabb225e36def9da457f424a4025ad09,10988342.463333,10991460.825666,3118.3623329997063,86513,25000000,,success,1,0,,,8592978
pilot_1790562436815,unblock_N1000_c3,0,2026-09-28T05:30:27.510Z,zkSyncTestnet,300,sepolia.era.zksync.dev,unblock,1000,3,7549,0x07aa568e838955ce9b61424a7e8792d5020a7112523dc3cab0a3092809c5da95,10989719.4235,10991614.789416,1895.3659160006791,86519,25000000,,success,1,0,,,8592979
pilot_1790562436815,unblock_N1000_c3,0,2026-09-28T05:30:28.732Z,zkSyncTestnet,300,sepolia.era.zksync.dev,unblock,1000,3,7550,0xf09ecc0daa3ded66a3293adbc03f2ad564fbf16b211ed72e4b22385f6335d100,10991045.3565,10992836.141208,1790.7847080007195,86513,25000000,,success,1,0,,,8592980
pilot_1790562436815,unblock_N1000_c3,0,2026-09-28T05:30:30.541Z,zkSyncTestnet,300,sepolia.era.zksync.dev,unblock,1000,3,7551,0xa9c3a697fb2ba3781f4b8455af5260ecf2d82ddcf3be83f9b2466fffb047a0b9,10991460.951458,10994645.743833,3184.7923750001937,86513,25000000,,success,1,0,,,8592981
pilot_1790562436815,unblock_N1000_c3,0,2026-09-28T05:30:32.074Z,zkSyncTestnet,300,sepolia.era.zksync.dev,unblock,1000,3,7552,0x9eb181efa73b10f67d94e58a93748089ab08eb696fa4c365647164cdb5e6475f,10991614.869291,10996178.127166,4563.257874999195,86519,25000000,,success,1,0,,,8592982
pilot_1790562436815,unblock_N1000_c3,0,2026-09-28T05:30:32.099Z,zkSyncTestnet,300,sepolia.era.zksync.dev,unblock,1000,3,7553,0xc1e78690355b224aeac28346c0565597719b581c37a6d4c919f08f18257d4b3d,10992836.314916,10996203.267,3366.9520840011537,86519,25000000,,success,1,0,,,8592983
pilot_1790562436815,unblock_N1000_c3,0,2026-09-28T05:30:33.111Z,zkSyncTestnet,300,sepolia.era.zksync.dev,unblock,1000,3,7554,0x02d5fc3fc201afaf6764699f7212da764577153c95f48c3987e03f99ad619244,10994645.826875,10997215.954666,2570.12779100053,86513,25000000,,success,1,0,,,8592984
pilot_1790562436815,unblock_N1000_c3,0,2026-09-28T05:30:36.040Z,zkSyncTestnet,300,sepolia.era.zksync.dev,unblock,1000,3,7555,0x0d289ee64bb11be51bffffeb691db1a927ab3c3bf7adebdb59b82baf4e228325,10996178.210416,11000144.266125,3966.055708998814,86513,25000000,,success,1,0,,,8592985
pilot_1790562436815,unblock_N1000_c3,0,2026-09-28T05:30:36.298Z,zkSyncTestnet,300,sepolia.era.zksync.dev,unblock,1000,3,7556,0x45e4a162ad8298da3bb1257bd33da64f34fd985ffc5142d9659c385c5abcc898,10996203.299458,11000402.136833,4198.837375000119,86519,25000000,,success,1,0,,,8592985
pilot_1790562436815,unblock_N1000_c3,0,2026-09-28T05:30:37.976Z,zkSyncTestnet,300,sepolia.era.zksync.dev,unblock,1000,3,7558,0xe70def6d0cf30a20cda9fad5115e43c1ef6e36c044a846a31cffeb74532d4227,11000144.327791,11002080.207625,1935.8798340000212,86513,25000000,,success,1,0,,,8592987
pilot_1790562436815,unblock_N1000_c3,0,2026-09-28T05:30:38.392Z,zkSyncTestnet,300,sepolia.era.zksync.dev,unblock,1000,3,7557,0x0861b9c54f104e9c00e04d0a53c7b0ace582419d0d5b400f2b5d761ae8d070f0,10997216.065916,11002496.458208,5280.392292000353,86513,25000000,,success,1,0,,,8592986
pilot_1790562436815,unblock_N1000_c3,0,2026-09-28T05:30:38.951Z,zkSyncTestnet,300,sepolia.era.zksync.dev,unblock,1000,3,7559,0x6ab7b765de0a83e997b2d6bfe1209ed70a24b983eb44d7386346ac771d1baa86,11000402.224916,11003055.835208,2653.610292000696,86519,25000000,,success,1,0,,,8592988
pilot_1790562436815,unblock_N1000_c3,0,2026-09-28T05:30:40.237Z,zkSyncTestnet,300,sepolia.era.zksync.dev,unblock,1000,3,7560,0xc56aa2f1c207351620d65c2f808652907359affc35b658bdf406266e12f11fda,11002080.252875,11004341.00825,2260.755374999717,86513,25000000,,success,1,0,,,8592989
pilot_1790562436815,unblock_N1000_c3,0,2026-09-28T05:30:41.094Z,zkSyncTestnet,300,sepolia.era.zksync.dev,unblock,1000,3,7562,0x1203bc78dac91925d49dfbe74bbb3512d55f42baf8e9f01a0e7539ad19c687f0,11003056.020666,11005198.4135,2142.3928340002894,86519,25000000,,success,1,0,,,8592990
pilot_1790562436815,unblock_N1000_c3,0,2026-09-28T05:30:41.550Z,zkSyncTestnet,300,sepolia.era.zksync.dev,unblock,1000,3,7561,0xd15880463d16998d733e3bed1506e3790aa76540cb96370741370aef4792e99b,11002496.546041,11005654.677083,3158.1310419999063,86519,25000000,,success,1,0,,,8592990
pilot_1790562436815,unblock_N1000_c3,0,2026-09-28T05:30:42.185Z,zkSyncTestnet,300,sepolia.era.zksync.dev,unblock,1000,3,7563,0x8db534fdb24b07a0b9c3ba64bb5135a67f8d96d3a9068b8fa28249252679b2ae,11004341.076541,11006289.44125,1948.3647090010345,86519,25000000,,success,1,0,,,8592992
pilot_1790562436815,unblock_N1000_c3,0,2026-09-28T05:30:43.446Z,zkSyncTestnet,300,sepolia.era.zksync.dev,unblock,1000,3,7564,0x60da76e1f1a0cb187071ffff9cdee9e78cb3f781c432c2844afd1d0dbd1dafbc,11005198.493583,11007550.301875,2351.808292001486,86519,25000000,,success,1,0,,,8592993
pilot_1790562436815,unblock_N1000_c3,0,2026-09-28T05:30:44.427Z,zkSyncTestnet,300,sepolia.era.zksync.dev,unblock,1000,3,7565,0x3e3a0b16f2d9e392ceee4a9324b1f454f11796814a4164799d914b45e9daccf7,11005654.7385,11008531.569166,2876.830665998161,86519,25000000,,success,1,0,,,8592994
pilot_1790562436815,unblock_N1000_c3,0,2026-09-28T05:30:44.972Z,zkSyncTestnet,300,sepolia.era.zksync.dev,unblock,1000,3,7566,0x2aca0a854e05dfa1bcfab61f53d5103d349e06f1d987cf5ee6a2ede9a7b74d57,11006289.506916,11009076.811041,2787.3041249997914,86519,25000000,,success,1,0,,,8592995
pilot_1790562436815,unblock_N1000_c3,0,2026-09-28T05:30:46.076Z,zkSyncTestnet,300,sepolia.era.zksync.dev,unblock,1000,3,7567,0xa67b626153bfc1acf07d2c11f5074630f3a2841732e974ee64aee8a53dda0f8b,11007550.376625,11010180.137541,2629.760916000232,86513,25000000,,success,1,0,,,8592996
pilot_1790562436815,unblock_N1000_c3,0,2026-09-28T05:30:47.045Z,zkSyncTestnet,300,sepolia.era.zksync.dev,unblock,1000,3,7568,0x479efc7be5f9b1292943d632b6eb0774b548fb48cc0e606afbb66207929b12ce,11008531.630333,11011149.440416,2617.8100829999894,86513,25000000,,success,1,0,,,8592997
pilot_1790562436815,unblock_N1000_c3,0,2026-09-28T05:30:48.097Z,zkSyncTestnet,300,sepolia.era.zksync.dev,unblock,1000,3,7569,0x51fe2bf61dac4fb1192a8b2a5188982a1a17e399fc9300b18c2caf9374990c5c,11009076.898875,11012201.7105,3124.8116250000894,86513,25000000,,success,1,0,,,8592999
pilot_1790562436815,unblock_N1000_c3,0,2026-09-28T05:30:48.619Z,zkSyncTestnet,300,sepolia.era.zksync.dev,unblock,1000,3,7570,0x1d0f645348e6e5cbe9aa2cc29833e32b18e38938494476b255b7ea6c5108acb0,11010180.289583,11012723.390208,2543.100625000894,86513,25000000,,success,1,0,,,8593000
pilot_1790562436815,unblock_N1000_c3,0,2026-09-28T05:30:48.927Z,zkSyncTestnet,300,sepolia.era.zksync.dev,unblock,1000,3,7571,0x229c5ecf4ecc361376cd004035616d967facdcc338b90ef1b60c9e6aa5f0dbfc,11011149.486916,11013031.0645,1881.5775840003043,86513,25000000,,success,1,0,,,8593001
pilot_1790562436815,unblock_N1000_c3,0,2026-09-28T05:30:50.448Z,zkSyncTestnet,300,sepolia.era.zksync.dev,unblock,1000,3,7572,0x4ac5af7d31dc600270d1cab29b2b10cfe9c28f163d246a0c86abfeda531bc24d,11012201.791291,11014552.872375,2351.0810839999467,86519,25000000,,success,1,0,,,8593002
pilot_1790562436815,unblock_N1000_c3,0,2026-09-28T05:30:51.263Z,zkSyncTestnet,300,sepolia.era.zksync.dev,unblock,1000,3,7573,0x759a725d490f4faf6ed7a061c5c6d865f1b0455fb1a93625fc87602da8f78244,11012723.446875,11015367.611083,2644.164208000526,86519,25000000,,success,1,0,,,8593003
pilot_1790562436815,unblock_N1000_c3,0,2026-09-28T05:30:52.814Z,zkSyncTestnet,300,sepolia.era.zksync.dev,unblock,1000,3,7574,0x773de28a7c6ea4c84bbc3d812150abd7ee1747f1a2bd5ad38802984e2f897b41,11013031.111083,11016919.001416,3887.890332998708,86513,25000000,,success,1,0,,,8593004
pilot_1790562436815,unblock_N1000_c3,0,2026-09-28T05:30:53.071Z,zkSyncTestnet,300,sepolia.era.zksync.dev,unblock,1000,3,7575,0x6845939deba5d77452f118b29190dbf814808118816382949658f8bf535e851d,11014552.9625,11017175.475666,2622.513165999204,86519,25000000,,success,1,0,,,8593005
pilot_1790562436815,unblock_N1000_c3,0,2026-09-28T05:30:54.913Z,zkSyncTestnet,300,sepolia.era.zksync.dev,unblock,1000,3,7578,0x02010708b0c14a0233cf7259ba455ba59a862c65c68e0c49b91aca8681c6f4d5,11017175.542291,11019017.719208,1842.1769169997424,86519,25000000,,success,1,0,,,8593007
pilot_1790562436815,unblock_N1000_c3,0,2026-09-28T05:30:55.088Z,zkSyncTestnet,300,sepolia.era.zksync.dev,unblock,1000,3,7576,0xfe176c992921d79025724170fe9efa7e973aad22d4768bd7d82458d22f7df919,11015367.788208,11019192.955291,3825.1670829989016,86513,25000000,,success,1,0,,,8593006
pilot_1790562436815,unblock_N1000_c3,0,2026-09-28T05:30:55.337Z,zkSyncTestnet,300,sepolia.era.zksync.dev,unblock,1000,3,7577,0xb5e908418b9d959461f7e04b24fd5d3da60a9f6c5e251a9e425c08d7440fdfcb,11016919.080541,11019441.983125,2522.9025839995593,86519,25000000,,success,1,0,,,8593006
pilot_1790562436815,unblock_N1000_c3,0,2026-09-28T05:30:56.775Z,zkSyncTestnet,300,sepolia.era.zksync.dev,unblock,1000,3,7579,0x2288513b7f99cdb50e2dd9f63ec037e55b9c86cd490f71a0dd2da4b63ce54815,11019017.816,11020879.154208,1861.338208001107,86519,25000000,,success,1,0,,,8593008
pilot_1790562436815,unblock_N1000_c3,0,2026-09-28T05:30:57.293Z,zkSyncTestnet,300,sepolia.era.zksync.dev,unblock,1000,3,7581,0x31aa67589a90e31b24d2c46ed302e5a5302c773e18a525828eca5947cb86d335,11019442.066333,11021397.684583,1955.618250001222,86519,25000000,,success,1,0,,,8593010
pilot_1790562436815,unblock_N1000_c3,0,2026-09-28T05:30:58.060Z,zkSyncTestnet,300,sepolia.era.zksync.dev,unblock,1000,3,7580,0x3c0245042162dda7aa0a0b28d2deea965d740e5b7bb7e4c49900b49739fcfe30,11019193.00275,11022164.22275,2971.2200000006706,86519,25000000,,success,1,0,,,8593009
pilot_1790562436815,unblock_N1000_c3,0,2026-09-28T05:31:00.158Z,zkSyncTestnet,300,sepolia.era.zksync.dev,unblock,1000,3,7582,0xf2abb244160dcf80e7b46899304fec9553586a80fe480e8b086b2334785d3d88,11020879.24775,11024262.301208,3383.0534580014646,86519,25000000,,success,1,0,,,8593011
pilot_1790562436815,unblock_N1000_c3,0,2026-09-28T05:31:00.679Z,zkSyncTestnet,300,sepolia.era.zksync.dev,unblock,1000,3,7584,0xad8b87de8c45125219727c815702ea57ac69e120afe5a9d0d1417daf7182db79,11022164.312041,11024783.428125,2619.1160840000957,86519,25000000,,success,1,0,,,8593012
pilot_1790562436815,unblock_N1000_c3,0,2026-09-28T05:31:01.831Z,zkSyncTestnet,300,sepolia.era.zksync.dev,unblock,1000,3,7583,0x01197558484c243fb5e046da045d8822d9fedc5e9e83705fb1d0a870fc9039ec,11021397.781375,11025935.807416,4538.026040999219,86519,25000000,,success,1,0,,,8593012
pilot_1790562436815,unblock_N1000_c3,0,2026-09-28T05:31:02.061Z,zkSyncTestnet,300,sepolia.era.zksync.dev,unblock,1000,3,7585,0x8a0da67061dc3a23db0c0ebf406e1424a6a6c5366143768b41ec00c473953d20,11024262.384208,11026166.0475,1903.6632920000702,86519,25000000,,success,1,0,,,8593013
pilot_1790562436815,unblock_N1000_c3,0,2026-09-28T05:31:03.866Z,zkSyncTestnet,300,sepolia.era.zksync.dev,unblock,1000,3,7588,0x7f5f38c6cc797d22ae3e4ffe84ddfdda71b4436a46867b71a1c4479dec80f542,11026166.119708,11027970.202083,1804.0823750011623,86513,25000000,,success,1,0,,,8593015
pilot_1790562436815,unblock_N1000_c3,0,2026-09-28T05:31:04.969Z,zkSyncTestnet,300,sepolia.era.zksync.dev,unblock,1000,3,7586,0xb05750803eb9aa6f5671aa818232fda7e1ac512f10836805fbd6d44b72662c50,11024783.507833,11029073.980416,4290.472582999617,86519,25000000,,success,1,0,,,8593014
pilot_1790562436815,unblock_N1000_c3,0,2026-09-28T05:31:05.229Z,zkSyncTestnet,300,sepolia.era.zksync.dev,unblock,1000,3,7587,0xe9fd92f88e68913dda2641ab11efeb142b68b306e4f0579497d78f4536ac2757,11025935.892333,11029333.549291,3397.656957998872,86513,25000000,,success,1,0,,,8593015
pilot_1790562436815,unblock_N1000_c3,0,2026-09-28T05:31:05.776Z,zkSyncTestnet,300,sepolia.era.zksync.dev,unblock,1000,3,7589,0xadfabc82451cda7ffa58cc26964df361494468df8646bf39e448e62dfbba84e4,11027970.295875,11029880.30675,1910.010874999687,86513,25000000,,success,1,0,,,8593016
pilot_1790562436815,unblock_N1000_c3,0,2026-09-28T05:31:07.579Z,zkSyncTestnet,300,sepolia.era.zksync.dev,unblock,1000,3,7590,0x04ef8d9fa21f9b21b91481d9a7623b469c74a8ef0d7bcb5656b06497c61a4256,11029074.039333,11031683.146041,2609.1067079994828,86519,25000000,,success,1,0,,,8593017
pilot_1790562436815,unblock_N1000_c3,0,2026-09-28T05:31:16.195Z,zkSyncTestnet,300,sepolia.era.zksync.dev,unblock,1000,3,7592,0x2d0b4c243617412746b3fcd343ebf04bc1e0e3b77fc691408fda88fe6a06a830,11029880.355541,11040299.643291,10419.287750000134,86519,25000000,,success,1,0,,,8593019
pilot_1790562436815,unblock_N1000_c3,0,2026-09-28T05:31:16.410Z,zkSyncTestnet,300,sepolia.era.zksync.dev,unblock,1000,3,7591,0x63e5dc411cb88b42f8e2ad5ccd7f2f89007fa838bc900d15dfa776387c0442e6,11029333.673625,11040514.547125,11180.873500000685,86519,25000000,,success,1,0,,,8593019
pilot_1790562436815,unblock_N1000_c3,0,2026-09-28T05:31:17.709Z,zkSyncTestnet,300,sepolia.era.zksync.dev,unblock,1000,3,7593,0xb3368dc39d3c046e528dd0d89c90a38ab5bcfe1cac2dcfab05c4799aa9a8c6b4,11031683.2365,11041813.65275,10130.416249999776,86513,25000000,,success,1,0,,,8593020
pilot_1790562436815,unblock_N1000_c3,0,2026-09-28T05:31:18.025Z,zkSyncTestnet,300,sepolia.era.zksync.dev,unblock,1000,3,7594,0x539303ef5b754f54e2b9a541f86589c74cfd77489609b246d1f39e9364e1cd60,11040299.727708,11042129.784458,1830.0567499995232,86513,25000000,,success,1,0,,,8593022
pilot_1790562436815,unblock_N1000_c3,0,2026-09-28T05:31:18.269Z,zkSyncTestnet,300,sepolia.era.zksync.dev,unblock,1000,3,7595,0xdb97f1a5cf2ebf3ee9709c8fb2e00246f1768ce86a9dea94a606db25851f390f,11040514.583875,11042374.132541,1859.5486660003662,86519,25000000,,success,1,0,,,8593023
pilot_1790562436815,unblock_N1000_c3,0,2026-09-28T05:31:19.598Z,zkSyncTestnet,300,sepolia.era.zksync.dev,unblock,1000,3,7596,0xf728ee429a952daeba21a2e400a1b8aea7e7ea6d5b5f10e305e4f0924357c7ce,11041813.724375,11043702.297375,1888.5729999989271,86519,25000000,,success,1,0,,,8593024
pilot_1790562436815,unblock_N1000_c3,0,2026-09-28T05:31:19.910Z,zkSyncTestnet,300,sepolia.era.zksync.dev,unblock,1000,3,7597,0xf1afff0f023e98c2faec2ada1fd216b3d27203588b9296a75f319d8af7e8820f,11042129.833666,11044014.495041,1884.6613749992102,86519,25000000,,success,1,0,,,8593025
pilot_1790562436815,unblock_N1000_c3,0,2026-09-28T05:31:20.210Z,zkSyncTestnet,300,sepolia.era.zksync.dev,unblock,1000,3,7598,0x25f25999cdcafe5665bfd44fa617748cd137ae535192c12f2c9e1d525701f886,11042374.213458,11044314.608,1940.3945419993252,86519,25000000,,success,1,0,,,8593026
pilot_1790562436815,unblock_N1000_c3,0,2026-09-28T05:31:21.403Z,zkSyncTestnet,300,sepolia.era.zksync.dev,unblock,1000,3,7599,0xbfc279ac1f66ebedb41b2d006e77073b2dd2a43e5001f0fcbd791cfc53c22f49,11043702.378583,11045507.492041,1805.1134580001235,86519,25000000,,success,1,0,,,8593027
pilot_1790562436815,unblock_N1000_c3,0,2026-09-28T05:31:21.753Z,zkSyncTestnet,300,sepolia.era.zksync.dev,unblock,1000,3,7600,0x857b5fbec19af35e1ade82c31302afd79cad17d88aca7062562801d7d7a4aab6,11044014.610333,11045857.406625,1842.7962920013815,86519,25000000,,success,1,0,,,8593028
pilot_1790562436815,unblock_N1000_c3,0,2026-09-28T05:31:22.017Z,zkSyncTestnet,300,sepolia.era.zksync.dev,unblock,1000,3,7601,0xa64607236528c47d609832f8f82127ed066bf5ffdf4a15aa43840af1841ff5e2,11044314.681416,11046121.629333,1806.947917001322,86519,25000000,,success,1,0,,,8593029
pilot_1790562436815,unblock_N1000_c3,0,2026-09-28T05:31:23.473Z,zkSyncTestnet,300,sepolia.era.zksync.dev,unblock,1000,3,7602,0xbc53e0fbe47bcca80d0c8b70dbd2ea3d1d53378d941e89473aecf3b58e0c6b4a,11045507.553416,11047578.194166,2070.6407499983907,86519,25000000,,success,1,0,,,8593030
pilot_1790562436815,unblock_N1000_c3,0,2026-09-28T05:31:23.613Z,zkSyncTestnet,300,sepolia.era.zksync.dev,unblock,1000,3,7603,0xea7decdd118e4b1a2ca8cfb9ff626d7151b6ab4af1d17e880085db9782e26361,11045857.4725,11047717.820083,1860.3475829996169,86519,25000000,,success,1,0,,,8593031
pilot_1790562436815,unblock_N1000_c3,0,2026-09-28T05:31:23.814Z,zkSyncTestnet,300,sepolia.era.zksync.dev,unblock,1000,3,7604,0x95cc6745d8c3de1756dddf7316ac935189d2175c908b6af81f1ec952889d5939,11046121.705625,11047918.572625,1796.8670000005513,86519,25000000,,success,1,0,,,8593031
pilot_1790562436815,unblock_N1000_c3,0,2026-09-28T05:31:25.340Z,zkSyncTestnet,300,sepolia.era.zksync.dev,unblock,1000,3,7605,0x04465c4872af8eb346380e226f1e8936b683beb5f2c927230b8ec18ec358b704,11047578.395,11049444.494208,1866.0992080010474,86519,25000000,,success,1,0,,,8593032
pilot_1790562436815,unblock_N1000_c3,0,2026-09-28T05:31:25.413Z,zkSyncTestnet,300,sepolia.era.zksync.dev,unblock,1000,3,7606,0x4e9085cf02c4bd654942a233366540f115c45e24c05d6b074c8317c15a2373a0,11047717.889208,11049517.493333,1799.6041250005364,86513,25000000,,success,1,0,,,8593033
pilot_1790562436815,unblock_N1000_c3,0,2026-09-28T05:31:25.715Z,zkSyncTestnet,300,sepolia.era.zksync.dev,unblock,1000,3,7607,0x1bf2ae92a65a87f10c041e6d090008f8af3e5e1b57e6c26164c24f2007693556,11047918.678791,11049819.965375,1901.2865840010345,86519,25000000,,success,1,0,,,8593033
pilot_1790562436815,unblock_N1000_c3,0,2026-09-28T05:31:27.665Z,zkSyncTestnet,300,sepolia.era.zksync.dev,unblock,1000,3,7608,0x722c522e4d872b498c9bbd82d48013da2cae122586c637b3fa91294c5bc385cf,11049444.687125,11051769.740416,2325.053291000426,86513,25000000,,success,1,0,,,8593035
pilot_1790562436815,unblock_N1000_c3,0,2026-09-28T05:31:27.719Z,zkSyncTestnet,300,sepolia.era.zksync.dev,unblock,1000,3,7610,0xa5e23518083be642ce8e1b16c593a3c0205d5a797ec760beaac037a563c04fb0,11049820.123416,11051823.258,2003.1345840003341,86519,25000000,,success,1,0,,,8593035
pilot_1790562436815,unblock_N1000_c3,0,2026-09-28T05:31:27.943Z,zkSyncTestnet,300,sepolia.era.zksync.dev,unblock,1000,3,7609,0x2840f78fd6a66c2aa44ce93a90b95661e9c55d0cf9982f0a7ecc9d16f09e0c4c,11049517.639666,11052047.658583,2530.018916999921,86513,25000000,,success,1,0,,,8593035
pilot_1790562436815,unblock_N1000_c3,0,2026-09-28T05:31:29.522Z,zkSyncTestnet,300,sepolia.era.zksync.dev,unblock,1000,3,7612,0xa941cd35f4c2ecb11f1e88ae980666f8cba8ef0d99e10daed6343c088e4b5149,11051823.284375,11053626.269208,1802.9848329983652,86519,25000000,,success,1,0,,,8593037
pilot_1790562436815,unblock_N1000_c3,0,2026-09-28T05:31:29.534Z,zkSyncTestnet,300,sepolia.era.zksync.dev,unblock,1000,3,7611,0xcbdf37e334bda611af959e2ac155ee7e61806eb2c1de9b2e894feab2c7d7c5e0,11051769.818583,11053639.151,1869.3324170000851,86519,25000000,,success,1,0,,,8593036
pilot_1790562436815,unblock_N1000_c3,0,2026-09-28T05:31:29.815Z,zkSyncTestnet,300,sepolia.era.zksync.dev,unblock,1000,3,7613,0x3983d34a6f81a5f2dc335c8cf8def5517fb2b4597de619533c4ef0ac92d580e9,11052047.736166,11053919.422208,1871.6860419996083,86519,25000000,,success,1,0,,,8593037
pilot_1790562436815,unblock_N1000_c3,0,2026-09-28T05:31:31.360Z,zkSyncTestnet,300,sepolia.era.zksync.dev,unblock,1000,3,7615,0x85cacf1a9bc203b2b1415f69a06b6cf3c88c8fce4fa86df72eabce1e31569f42,11053639.177916,11055465.006791,1825.8288749996573,86513,25000000,,success,1,0,,,8593039
pilot_1790562436815,unblock_N1000_c3,0,2026-09-28T05:31:31.381Z,zkSyncTestnet,300,sepolia.era.zksync.dev,unblock,1000,3,7614,0x51766024229307ae53fee7b3e1bf92c65b53e44e3c085d50dfc181a4bfeb1e2c,11053626.363791,11055485.960416,1859.5966250002384,86513,25000000,,success,1,0,,,8593038
pilot_1790562436815,unblock_N1000_c3,0,2026-09-28T05:31:31.631Z,zkSyncTestnet,300,sepolia.era.zksync.dev,unblock,1000,3,7616,0xed093c15efc8b1954ec92c525b019b575481fb77e17c9ccde0b4b97e411e2fb7,11053919.505208,11055735.3115,1815.8062919992954,86519,25000000,,success,1,0,,,8593039
pilot_1790562436815,unblock_N1000_c3,0,2026-09-28T05:31:33.187Z,zkSyncTestnet,300,sepolia.era.zksync.dev,unblock,1000,3,7617,0xa78465fcec4daefd664c86ad3f896df26a9a62ade3cf23bc3ea85460b445df0a,11055465.056375,11057291.539583,1826.4832079987973,86513,25000000,,success,1,0,,,8593040
pilot_1790562436815,unblock_N1000_c3,0,2026-09-28T05:31:33.712Z,zkSyncTestnet,300,sepolia.era.zksync.dev,unblock,1000,3,7618,0xd2c8b8b82137c96f0c80cd0b813c75b27cb1cc9b9eb7ab2985da4fa8bf98869d,11055485.979333,11057816.452583,2330.4732499998063,86519,25000000,,success,1,0,,,8593041
pilot_1790562436815,unblock_N1000_c3,0,2026-09-28T05:31:33.714Z,zkSyncTestnet,300,sepolia.era.zksync.dev,unblock,1000,3,7619,0x41166a8fcb9de210f83962e448d475c4d01270da7daeaf7fc67d25f7fda8c7ea,11055735.491291,11057818.394625,2082.903334001079,86519,25000000,,success,1,0,,,8593041
pilot_1790562436815,unblock_N1000_c3,0,2026-09-28T05:31:35.066Z,zkSyncTestnet,300,sepolia.era.zksync.dev,unblock,1000,3,7620,0x9bc6eebcd306318b1d6c9771230f301c1c3132074e33f6205f5dba2b208f17dd,11057291.606583,11059170.958625,1879.3520420007408,86513,25000000,,success,1,0,,,8593042
pilot_1790562436815,unblock_N1000_c3,0,2026-09-28T05:31:35.538Z,zkSyncTestnet,300,sepolia.era.zksync.dev,unblock,1000,3,7621,0x936950cf6210efd5103b9c203c51e0e5e89733ad415d6862b4c823b7fe7b48a6,11057816.523375,11059642.437,1825.9136250000447,86513,25000000,,success,1,0,,,8593043
pilot_1790562436815,unblock_N1000_c3,0,2026-09-28T05:31:36.856Z,zkSyncTestnet,300,sepolia.era.zksync.dev,unblock,1000,3,7622,0xf05730ed4a2d5919e32926ca75f5747af3d4b42b07306465dd5b963221302265,11057818.403916,11060960.594291,3142.1903750002384,86513,25000000,,success,1,0,,,8593044
pilot_1790562436815,unblock_N1000_c3,0,2026-09-28T05:31:36.903Z,zkSyncTestnet,300,sepolia.era.zksync.dev,unblock,1000,3,7623,0x0e096176f819eb72835928e48597508e43c1330ae7830f24170454404eabc5e9,11059171.037125,11061007.931333,1836.8942079991102,86513,25000000,,success,1,0,,,8593045
pilot_1790562436815,unblock_N1000_c3,0,2026-09-28T05:31:37.382Z,zkSyncTestnet,300,sepolia.era.zksync.dev,unblock,1000,3,7624,0x78834dbba781cb78199618904885bb3cfa2f03e1afcf6dc382b5c78a3e227099,11059642.621875,11061486.921625,1844.2997500002384,86513,25000000,,success,1,0,,,8593046
pilot_1790562436815,unblock_N1000_c3,0,2026-09-28T05:31:38.696Z,zkSyncTestnet,300,sepolia.era.zksync.dev,unblock,1000,3,7625,0x1e0f9495aa74057083a59da620029709fbd1c74ae802847ebc7cddbe57250158,11060960.71025,11062800.809958,1840.099708000198,86519,25000000,,success,1,0,,,8593047
pilot_1790562436815,unblock_N1000_c3,0,2026-09-28T05:31:39.223Z,zkSyncTestnet,300,sepolia.era.zksync.dev,unblock,1000,3,7626,0xe116013f8a2915dfb29578c3ef58d483f4199c2e90fe5c514fc65e479443b286,11061007.986708,11063328.050916,2320.0642079990357,86519,25000000,,success,1,0,,,8593048
pilot_1790562436815,unblock_N1000_c3,0,2026-09-28T05:31:39.232Z,zkSyncTestnet,300,sepolia.era.zksync.dev,unblock,1000,3,7627,0x1faf7566f6b940c6d9117504a0bf7cde3966ba95c70a99f94662f9bde5ce272b,11061486.993625,11063336.617166,1849.6235409993678,86519,25000000,,success,1,0,,,8593048
pilot_1790562436815,unblock_N1000_c3,0,2026-09-28T05:31:40.798Z,zkSyncTestnet,300,sepolia.era.zksync.dev,unblock,1000,3,7628,0x78fc35d50b4e1d6a65f7654998db93b6360ed236e199f87cbbd73845ef189d0d,11062800.891291,11064902.625541,2101.7342499997467,86519,25000000,,success,1,0,,,8593049
pilot_1790562436815,unblock_N1000_c3,0,2026-09-28T05:31:41.095Z,zkSyncTestnet,300,sepolia.era.zksync.dev,unblock,1000,3,7629,0x9e055c41fa110dd3f51a4b8ea4c01a0a07f8fe811cf373edb0641055f1c81d55,11063328.2405,11065199.72925,1871.4887500014156,86519,25000000,,success,1,0,,,8593050
pilot_1790562436815,unblock_N1000_c3,0,2026-09-28T05:31:42.336Z,zkSyncTestnet,300,sepolia.era.zksync.dev,unblock,1000,3,7630,0x0f9f071ff007f0c48ca3610aedf743912773b2468dc82744c2113d23ccddea29,11063336.646916,11066441.091916,3104.445000000298,86519,25000000,,success,1,0,,,8593051
pilot_1790562436815,unblock_N1000_c3,0,2026-09-28T05:31:42.647Z,zkSyncTestnet,300,sepolia.era.zksync.dev,unblock,1000,3,7631,0xe991909fc5e026a0604e742e7e7d163badaee622524a335d0e4a5fbb93b2234a,11064902.719375,11066751.597375,1848.8780000004917,86513,25000000,,success,1,0,,,8593052
pilot_1790562436815,unblock_N1000_c3,0,2026-09-28T05:31:42.930Z,zkSyncTestnet,300,sepolia.era.zksync.dev,unblock,1000,3,7632,0x998f9a97ef8405540fd662499142f7f225f60668fa47d9045ca56e44b69c58c3,11065199.898833,11067034.69025,1834.7914170008153,86513,25000000,,success,1,0,,,8593053
pilot_1790562436815,unblock_N1000_c3,0,2026-09-28T05:31:44.191Z,zkSyncTestnet,300,sepolia.era.zksync.dev,unblock,1000,3,7633,0xc794b2bbfd91411826294ac21549137ff33523ebc89c208dac3e0e67e6f3d312,11066441.179583,11068295.868,1854.688417000696,86519,25000000,,success,1,0,,,8593054
pilot_1790562436815,unblock_N1000_c3,0,2026-09-28T05:31:44.495Z,zkSyncTestnet,300,sepolia.era.zksync.dev,unblock,1000,3,7634,0x8e286ebff0ab8566770d0d0fc929bf8c8596768c53488fcaa5b14a8ec8389ab4,11066751.639625,11068599.94725,1848.3076249994338,86513,25000000,,success,1,0,,,8593055
pilot_1790562436815,unblock_N1000_c3,0,2026-09-28T05:31:44.773Z,zkSyncTestnet,300,sepolia.era.zksync.dev,unblock,1000,3,7635,0x106090b421f37454a5235cc0c00120fe654ce7e251925b00d23a718bb7938ba1,11067034.829291,11068877.516791,1842.6875,86519,25000000,,success,1,0,,,8593056
pilot_1790562436815,unblock_N1000_c3,0,2026-09-28T05:31:46.046Z,zkSyncTestnet,300,sepolia.era.zksync.dev,unblock,1000,3,7636,0xb771b4cf3d8726b957766796d24a427668d208d7bd55f99b68b4c64b4e44fb21,11068295.911833,11070150.377958,1854.4661250002682,86519,25000000,,success,1,0,,,8593057
pilot_1790562436815,unblock_N1000_c3,0,2026-09-28T05:31:46.320Z,zkSyncTestnet,300,sepolia.era.zksync.dev,unblock,1000,3,7637,0xd28a40955636196337e27a0af094d19fca9a5114296281d0ec935159efac56a4,11068600.006916,11070424.699625,1824.6927090007812,86519,25000000,,success,1,0,,,8593058
pilot_1790562436815,unblock_N1000_c3,0,2026-09-28T05:31:46.624Z,zkSyncTestnet,300,sepolia.era.zksync.dev,unblock,1000,3,7638,0x6dfb38b08f38ede91cbab5108c278f9f8b47089981b1f53cbe8c96630d00c1fa,11068877.566333,11070728.985666,1851.419332999736,86513,25000000,,success,1,0,,,8593059
pilot_1790562436815,unblock_N1000_c3,0,2026-09-28T05:31:47.895Z,zkSyncTestnet,300,sepolia.era.zksync.dev,unblock,1000,3,7639,0x246a885693692cc6f73716e3c5026aeb226e36e0749fb9dc86fcd41a20c2d340,11070150.467958,11071999.493833,1849.0258750002831,86519,25000000,,success,1,0,,,8593060
pilot_1790562436815,unblock_N1000_c3,0,2026-09-28T05:31:48.160Z,zkSyncTestnet,300,sepolia.era.zksync.dev,unblock,1000,3,7640,0xaf1c2c4a835209497c5b66a3a4126deb9ce1d1a1c22a31cdfc4e2e341637dd97,11070424.739958,11072265.301041,1840.5610830001533,86513,25000000,,success,1,0,,,8593061
pilot_1790562436815,unblock_N1000_c3,0,2026-09-28T05:31:48.436Z,zkSyncTestnet,300,sepolia.era.zksync.dev,unblock,1000,3,7641,0x2cd1ebd27436775afe70952b6c562623557fb35b615d90f6b1a1e2a5157613ca,11070729.03975,11072541.209291,1812.1695409994572,86519,25000000,,success,1,0,,,8593062
pilot_1790562436815,unblock_N1000_c3,0,2026-09-28T05:31:49.756Z,zkSyncTestnet,300,sepolia.era.zksync.dev,unblock,1000,3,7642,0xc2fb72c975425eab4153cfdaeb41752efe8b39d4d3bf6ad7614e54a8b054cf8d,11071999.57275,11073860.674125,1861.1013750005513,86519,25000000,,success,1,0,,,8593063
pilot_1790562436815,unblock_N1000_c3,0,2026-09-28T05:31:50.044Z,zkSyncTestnet,300,sepolia.era.zksync.dev,unblock,1000,3,7643,0xbbf5463085c90b1d175ac5ff2814b83d6855586b8e61167e55cd4dab6f2cb325,11072265.399125,11074149.247541,1883.848415998742,86519,25000000,,success,1,0,,,8593064
pilot_1790562436815,unblock_N1000_c3,0,2026-09-28T05:31:50.246Z,zkSyncTestnet,300,sepolia.era.zksync.dev,unblock,1000,3,7644,0xa0ad9f0cedcc8ae00295f4ae285182ef04b04d7000790b4486e71f62f4196bfc,11072541.24525,11074350.790416,1809.5451660007238,86519,25000000,,success,1,0,,,8593065
pilot_1790562436815,unblock_N1000_c3,0,2026-09-28T05:31:51.596Z,zkSyncTestnet,300,sepolia.era.zksync.dev,unblock,1000,3,7645,0xd5cf49202b8de7fb0d51ca37e8c39fb6520da7affffdfea7444e9c3a631ec589,11073860.72525,11075700.377041,1839.6517910007387,86519,25000000,,success,1,0,,,8593066
pilot_1790562436815,unblock_N1000_c3,0,2026-09-28T05:31:51.912Z,zkSyncTestnet,300,sepolia.era.zksync.dev,unblock,1000,3,7646,0x2153d3406d9ec34b142fc15feda46f5a52ff9f04fcad6eb66e42e0f265bff4af,11074149.344791,11076016.611166,1867.2663749996573,86519,25000000,,success,1,0,,,8593067
pilot_1790562436815,unblock_N1000_c3,0,2026-09-28T05:31:52.060Z,zkSyncTestnet,300,sepolia.era.zksync.dev,unblock,1000,3,7647,0x3284577496f44bbbaeb7fb322fedc799dbab04111075be71af64055bb5aca913,11074350.903375,11076164.384583,1813.4812080003321,86519,25000000,,success,1,0,,,8593068
pilot_1790562436815,unblock_N1000_c3,0,2026-09-28T05:31:53.390Z,zkSyncTestnet,300,sepolia.era.zksync.dev,unblock,1000,3,7648,0x7e48703a8afe0e7cbb719f4c8cddc1c706b0fc3511afb56db7f9d897c3349cf7,11075700.617833,11077495.255625,1794.637792000547,86513,25000000,,success,1,0,,,8593069
pilot_1790562436815,unblock_N1000_c3,0,2026-09-28T05:31:53.742Z,zkSyncTestnet,300,sepolia.era.zksync.dev,unblock,1000,3,7649,0x32a2262d3aaa90b7e9d762589536d313909585aead87de30ae70ad9fc581da43,11076016.701833,11077846.695041,1829.9932080004364,86513,25000000,,success,1,0,,,8593070
pilot_1790562436815,unblock_N1000_c3,0,2026-09-28T05:31:53.908Z,zkSyncTestnet,300,sepolia.era.zksync.dev,unblock,1000,3,7650,0xc2abe4514881113e7e7499d29a4f4c986174e41c92a34566eee93d643cb9d55f,11076164.437958,11078013.214125,1848.7761669997126,86513,25000000,,success,1,0,,,8593071
pilot_1790562436815,unblock_N1000_c3,0,2026-09-28T05:31:55.243Z,zkSyncTestnet,300,sepolia.era.zksync.dev,unblock,1000,3,7651,0xdc3f517c295f2cf81fedce28f444823295b10f67232e5eabb10ad23c615e5903,11077495.439041,11079347.566708,1852.1276670005172,86513,25000000,,success,1,0,,,8593072
pilot_1790562436815,unblock_N1000_c3,0,2026-09-28T05:31:55.553Z,zkSyncTestnet,300,sepolia.era.zksync.dev,unblock,1000,3,7652,0x78f3500144fc7f2d743632ccab662143c1473747c3323982309c47884b4c3260,11077846.804833,11079657.954625,1811.1497919987887,86519,25000000,,success,1,0,,,8593073
pilot_1790562436815,unblock_N1000_c3,0,2026-09-28T05:31:55.741Z,zkSyncTestnet,300,sepolia.era.zksync.dev,unblock,1000,3,7653,0xd5ddafe6cbfaad028b0b75b832079f6d3c8689d9c1c9a01b111015eef75cd8bb,11078013.238833,11079846.255833,1833.0169999990612,86519,25000000,,success,1,0,,,8593074
pilot_1790562436815,unblock_N1000_c3,0,2026-09-28T05:31:57.060Z,zkSyncTestnet,300,sepolia.era.zksync.dev,unblock,1000,3,7654,0xf923107c0ebcbdd33ccab15175f5b69f06751a02cb60857bf80ef4e1e723d5c6,11079347.650291,11081164.688125,1817.0378339998424,86513,25000000,,success,1,0,,,8593075
pilot_1790562436815,unblock_N1000_c3,0,2026-09-28T05:31:57.359Z,zkSyncTestnet,300,sepolia.era.zksync.dev,unblock,1000,3,7655,0x9287e9b84c1dc3549e5741bec2d68667155fec471f8f1d3663fae37b18729a85,11079658.150916,11081464.324083,1806.1731669995934,86519,25000000,,success,1,0,,,8593076
pilot_1790562436815,unblock_N1000_c3,0,2026-09-28T05:31:57.599Z,zkSyncTestnet,300,sepolia.era.zksync.dev,unblock,1000,3,7656,0x7af57d5f889f5088519001a89a582b3e2caaff2ad5af288de6010b070bed357e,11079846.350208,11081704.24525,1857.8950420003384,86519,25000000,,success,1,0,,,8593077
pilot_1790562436815,unblock_N1000_c3,0,2026-09-28T05:31:58.957Z,zkSyncTestnet,300,sepolia.era.zksync.dev,unblock,1000,3,7657,0x033860de39c11d25cf23aba69df155800666d54013a844edc671f4ba59bb3711,11081164.769875,11083061.503666,1896.733791001141,86513,25000000,,success,1,0,,,8593078
pilot_1790562436815,unblock_N1000_c3,0,2026-09-28T05:31:59.219Z,zkSyncTestnet,300,sepolia.era.zksync.dev,unblock,1000,3,7658,0xc15545a94ead6a52b851a050e23f73d127d3e9536e5531c8d37a094751b98263,11081464.392916,11083323.493375,1859.1004590000957,86519,25000000,,success,1,0,,,8593079
pilot_1790562436815,unblock_N1000_c3,0,2026-09-28T05:31:59.416Z,zkSyncTestnet,300,sepolia.era.zksync.dev,unblock,1000,3,7659,0xa3d366adf033a187bb34911d987708c21d8052ed610d8b04fd3ad7ecaa84ade2,11081704.2665,11083520.81625,1816.5497500002384,86519,25000000,,success,1,0,,,8593080
pilot_1790562436815,unblock_N1000_c3,0,2026-09-28T05:32:00.736Z,zkSyncTestnet,300,sepolia.era.zksync.dev,unblock,1000,3,7660,0x010b113cfe40770a16b170a94765c8e471442c31f6b022bb0611c559219ff06b,11083061.574625,11084840.769375,1779.1947499997914,86519,25000000,,success,1,0,,,8593081
pilot_1790562436815,unblock_N1000_c3,0,2026-09-28T05:32:01.062Z,zkSyncTestnet,300,sepolia.era.zksync.dev,unblock,1000,3,7661,0x88dfa7a33fe572eba0c6922cd4ee629fd0fd14a53abebc08dd632b1db9c86085,11083323.656833,11085166.86025,1843.2034169994295,86513,25000000,,success,1,0,,,8593082
pilot_1790562436815,unblock_N1000_c3,0,2026-09-28T05:32:01.232Z,zkSyncTestnet,300,sepolia.era.zksync.dev,unblock,1000,3,7662,0xea8f65a5132b52a918adfdeb678b3e7d02e49c9bebcaaf5b170734575032b194,11083520.902916,11085336.986166,1816.0832500010729,86513,25000000,,success,1,0,,,8593083
pilot_1790562436815,unblock_N1000_c3,0,2026-09-28T05:32:02.544Z,zkSyncTestnet,300,sepolia.era.zksync.dev,unblock,1000,3,7663,0x65d286681f01e3b648daf90fbec1f1619d4d1e72f16fe00cbf8760bade56985c,11084840.865666,11086649.339125,1808.473458999768,86513,25000000,,success,1,0,,,8593084
pilot_1790562436815,unblock_N1000_c3,0,2026-09-28T05:32:02.868Z,zkSyncTestnet,300,sepolia.era.zksync.dev,unblock,1000,3,7664,0x954c338917b89030a28c55a280968eef32fcafe72bdd774135c68802501f18b6,11085166.89525,11086972.9685,1806.0732499994338,86519,25000000,,success,1,0,,,8593085
pilot_1790562436815,unblock_N1000_c3,0,2026-09-28T05:32:03.125Z,zkSyncTestnet,300,sepolia.era.zksync.dev,unblock,1000,3,7665,0xa8a799ffb3cba4f53ad577cdf046e202fbaff4651beedf29e62fc1cd3864f53e,11085337.032125,11087230.150041,1893.117916001007,86513,25000000,,success,1,0,,,8593086
pilot_1790562436815,unblock_N1000_c3,0,2026-09-28T05:32:04.389Z,zkSyncTestnet,300,sepolia.era.zksync.dev,unblock,1000,3,7666,0xa6ce036ae084348e1ad38e2cf10f2d7f317a06552a626f39843095886cdae181,11086649.410375,11088494.172791,1844.7624159995466,86519,25000000,,success,1,0,,,8593087
pilot_1790562436815,unblock_N1000_c3,0,2026-09-28T05:32:04.727Z,zkSyncTestnet,300,sepolia.era.zksync.dev,unblock,1000,3,7667,0x0d49bef493387b131e56d0b800c037e12a2713678b10d1bd8605162cac50247a,11086973.03975,11088832.030916,1858.9911659993231,86519,25000000,,success,1,0,,,8593088
pilot_1790562436815,unblock_N1000_c3,0,2026-09-28T05:32:05.024Z,zkSyncTestnet,300,sepolia.era.zksync.dev,unblock,1000,3,7668,0xacbb7bfb174b8dd0544e3749940f2fbd074414002e96f3cd7474b010b824a74b,11087230.212375,11089128.916875,1898.7044999990612,86519,25000000,,success,1,0,,,8593089
pilot_1790562436815,unblock_N1000_c3,0,2026-09-28T05:32:06.474Z,zkSyncTestnet,300,sepolia.era.zksync.dev,unblock,1000,3,7669,0x3aea54fbb253850f18d2ed88e944579b9be4cbc2c39e581e83abb47075f84803,11088494.260833,11090579.271,2085.0101669989526,86519,25000000,,success,1,0,,,8593091
pilot_1790562436815,unblock_N1000_c3,0,2026-09-28T05:32:06.782Z,zkSyncTestnet,300,sepolia.era.zksync.dev,unblock,1000,3,7670,0x4085a7c137c66e1b7333ab324f14bba162aa780cc8f88b9f182506bfda15d517,11088832.156541,11090886.882291,2054.7257500011474,86513,25000000,,success,1,0,,,8593092
pilot_1790562436815,unblock_N1000_c3,0,2026-09-28T05:32:08.077Z,zkSyncTestnet,300,sepolia.era.zksync.dev,unblock,1000,3,7671,0xd1d8a05e428a8b0052ef94c4a38082756283b6a01643e14fac81fa23e27b4250,11089128.961166,11092182.239833,3053.278666999191,86394,25000000,,success,1,0,,,8593093
pilot_1790562436815,unblock_N1000_c3,0,2026-09-28T05:32:08.348Z,zkSyncTestnet,300,sepolia.era.zksync.dev,unblock,1000,3,7672,0xc2a5e0f23bd76fdc7fac3f91c6dc0f320faf5c0c326a02da83b354b24c945ee8,11090579.35875,11092452.681708,1873.3229580000043,86513,25000000,,success,1,0,,,8593094
pilot_1790562436815,unblock_N1000_c3,0,2026-09-28T05:32:08.594Z,zkSyncTestnet,300,sepolia.era.zksync.dev,unblock,1000,3,7673,0x10c62fd57c498c6acd0db8d10730386a0c77e0fd70e66fa81aacc1ab11fda038,11090886.951458,11092699.261375,1812.3099170010537,86519,25000000,,success,1,0,,,8593095
pilot_1790562436815,unblock_N1000_c3,0,2026-09-28T05:32:09.934Z,zkSyncTestnet,300,sepolia.era.zksync.dev,unblock,1000,3,7674,0xaeed2551caadc189671687431e255051453babe81df06c3f4c12a8f915944001,11092182.323458,11094039.177041,1856.8535830006003,86513,25000000,,success,1,0,,,8593096
pilot_1790562436815,unblock_N1000_c3,0,2026-09-28T05:32:10.215Z,zkSyncTestnet,300,sepolia.era.zksync.dev,unblock,1000,3,7675,0x241276d680e12bd6d23d9804a8173a24d5b67b4a0e6aa707c630f4fad42e7fa0,11092452.755041,11094320.283583,1867.5285420008004,86519,25000000,,success,1,0,,,8593097
pilot_1790562436815,unblock_N1000_c3,0,2026-09-28T05:32:10.440Z,zkSyncTestnet,300,sepolia.era.zksync.dev,unblock,1000,3,7676,0x1e77ede8be8e5155f37b380ed33f9c0d972aa11f28815d26afc14481f87448da,11092699.289916,11094545.207333,1845.9174170009792,86519,25000000,,success,1,0,,,8593098
pilot_1790562436815,unblock_N1000_c3,0,2026-09-28T05:32:13.554Z,zkSyncTestnet,300,sepolia.era.zksync.dev,unblock,1000,3,7677,0xe3c1b7075475ab9e5353fda54a9152e613ed731acd12fee87756988d8798ebcd,11094039.26875,11097659.158666,3619.889915999025,86519,25000000,,success,1,0,,,8593099
pilot_1790562436815,unblock_N1000_c3,0,2026-09-28T05:32:13.556Z,zkSyncTestnet,300,sepolia.era.zksync.dev,unblock,1000,3,7679,0x5d5ba3fec55705d5002bb9396e213080fd3b3ca2323b23ec713e02caacbaa210,11094545.320291,11097661.334791,3116.0144999995828,86513,25000000,,success,1,0,,,8593099
pilot_1790562436815,unblock_N1000_c3,0,2026-09-28T05:32:14.603Z,zkSyncTestnet,300,sepolia.era.zksync.dev,unblock,1000,3,7678,0x4c8b60c886af593e605cc13b9f6133b39f3f5a070ed17ac95c7665bf0021025b,11094320.357041,11098708.36425,4388.007209001109,86519,25000000,,success,1,0,,,8593099
pilot_1790562436815,unblock_N1000_c3,0,2026-09-28T05:32:15.433Z,zkSyncTestnet,300,sepolia.era.zksync.dev,unblock,1000,3,7680,0xd30934801de79a878c6700c99d627fda84cf44777b9629adb82a79f18a7dd85e,11097659.247333,11099538.1815,1878.9341670013964,86513,25000000,,success,1,0,,,8593100
pilot_1790562436815,unblock_N1000_c3,0,2026-09-28T05:32:16.700Z,zkSyncTestnet,300,sepolia.era.zksync.dev,unblock,1000,3,7681,0xe307bf8bcced6d74a993f38762d382cd4df7a6510031d52ce5e2724ab1804c04,11097661.349,11100805.383333,3144.0343329999596,86513,25000000,,success,1,0,,,8593101
pilot_1790562436815,unblock_N1000_c3,0,2026-09-28T05:32:17.223Z,zkSyncTestnet,300,sepolia.era.zksync.dev,unblock,1000,3,7682,0x6e1b36711c943c0a3b702c2122e58d019ec753991ad151a63ed51cfdfa891bb4,11098708.44175,11101327.469958,2619.0282080005854,86519,25000000,,success,1,0,,,8593102
pilot_1790562436815,unblock_N1000_c3,0,2026-09-28T05:32:17.277Z,zkSyncTestnet,300,sepolia.era.zksync.dev,unblock,1000,3,7683,0xa7f972cb28ed747849b686ab802be5f3a881fa4daa8bcda41c5e6c15a1eaf7a1,11099538.337083,11101381.736291,1843.3992079999298,86519,25000000,,success,1,0,,,8593102
pilot_1790562436815,unblock_N1000_c3,0,2026-09-28T05:32:18.628Z,zkSyncTestnet,300,sepolia.era.zksync.dev,unblock,1000,3,7684,0x63bfac4be948d4229c5813986bbb898101bef0082c5a5d67d058ee5bfe58b849,11100805.454583,11102732.72075,1927.266166999936,86519,25000000,,success,1,0,,,8593103
pilot_1790562436815,unblock_N1000_c3,0,2026-09-28T05:32:19.073Z,zkSyncTestnet,300,sepolia.era.zksync.dev,unblock,1000,3,7685,0xe8e02fd7867f4a3082f0b8ef716a7e6cae85ad691a1aa49d128776c53b5b0103,11101327.659666,11103178.407,1850.7473339997232,86513,25000000,,success,1,0,,,8593104
pilot_1790562436815,unblock_N1000_c3,0,2026-09-28T05:32:20.369Z,zkSyncTestnet,300,sepolia.era.zksync.dev,unblock,1000,3,7686,0xa579e5c92508b87df93d7f7334c2a4593fcc28bf18807be1a3e99f815b5c5d82,11101381.800125,11104473.609083,3091.808958001435,86513,25000000,,success,1,0,,,8593105
pilot_1790562436815,unblock_N1000_c3,0,2026-09-28T05:32:20.492Z,zkSyncTestnet,300,sepolia.era.zksync.dev,unblock,1000,3,7687,0x1f7886cd26a0c622a6cc81cd82d35656206363add89e8fe5cd2dfc477f2c1474,11102733.013583,11104597.492208,1864.4786249995232,86513,25000000,,success,1,0,,,8593106
pilot_1790562436815,unblock_N1000_c3,0,2026-09-28T05:32:20.895Z,zkSyncTestnet,300,sepolia.era.zksync.dev,unblock,1000,3,7688,0x42907ef502950702d0bbe930d521f7ff726c43580c1f0e85e2c3e95bc7fe6dc8,11103178.481666,11105000.29925,1821.8175839986652,86519,25000000,,success,1,0,,,8593107
pilot_1790562436815,unblock_N1000_c3,0,2026-09-28T05:32:22.467Z,zkSyncTestnet,300,sepolia.era.zksync.dev,unblock,1000,3,7690,0x41e8a63e71b3ee86cbfb313bb4cba29880f5733eeccc59876324f8adeebe3551,11104597.54025,11106571.978333,1974.4380830004811,86513,25000000,,success,1,0,,,8593109
pilot_1790562436815,unblock_N1000_c3,0,2026-09-28T05:32:22.695Z,zkSyncTestnet,300,sepolia.era.zksync.dev,unblock,1000,3,7689,0xd16a8538fa569acf3dc460edc31478cd2d61ab1dc49027d56be88c1fe8fc2f88,11104473.774708,11106799.886166,2326.1114580016583,86519,25000000,,success,1,0,,,8593109
pilot_1790562436815,unblock_N1000_c3,0,2026-09-28T05:32:22.795Z,zkSyncTestnet,300,sepolia.era.zksync.dev,unblock,1000,3,7691,0x1f7b2e2bd69bcd31f5b955193a2afeea17895622da2893cc7c4750552143cafc,11105000.350041,11106900.400583,1900.0505420006812,86519,25000000,,success,1,0,,,8593109
pilot_1790562436815,unblock_N1000_c3,0,2026-09-28T05:32:24.564Z,zkSyncTestnet,300,sepolia.era.zksync.dev,unblock,1000,3,7692,0xd1ce0672e8d6db8d2d71bf7fd3b6a08038c9c1b97b3f0ad6aa9188f71b675ee9,11106572.068916,11108668.927416,2096.8585000000894,86513,25000000,,success,1,0,,,8593110
pilot_1790562436815,unblock_N1000_c3,0,2026-09-28T05:32:26.140Z,zkSyncTestnet,300,sepolia.era.zksync.dev,unblock,1000,3,7693,0x7d927c3605baba912431e4744e9c76125661f422be14ee21ccd073b42ed6cd5e,11106799.980375,11110245.093875,3445.113500000909,86513,25000000,,success,1,0,,,8593111
pilot_1790562436815,unblock_N1000_c3,0,2026-09-28T05:32:26.367Z,zkSyncTestnet,300,sepolia.era.zksync.dev,unblock,1000,3,7694,0xd957e754d65310f382a4ee164e10946ecb834cc329ee84876f93484e68d0f9f5,11106900.428291,11110472.069125,3571.6408339999616,86513,25000000,,success,1,0,,,8593111
pilot_1790562436815,unblock_N1000_c3,0,2026-09-28T05:32:26.448Z,zkSyncTestnet,300,sepolia.era.zksync.dev,unblock,1000,3,7695,0x1d3336bb466a9c606e6cf511f4ee1ccf8320ecdfa4fcfe9ed2fca1a3ab8d3419,11108669.022041,11110553.484583,1884.4625419992954,86513,25000000,,success,1,0,,,8593112
pilot_1790562436815,unblock_N1000_c3,0,2026-09-28T05:32:28.054Z,zkSyncTestnet,300,sepolia.era.zksync.dev,unblock,1000,3,7696,0xd9ea9dc075e419cbc25f79df24d61cf39973d17abdd5ef177d67158b199e808c,11110245.185041,11112159.326041,1914.14100000076,86519,25000000,,success,1,0,,,8593113
pilot_1790562436815,unblock_N1000_c3,0,2026-09-28T05:32:28.264Z,zkSyncTestnet,300,sepolia.era.zksync.dev,unblock,1000,3,7697,0xd1a451d3a8d9871aea23b1253c0a892a0564b1d4d0dd978d95aba0052dfe53c7,11110472.12125,11112369.020875,1896.8996249996126,86513,25000000,,success,1,0,,,8593114
pilot_1790562436815,unblock_N1000_c3,0,2026-09-28T05:32:29.587Z,zkSyncTestnet,300,sepolia.era.zksync.dev,unblock,1000,3,7698,0x276b4c686a7e05f1f900027eee33ea925180c500f18aec90f9d33e9116d06459,11110553.595625,11113691.609333,3138.01370799914,86513,25000000,,success,1,0,,,8593115
pilot_1790562436815,unblock_N1000_c3,0,2026-09-28T05:32:29.908Z,zkSyncTestnet,300,sepolia.era.zksync.dev,unblock,1000,3,7699,0x863bf308e0e07f91a147d1637b55047d6c63e4edff6b036bcd284724e127de27,11112159.390166,11114012.907166,1853.5170000009239,86513,25000000,,success,1,0,,,8593117
pilot_1790562436815,unblock_N1000_c3,0,2026-09-28T05:32:30.094Z,zkSyncTestnet,300,sepolia.era.zksync.dev,unblock,1000,3,7700,0x2e1d95c382ae04e63642f7f17e89e1fb205ed3ece6c505eb3e672148cc0afa99,11112369.116,11114198.88375,1829.7677499987185,86519,25000000,,success,1,0,,,8593117
pilot_1790562436815,unblock_N1000_c3,0,2026-09-28T05:32:31.379Z,zkSyncTestnet,300,sepolia.era.zksync.dev,unblock,1000,3,7701,0x954248f2ef1e024b1ba7cbb58b2eb6a8b152ab961987b78d22d39e3754a5c7d1,11113691.787666,11115484.394916,1792.6072499994189,86513,25000000,,success,1,0,,,8593118
pilot_1790562436815,unblock_N1000_c3,0,2026-09-28T05:32:31.902Z,zkSyncTestnet,300,sepolia.era.zksync.dev,unblock,1000,3,7702,0xa5753daa0542f0682e61db4496829b8bfd0d58e5cd17c1afb294055fea0efe84,11114013.062125,11116007.155208,1994.0930830016732,86519,25000000,,success,1,0,,,8593119
pilot_1790562436815,unblock_N1000_c3,0,2026-09-28T05:32:33.184Z,zkSyncTestnet,300,sepolia.era.zksync.dev,unblock,1000,3,7703,0xad07699ff252a0dc92a234798c682e2325b299d3f7595605aff65fbe3470f7f3,11114199.028875,11117288.5645,3089.535624999553,86513,25000000,,success,1,0,,,8593120
pilot_1790562436815,unblock_N1000_c3,0,2026-09-28T05:32:33.239Z,zkSyncTestnet,300,sepolia.era.zksync.dev,unblock,1000,3,7704,0xdd71960b5d71236bb08561e53611f7c9bd6e2b461e9c0a35115680a17473470b,11115484.4535,11117344.012208,1859.5587079990655,86519,25000000,,success,1,0,,,8593121
pilot_1790562436815,unblock_N1000_c3,0,2026-09-28T05:32:33.725Z,zkSyncTestnet,300,sepolia.era.zksync.dev,unblock,1000,3,7705,0xa1997652ebb2f1b5b3b625ec00286a5c6b73e6093ac01ffd0ea6e276674bc352,11116007.227916,11117829.561541,1822.3336249999702,86519,25000000,,success,1,0,,,8593122
pilot_1790562436815,unblock_N1000_c3,0,2026-09-28T05:32:35.071Z,zkSyncTestnet,300,sepolia.era.zksync.dev,unblock,1000,3,7706,0x8f2f561656158e43e59a33a1f843b5b302d24fcebcf857db8baf7c38b9c62a5a,11117288.633208,11119176.383958,1887.75075000152,86519,25000000,,success,1,0,,,8593123
pilot_1790562436815,unblock_N1000_c3,0,2026-09-28T05:32:35.578Z,zkSyncTestnet,300,sepolia.era.zksync.dev,unblock,1000,3,7708,0xdacc70c9d06a48f5dd50a4f824908e3564966969d7720b0673b561804a819f95,11117829.732375,11119682.732125,1852.9997499994934,86519,25000000,,success,1,0,,,8593124
pilot_1790562436815,unblock_N1000_c3,0,2026-09-28T05:32:35.614Z,zkSyncTestnet,300,sepolia.era.zksync.dev,unblock,1000,3,7707,0xafab126d7bf3b471a1a68f2168b8b7a8030a6f65f95f6c37fe361ecbfa4a45b3,11117344.065208,11119719.174375,2375.109167000279,86513,25000000,,success,1,0,,,8593124
pilot_1790562436815,unblock_N1000_c3,0,2026-09-28T05:32:36.867Z,zkSyncTestnet,300,sepolia.era.zksync.dev,unblock,1000,3,7709,0x13f261b8ee31e4a48f262518d842146f09e95ffa181dbacd7eb95526e512c9ce,11119176.44975,11120971.757041,1795.3072909992188,86519,25000000,,success,1,0,,,8593125
pilot_1790562436815,unblock_N1000_c3,0,2026-09-28T05:32:37.404Z,zkSyncTestnet,300,sepolia.era.zksync.dev,unblock,1000,3,7710,0x05cf34bac156110cbb900f45e68afc8693a638c97f36f5b50617954cdacb3166,11119682.800875,11121508.680291,1825.879416000098,86513,25000000,,success,1,0,,,8593126
pilot_1790562436815,unblock_N1000_c3,0,2026-09-28T05:32:38.722Z,zkSyncTestnet,300,sepolia.era.zksync.dev,unblock,1000,3,7711,0x2af731286f82a75a716700e41cb08464a45f401c6680f7232f23ad747247aac5,11119719.204208,11122827.5255,3108.3212919998914,86513,25000000,,success,1,0,,,8593127
pilot_1790562436815,unblock_N1000_c3,0,2026-09-28T05:32:38.748Z,zkSyncTestnet,300,sepolia.era.zksync.dev,unblock,1000,3,7712,0x6641f446343c1936b7c39193eac56108e737aacc07fb9608d57df4cf488bad1f,11120971.841333,11122852.625416,1880.784082999453,86519,25000000,,success,1,0,,,8593128
pilot_1790562436815,unblock_N1000_c3,0,2026-09-28T05:32:39.278Z,zkSyncTestnet,300,sepolia.era.zksync.dev,unblock,1000,3,7713,0xff55afaf011bf1c5e29c489f479b6d148143266dddac1f47d4c0de2c1662af60,11121508.854458,11123382.930416,1874.0759579986334,86513,25000000,,success,1,0,,,8593129
pilot_1790562436815,unblock_N1000_c3,0,2026-09-28T05:32:41.113Z,zkSyncTestnet,300,sepolia.era.zksync.dev,unblock,1000,3,7714,0x54d58ab265b94266819d096ee70964769f299f979ece5ee545de4dd4ce2b2054,11122827.602875,11125218.17625,2390.573374999687,86513,25000000,,success,1,0,,,8593130
pilot_1790562436815,unblock_N1000_c3,0,2026-09-28T05:32:42.389Z,zkSyncTestnet,300,sepolia.era.zksync.dev,unblock,1000,3,7715,0x2c932876c08a045f4015bb2454b976711c5b44e0d6bdf803dd05543541290f55,11122852.71125,11126493.721875,3641.010625001043,86513,25000000,,success,1,0,,,8593131
pilot_1790562436815,unblock_N1000_c3,0,2026-09-28T05:32:42.983Z,zkSyncTestnet,300,sepolia.era.zksync.dev,unblock,1000,3,7716,0xfffbbb3efbf44f776473b7e672814f0de4b43c5588aa0912b9de73d07a805307,11123383.002625,11127087.627416,3704.6247910000384,86513,25000000,,success,1,0,,,8593131
pilot_1790562436815,unblock_N1000_c3,0,2026-09-28T05:32:44.579Z,zkSyncTestnet,300,sepolia.era.zksync.dev,unblock,1000,3,7717,0xe93ca19eec62673b26f7034ba2bd8c77bbe93304b49bfb4cca031d25a608f318,11125218.223958,11128683.706291,3465.4823329988867,86519,25000000,,success,1,0,,,8593132
pilot_1790562436815,unblock_N1000_c3,0,2026-09-28T05:32:45.144Z,zkSyncTestnet,300,sepolia.era.zksync.dev,unblock,1000,3,7718,0x751db059a3cdc3b9a96207df3f67b5084ac66884e95cae3c9350474d43d3060c,11126493.797041,11129249.327333,2755.530291998759,86513,25000000,,success,1,0,,,8593133
pilot_1790562436815,unblock_N1000_c3,0,2026-09-28T05:32:45.536Z,zkSyncTestnet,300,sepolia.era.zksync.dev,unblock,1000,3,7719,0x899d7f4e029cae35574d37822b418ead5cfa9e342e453f14eb7ac156cda3dbe4,11127087.784416,11129641.279708,2553.4952920004725,86519,25000000,,success,1,0,,,8593133
pilot_1790562436815,unblock_N1000_c3,0,2026-09-28T05:32:48.014Z,zkSyncTestnet,300,sepolia.era.zksync.dev,unblock,1000,3,7720,0x6f9bd57c4108f02bece8cb308e2f8a907eb6b536487ba3030bbd3ca23b8fe364,11128683.797333,11132119.33,3435.5326669998467,86513,25000000,,success,1,0,,,8593134
pilot_1790562436815,unblock_N1000_c3,0,2026-09-28T05:32:48.751Z,zkSyncTestnet,300,sepolia.era.zksync.dev,unblock,1000,3,7721,0x94c405c16603203d56fe529346311fff1e234a7a55cb94204fb84b771b96b6b1,11129249.50075,11132856.564833,3607.064083000645,86513,25000000,,success,1,0,,,8593135
pilot_1790562436815,unblock_N1000_c3,0,2026-09-28T05:32:49.771Z,zkSyncTestnet,300,sepolia.era.zksync.dev,unblock,1000,3,7722,0xccc02812f2e6b7d1a8a6ba2a171de74750c7b94306a69819f4c19c8f4bf83234,11129641.364416,11133876.142083,4234.77766700089,86519,25000000,,success,1,0,,,8593136
pilot_1790562436815,unblock_N1000_c3,0,2026-09-28T05:32:52.611Z,zkSyncTestnet,300,sepolia.era.zksync.dev,unblock,1000,3,7724,0x51c265e9e71332be1c087838c4f81fadf8705d1426d88063145835566d97d6fa,11132856.658583,11136716.644083,3859.9855000004172,86519,25000000,,success,1,0,,,8593137
pilot_1790562436815,unblock_N1000_c3,0,2026-09-28T05:32:53.133Z,zkSyncTestnet,300,sepolia.era.zksync.dev,unblock,1000,3,7725,0xe9d3b9dd6343e8870da99406a0212c0b56fb83cccb2b272e1698db7b8a727b2f,11133876.230208,11137237.858833,3361.6286249998957,86519,25000000,,success,1,0,,,8593137
pilot_1790562436815,unblock_N1000_c3,0,2026-09-28T05:32:53.205Z,zkSyncTestnet,300,sepolia.era.zksync.dev,unblock,1000,3,7723,0xc92a79183d54c99412a4ca032e8e82c8c342deb69518cdd1caec0f3f050fe192,11132119.413458,11137309.950291,5190.536832999438,86519,25000000,,success,1,0,,,8593137
pilot_1790562436815,unblock_N1000_c3,0,2026-09-28T05:32:55.322Z,zkSyncTestnet,300,sepolia.era.zksync.dev,unblock,1000,3,7726,0x6ad3a8124b62a2185afb993acf34df84887bd94c7c60a59f8796e406120349d6,11136716.728666,11139426.680333,2709.9516669996083,86519,25000000,,success,1,0,,,8593141
pilot_1790562436815,unblock_N1000_c3,0,2026-09-28T05:32:55.754Z,zkSyncTestnet,300,sepolia.era.zksync.dev,unblock,1000,3,7727,0xe739f5d29b57d2df4a5df7f352626b123032d2eab49c466e659c355877cd8d46,11137238.024208,11139859.078958,2621.0547499991953,86519,25000000,,success,1,0,,,8593142
pilot_1790562436815,unblock_N1000_c3,0,2026-09-28T05:32:57.115Z,zkSyncTestnet,300,sepolia.era.zksync.dev,unblock,1000,3,7729,0x584eaee7adbd83719ea1e8ead72dcf6b166fc4a8601497e2877b4da5cf79c32e,11139426.786791,11141220.018166,1793.2313749995083,86519,25000000,,success,1,0,,,8593144
pilot_1790562436815,unblock_N1000_c3,0,2026-09-28T05:32:58.124Z,zkSyncTestnet,300,sepolia.era.zksync.dev,unblock,1000,3,7728,0x2172dfce3e7957e98bff169b68877903a7fcaad6b2e0d384304ed451d6e87ec1,11137310.006333,11142228.822166,4918.815833000466,86519,25000000,,success,1,0,,,8593143
pilot_1790562436815,unblock_N1000_c3,0,2026-09-28T05:32:58.447Z,zkSyncTestnet,300,sepolia.era.zksync.dev,unblock,1000,3,7730,0xc083afaf9c0802cc715942b1d33c351072e9c999522cbb23ee11c61f5d2feef2,11139859.160416,11142551.760833,2692.600417001173,86519,25000000,,success,1,0,,,8593145
pilot_1790562436815,unblock_N1000_c3,0,2026-09-28T05:32:58.989Z,zkSyncTestnet,300,sepolia.era.zksync.dev,unblock,1000,3,7731,0x965570df1abb3c45e5d95f4c4b98c2bb3493d6f4a6658acaedb5bacc9b99d6e9,11141220.093208,11143094.25675,1874.1635420005769,86513,25000000,,success,1,0,,,8593146
pilot_1790562436815,unblock_N1000_c3,0,2026-09-28T05:33:00.038Z,zkSyncTestnet,300,sepolia.era.zksync.dev,unblock,1000,3,7732,0xf8b536c869f270bca52b08f1269a89aa849dc7e23c43025dd6d1f18ecf6d8ae4,11142228.905416,11144143.386458,1914.4810419995338,86513,25000000,,success,1,0,,,8593147
pilot_1790562436815,unblock_N1000_c3,0,2026-09-28T05:33:00.326Z,zkSyncTestnet,300,sepolia.era.zksync.dev,unblock,1000,3,7733,0xc7bad4e45542570d63e12349f1191c8b5ff53aac3f3816107b850e837dee653f,11142551.833291,11144431.644875,1879.8115839995444,86519,25000000,,success,1,0,,,8593148
pilot_1790562436815,unblock_N1000_c3,0,2026-09-28T05:33:00.765Z,zkSyncTestnet,300,sepolia.era.zksync.dev,unblock,1000,3,7734,0xe88fcd4d8147b2be7e7a8d7c0069ac1fc34b098a7cfb7c9eda2d8f1f4775288f,11143094.342041,11144870.336291,1775.9942499995232,86513,25000000,,success,1,0,,,8593149
pilot_1790562436815,unblock_N1000_c3,0,2026-09-28T05:33:01.901Z,zkSyncTestnet,300,sepolia.era.zksync.dev,unblock,1000,3,7735,0xd6ac9f43053ba3ccdd5a494ae268c3d236565f43726096d54844656b142823f1,11144143.442708,11146006.225958,1862.7832500003278,86513,25000000,,success,1,0,,,8593150
pilot_1790562436815,unblock_N1000_c3,0,2026-09-28T05:33:02.132Z,zkSyncTestnet,300,sepolia.era.zksync.dev,unblock,1000,3,7736,0xf28f930e80d9cb57a8061fcbc05eff208bd2d57019a8d5fe62eab2b9f20ea557,11144431.717416,11146236.834958,1805.1175420004874,86519,25000000,,success,1,0,,,8593150
pilot_1790562436815,unblock_N1000_c3,0,2026-09-28T05:33:03.427Z,zkSyncTestnet,300,sepolia.era.zksync.dev,unblock,1000,3,7737,0xdc0e0ca6049fc37d9553645fe30d2005d247a824c2bcc6145b03e647a3bd9507,11144870.415833,11147531.807291,2661.391457999125,86519,25000000,,success,1,0,,,8593151
pilot_1790562436815,unblock_N1000_c3,0,2026-09-28T05:33:05.161Z,zkSyncTestnet,300,sepolia.era.zksync.dev,unblock,1000,3,7738,0x375dbafbc4ccedc550293db9c337a4f4a0dc388d12d03224e36389af326eb3ba,11146006.307916,11149266.173083,3259.8651669993997,86519,25000000,,success,1,0,,,8593152
pilot_1790562436815,unblock_N1000_c3,0,2026-09-28T05:33:06.614Z,zkSyncTestnet,300,sepolia.era.zksync.dev,unblock,1000,3,7739,0x9e8a89cc7c27e76f241e2259f8fc50c45fdf5a06932fd60d1f0005756c628c25,11146236.875458,11150719.008458,4482.132999999449,86519,25000000,,success,1,0,,,8593153
pilot_1790562436815,unblock_N1000_c3,0,2026-09-28T05:33:07.377Z,zkSyncTestnet,300,sepolia.era.zksync.dev,unblock,1000,3,7740,0x9128a3189dd1a5b8c85539bb1f0bbf4a114934268fea019ef4ca35942505ad88,11147531.897375,11151482.204458,3950.3070829994977,86513,25000000,,success,1,0,,,8593153
pilot_1790562436815,unblock_N1000_c3,0,2026-09-28T05:33:10.198Z,zkSyncTestnet,300,sepolia.era.zksync.dev,unblock,1000,3,7741,0x0772f439d006d4537a1fbcc3bddb25dac7c20d548fdf22968f9a7e1b79121911,11149266.283958,11154303.545375,5037.261417001486,86519,25000000,,success,1,0,,,8593156
pilot_1790562436815,unblock_N1000_c3,0,2026-09-28T05:33:11.454Z,zkSyncTestnet,300,sepolia.era.zksync.dev,unblock,1000,3,7742,0x9b0ff5176ff36de9f6330d5d5bf6fdebb89596af4436db228db408b48006c74c,11150719.093625,11155558.837375,4839.7437500003725,86513,25000000,,success,1,0,,,8593157
pilot_1790562436815,unblock_N1000_c3,0,2026-09-28T05:33:11.751Z,zkSyncTestnet,300,sepolia.era.zksync.dev,unblock,1000,3,7743,0x4d546b4bf49bbd99b215b2c2ea90f179721a6ac90ee0055b0ed9267f904cced1,11151482.254541,11155855.896583,4373.642041999847,86519,25000000,,success,1,0,,,8593158
pilot_1790562436815,unblock_N1000_c3,0,2026-09-28T05:33:13.160Z,zkSyncTestnet,300,sepolia.era.zksync.dev,unblock,1000,3,7744,0x1fded698ce74241bdee461d108f2e9f642135ec6eeaf61992cd6d152131fd8f9,11154303.619291,11157265.270958,2961.651667000726,86519,25000000,,success,1,0,,,8593159
pilot_1790562436815,unblock_N1000_c3,0,2026-09-28T05:33:13.386Z,zkSyncTestnet,300,sepolia.era.zksync.dev,unblock,1000,3,7745,0x8c2eb3f80f1f35c612e372acbe8f6fe1818f345590af8f5cfa810d0edadc5753,11155558.970458,11157491.227083,1932.2566249985248,86513,25000000,,success,1,0,,,8593161
pilot_1790562436815,unblock_N1000_c3,0,2026-09-28T05:33:15.253Z,zkSyncTestnet,300,sepolia.era.zksync.dev,unblock,1000,3,7746,0x181ec8a42fae835d7b1fbb8148c90d500d846a80529dfd153617a7a94d574864,11155855.978166,11159358.30625,3502.328083999455,86519,25000000,,success,1,0,,,8593162
pilot_1790562436815,unblock_N1000_c3,0,2026-09-28T05:33:16.045Z,zkSyncTestnet,300,sepolia.era.zksync.dev,unblock,1000,3,7748,0x88952bbe2078fc18bde43eed9b6bd121fe98ded4a28e96243e2917e29fe6d31d,11157491.397125,11160150.443791,2659.0466660000384,86513,25000000,,success,1,0,,,8593163
pilot_1790562436815,unblock_N1000_c3,0,2026-09-28T05:33:16.475Z,zkSyncTestnet,300,sepolia.era.zksync.dev,unblock,1000,3,7747,0xebdbb1f1d5484f19147122964778e7dd357dd9f5b5472b1f5857d5d1235eaf4b,11157265.45325,11160579.89875,3314.4454999994487,86519,25000000,,success,1,0,,,8593163
pilot_1790562436815,unblock_N1000_c3,0,2026-09-28T05:33:17.154Z,zkSyncTestnet,300,sepolia.era.zksync.dev,unblock,1000,3,7749,0xba3ee4de459f30b8f7b8b8270559c92852a2b7338725d6c3ef16abc88acd3f7f,11159358.38075,11161258.835083,1900.454332999885,86513,25000000,,success,1,0,,,8593164
pilot_1790562436815,unblock_N1000_c3,0,2026-09-28T05:33:17.850Z,zkSyncTestnet,300,sepolia.era.zksync.dev,unblock,1000,3,7750,0x9cc2657fad03c14f4698cd5ca69bab4cd72a301c336ea631a8011dd86e8dc640,11160150.501458,11161955.059666,1804.5582079999149,86519,25000000,,success,1,0,,,8593165
pilot_1790562436815,unblock_N1000_c3,0,2026-09-28T05:33:18.313Z,zkSyncTestnet,300,sepolia.era.zksync.dev,unblock,1000,3,7751,0xa67ef762a0f9fed76d6fa7d150a33ca834ebad2143fb14d5f943e4376c0732f7,11160580.101416,11162418.058958,1837.9575420003384,86519,25000000,,success,1,0,,,8593166
pilot_1790562436815,unblock_N1000_c3,0,2026-09-28T05:33:20.553Z,zkSyncTestnet,300,sepolia.era.zksync.dev,unblock,1000,3,7752,0xe4eb8a15c3f6762c78c1457316d74442157547b7e8c3f6c25c3d8ff1bfa51648,11161258.921791,11164658.210875,3399.289084000513,86519,25000000,,success,1,0,,,8593167
pilot_1790562436815,unblock_N1000_c3,0,2026-09-28T05:33:22.764Z,zkSyncTestnet,300,sepolia.era.zksync.dev,unblock,1000,3,7754,0xdca3446678b34465ac2fdfae02c73379823a43563fa2188fba12dda1565c0754,11162418.217041,11166869.430083,4451.213041998446,86519,25000000,,success,1,0,,,8593169
pilot_1790562436815,unblock_N1000_c3,0,2026-09-28T05:33:23.031Z,zkSyncTestnet,300,sepolia.era.zksync.dev,unblock,1000,3,7753,0xcbae173a4dd59379d743762bb5a4ec6f5f8f8017a1a966d437bb5d6025bc1e12,11161955.142125,11167136.000125,5180.858000000939,86513,25000000,,success,1,0,,,8593168
pilot_1790562436815,unblock_N1000_c3,0,2026-09-28T05:33:23.285Z,zkSyncTestnet,300,sepolia.era.zksync.dev,unblock,1000,3,7755,0x7bc82525d66f35dc26a3018af5d5d2057987d43d15e57d6fe9b7bc0f541bfb46,11164658.271666,11167390.368375,2732.0967089999467,86519,25000000,,success,1,0,,,8593169
pilot_1790562436815,unblock_N1000_c3,0,2026-09-28T05:33:26.459Z,zkSyncTestnet,300,sepolia.era.zksync.dev,unblock,1000,3,7756,0x3bcadc1e07a424e4a55dcebfff3e41814497ab82ce676fbdc1d6bffbc2bb33fa,11166869.623916,11170564.643583,3695.0196669995785,86519,25000000,,success,1,0,,,8593170
pilot_1790562436815,unblock_N1000_c3,0,2026-09-28T05:33:28.267Z,zkSyncTestnet,300,sepolia.era.zksync.dev,unblock,1000,3,7757,0xb13bf3f061d1763fa2ea32e707b196be07b0e3e2601882c3b2f667bf95380727,11167136.06575,11172372.677458,5236.611708000302,86513,25000000,,success,1,0,,,8593171
pilot_1790562436815,unblock_N1000_c3,0,2026-09-28T05:33:28.295Z,zkSyncTestnet,300,sepolia.era.zksync.dev,unblock,1000,3,7759,0x55d8d57e0077df738cd2a1d9b8c7d7932838a62fa7ec3e6d00db75e5e629e46c,11170564.731375,11172400.139083,1835.4077080003917,86519,25000000,,success,1,0,,,8593171
pilot_1790562436815,unblock_N1000_c3,0,2026-09-28T05:33:29.056Z,zkSyncTestnet,300,sepolia.era.zksync.dev,unblock,1000,3,7758,0xe49c07ddd670cd4206daf8a14ac12454e96fd918f5cbd8f4b7ec9439ffe868dc,11167390.43975,11173161.3915,5770.951749999076,86519,25000000,,success,1,0,,,8593171
pilot_1790562436815,unblock_N1000_c3,0,2026-09-28T05:33:30.105Z,zkSyncTestnet,300,sepolia.era.zksync.dev,unblock,1000,3,7760,0x056fc21f1194bec0a947ebc5970974c6c9598a7ecb822862cfa42cc48e111a7e,11172372.864125,11174210.751708,1837.8875830005854,86519,25000000,,success,1,0,,,8593172
pilot_1790562436815,unblock_N1000_c3,0,2026-09-28T05:33:30.883Z,zkSyncTestnet,300,sepolia.era.zksync.dev,unblock,1000,3,7762,0xa6d180ccae076e1251be5daafcb7f08fbc6ae69b23cebd0e26e319c2386564e2,11173161.468625,11174988.410041,1826.9414160009474,86513,25000000,,success,1,0,,,8593173
pilot_1790562436815,unblock_N1000_c3,0,2026-09-28T05:33:31.446Z,zkSyncTestnet,300,sepolia.era.zksync.dev,unblock,1000,3,7761,0x91d8f655f4b96985b583d2dee86f61a660efe7c65d73ac98fd87a977433cd443,11172400.218333,11175551.775416,3151.5570829994977,86519,25000000,,success,1,0,,,8593173
pilot_1790562436815,unblock_N1000_c3,0,2026-09-28T05:33:32.860Z,zkSyncTestnet,300,sepolia.era.zksync.dev,unblock,1000,3,7764,0xdbe40f02810f55f9824a012aa612b759df98eae166869469d3900e5752358a2a,11174988.453125,11176965.026625,1976.5734999999404,86519,25000000,,success,1,0,,,8593174
pilot_1790562436815,unblock_N1000_c3,0,2026-09-28T05:33:32.884Z,zkSyncTestnet,300,sepolia.era.zksync.dev,unblock,1000,3,7763,0x18eca3bb310ee8c730e97249d76463fa7078d98ef65401f090b0f18670f31afd,11174210.8065,11176989.4195,2778.6129999998957,86519,25000000,,success,1,0,,,8593174
pilot_1790562436815,unblock_N1000_c3,0,2026-09-28T05:33:35.080Z,zkSyncTestnet,300,sepolia.era.zksync.dev,unblock,1000,3,7765,0x8629b556417d489713782f13d2ba6c3140e404bb76bb31349cdb14c046ea93d8,11175551.851041,11179185.153,3633.301959000528,86519,25000000,,success,1,0,,,8593175
pilot_1790562436815,unblock_N1000_c3,0,2026-09-28T05:33:35.628Z,zkSyncTestnet,300,sepolia.era.zksync.dev,unblock,1000,3,7766,0x58147de37dd24a8677187091b460216db03dc8fa145efce8bf98429cbf259905,11176965.100291,11179733.309375,2768.209083998576,86519,25000000,,success,1,0,,,8593176
pilot_1790562436815,unblock_N1000_c3,0,2026-09-28T05:33:36.644Z,zkSyncTestnet,300,sepolia.era.zksync.dev,unblock,1000,3,7767,0x64926bb92755e241b366b2708376575044f1f1b9e40a35b0d07009a8c99987bd,11176989.509291,11180749.455708,3759.9464170001447,86519,25000000,,success,1,0,,,8593177
pilot_1790562436815,unblock_N1000_c3,0,2026-09-28T05:33:36.956Z,zkSyncTestnet,300,sepolia.era.zksync.dev,unblock,1000,3,7768,0x2a5d9d2d1b4b3ce7adf71b6f43f0c48d95469d728c6bbdf6231db19f33e207af,11179185.3375,11181061.286708,1875.9492079988122,86513,25000000,,success,1,0,,,8593178
pilot_1790562436815,unblock_N1000_c3,0,2026-09-28T05:33:37.446Z,zkSyncTestnet,300,sepolia.era.zksync.dev,unblock,1000,3,7769,0x4ac6d9cc62b4f6c76eb1b2c318d249d6cf3c2fae3c936078cade4e4ac26e73ae,11179733.499666,11181551.711458,1818.211791999638,86519,25000000,,success,1,0,,,8593179
pilot_1790562436815,unblock_N1000_c3,0,2026-09-28T05:33:40.110Z,zkSyncTestnet,300,sepolia.era.zksync.dev,unblock,1000,3,7770,0x59d5cdf2b3789edce1fe98c5fa30914941ccaf204b998c3854bf334bb8f59e22,11180749.530208,11184215.048166,3465.5179579984397,86513,25000000,,success,1,0,,,8593180
pilot_1790562436815,unblock_N1000_c3,0,2026-09-28T05:33:40.332Z,zkSyncTestnet,300,sepolia.era.zksync.dev,unblock,1000,3,7772,0xc67ccbfeddb2fe024563b617e2d5afbebb0673dcbfb911837e69c45d3817eb30,11181551.799791,11184437.397291,2885.5974999982864,86513,25000000,,success,1,0,,,8593181
pilot_1790562436815,unblock_N1000_c3,0,2026-09-28T05:33:40.853Z,zkSyncTestnet,300,sepolia.era.zksync.dev,unblock,1000,3,7771,0xfea374054cc688649f107ab9c1fd12a175f7236574e7dd317996abd611bf65bb,11181061.355208,11184958.227375,3896.872167000547,86513,25000000,,success,1,0,,,8593181
pilot_1790562436815,unblock_N1000_c3,0,2026-09-28T05:33:43.732Z,zkSyncTestnet,300,sepolia.era.zksync.dev,unblock,1000,3,7773,0x438e61654c4d2960ad497a1faff9979fd0901990b5eb2bab7408c2b293c678ef,11184215.144291,11187837.1815,3622.0372090004385,86519,25000000,,success,1,0,,,8593182
pilot_1790562436815,unblock_N1000_c3,0,2026-09-28T05:33:44.785Z,zkSyncTestnet,300,sepolia.era.zksync.dev,unblock,1000,3,7775,0x5776cb9c0028196b2d14838bc7acfc08be6e8bb07338bbcfee508b8b0dc88b59,11184958.3155,11188890.070333,3931.754832999781,86519,25000000,,success,1,0,,,8593183
pilot_1790562436815,unblock_N1000_c3,0,2026-09-28T05:33:45.536Z,zkSyncTestnet,300,sepolia.era.zksync.dev,unblock,1000,3,7774,0x50a7533ede252b5938190ed564750390efb4b4fc48f3813113c4c8474e9f865c,11184437.480083,11189641.153458,5203.673374999315,86513,25000000,,success,1,0,,,8593183
pilot_1790562436815,unblock_N1000_c3,0,2026-09-28T05:33:45.585Z,zkSyncTestnet,300,sepolia.era.zksync.dev,unblock,1000,3,7776,0x9c62977e35a04ce004214f2a926f87e6018932ea06b0d4e3250111db5309d000,11187837.22575,11189690.246291,1853.0205410011113,86519,25000000,,success,1,0,,,8593184
pilot_1790562436815,unblock_N1000_c3,0,2026-09-28T05:33:48.450Z,zkSyncTestnet,300,sepolia.era.zksync.dev,unblock,1000,3,7777,0x7f8b42d48e061958a1ab32563a2237bbc9a766f5aa88c9c7c7f6d00286858900,11188890.140875,11192555.227083,3665.0862079989165,86519,25000000,,success,1,0,,,8593185
pilot_1790562436815,unblock_N1000_c3,0,2026-09-28T05:33:49.822Z,zkSyncTestnet,300,sepolia.era.zksync.dev,unblock,1000,3,7778,0x977d18499bc85d64c6cb4c4bac542deb7028c43a0efa433e884f32301098047d,11189641.237083,11193927.579291,4286.3422079999,86519,25000000,,success,1,0,,,8593186
pilot_1790562436815,unblock_N1000_c3,0,2026-09-28T05:33:50.256Z,zkSyncTestnet,300,sepolia.era.zksync.dev,unblock,1000,3,7779,0xf8547341f449d93ccbcfc75a1a2243844c80a5b5172f09d2e58b61fc9e010368,11189690.35575,11194361.835541,4671.479791000485,86519,25000000,,success,1,0,,,8593187
pilot_1790562436815,unblock_N1000_c3,0,2026-09-28T05:33:51.930Z,zkSyncTestnet,300,sepolia.era.zksync.dev,unblock,1000,3,7780,0x4db16c3a97edab234ad78bad64ed50787770338d2b88f1e19ce6a8b286facb6d,11192555.284458,11196035.587583,3480.3031249996275,86519,25000000,,success,1,0,,,8593188
pilot_1790562436815,unblock_N1000_c3,0,2026-09-28T05:33:52.648Z,zkSyncTestnet,300,sepolia.era.zksync.dev,unblock,1000,3,7781,0x15d4029cf11525112f4b6f1d0c9786f03131cc4207da32d4fad05b008ce06cc6,11193927.659125,11196753.133625,2825.474500000477,86519,25000000,,success,1,0,,,8593189
pilot_1790562436815,unblock_N1000_c3,0,2026-09-28T05:33:54.066Z,zkSyncTestnet,300,sepolia.era.zksync.dev,unblock,1000,3,7782,0x74f7a0002791e303e3b108e8c5652efda8dcec25ff6bc4e59b4a1549bf8a8848,11194362.012625,11198171.445291,3809.432665999979,86513,25000000,,success,1,0,,,8593190
pilot_1790562436815,unblock_N1000_c3,0,2026-09-28T05:33:54.844Z,zkSyncTestnet,300,sepolia.era.zksync.dev,unblock,1000,3,7783,0x81b7e1045246ff1657b3c9e840c17ee35864c0898c48dfc5f612c0f1bc8ffdbb,11196035.666875,11198949.745083,2914.0782080013305,86519,25000000,,success,1,0,,,8593191
pilot_1790562436815,unblock_N1000_c3,0,2026-09-28T05:33:56.569Z,zkSyncTestnet,300,sepolia.era.zksync.dev,unblock,1000,3,7784,0x11843cc822be5c7b56242a10ad9e7327142165a402bdb1d92c18c3afaaa76685,11196753.292708,11200674.036541,3920.7438329998404,86519,25000000,,success,1,0,,,8593192
pilot_1790562436815,unblock_N1000_c3,0,2026-09-28T05:33:56.846Z,zkSyncTestnet,300,sepolia.era.zksync.dev,unblock,1000,3,7785,0x8c6119fddf2fc3a42dbd2c034702d337ceea39b63fb882810f23335313aceed9,11198171.518875,11200951.745708,2780.226833000779,86519,25000000,,success,1,0,,,8593193
pilot_1790562436815,unblock_N1000_c3,0,2026-09-28T05:33:59.463Z,zkSyncTestnet,300,sepolia.era.zksync.dev,unblock,1000,3,7786,0x2d1cdf744ea72d2721778eb22207cb9f035d279c7e9f56eb49a187a2af2ea78b,11198949.812708,11203568.15675,4618.3440419994295,86519,25000000,,success,1,0,,,8593195
pilot_1790562436815,unblock_N1000_c3,0,2026-09-28T05:34:00.288Z,zkSyncTestnet,300,sepolia.era.zksync.dev,unblock,1000,3,7787,0x34cfb1c0524f65276d272bbdc3594eb894e75069b5e975863d943f8b865a3f23,11200674.158625,11204393.406958,3719.2483330015093,86519,25000000,,success,1,0,,,8593196
pilot_1790562436815,unblock_N1000_c3,0,2026-09-28T05:34:01.143Z,zkSyncTestnet,300,sepolia.era.zksync.dev,unblock,1000,3,7788,0x7f03eb92d465c062af59d251e3df462e05acfcab58e3369567186951d202921e,11200951.809916,11205248.903541,4297.093624999747,86519,25000000,,success,1,0,,,8593197
pilot_1790562436815,unblock_N1000_c3,0,2026-09-28T05:34:02.989Z,zkSyncTestnet,300,sepolia.era.zksync.dev,unblock,1000,3,7791,0x5c14f6fe0c18e6d30a8855571c8a0e929b6ede0859b9362ed6de1ecae3cde673,11205248.973791,11207094.534833,1845.5610419996083,86519,25000000,,success,1,0,,,8593198
pilot_1790562436815,unblock_N1000_c3,0,2026-09-28T05:34:03.478Z,zkSyncTestnet,300,sepolia.era.zksync.dev,unblock,1000,3,7789,0x7dd00d17defcd643936c5939fcfc7ef44f92b444456b0fbdbe398e5ebc22e292,11203568.226375,11207583.562375,4015.3359999991953,86513,25000000,,success,1,0,,,8593198
pilot_1790562436815,unblock_N1000_c3,0,2026-09-28T05:34:03.673Z,zkSyncTestnet,300,sepolia.era.zksync.dev,unblock,1000,3,7790,0xb20860913d00804cb8eec02479b162263182820af5a309c0f06ffb8fae2a13d0,11204393.497083,11207778.250708,3384.7536249998957,86519,25000000,,success,1,0,,,8593198
pilot_1790562436815,unblock_N1000_c3,0,2026-09-28T05:34:06.280Z,zkSyncTestnet,300,sepolia.era.zksync.dev,unblock,1000,3,7792,0xa928d0b3e9f2c409924c3be20d375da311ab5d7325aa7081e616c97815533d4e,11207094.629875,11210385.804166,3291.17429099977,86513,25000000,,success,1,0,,,8593200
pilot_1790562436815,unblock_N1000_c3,0,2026-09-28T05:34:07.880Z,zkSyncTestnet,300,sepolia.era.zksync.dev,unblock,1000,3,7793,0xc06d04e117445d66d4efe91218a734156e5140f460c2bbf9327e7beae7a529e7,11207583.613625,11211986.019541,4402.405915999785,86519,25000000,,success,1,0,,,8593202
pilot_1790562436815,unblock_N1000_c3,0,2026-09-28T05:34:08.093Z,zkSyncTestnet,300,sepolia.era.zksync.dev,unblock,1000,3,7795,0x8fbfbc50762182a780a01a23f3ad290c36e1e1a28578485425732d2b4250ee32,11210385.914625,11212198.227833,1812.3132079988718,86513,25000000,,success,1,0,,,8593203
pilot_1790562436815,unblock_N1000_c3,0,2026-09-28T05:34:08.116Z,zkSyncTestnet,300,sepolia.era.zksync.dev,unblock,1000,3,7794,0xdf01d8697f596133dbb93c871286f11cb9125d239198eda395da4d838c0d8cc8,11207778.390916,11212221.586583,4443.195667000487,86519,25000000,,success,1,0,,,8593202
pilot_1790562436815,unblock_N1000_c3,0,2026-09-28T05:34:09.738Z,zkSyncTestnet,300,sepolia.era.zksync.dev,unblock,1000,3,7796,0x335b7d087ad40978036e6f133fdebc25280716df5f0fe08dffc9bde9893b049e,11211986.193791,11213843.87975,1857.6859590001404,86519,25000000,,success,1,0,,,8593204
pilot_1790562436815,unblock_N1000_c3,0,2026-09-28T05:34:11.524Z,zkSyncTestnet,300,sepolia.era.zksync.dev,unblock,1000,3,7797,0xee8b093d8e30d58312f9fa6d221534144d5c3734808c614e7afa2d96521d0fdd,11212198.298,11215629.514458,3431.2164580002427,86513,25000000,,success,1,0,,,8593205
pilot_1790562436815,unblock_N1000_c3,0,2026-09-28T05:34:11.600Z,zkSyncTestnet,300,sepolia.era.zksync.dev,unblock,1000,3,7799,0x10284c258b756e7e144dc9d4083baa840245d3aa003b34cdd7ac8cd952c4fca6,11213843.966541,11215705.438916,1861.4723749998957,86519,25000000,,success,1,0,,,8593205
pilot_1790562436815,unblock_N1000_c3,0,2026-09-28T05:34:11.757Z,zkSyncTestnet,300,sepolia.era.zksync.dev,unblock,1000,3,7798,0x66b97a7e8ee7ec2d24fb71c50ce5a055eed3483db4c9209b5e2cbeff18f4ca2e,11212221.609916,11215862.132708,3640.5227920003235,86519,25000000,,success,1,0,,,8593205
pilot_1790562436815,unblock_N1000_c3,0,2026-09-28T05:34:13.661Z,zkSyncTestnet,300,sepolia.era.zksync.dev,unblock,1000,3,7800,0x619a9d74c5fae4fd974cc299d2d98b6b630c7580c1854fd7798c853009214cff,11215629.607875,11217766.718583,2137.1107080001384,86513,25000000,,success,1,0,,,8593206
pilot_1790562436815,unblock_N1000_c3,0,2026-09-28T05:34:14.304Z,zkSyncTestnet,300,sepolia.era.zksync.dev,unblock,1000,3,7801,0xbfbe3b357836902b5895e473e99ed5d2a41ff3e656b41960e287ac4fae9469ee,11215705.498041,11218409.555666,2704.0576249994338,86513,25000000,,success,1,0,,,8593207
pilot_1790562436815,unblock_N1000_c3,0,2026-09-28T05:34:16.242Z,zkSyncTestnet,300,sepolia.era.zksync.dev,unblock,1000,3,7802,0x6c5e29c801b5f7724dc8c6ab55e7145e0a27c4143d0de118c43083a1cd58c921,11215862.199375,11220347.776666,4485.577291000634,86513,25000000,,success,1,0,,,8593208
pilot_1790562436815,unblock_N1000_c3,0,2026-09-28T05:34:17.476Z,zkSyncTestnet,300,sepolia.era.zksync.dev,unblock,1000,3,7803,0xbf850d66a6eb12073398c1a95ee75a82b93bfa003ef2eeb3eb9a0b53e7975f8c,11217766.764625,11221581.802166,3815.0375410001725,86519,25000000,,success,1,0,,,8593209
pilot_1790562436815,unblock_N1000_c3,0,2026-09-28T05:34:18.470Z,zkSyncTestnet,300,sepolia.era.zksync.dev,unblock,1000,3,7804,0x7397a12cd5030ccc2c6523cc59f850f923a98d671267dbd15a3a38aecbbe2e84,11218409.633166,11222576.015833,4166.382666999474,86513,25000000,,success,1,0,,,8593210
pilot_1790562436815,unblock_N1000_c3,0,2026-09-28T05:34:18.979Z,zkSyncTestnet,300,sepolia.era.zksync.dev,unblock,1000,3,7805,0xc08c1a01d0a482f09f5667eae39671727fdea35e3872c20423975026a4e0eec1,11220347.884458,11223084.397125,2736.5126670002937,86513,25000000,,success,1,0,,,8593211
pilot_1790562436815,unblock_N1000_c3,0,2026-09-28T05:34:21.760Z,zkSyncTestnet,300,sepolia.era.zksync.dev,unblock,1000,3,7806,0x896df7d44fd9bf9239e35bc671d4af1d8a8d5bd5e4bd091f5327258e651048bf,11221581.877958,11225865.817125,4283.939167000353,86513,25000000,,success,1,0,,,8593212
pilot_1790562436815,unblock_N1000_c3,0,2026-09-28T05:34:22.533Z,zkSyncTestnet,300,sepolia.era.zksync.dev,unblock,1000,3,7807,0x00aaea8404ccce25922e9276370097fab5110f125c98f4a3d6bab1d974a0773f,11222576.190041,11226638.612416,4062.4223749991506,86513,25000000,,success,1,0,,,8593213
pilot_1790562436815,unblock_N1000_c3,0,2026-09-28T05:34:23.172Z,zkSyncTestnet,300,sepolia.era.zksync.dev,unblock,1000,3,7808,0x654484ce5714f0821c31859052ea986bc33282d3de77f39abdd8629a9445a612,11223084.573708,11227277.194458,4192.6207500007,86513,25000000,,success,1,0,,,8593214
pilot_1790562436815,unblock_N1000_c3,0,2026-09-28T05:34:24.627Z,zkSyncTestnet,300,sepolia.era.zksync.dev,unblock,1000,3,7809,0xc09965d31e7e52fcd403e4bbaf2400606e6ab0d020b3cc1a9ccbeaa7dae446ac,11225865.915333,11228732.892833,2866.9775000009686,86519,25000000,,success,1,0,,,8593215
pilot_1790562436815,unblock_N1000_c3,0,2026-09-28T05:34:24.961Z,zkSyncTestnet,300,sepolia.era.zksync.dev,unblock,1000,3,7810,0xb1f2e90dfe85c24cba29d5d04371e8dad1581a9e91b248470f5b41f186cd7ddd,11226638.709291,11229066.519958,2427.810667000711,86519,25000000,,success,1,0,,,8593216
pilot_1790562436815,unblock_N1000_c3,0,2026-09-28T05:34:26.233Z,zkSyncTestnet,300,sepolia.era.zksync.dev,unblock,1000,3,7811,0xe2b7a1be9ce5838587978319d35ed9428d8f79f8b3f72d632d7ec5b38b3dd26b,11227277.276833,11230338.571791,3061.2949580010027,86519,25000000,,success,1,0,,,8593217
pilot_1790562436815,unblock_N1000_c3,0,2026-09-28T05:34:26.465Z,zkSyncTestnet,300,sepolia.era.zksync.dev,unblock,1000,3,7812,0x2c11947e1d75945ac6cc78f8a1498ee6cff8ea7d266835ecd33e4623582e28c8,11228732.974791,11230570.2095,1837.234709000215,86513,25000000,,success,1,0,,,8593218
pilot_1790562436815,unblock_N1000_c3,0,2026-09-28T05:34:28.027Z,zkSyncTestnet,300,sepolia.era.zksync.dev,unblock,1000,3,7813,0xad8c4a7e2a5ee09203788d2787684d274dff337ef07c673c553113f1aad1b244,11229066.592458,11232132.684125,3066.0916670002043,86519,25000000,,success,1,0,,,8593219
pilot_1790562436815,unblock_N1000_c3,0,2026-09-28T05:34:28.054Z,zkSyncTestnet,300,sepolia.era.zksync.dev,unblock,1000,3,7814,0xa54569091de2346d46469b7dd06a33fffd63856c845d5fe152d457216fa2da69,11230338.640916,11232160.031666,1821.3907500002533,86513,25000000,,success,1,0,,,8593219
pilot_1790562436815,unblock_N1000_c3,0,2026-09-28T05:34:28.421Z,zkSyncTestnet,300,sepolia.era.zksync.dev,unblock,1000,3,7815,0x873e66354b23728277a30e6b5aa25036c4934a8cb6563f3474ddf0986a517f68,11230570.283,11232527.114791,1956.8317910004407,86519,25000000,,success,1,0,,,8593220
pilot_1790562436815,unblock_N1000_c3,0,2026-09-28T05:34:29.890Z,zkSyncTestnet,300,sepolia.era.zksync.dev,unblock,1000,3,7816,0xb7a6292e7d9a9fb989fb59644ab87fd7e81f817ac209d6a57ec44b3dd717de0c,11232132.949541,11233995.719583,1862.7700419984758,86519,25000000,,success,1,0,,,8593221
pilot_1790562436815,unblock_N1000_c3,0,2026-09-28T05:34:30.407Z,zkSyncTestnet,300,sepolia.era.zksync.dev,unblock,1000,3,7817,0x6f7cf337dceccbcae4a674925951beb12b1140295a8932a2b37e3f728b51c496,11232160.124791,11234512.226208,2352.101416999474,86519,25000000,,success,1,0,,,8593222
pilot_1790562436815,unblock_N1000_c3,0,2026-09-28T05:34:30.409Z,zkSyncTestnet,300,sepolia.era.zksync.dev,unblock,1000,3,7818,0x0f93a4207bf7a181faea16f13eff7f37c6b0d3899ccd29ec25f6b4d0c2205f22,11232527.281041,11234514.441375,1987.160334000364,86513,25000000,,success,1,0,,,8593222
pilot_1790562436815,unblock_N1000_c3,0,2026-09-28T05:34:31.724Z,zkSyncTestnet,300,sepolia.era.zksync.dev,unblock,1000,3,7819,0x40870011f744470632473b2b631c2b0156abcfd56083eb0bf2a071f2065ba9e7,11233995.796208,11235829.882291,1834.0860830005258,86513,25000000,,success,1,0,,,8593223
pilot_1790562436815,unblock_N1000_c3,0,2026-09-28T05:34:32.226Z,zkSyncTestnet,300,sepolia.era.zksync.dev,unblock,1000,3,7820,0xd99baba54ccca2534e016bf74bda896191140870ef1f0469f285c75e74dcc064,11234512.324708,11236331.811083,1819.4863750003278,86519,25000000,,success,1,0,,,8593224
pilot_1790562436815,unblock_N1000_c3,0,2026-09-28T05:34:33.542Z,zkSyncTestnet,300,sepolia.era.zksync.dev,unblock,1000,3,7821,0x4400cf9d998053a96ad34cf3f824664f74712658d4e7c11ae74c8cb0e81d964b,11234514.459541,11237647.914541,3133.4550000000745,86513,25000000,,success,1,0,,,8593225
pilot_1790562436815,unblock_N1000_c3,0,2026-09-28T05:34:33.803Z,zkSyncTestnet,300,sepolia.era.zksync.dev,unblock,1000,3,7822,0xb0954425eef0077e36368d168617af44ed1f4a9ad915322cc46717fab825f1e7,11235829.960708,11237908.477083,2078.5163749996573,86513,25000000,,success,1,0,,,8593226
pilot_1790562436815,unblock_N1000_c3,0,2026-09-28T05:34:34.205Z,zkSyncTestnet,300,sepolia.era.zksync.dev,unblock,1000,3,7823,0xa73d6dfcab6a88ef0e886a648d81f6dc43c8044266cc633fa687b07fb93340a3,11236331.907541,11238310.610458,1978.7029170002788,86513,25000000,,success,1,0,,,8593227
pilot_1790562436815,unblock_N1000_c3,0,2026-09-28T05:34:36.048Z,zkSyncTestnet,300,sepolia.era.zksync.dev,unblock,1000,3,7824,0xddf32198e2b3e8c7ae00e19a051c92e6fef64b3a1d53a984f6fe3cf4b436a12f,11237648.005541,11240153.320833,2505.315291998908,86513,25000000,,success,1,0,,,8593228
pilot_1790562436815,unblock_N1000_c3,0,2026-09-28T05:34:36.947Z,zkSyncTestnet,300,sepolia.era.zksync.dev,unblock,1000,3,7826,0xdd1d017d885341be0c4a177ed6ff386bda778b3db7ec5d6a6bab891d6b6c3038,11238310.667625,11241052.631291,2741.963665999472,86513,25000000,,success,1,0,,,8593229
pilot_1790562436815,unblock_N1000_c3,0,2026-09-28T05:34:37.010Z,zkSyncTestnet,300,sepolia.era.zksync.dev,unblock,1000,3,7825,0x3ecb632886558b77213662d1738d60b953b3cb72e53f657a90852343237149ac,11237908.524875,11241115.759333,3207.234457999468,86513,25000000,,success,1,0,,,8593229
pilot_1790562436815,unblock_N1000_c3,0,2026-09-28T05:34:37.984Z,zkSyncTestnet,300,sepolia.era.zksync.dev,unblock,1000,3,7827,0xafc65fa8a9a9bd81c80e6a6476f8eb975113a491a0ee7403228f8c206bdb8b3b,11240153.494166,11242089.282958,1935.7887920010835,86519,25000000,,success,1,0,,,8593230
pilot_1790562436815,unblock_N1000_c3,0,2026-09-28T05:34:38.827Z,zkSyncTestnet,300,sepolia.era.zksync.dev,unblock,1000,3,7828,0x6055eeec29c64ffa86337c8af14d36d7fa61b3edf10d6395211fe6d335df0394,11241052.721041,11242932.194916,1879.4738750010729,86519,25000000,,success,1,0,,,8593231
pilot_1790562436815,unblock_N1000_c3,0,2026-09-28T05:34:39.910Z,zkSyncTestnet,300,sepolia.era.zksync.dev,unblock,1000,3,7829,0x6ec8b258d55c94a70e60fa16e582978c21533a82a1d891589fed8284a11ae7b0,11241115.808416,11244015.667666,2899.8592499997467,86513,25000000,,success,1,0,,,8593232
pilot_1790562436815,unblock_N1000_c3,0,2026-09-28T05:34:40.735Z,zkSyncTestnet,300,sepolia.era.zksync.dev,unblock,1000,3,7830,0x85c84882a2bed736951ec103bb39c11ab4a0ba490c121d0c74c2a53fa60f70cb,11242089.361958,11244840.868791,2751.5068330001086,86519,25000000,,success,1,0,,,8593233
pilot_1790562436815,unblock_N1000_c3,0,2026-09-28T05:34:41.977Z,zkSyncTestnet,300,sepolia.era.zksync.dev,unblock,1000,3,7831,0xad565a4df12ec2cd637d2dc67a54c79f865b6ccb0ca35d80727a0a4c20d96aeb,11242932.281958,11246082.849833,3150.567874999717,86519,25000000,,success,1,0,,,8593234
pilot_1790562436815,unblock_N1000_c3,0,2026-09-28T05:34:42.517Z,zkSyncTestnet,300,sepolia.era.zksync.dev,unblock,1000,3,7832,0x5ae6ac75fcd649ac2ef3c8791aae9873c113ab24e299f3c98e565d0fb6dba886,11244015.734791,11246622.839791,2607.105000000447,86513,25000000,,success,1,0,,,8593235
pilot_1790562436815,unblock_N1000_c3,0,2026-09-28T05:34:42.521Z,zkSyncTestnet,300,sepolia.era.zksync.dev,unblock,1000,3,7833,0x39d4885d1c5ac9c3873184957108ed5154057e49ef8f4d0c00ab722a961b6aa6,11244840.941958,11246626.204958,1785.2629999984056,86513,25000000,,success,1,0,,,8593235
pilot_1790562436815,unblock_N1000_c3,0,2026-09-28T05:34:43.816Z,zkSyncTestnet,300,sepolia.era.zksync.dev,unblock,1000,3,7834,0x40dce1a014d624b2b940714ba8dd7f009ba9f7fd603cab38e7e296b20895483c,11246082.908416,11247921.539083,1838.630667001009,86519,25000000,,success,1,0,,,8593236
pilot_1790562436815,unblock_N1000_c3,0,2026-09-28T05:34:45.496Z,zkSyncTestnet,300,sepolia.era.zksync.dev,unblock,1000,3,7835,0xacfc0ac2cd7ea4ac53ca721136a41d251f4f18caa685efd86c84b396e6c754c1,11246622.904416,11249601.603666,2978.6992499995977,86513,25000000,,success,1,0,,,8593237
pilot_1790562436815,unblock_N1000_c3,0,2026-09-28T05:34:46.910Z,zkSyncTestnet,300,sepolia.era.zksync.dev,unblock,1000,3,7836,0x886280d1ed55c5154051870550e7f0f9bf639443df3e67ac7e6a8c4a1f257da0,11246626.23075,11251015.616041,4389.3852909989655,86513,25000000,,success,1,0,,,8593238
pilot_1790562436815,unblock_N1000_c3,0,2026-09-28T05:34:47.432Z,zkSyncTestnet,300,sepolia.era.zksync.dev,unblock,1000,3,7837,0xb774d49d65719022e55da65da272c03ba5d6471158fcab104d0926046a16296a,11247921.701958,11251538.186708,3616.4847499988973,86513,25000000,,success,1,0,,,8593239
pilot_1790562436815,unblock_N1000_c3,0,2026-09-28T05:34:49.794Z,zkSyncTestnet,300,sepolia.era.zksync.dev,unblock,1000,3,7838,0x5a197fa0046793882213bb13cf905ffa86d5d907140ccd0d7ab701df736d5bf8,11249601.693833,11253899.706833,4298.013000000268,86519,25000000,,success,1,0,,,8593240
pilot_1790562436815,unblock_N1000_c3,0,2026-09-28T05:34:51.095Z,zkSyncTestnet,300,sepolia.era.zksync.dev,unblock,1000,3,7840,0x8427b8d90f879a931a8a1fb10f9ccd0e6d175b44e6bf43a720094d366f1bbc02,11251538.362916,11255201.08525,3662.7223339993507,86519,25000000,,success,1,0,,,8593241
pilot_1790562436815,unblock_N1000_c3,0,2026-09-28T05:34:51.367Z,zkSyncTestnet,300,sepolia.era.zksync.dev,unblock,1000,3,7839,0x49f1a416e91f54e3a03e2eecc685c8907c9f3dcacf7480323fbfe0137274997d,11251015.803291,11255473.160958,4457.357666999102,86519,25000000,,success,1,0,,,8593241
pilot_1790562436815,unblock_N1000_c3,0,2026-09-28T05:34:53.213Z,zkSyncTestnet,300,sepolia.era.zksync.dev,unblock,1000,3,7841,0xa5e00743ae7d0f4775b9bc258050193382d363e2379f60e247ca699164313ffc,11253899.798,11257319.012125,3419.2141249999404,86519,25000000,,success,1,0,,,8593242
pilot_1790562436815,unblock_N1000_c3,0,2026-09-28T05:34:53.719Z,zkSyncTestnet,300,sepolia.era.zksync.dev,unblock,1000,3,7842,0x9bc048a9577929e8f7f4478fbb6facb9fb3cc0e07f9661e9a450c7fd260a6597,11255201.176458,11257825.048166,2623.871708000079,86519,25000000,,success,1,0,,,8593243
pilot_1790562436815,unblock_N1000_c3,0,2026-09-28T05:34:55.049Z,zkSyncTestnet,300,sepolia.era.zksync.dev,unblock,1000,3,7844,0x520f7d789409a1df4bc80b6b28e1dfbf76a00b5bee59124812357543487206b7,11257319.201375,11259155.064208,1835.8628330007195,86519,25000000,,success,1,0,,,8593245
pilot_1790562436815,unblock_N1000_c3,0,2026-09-28T05:34:55.266Z,zkSyncTestnet,300,sepolia.era.zksync.dev,unblock,1000,3,7843,0xc1a1a9c792fe7f0c9be7cb9462ca5f58957b3fa0ef57c0dbbd980614209e1493,11255473.22275,11259371.769333,3898.546582998708,86519,25000000,,success,1,0,,,8593244
pilot_1790562436815,unblock_N1000_c3,0,2026-09-28T05:34:55.628Z,zkSyncTestnet,300,sepolia.era.zksync.dev,unblock,1000,3,7845,0x518359291d8d8bb96ae60fbd27f29d5aaf541cd901622b3f022fdc60f07d12e7,11257825.128,11259733.635291,1908.5072910003364,86513,25000000,,success,1,0,,,8593246
pilot_1790562436815,unblock_N1000_c3,0,2026-09-28T05:34:58.001Z,zkSyncTestnet,300,sepolia.era.zksync.dev,unblock,1000,3,7846,0x62ac8509e29f4494e18fa2ffd31388240aa57ee0f5eafeb1d47939f3cba5a1fc,11259155.132875,11262106.306083,2951.1732080001384,86519,25000000,,success,1,0,,,8593247
pilot_1790562436815,unblock_N1000_c3,0,2026-09-28T05:34:59.232Z,zkSyncTestnet,300,sepolia.era.zksync.dev,unblock,1000,3,7847,0x1701143dfc4169891cf3296df8260e4e099bbd1f9868687838c4d76b9b3d19e9,11259371.89325,11263338.057958,3966.1647079996765,86519,25000000,,success,1,0,,,8593248
pilot_1790562436815,unblock_N1000_c3,0,2026-09-28T05:35:00.024Z,zkSyncTestnet,300,sepolia.era.zksync.dev,unblock,1000,3,7848,0x75eec97168b62811745323af0cbe681d085b81ed5b0389f13a88b618cd07c3bd,11259733.705666,11264129.423541,4395.717875000089,86519,25000000,,success,1,0,,,8593248
pilot_1790562436815,unblock_N1000_c3,0,2026-09-28T05:35:00.026Z,zkSyncTestnet,300,sepolia.era.zksync.dev,unblock,1000,3,7849,0xafda90c3e045b3d3cd1487e7b664fc2c69e6a99a420f266274e69275e7b35fc0,11262106.385291,11264131.423083,2025.037791999057,86513,25000000,,success,1,0,,,8593249
pilot_1790562436815,unblock_N1000_c3,0,2026-09-28T05:35:03.008Z,zkSyncTestnet,300,sepolia.era.zksync.dev,unblock,1000,3,7850,0x74c3b7cf1c438148e92516c6919c8f246d24585d0257ceb63e05f1f77ef48f63,11263338.129458,11267113.54,3775.4105419982225,86513,25000000,,success,1,0,,,8593250
pilot_1790562436815,unblock_N1000_c3,0,2026-09-28T05:35:04.179Z,zkSyncTestnet,300,sepolia.era.zksync.dev,unblock,1000,3,7851,0xe2c310b9e8692c3f77c9eb0c989e958b7674e5e160e18bed1c87b29869bdb9cc,11264129.498916,11268285.140791,4155.641875000671,86513,25000000,,success,1,0,,,8593251
pilot_1790562436815,unblock_N1000_c3,0,2026-09-28T05:35:04.476Z,zkSyncTestnet,300,sepolia.era.zksync.dev,unblock,1000,3,7852,0xb93efaeac324edb506827a352498a5492360d23182b90c85d8dae489cefeccca,11264131.442583,11268581.341041,4449.8984580002725,86519,25000000,,success,1,0,,,8593251
pilot_1790562436815,unblock_N1000_c3,0,2026-09-28T05:35:05.013Z,zkSyncTestnet,300,sepolia.era.zksync.dev,unblock,1000,3,7853,0x2027a4127a540894f22c09f06d5a89e2e305e1945645a38351ce2b197d800c3a,11267113.745625,11269118.335583,2004.5899579990655,86513,25000000,,success,1,0,,,8593252
pilot_1790562436815,unblock_N1000_c3,0,2026-09-28T05:35:06.065Z,zkSyncTestnet,300,sepolia.era.zksync.dev,unblock,1000,3,7854,0x6b85f361e410b852d69b8002efe6e95f47e3c8e08bff082eb2cb5003d9eb2f78,11268285.220833,11270170.661666,1885.4408330004662,86513,25000000,,success,1,0,,,8593253
pilot_1790562436815,unblock_N1000_c3,0,2026-09-28T05:35:06.352Z,zkSyncTestnet,300,sepolia.era.zksync.dev,unblock,1000,3,7855,0xcebc4e4e0c94779d66c3bf4a72656ac3680c70382a462ffcf62871607d0ae580,11268581.408625,11270457.457041,1876.0484159998596,86513,25000000,,success,1,0,,,8593254
pilot_1790562436815,unblock_N1000_c3,0,2026-09-28T05:35:06.875Z,zkSyncTestnet,300,sepolia.era.zksync.dev,unblock,1000,3,7856,0x39902741edb1323caec012338bd8d63d77b53e12745b5743dd844116d434bb41,11269118.418916,11270981.279375,1862.8604589998722,86513,25000000,,success,1,0,,,8593255
pilot_1790562436815,unblock_N1000_c3,0,2026-09-28T05:35:08.762Z,zkSyncTestnet,300,sepolia.era.zksync.dev,unblock,1000,3,7857,0x60ab74ad547f7326968f38a42c97fad6975cf02a1977ad403fe810a092c00dd7,11270170.738,11272867.337458,2696.5994579996914,86513,25000000,,success,1,0,,,8593256
pilot_1790562436815,unblock_N1000_c3,0,2026-09-28T05:35:10.782Z,zkSyncTestnet,300,sepolia.era.zksync.dev,unblock,1000,3,7858,0xd5cac164f9afb7957b6ca87f02f64bf2141096d8aad255d702269980e8238b48,11270457.534625,11274888.000416,4430.465791000053,86513,25000000,,success,1,0,,,8593257
pilot_1790562436815,unblock_N1000_c3,0,2026-09-28T05:35:11.304Z,zkSyncTestnet,300,sepolia.era.zksync.dev,unblock,1000,3,7859,0x9f8ae4a7ee8193a59dc11b2e78ff535d856f08b9beda13f93e84ba63c503882b,11270981.364833,11275410.170916,4428.806083001196,86513,25000000,,success,1,0,,,8593257
pilot_1790562436815,unblock_N1000_c3,0,2026-09-28T05:35:11.609Z,zkSyncTestnet,300,sepolia.era.zksync.dev,unblock,1000,3,7860,0xd15d8d6401a9df576d728f6c84e2faaf5cdf04ba97f8afd36385068607b481ba,11272867.434125,11275714.561375,2847.127249998972,86513,25000000,,success,1,0,,,8593258
pilot_1790562436815,unblock_N1000_c3,0,2026-09-28T05:35:14.189Z,zkSyncTestnet,300,sepolia.era.zksync.dev,unblock,1000,3,7861,0x094b71ea7df1693384d2c4f9ef30ea54aa5324577ff78d6c625e1d8d68ddb15c,11274888.198875,11278294.656708,3406.4578329995275,86519,25000000,,success,1,0,,,8593259
pilot_1790562436815,unblock_N1000_c3,0,2026-09-28T05:35:16.530Z,zkSyncTestnet,300,sepolia.era.zksync.dev,unblock,1000,3,7862,0xccda9faf3722622b21487589f4d86fe8e7cc601de044ce6925548808b2b7954f,11275410.334041,11280636.20275,5225.8687089998275,86513,25000000,,success,1,0,,,8593260
pilot_1790562436815,unblock_N1000_c3,0,2026-09-28T05:35:18.124Z,zkSyncTestnet,300,sepolia.era.zksync.dev,unblock,1000,3,7863,0x6cfef014478737db2984c44b5cc790f90903506b62e6a6df41327575d2ab4853,11275714.636958,11282229.737291,6515.100333001465,86519,25000000,,success,1,0,,,8593261
pilot_1790562436815,unblock_N1000_c3,0,2026-09-28T05:35:18.523Z,zkSyncTestnet,300,sepolia.era.zksync.dev,unblock,1000,3,7864,0xd93af9ad92a66c06f8edea3be715a24c0efc3d5798d349a3e8fd05995d5c0f2f,11278294.752166,11282629.110333,4334.358167000115,86519,25000000,,success,1,0,,,8593262
pilot_1790562436815,unblock_N1000_c3,0,2026-09-28T05:35:20.847Z,zkSyncTestnet,300,sepolia.era.zksync.dev,unblock,1000,3,7865,0xda54c4875a168e17bcfbc792c7bab39d52b6cab042c9add3399193555d18116d,11280636.296125,11284952.409791,4316.113665999845,86519,25000000,,success,1,0,,,8593263
pilot_1790562436815,unblock_N1000_c3,0,2026-09-28T05:35:21.007Z,zkSyncTestnet,300,sepolia.era.zksync.dev,unblock,1000,3,7866,0xab0ec2cbefd5cfc804b72de620374846e7449e115faa2d66c6cb28595d58fc14,11282229.810083,11285112.756375,2882.9462919998914,86513,25000000,,success,1,0,,,8593264
pilot_1790562436815,unblock_N1000_c3,0,2026-09-28T05:35:22.532Z,zkSyncTestnet,300,sepolia.era.zksync.dev,unblock,1000,3,7867,0x46372ed01f4ee9fb430a12127905ce7ddd2aac9481000bc5d9dd4bfe9e37fd92,11282629.179958,11286637.524833,4008.3448749985546,86519,25000000,,success,1,0,,,8593265
pilot_1790562436815,unblock_N1000_c3,0,2026-09-28T05:35:25.155Z,zkSyncTestnet,300,sepolia.era.zksync.dev,unblock,1000,3,7869,0x3fc4ba49a50849bf20af59c15c0e3eba3b01e195276dc4f244977e80354e4a84,11285112.848416,11289261.208333,4148.359916999936,86513,25000000,,success,1,0,,,8593266
pilot_1790562436815,unblock_N1000_c3,0,2026-09-28T05:35:25.449Z,zkSyncTestnet,300,sepolia.era.zksync.dev,unblock,1000,3,7870,0x54a86e80a71c166c7bc3abe0c6bd428336776531cc1aa01b56d5989c8cb9c49a,11286637.603666,11289555.026708,2917.42304199934,86513,25000000,,success,1,0,,,8593267
pilot_1790562436815,unblock_N1000_c3,0,2026-09-28T05:35:25.464Z,zkSyncTestnet,300,sepolia.era.zksync.dev,unblock,1000,3,7868,0xf2f426436c9c2a71ef65672a2991d112dc2fca3b1f1cde0de6a11417cb34c786,11284952.495666,11289570.352375,4617.856709001586,86513,25000000,,success,1,0,,,8593266
pilot_1790562436815,unblock_N1000_c3,0,2026-09-28T05:35:29.643Z,zkSyncTestnet,300,sepolia.era.zksync.dev,unblock,1000,3,7872,0xb270790983ecd613cb250457e753468b719d728eb85ebc4930c6e827f2e99a21,11289555.174666,11293748.432291,4193.257624998689,86513,25000000,,success,1,0,,,8593268
pilot_1790562436815,unblock_N1000_c3,0,2026-09-28T05:35:29.644Z,zkSyncTestnet,300,sepolia.era.zksync.dev,unblock,1000,3,7871,0x8b48397e0fb3d4879f1172deb35ebe6f55a7adae0133f98f790df420c693b199,11289261.280583,11293750.154291,4488.873708000407,86519,25000000,,success,1,0,,,8593268
pilot_1790562436815,unblock_N1000_c3,0,2026-09-28T05:35:30.688Z,zkSyncTestnet,300,sepolia.era.zksync.dev,unblock,1000,3,7873,0x0d67c554ec6dc1c9a7e257c6c56be49f8917853456c0643fafbdecaf9c39a54c,11289570.43025,11294794.062,5223.631750000641,86513,25000000,,success,1,0,,,8593268
pilot_1790562436815,unblock_N1000_c3,0,2026-09-28T05:35:31.467Z,zkSyncTestnet,300,sepolia.era.zksync.dev,unblock,1000,3,7874,0xb18a469368f36b61da5ba00062c110b07d7b515058c0f2e96b353f30b986f4a0,11293748.52825,11295573.113333,1824.585083000362,86519,25000000,,success,1,0,,,8593269
pilot_1790562436815,unblock_N1000_c3,0,2026-09-28T05:35:33.019Z,zkSyncTestnet,300,sepolia.era.zksync.dev,unblock,1000,3,7875,0x52adddcf27697e185e5ba80d449121a954563fc239437e734a00a476de44da30,11293750.164666,11297125.182375,3375.017709000036,86513,25000000,,success,1,0,,,8593270
pilot_1790562436815,unblock_N1000_c3,0,2026-09-28T05:35:34.067Z,zkSyncTestnet,300,sepolia.era.zksync.dev,unblock,1000,3,7876,0x53778101277b1d67806cc217319ee06498115fbaadd8a831f0a34afeec8c92be,11294794.159041,11298172.781041,3378.6219999995083,86519,25000000,,success,1,0,,,8593271
pilot_1790562436815,unblock_N1000_c3,0,2026-09-28T05:35:34.129Z,zkSyncTestnet,300,sepolia.era.zksync.dev,unblock,1000,3,7877,0x8eca1850a86f7a9bf488cd440cd4507623c3b80be00b14718bceb57f214f73ef,11295573.180333,11298234.895791,2661.715458000079,86513,25000000,,success,1,0,,,8593272
pilot_1790562436815,unblock_N1000_c3,0,2026-09-28T05:35:34.887Z,zkSyncTestnet,300,sepolia.era.zksync.dev,unblock,1000,3,7878,0xe263389a268b05e1aa8034a29719cd2a9f31e3032fdeb42664e25b865625fa9e,11297125.269291,11298992.737458,1867.4681669995189,86513,25000000,,success,1,0,,,8593273
pilot_1790562436815,unblock_N1000_c3,0,2026-09-28T05:35:37.731Z,zkSyncTestnet,300,sepolia.era.zksync.dev,unblock,1000,3,7879,0xc62135aaa28311a07c9a3abfbd0cc474a565e007ee7b1369e2da33d8540bc21a,11298172.860208,11301836.995333,3664.13512500003,86513,25000000,,success,1,0,,,8593275
pilot_1790562436815,unblock_N1000_c3,0,2026-09-28T05:35:38.031Z,zkSyncTestnet,300,sepolia.era.zksync.dev,unblock,1000,3,7880,0x178300e95d3d3c875eab5462f744c42b2369d1206084c5d164f7409eb3892c6e,11298234.957875,11302136.87775,3901.919874999672,86519,25000000,,success,1,0,,,8593276
pilot_1790562436815,unblock_N1000_c3,0,2026-09-28T05:35:38.298Z,zkSyncTestnet,300,sepolia.era.zksync.dev,unblock,1000,3,7881,0x0d3524e0a9d4529f316f0d99a1149dee6661c6fd7266af34100b1f6b31cc6b98,11298992.871333,11302403.711041,3410.8397080004215,86519,25000000,,success,1,0,,,8593276
pilot_1790562436815,unblock_N1000_c3,0,2026-09-28T05:35:41.176Z,zkSyncTestnet,300,sepolia.era.zksync.dev,unblock,1000,3,7882,0x0708693345f634fbba222ec1fea31ec3d1d29c6321ba2873b9d8c23a73ea18f8,11301837.083416,11305281.821,3444.7375840004534,86513,25000000,,success,1,0,,,8593277
pilot_1790562436815,unblock_N1000_c3,0,2026-09-28T05:35:42.255Z,zkSyncTestnet,300,sepolia.era.zksync.dev,unblock,1000,3,7884,0x5b092421a869d112d3fdfc30508e78f9a8843d399ba8d73f670ec6975fb75f8a,11302403.883416,11306361.034041,3957.1506249997765,86519,25000000,,success,1,0,,,8593278
pilot_1790562436815,unblock_N1000_c3,0,2026-09-28T05:35:43.038Z,zkSyncTestnet,300,sepolia.era.zksync.dev,unblock,1000,3,7883,0x6d53a3e4da6f0db70124939e713d9741a1d18011a14ef0ff4a85981e79935296,11302136.933041,11307143.5675,5006.634459000081,86513,25000000,,success,1,0,,,8593278
pilot_1790562436815,unblock_N1000_c3,0,2026-09-28T05:35:44.322Z,zkSyncTestnet,300,sepolia.era.zksync.dev,unblock,1000,3,7885,0x3dec6aabca3e2434cc5602fe887d3e2bff62da53f5aeca009766a37578f671fd,11305281.900416,11308428.129,3146.228584000841,86513,25000000,,success,1,0,,,8593279
pilot_1790562436815,unblock_N1000_c3,0,2026-09-28T05:35:44.648Z,zkSyncTestnet,300,sepolia.era.zksync.dev,unblock,1000,3,7886,0xad18615100cc1ec963524347a780236582714f053e76713f758656442af01de1,11306361.232958,11308754.059375,2392.8264169991016,86513,25000000,,success,1,0,,,8593280
pilot_1790562436815,unblock_N1000_c3,0,2026-09-28T05:35:46.151Z,zkSyncTestnet,300,sepolia.era.zksync.dev,unblock,1000,3,7887,0xbadd1723ae4f3b070d9938c9dc7c2413ab2500a1fa5cc7b459c66cdfa9f004b8,11307143.755041,11310257.112041,3113.357000000775,86513,25000000,,success,1,0,,,8593281
pilot_1790562436815,unblock_N1000_c3,0,2026-09-28T05:35:46.168Z,zkSyncTestnet,300,sepolia.era.zksync.dev,unblock,1000,3,7888,0xea309fa3827d8823eb2f7ac0077640c592f6cd5880b96875acf5ac394e62b9e2,11308428.236791,11310273.683208,1845.4464170001447,86513,25000000,,success,1,0,,,8593281
pilot_1790562436815,unblock_N1000_c3,0,2026-09-28T05:35:46.489Z,zkSyncTestnet,300,sepolia.era.zksync.dev,unblock,1000,3,7889,0x274aa145ef65904827188065f0c81b5589ca8faec4b29f31f87f746328a8fa55,11308754.213166,11310595.143791,1840.930624999106,86519,25000000,,success,1,0,,,8593282
pilot_1790562436815,unblock_N1000_c3,0,2026-09-28T05:35:48.317Z,zkSyncTestnet,300,sepolia.era.zksync.dev,unblock,1000,3,7892,0x12ee6ba8a076e97166d79062ab254a640fdb15985cef3b4fb8bf247a2771add0,11310595.32575,11312422.657458,1827.3317079991102,86513,25000000,,success,1,0,,,8593284
pilot_1790562436815,unblock_N1000_c3,0,2026-09-28T05:35:49.041Z,zkSyncTestnet,300,sepolia.era.zksync.dev,unblock,1000,3,7890,0xf17a7120ecc68c9ed685b298215a56e15e92dca7be851293f3038716db1e04ae,11310257.28125,11313146.939833,2889.6585830003023,86513,25000000,,success,1,0,,,8593283
pilot_1790562436815,unblock_N1000_c3,0,2026-09-28T05:35:49.043Z,zkSyncTestnet,300,sepolia.era.zksync.dev,unblock,1000,3,7891,0x1de68e66561da234d3ca16082cdb5a7d101f3a2d4aadfeabde6b80f0ff239a89,11310273.753416,11313148.974041,2875.2206250000745,86513,25000000,,success,1,0,,,8593284
pilot_1790562436815,unblock_N1000_c3,0,2026-09-28T05:35:51.137Z,zkSyncTestnet,300,sepolia.era.zksync.dev,unblock,1000,3,7893,0x52838cbc3ca4dfcf513be5730b74a1b715292a3ce44c46983022b52b72d7c0e8,11312422.733708,11315243.094333,2820.3606250006706,86513,25000000,,success,1,0,,,8593285
pilot_1790562436815,unblock_N1000_c3,0,2026-09-28T05:35:51.660Z,zkSyncTestnet,300,sepolia.era.zksync.dev,unblock,1000,3,7895,0xe1f04682974341bc59c113809bbb664c5eec992b80e02ca3b4b2b37467565319,11313148.985333,11315765.825,2616.8396669998765,86519,25000000,,success,1,0,,,8593286
pilot_1790562436815,unblock_N1000_c3,0,2026-09-28T05:35:52.194Z,zkSyncTestnet,300,sepolia.era.zksync.dev,unblock,1000,3,7894,0xa99eb0b003234d5d2178f7dc817fc93967f01c85e4b219579b9f5bd0d160e5a5,11313147.035333,11316300.040541,3153.0052080005407,86519,25000000,,success,1,0,,,8593286
pilot_1790562436815,unblock_N1000_c3,0,2026-09-28T05:35:53.007Z,zkSyncTestnet,300,sepolia.era.zksync.dev,unblock,1000,3,7896,0x6b95e413c81f9faef090075ad104f08fdfb71963aac3daed9f6c9b5c59836b91,11315243.183208,11317113.205875,1870.0226670000702,86513,25000000,,success,1,0,,,8593287
pilot_1790562436815,unblock_N1000_c3,0,2026-09-28T05:35:53.551Z,zkSyncTestnet,300,sepolia.era.zksync.dev,unblock,1000,3,7897,0x720ddbc1ef1d3a2c84341e42444457b6ab5d99c31eeb05a2377fe14d78757a0e,11315765.876625,11317656.852125,1890.9755000006407,86519,25000000,,success,1,0,,,8593288
pilot_1790562436815,unblock_N1000_c3,0,2026-09-28T05:35:54.024Z,zkSyncTestnet,300,sepolia.era.zksync.dev,unblock,1000,3,7898,0x2349ea161b310046b4dd43d4abe8e58565353e0c680e7202c5bff571e727fb82,11316300.122,11318129.694541,1829.5725410003215,86513,25000000,,success,1,0,,,8593289
pilot_1790562436815,unblock_N1000_c3,0,2026-09-28T05:35:55.624Z,zkSyncTestnet,300,sepolia.era.zksync.dev,unblock,1000,3,7899,0xb1980e745b269a9df9276ad87b6c13133685d8b9c264c9e9d850a18ff5522435,11317113.374958,11319729.609458,2616.2345000002533,86513,25000000,,success,1,0,,,8593290
pilot_1790562436815,unblock_N1000_c3,0,2026-09-28T05:35:58.593Z,zkSyncTestnet,300,sepolia.era.zksync.dev,unblock,1000,3,7900,0xa6c8a4c5e377fbe31daed24a603ed36eac53b2cc35c30b9286ae247cadc33a5e,11317656.910833,11322698.894125,5041.983292000368,86519,25000000,,success,1,0,,,8593291
pilot_1790562436815,unblock_N1000_c3,0,2026-09-28T05:35:58.628Z,zkSyncTestnet,300,sepolia.era.zksync.dev,unblock,1000,3,7902,0x1f6f72ed4a1135c642cc102bea978624cc8a625bb3dcb72aa724eebaa9bddcfd,11319729.670416,11322733.975416,3004.304999999702,86513,25000000,,success,1,0,,,8593291
pilot_1790562436815,unblock_N1000_c3,0,2026-09-28T05:35:58.777Z,zkSyncTestnet,300,sepolia.era.zksync.dev,unblock,1000,3,7901,0x39cee43ccabc7f3bc7a1b7adfd3cbe890305b19d5d423f2af9e7147bc97ca754,11318129.796958,11322883.266916,4753.469957999885,86513,25000000,,success,1,0,,,8593291
pilot_1790562436815,unblock_N1000_c3,0,2026-09-28T05:36:01.342Z,zkSyncTestnet,300,sepolia.era.zksync.dev,unblock,1000,3,7904,0xcc45e9ec5d7ed9e72de479fc5994dcf3cfa9fb782ff933365a29a5f337ab76cf,11322734.096833,11325448.26575,2714.1689170002937,86519,25000000,,success,1,0,,,8593293
pilot_1790562436815,unblock_N1000_c3,0,2026-09-28T05:36:01.410Z,zkSyncTestnet,300,sepolia.era.zksync.dev,unblock,1000,3,7903,0xc64bbd6d77d56c596526e8f9c17919fbb90ac48cf341b61e5e4b96fdd5ea4da0,11322698.972791,11325516.01075,2817.0379590000957,86519,25000000,,success,1,0,,,8593292
pilot_1790562436815,unblock_N1000_c3,0,2026-09-28T05:36:01.622Z,zkSyncTestnet,300,sepolia.era.zksync.dev,unblock,1000,3,7905,0x94b8e2fdf186b58f39e829e5a6f76ef20dfc43783383bbf81a1f829b6cc56f2d,11322883.299958,11325727.712916,2844.4129579998553,86519,25000000,,success,1,0,,,8593293
pilot_1790562436815,unblock_N1000_c3,0,2026-09-28T05:36:03.225Z,zkSyncTestnet,300,sepolia.era.zksync.dev,unblock,1000,3,7907,0x482176f8d1ecf19b8e19550e777061101eee474a1a10ef003e48dec79b8a4d3f,11325516.049291,11327331.554458,1815.5051669999957,86513,25000000,,success,1,0,,,8593295
pilot_1790562436815,unblock_N1000_c3,0,2026-09-28T05:36:03.241Z,zkSyncTestnet,300,sepolia.era.zksync.dev,unblock,1000,3,7906,0xc142832ae4108dd15977d90af275a3ca9745f433298d54ff9ad6c085202bfff6,11325448.349666,11327346.73575,1898.3860840015113,86513,25000000,,success,1,0,,,8593294
pilot_1790562436815,unblock_N1000_c3,0,2026-09-28T05:36:04.775Z,zkSyncTestnet,300,sepolia.era.zksync.dev,unblock,1000,3,7908,0xaf55487c733de77e8f844b535f22d645bfdbc43c06010eab3f70df64254f1e67,11325727.736416,11328880.685875,3152.9494589995593,86513,25000000,,success,1,0,,,8593296
pilot_1790562436815,unblock_N1000_c3,0,2026-09-28T05:36:05.083Z,zkSyncTestnet,300,sepolia.era.zksync.dev,unblock,1000,3,7909,0x8b5b947a7bee33b2d6a61609d25b840855e3658e73f3a0405c8e5125fe67b553,11327331.716291,11329188.676541,1856.9602500014007,86513,25000000,,success,1,0,,,8593297
pilot_1790562436815,unblock_N1000_c3,0,2026-09-28T05:36:06.466Z,zkSyncTestnet,300,sepolia.era.zksync.dev,unblock,1000,3,7910,0x6cf8a6863050c25425a2e4c5e24990e655bae94f1c75761c7609bfca84ae8818,11327346.784208,11330572.277458,3225.493250001222,86519,25000000,,success,1,0,,,8593298
pilot_1790562436815,unblock_N1000_c3,0,2026-09-28T05:36:08.212Z,zkSyncTestnet,300,sepolia.era.zksync.dev,unblock,1000,3,7912,0xda08c687cc007b0704a6065607b9d48292ef97cb5edaac69dd49c95d21cd69b1,11329188.850166,11332317.909875,3129.05970899947,86519,25000000,,success,1,0,,,8593299
pilot_1790562436815,unblock_N1000_c3,0,2026-09-28T05:36:08.436Z,zkSyncTestnet,300,sepolia.era.zksync.dev,unblock,1000,3,7911,0x7938870e7a5afbfb60a7072cb4cbb5c41edd4ec4369325b6dbc912e97c581492,11328880.864375,11332541.631166,3660.7667909990996,86519,25000000,,success,1,0,,,8593299
pilot_1790562436815,unblock_N1000_c3,0,2026-09-28T05:36:10.012Z,zkSyncTestnet,300,sepolia.era.zksync.dev,unblock,1000,3,7913,0xfc65419d2364215a2c95a199c5366e30233b8aeac4b2b0a7c173daad6be42a88,11330572.450416,11334117.754583,3545.304166998714,86519,25000000,,success,1,0,,,8593300
pilot_1790562436815,unblock_N1000_c3,0,2026-09-28T05:36:10.044Z,zkSyncTestnet,300,sepolia.era.zksync.dev,unblock,1000,3,7914,0x031ef6be414a4261c32423bc662279cc9cc325fd771a69cdc3facafcd0f5c8d2,11332317.986958,11334150.136166,1832.1492079999298,86513,25000000,,success,1,0,,,8593301
pilot_1790562436815,unblock_N1000_c3,0,2026-09-28T05:36:10.375Z,zkSyncTestnet,300,sepolia.era.zksync.dev,unblock,1000,3,7915,0xd7eea0a1c0804558a929df2b6f27f63bb95b2605ad1c41ce7f42e6704d382d12,11332541.708833,11334480.668666,1938.9598329998553,86519,25000000,,success,1,0,,,8593302
pilot_1790562436815,unblock_N1000_c3,0,2026-09-28T05:36:12.761Z,zkSyncTestnet,300,sepolia.era.zksync.dev,unblock,1000,3,7916,0xb8c8fd5cfdddba81b4db0e169ab411f959003ef2fdb9604dceb330464e2256f4,11334117.829208,11336867.307458,2749.478250000626,86513,25000000,,success,1,0,,,8593303
pilot_1790562436815,unblock_N1000_c3,0,2026-09-28T05:36:13.015Z,zkSyncTestnet,300,sepolia.era.zksync.dev,unblock,1000,3,7918,0x63e316641f2679d4e84fa328793396c32233c44c04b6e26c5d123173c127d2e4,11334480.7455,11337121.452291,2640.7067910004407,86519,25000000,,success,1,0,,,8593304
pilot_1790562436815,unblock_N1000_c3,0,2026-09-28T05:36:13.162Z,zkSyncTestnet,300,sepolia.era.zksync.dev,unblock,1000,3,7917,0x4fa5b4ff613238c69dfee3d0e51bdd752c64c55c4e2fe0a76064f24f9889e13e,11334150.156625,11337268.601875,3118.445249998942,86519,25000000,,success,1,0,,,8593304
pilot_1790562436815,unblock_N1000_c3,0,2026-09-28T05:36:15.357Z,zkSyncTestnet,300,sepolia.era.zksync.dev,unblock,1000,3,7919,0x832d8efc10ac9323a12fd9daf0a3d124519761a13e67b298845f7cb5aede45d5,11336867.400333,11339462.762708,2595.3623750004917,86519,25000000,,success,1,0,,,8593305
pilot_1790562436815,unblock_N1000_c3,0,2026-09-28T05:36:15.901Z,zkSyncTestnet,300,sepolia.era.zksync.dev,unblock,1000,3,7920,0xbcd9f24f3f2e585027be8d350c1d8c8f103d9e6bedab7df502c58b4cb09bde16,11337121.479333,11340007.020958,2885.5416250005364,86513,25000000,,success,1,0,,,8593306
pilot_1790562436815,unblock_N1000_c3,0,2026-09-28T05:36:17.078Z,zkSyncTestnet,300,sepolia.era.zksync.dev,unblock,1000,3,7921,0x90e602bc07ab6602b4c22dbf2aaa189dd0c2e4ec20453ded42070ec4f85f02bf,11337268.703708,11341183.954333,3915.250624999404,86519,25000000,,success,1,0,,,8593307
pilot_1790562436815,unblock_N1000_c3,0,2026-09-28T05:36:17.875Z,zkSyncTestnet,300,sepolia.era.zksync.dev,unblock,1000,3,7922,0x91c2e862d719b093ec851f26cc41cd8c3983c3be7ebd4bb5e602f0479b26d681,11339462.837,11341981.278583,2518.4415830001235,86394,25000000,,success,1,0,,,8593308
pilot_1790562436815,unblock_N1000_c3,0,2026-09-28T05:36:18.154Z,zkSyncTestnet,300,sepolia.era.zksync.dev,unblock,1000,3,7923,0x99573e89382f5c5f3d6f47b2a23fcc8cf4926a3368455d877c7111ccf17a5c8e,11340007.099291,11342260.071833,2252.972541999072,86513,25000000,,success,1,0,,,8593309
pilot_1790562436815,unblock_N1000_c3,0,2026-09-28T05:36:18.947Z,zkSyncTestnet,300,sepolia.era.zksync.dev,unblock,1000,3,7924,0x890e5be626b8bc5a5b6203966a4f7630a271174349c388fccc320f0e2c973110,11341184.047041,11343053.041625,1868.994583999738,86519,25000000,,success,1,0,,,8593310
pilot_1790562436815,unblock_N1000_c3,0,2026-09-28T05:36:20.744Z,zkSyncTestnet,300,sepolia.era.zksync.dev,unblock,1000,3,7925,0xd9a66d514eb7f544cda6840f1902a5ce0498d57d0c52079401a064aad1600d9f,11341981.358833,11344850.439625,2869.0807920005172,86513,25000000,,success,1,0,,,8593312
pilot_1790562436815,unblock_N1000_c3,0,2026-09-28T05:36:22.325Z,zkSyncTestnet,300,sepolia.era.zksync.dev,unblock,1000,3,7926,0x4c3eefb6d52672cbff3bb46bb79da32675efcc516d5e69df3201b907d3c00bd5,11342260.151416,11346431.128708,4170.977291999385,86519,25000000,,success,1,0,,,8593313
pilot_1790562436815,unblock_N1000_c3,0,2026-09-28T05:36:23.378Z,zkSyncTestnet,300,sepolia.era.zksync.dev,unblock,1000,3,7927,0x31f7af5075c1f76be60ad24423067fdbc0c3d91ace9db9b558434b0fec7dcb17,11343053.126125,11347484.109375,4430.983249999583,86513,25000000,,success,1,0,,,8593313
pilot_1790562436815,unblock_N1000_c3,0,2026-09-28T05:36:25.221Z,zkSyncTestnet,300,sepolia.era.zksync.dev,unblock,1000,3,7928,0x039c004eb58418aa04499d2acb42e196262a1e4f421e70bfcc0f06626e837c79,11344850.523666,11349327.041916,4476.518249999732,86513,25000000,,success,1,0,,,8593314
pilot_1790562436815,unblock_N1000_c3,0,2026-09-28T05:36:26.793Z,zkSyncTestnet,300,sepolia.era.zksync.dev,unblock,1000,3,7929,0x5bccab2f65197ca5924e1218dfe8b16b9110eed9d4e79aa0240e754f2eecfa74,11346431.23075,11350899.666791,4468.436040999368,86513,25000000,,success,1,0,,,8593316
pilot_1790562436815,unblock_N1000_c3,0,2026-09-28T05:36:27.047Z,zkSyncTestnet,300,sepolia.era.zksync.dev,unblock,1000,3,7931,0x9dfc8a583c4c3e68a057e5fbf97cb5843b9f74e5b70eae0e7b7be45fddcbeb2f,11349327.265166,11351152.954666,1825.6895000003278,86519,25000000,,success,1,0,,,8593317
pilot_1790562436815,unblock_N1000_c3,0,2026-09-28T05:36:27.114Z,zkSyncTestnet,300,sepolia.era.zksync.dev,unblock,1000,3,7930,0xca131c11fbbe2b2f5fff936af960009d221b64e7b52a7d682d409b61c95bf1cc,11347484.181375,11351220.139375,3735.9579999987036,86519,25000000,,success,1,0,,,8593316
pilot_1790562436815,unblock_N1000_c3,0,2026-09-28T05:36:31.516Z,zkSyncTestnet,300,sepolia.era.zksync.dev,unblock,1000,3,7932,0xbad8b174ecacce87260cec217f360f146b324b85614a498dcfc42fe28b5987a1,11350899.736375,11355622.349333,4722.61295799911,86519,25000000,,success,1,0,,,8593318
pilot_1790562436815,unblock_N1000_c3,0,2026-09-28T05:36:31.753Z,zkSyncTestnet,300,sepolia.era.zksync.dev,unblock,1000,3,7934,0x720f0d6970f84275477a1d20776da49d48f16b0f477c12c5dbeba11c757b83ba,11351220.17275,11355859.178791,4639.006040999666,86513,25000000,,success,1,0,,,8593319
pilot_1790562436815,unblock_N1000_c3,0,2026-09-28T05:36:32.561Z,zkSyncTestnet,300,sepolia.era.zksync.dev,unblock,1000,3,7933,0x97919c2845fff01a6f17bb446ae4bf4ea58c667fe1e469e6a62d533559b09949,11351153.006833,11356667.633875,5514.627041999251,86519,25000000,,success,1,0,,,8593319
pilot_1790562436815,unblock_N1000_c3,0,2026-09-28T05:36:33.407Z,zkSyncTestnet,300,sepolia.era.zksync.dev,unblock,1000,3,7935,0xb7da20abef2476bc8b30ae2e349c209cd4ba7372cabd35ac48832ed94d65dce2,11355622.441708,11357512.947958,1890.5062499996275,86513,25000000,,success,1,0,,,8593321
pilot_1790562436815,unblock_N1000_c3,0,2026-09-28T05:36:34.159Z,zkSyncTestnet,300,sepolia.era.zksync.dev,unblock,1000,3,7936,0xd0b0c3dcc30c414bba6e0a5bc49f4509e59b5c984db7a3b9c80d3e892d4914f0,11355859.249625,11358264.84575,2405.596125001088,86513,25000000,,success,1,0,,,8593322
pilot_1790562436815,unblock_N1000_c3,0,2026-09-28T05:36:41.825Z,zkSyncTestnet,300,sepolia.era.zksync.dev,unblock,1000,3,7937,0xf093f5ba11db331be06cbf6eeccb127269ad0b44375bf336f542f44e83335825,11356667.823708,11365930.997375,9263.173667000607,86519,25000000,,success,1,0,,,8593324
pilot_1790562436815,unblock_N1000_c3,0,2026-09-28T05:36:42.263Z,zkSyncTestnet,300,sepolia.era.zksync.dev,unblock,1000,3,7938,0xc660b85d4471ed887a05910ddb4dd524888cf6ebe0550eb46f539f7192690572,11357513.096333,11366368.850208,8855.75387499854,86513,25000000,,success,1,0,,,8593325
pilot_1790562436815,unblock_N1000_c3,0,2026-09-28T05:36:43.677Z,zkSyncTestnet,300,sepolia.era.zksync.dev,unblock,1000,3,7940,0x15ed627d663e5828a1100e641e428b2e95ba7ed3aafbe62a8d5038c54fcfd7ba,11365931.049,11367783.516416,1852.4674159996212,86519,25000000,,success,1,0,,,8593327
pilot_1790562436815,unblock_N1000_c3,0,2026-09-28T05:36:43.822Z,zkSyncTestnet,300,sepolia.era.zksync.dev,unblock,1000,3,7939,0x544fb439f522d5c6b5c97cd23609fd246c381f145bb899dde3c7bcf8fccd5901,11358264.914708,11367928.530583,9663.615875000134,86519,25000000,,success,1,0,,,8593326
pilot_1790562436815,unblock_N1000_c3,0,2026-09-28T05:36:44.140Z,zkSyncTestnet,300,sepolia.era.zksync.dev,unblock,1000,3,7941,0xc8556f244c8d72985150e2eae3b6f3a5cdecabd1d7bc310bcdfe73169d546625,11366368.900458,11368246.655625,1877.7551669999957,86519,25000000,,success,1,0,,,8593328
pilot_1790562436815,unblock_N1000_c3,0,2026-09-28T05:36:45.505Z,zkSyncTestnet,300,sepolia.era.zksync.dev,unblock,1000,3,7942,0xcb292cd31f95055e81652936c525d29c42cb44a526c43db331e1cc0a8d243d9b,11367783.697333,11369611.0735,1827.37616699934,86519,25000000,,success,1,0,,,8593329
pilot_1790562436815,unblock_N1000_c3,0,2026-09-28T05:36:45.683Z,zkSyncTestnet,300,sepolia.era.zksync.dev,unblock,1000,3,7943,0x300ad9893b0b9945902813410ccd08d3942a55aa598f48d356a93088f577461b,11367928.586,11369789.702791,1861.1167910005897,86513,25000000,,success,1,0,,,8593330
pilot_1790562436815,unblock_N1000_c3,0,2026-09-28T05:36:45.981Z,zkSyncTestnet,300,sepolia.era.zksync.dev,unblock,1000,3,7944,0x5eac546b16786e34a536f9d99372b88555ccd3e5288656d74cd9d6b4c0b55f02,11368246.7175,11370087.499416,1840.781915999949,86513,25000000,,success,1,0,,,8593331
pilot_1790562436815,unblock_N1000_c3,0,2026-09-28T05:36:47.369Z,zkSyncTestnet,300,sepolia.era.zksync.dev,unblock,1000,3,7945,0x6d9d373be20e5f298b05d70571079913a303338fc4ea98c953bb6329c928dcbd,11369611.135833,11371475.30275,1864.166916999966,86519,25000000,,success,1,0,,,8593332
pilot_1790562436815,unblock_N1000_c3,0,2026-09-28T05:36:47.558Z,zkSyncTestnet,300,sepolia.era.zksync.dev,unblock,1000,3,7946,0x29fe762b2e40b54ade4e1a306c07bcfffb47709a65d2a78377b7ada78aa740c7,11369789.772166,11371664.614958,1874.842791998759,86513,25000000,,success,1,0,,,8593333
pilot_1790562436815,unblock_N1000_c3,0,2026-09-28T05:36:47.816Z,zkSyncTestnet,300,sepolia.era.zksync.dev,unblock,1000,3,7947,0xac1a3935dfa18953874888d1d81513daceee2cde5eb2ad4091ac6dd4f0379c75,11370087.569916,11371921.878916,1834.308999998495,86519,25000000,,success,1,0,,,8593334
pilot_1790562436815,unblock_N1000_c3,0,2026-09-28T05:36:49.337Z,zkSyncTestnet,300,sepolia.era.zksync.dev,unblock,1000,3,7948,0x4a1115573dd3288f851bf06ed26a0599abc6d86a47608dcb3595a412da899deb,11371475.381166,11373443.409541,1968.0283749997616,86513,25000000,,success,1,0,,,8593335
pilot_1790562436815,unblock_N1000_c3,0,2026-09-28T05:36:49.378Z,zkSyncTestnet,300,sepolia.era.zksync.dev,unblock,1000,3,7949,0x1b2022b1248cb64a998c7a074ad01424736ed41f5f98bcf32ebe86a3f783eefe,11371664.639208,11373483.987666,1819.3484579995275,86519,25000000,,success,1,0,,,8593336
pilot_1790562436815,unblock_N1000_c3,0,2026-09-28T05:36:49.666Z,zkSyncTestnet,300,sepolia.era.zksync.dev,unblock,1000,3,7950,0x8a15664acc7796d5a8f37614dbcc5d4d02d39ee5aff48a18433fd79096024c78,11371921.927166,11373772.465791,1850.5386250000447,86513,25000000,,success,1,0,,,8593336
pilot_1790562436815,unblock_N1000_c3,0,2026-09-28T05:36:51.180Z,zkSyncTestnet,300,sepolia.era.zksync.dev,unblock,1000,3,7951,0xbd4631a5f6b5e7c781b5ebf0737fdf8ffce941ff4efe770565ce5d7a2508a901,11373443.483,11375286.810833,1843.3278330005705,86513,25000000,,success,1,0,,,8593337
pilot_1790562436815,unblock_N1000_c3,0,2026-09-28T05:36:51.199Z,zkSyncTestnet,300,sepolia.era.zksync.dev,unblock,1000,3,7952,0x28a27ab6de8095e1cd5f82b0a622c4dfece5e144d89ecc2252c2ad116f575b19,11373484.025916,11375305.476291,1821.450375000015,86513,25000000,,success,1,0,,,8593338
pilot_1790562436815,unblock_N1000_c3,0,2026-09-28T05:36:51.459Z,zkSyncTestnet,300,sepolia.era.zksync.dev,unblock,1000,3,7953,0x62950d49fa2ece6e9ffe640cde110d3e324b40231f546e6fe25ae5d24dccb547,11373772.518625,11375565.627,1793.108374999836,86513,25000000,,success,1,0,,,8593338
pilot_1790562436815,unblock_N1000_c3,0,2026-09-28T05:36:53.026Z,zkSyncTestnet,300,sepolia.era.zksync.dev,unblock,1000,3,7954,0x538a72648d26cdb371a7837d35e9cf195aec35d80c720aa60d69940dc859a401,11375286.877666,11377132.285833,1845.4081669989973,86519,25000000,,success,1,0,,,8593339
pilot_1790562436815,unblock_N1000_c3,0,2026-09-28T05:36:53.064Z,zkSyncTestnet,300,sepolia.era.zksync.dev,unblock,1000,3,7955,0x0f23d1c71cc8742da086271fd73393cd131e1614eb4b622b608fad2be25b4906,11375305.501541,11377170.041375,1864.5398340001702,86513,25000000,,success,1,0,,,8593340
pilot_1790562436815,unblock_N1000_c3,0,2026-09-28T05:36:53.291Z,zkSyncTestnet,300,sepolia.era.zksync.dev,unblock,1000,3,7956,0x7db73bc8e2d654e2ebd75c885f4a28fc64c37d39a0d919660f1517660a637fdf,11375565.796958,11377397.564166,1831.767208000645,86519,25000000,,success,1,0,,,8593340
pilot_1790562436815,unblock_N1000_c3,0,2026-09-28T05:36:54.949Z,zkSyncTestnet,300,sepolia.era.zksync.dev,unblock,1000,3,7957,0x81f8f70cae6e536b39bb73a55e9ac9067bb592a6cf845666fef117c93f079cb4,11377132.369875,11379054.977875,1922.6079999990761,86513,25000000,,success,1,0,,,8593342
pilot_1790562436815,unblock_N1000_c3,0,2026-09-28T05:36:55.112Z,zkSyncTestnet,300,sepolia.era.zksync.dev,unblock,1000,3,7958,0xc2f29b2ee0466d09146398607ac182f44d8cf2146a1900e785d53da744826d05,11377170.164583,11379218.125375,2047.9607920013368,86513,25000000,,success,1,0,,,8593342
pilot_1790562436815,unblock_N1000_c3,0,2026-09-28T05:36:55.232Z,zkSyncTestnet,300,sepolia.era.zksync.dev,unblock,1000,3,7959,0x36f47b0f601171abaddc62492f15f864d99a3b79fee0fd6746845aec13f438b9,11377397.599291,11379338.097833,1940.4985419996083,86519,25000000,,success,1,0,,,8593342
pilot_1790562436815,unblock_N1000_c3,0,2026-09-28T05:36:56.716Z,zkSyncTestnet,300,sepolia.era.zksync.dev,unblock,1000,3,7960,0xe7346c772acfe72343379e1fa64c7b1561adcde0f7748f00a81bc5221cc37dd2,11379055.179083,11380822.329416,1767.1503329984844,86519,25000000,,success,1,0,,,8593343
pilot_1790562436815,unblock_N1000_c3,0,2026-09-28T05:36:56.976Z,zkSyncTestnet,300,sepolia.era.zksync.dev,unblock,1000,3,7961,0x9a0bc813f78f766134df7ceb5ab397e47b7022a972cbbefff9dc2f7f9538a379,11379218.394333,11381082.48025,1864.0859169997275,86519,25000000,,success,1,0,,,8593344
pilot_1790562436815,unblock_N1000_c3,0,2026-09-28T05:36:58.483Z,zkSyncTestnet,300,sepolia.era.zksync.dev,unblock,1000,3,7962,0xf58ff27c4658ad2f39f13b4eae90d136009edc36245deae00349bd88bd197ccf,11379338.171625,11382589.79025,3251.618625000119,86513,25000000,,success,1,0,,,8593345
pilot_1790562436815,unblock_N1000_c3,0,2026-09-28T05:36:58.558Z,zkSyncTestnet,300,sepolia.era.zksync.dev,unblock,1000,3,7963,0xe066015f8e18398338abb67f546be6754164167c761515fbb01b226ef59a6090,11380822.375375,11382664.621416,1842.2460409998894,86519,25000000,,success,1,0,,,8593346
pilot_1790562436815,unblock_N1000_c3,0,2026-09-28T05:36:58.835Z,zkSyncTestnet,300,sepolia.era.zksync.dev,unblock,1000,3,7964,0xbd1c1bcd7622878e0252ac277f024a1a4f6a0465fa68d4371da10f2e4d96dd86,11381082.652791,11382941.735666,1859.0828749984503,86513,25000000,,success,1,0,,,8593347
pilot_1790562436815,unblock_N1000_c3,0,2026-09-28T05:37:00.370Z,zkSyncTestnet,300,sepolia.era.zksync.dev,unblock,1000,3,7965,0xfd6e6d5f492ca8755578fa9ffa385aafeaae5267a42edcdd0243b8ff1422bf2e,11382589.980416,11384476.674333,1886.6939170006663,86519,25000000,,success,1,0,,,8593348
pilot_1790562436815,unblock_N1000_c3,0,2026-09-28T05:37:00.373Z,zkSyncTestnet,300,sepolia.era.zksync.dev,unblock,1000,3,7966,0x3d0dd80c820f4497d4009be37d1e2527864bda26184242a15ae296b2c0af5b2c,11382664.892791,11384479.368833,1814.4760420005769,86513,25000000,,success,1,0,,,8593349
pilot_1790562436815,unblock_N1000_c3,0,2026-09-28T05:37:00.635Z,zkSyncTestnet,300,sepolia.era.zksync.dev,unblock,1000,3,7967,0x7262cd6db9662a510b01cf84d68f11287e176038097a94735196df696f81603a,11382941.922583,11384741.6985,1799.775916999206,86519,25000000,,success,1,0,,,8593349
pilot_1790562436815,unblock_N1000_c3,0,2026-09-28T05:37:02.200Z,zkSyncTestnet,300,sepolia.era.zksync.dev,unblock,1000,3,7968,0x2c0f5dce13d500ec9f8e3b73ab3a44f06ab8841fbd67d24c07e8739348fdd628,11384476.843833,11386306.395833,1829.5520000010729,86519,25000000,,success,1,0,,,8593350
pilot_1790562436815,unblock_N1000_c3,0,2026-09-28T05:37:02.226Z,zkSyncTestnet,300,sepolia.era.zksync.dev,unblock,1000,3,7969,0x73e6b58aba7480748224d7244887e9a640b6c24c561b25f7a28f4e9e50dc6985,11384479.388666,11386332.483708,1853.0950419995934,86519,25000000,,success,1,0,,,8593351
pilot_1790562436815,unblock_N1000_c3,0,2026-09-28T05:37:02.455Z,zkSyncTestnet,300,sepolia.era.zksync.dev,unblock,1000,3,7970,0x7677030bef80efff283fb7dfa6ba9a2b17cfed58c272ad1ec46f58d99d063638,11384741.73325,11386561.446833,1819.7135830000043,86519,25000000,,success,1,0,,,8593351
pilot_1790562436815,unblock_N1000_c3,0,2026-09-28T05:37:04.027Z,zkSyncTestnet,300,sepolia.era.zksync.dev,unblock,1000,3,7971,0x2159eac14d3a4e29a48b28fe6f0fd38fae4d6e558133d53efa4c3d21c22d35f0,11386306.437166,11388133.388791,1826.9516250006855,86519,25000000,,success,1,0,,,8593352
pilot_1790562436815,unblock_N1000_c3,0,2026-09-28T05:37:04.143Z,zkSyncTestnet,300,sepolia.era.zksync.dev,unblock,1000,3,7972,0xa4a14688448afa0818cb71f0f2166f115ec980ba544f5e27c67845edc3d81c85,11386332.498666,11388249.804458,1917.3057920001447,86519,25000000,,success,1,0,,,8593353
pilot_1790562436815,unblock_N1000_c3,0,2026-09-28T05:37:04.310Z,zkSyncTestnet,300,sepolia.era.zksync.dev,unblock,1000,3,7973,0xb284244886984a16d69f35090d23151ddd3a0f9dae032a870ec71189ecbf2155,11386561.497833,11388416.785958,1855.2881249990314,86513,25000000,,success,1,0,,,8593353
pilot_1790562436815,unblock_N1000_c3,0,2026-09-28T05:37:05.883Z,zkSyncTestnet,300,sepolia.era.zksync.dev,unblock,1000,3,7974,0x39aebe21d8e8abc459d82c7c054315dba58beca3641183a92df0da9e7824eae6,11388133.46825,11389989.167375,1855.6991249993443,86513,25000000,,success,1,0,,,8593354
pilot_1790562436815,unblock_N1000_c3,0,2026-09-28T05:37:06.124Z,zkSyncTestnet,300,sepolia.era.zksync.dev,unblock,1000,3,7975,0x7e7de3d2796878042df0558307adaa1dee9af2efb07085c8dae359ced3eb4ad3,11388249.867958,11390230.330458,1980.4625000003725,86519,25000000,,success,1,0,,,8593355
pilot_1790562436815,unblock_N1000_c3,0,2026-09-28T05:37:07.424Z,zkSyncTestnet,300,sepolia.era.zksync.dev,unblock,1000,3,7976,0x140c67c38d2da1674be55f62ea8cfacc6f735748b852d100165653b2e91c1a80,11388416.827625,11391530.203333,3113.375707998872,86513,25000000,,success,1,0,,,8593356
pilot_1790562436815,unblock_N1000_c3,0,2026-09-28T05:37:07.696Z,zkSyncTestnet,300,sepolia.era.zksync.dev,unblock,1000,3,7977,0x0ac1e4383971a4e84138336ba7ab3e9d5da1d8859d148dae4a161d6b9a9e95ed,11389989.253,11391802.536625,1813.2836249992251,86513,25000000,,success,1,0,,,8593357
pilot_1790562436815,unblock_N1000_c3,0,2026-09-28T05:37:08.011Z,zkSyncTestnet,300,sepolia.era.zksync.dev,unblock,1000,3,7978,0x7df0ff9fb244620eb2b34541a134e81f6cada9028639a011da0dfc1d50fbe352,11390230.353041,11392117.44175,1887.0887089986354,86519,25000000,,success,1,0,,,8593358
pilot_1790562436815,unblock_N1000_c3,0,2026-09-28T05:37:09.306Z,zkSyncTestnet,300,sepolia.era.zksync.dev,unblock,1000,3,7979,0x25e26626ba6f63e6003f8e67dffc7b7fd7ed88a21833c4f0bc75dcbe71eb5954,11391530.321333,11393412.006458,1881.6851249989122,86519,25000000,,success,1,0,,,8593360
pilot_1790562436815,unblock_N1000_c3,0,2026-09-28T05:37:09.519Z,zkSyncTestnet,300,sepolia.era.zksync.dev,unblock,1000,3,7980,0x03069042d3f5f32fb69a210e1619de04668ca655629f2e76c8330238e4169931,11391802.59,11393624.946458,1822.3564580008388,86519,25000000,,success,1,0,,,8593361
pilot_1790562436815,unblock_N1000_c3,0,2026-09-28T05:37:09.862Z,zkSyncTestnet,300,sepolia.era.zksync.dev,unblock,1000,3,7981,0x77bd9a30455bf84d375c44997f5bc5b19a5a9d7e17dddc697453e146e36aba47,11392117.483291,11393968.429416,1850.9461250007153,86513,25000000,,success,1,0,,,8593362
pilot_1790562436815,unblock_N1000_c3,0,2026-09-28T05:37:11.148Z,zkSyncTestnet,300,sepolia.era.zksync.dev,unblock,1000,3,7982,0x32b5ee03270f0d78a871fbd970d2a743eaabc80c2b4263cd73fe1547e90c6417,11393412.170916,11395254.728875,1842.5579589996487,86513,25000000,,success,1,0,,,8593363
pilot_1790562436815,unblock_N1000_c3,0,2026-09-28T05:37:11.392Z,zkSyncTestnet,300,sepolia.era.zksync.dev,unblock,1000,3,7983,0x698634ba27393a646e4716dd2762607b6af8de540e22b03f692c2c1bf76d92ac,11393625.013791,11395498.377166,1873.363374998793,86513,25000000,,success,1,0,,,8593364
pilot_1790562436815,unblock_N1000_c3,0,2026-09-28T05:37:11.890Z,zkSyncTestnet,300,sepolia.era.zksync.dev,unblock,1000,3,7984,0xb5f7840fca20d16e562bb499ab8f1b3671752233d0ac671633abcf6e467d9cc3,11393968.497166,11395996.056083,2027.5589169990271,86513,25000000,,success,1,0,,,8593365
pilot_1790562436815,unblock_N1000_c3,0,2026-09-28T05:37:12.987Z,zkSyncTestnet,300,sepolia.era.zksync.dev,unblock,1000,3,7985,0x3c703bcbdcea4d38fe7e3b8d19683ed1a0875366f697582e5d92ecd024ff02a5,11395254.793083,11397093.110416,1838.3173329997808,86519,25000000,,success,1,0,,,8593366
pilot_1790562436815,unblock_N1000_c3,0,2026-09-28T05:37:13.218Z,zkSyncTestnet,300,sepolia.era.zksync.dev,unblock,1000,3,7986,0xd34cbff227b17851535a1d3f305f13a328413b7a6421ceb800bd6e279535733c,11395498.405625,11397324.588791,1826.1831659991294,86519,25000000,,success,1,0,,,8593367
pilot_1790562436815,unblock_N1000_c3,0,2026-09-28T05:37:14.820Z,zkSyncTestnet,300,sepolia.era.zksync.dev,unblock,1000,3,7988,0xbeeff729d1ea606f20a5f00a93bdee3df1be4f573743be185a823fca20b656ba,11397093.169833,11398926.089666,1832.9198329988867,86519,25000000,,success,1,0,,,8593370
pilot_1790562436815,unblock_N1000_c3,0,2026-09-28T05:37:15.031Z,zkSyncTestnet,300,sepolia.era.zksync.dev,unblock,1000,3,7987,0x9969a1a26f8b8c2464bd0e4d0afc1ad699d5d365c23ce457dbbb3e9dbb806cda,11395996.221625,11399137.368208,3141.146583000198,86513,25000000,,success,1,0,,,8593369
pilot_1790562436815,unblock_N1000_c3,0,2026-09-28T05:37:15.091Z,zkSyncTestnet,300,sepolia.era.zksync.dev,unblock,1000,3,7989,0xdf38b82df221522029736c147f9ac253809dab974934ab31f1287159247c5d9d,11397324.665041,11399197.666791,1873.0017499998212,86513,25000000,,success,1,0,,,8593370
pilot_1790562436815,unblock_N1000_c3,0,2026-09-28T05:37:16.667Z,zkSyncTestnet,300,sepolia.era.zksync.dev,unblock,1000,3,7990,0x92982160d39a9506bf390308d54c7bb4a826b1fb054a4b1facbe0f06e2683e1b,11398926.176625,11400773.474583,1847.2979579996318,86513,25000000,,success,1,0,,,8593371
pilot_1790562436815,unblock_N1000_c3,0,2026-09-28T05:37:16.849Z,zkSyncTestnet,300,sepolia.era.zksync.dev,unblock,1000,3,7991,0x44b0ac32f6851cf0cc4be95abec4c6f51f11f0b8cf54745f7df3c1e4195d397d,11399137.408083,11400955.719166,1818.3110830001533,86519,25000000,,success,1,0,,,8593372
pilot_1790562436815,unblock_N1000_c3,0,2026-09-28T05:37:16.991Z,zkSyncTestnet,300,sepolia.era.zksync.dev,unblock,1000,3,7992,0x820777e64e38005f8997f791aaebdd25d45f1dfc4d8e20297db8a54160b23b3a,11399197.700458,11401097.818833,1900.1183749996126,86513,25000000,,success,1,0,,,8593373
pilot_1790562436815,unblock_N1000_c3,0,2026-09-28T05:37:18.545Z,zkSyncTestnet,300,sepolia.era.zksync.dev,unblock,1000,3,7993,0x910c0e0173533fad90a220cc419aff872d2a5f077f3018a419d0cfee2e3ee1f1,11400773.65225,11402651.476625,1877.824374999851,86519,25000000,,success,1,0,,,8593374
pilot_1790562436815,unblock_N1000_c3,0,2026-09-28T05:37:18.974Z,zkSyncTestnet,300,sepolia.era.zksync.dev,unblock,1000,3,7994,0x39e7927a20694b8697acf9e6aea20e525d5d6f9475b3da4c35713ca8c3575048,11400955.885791,11403080.533,2124.6472089998424,86513,25000000,,success,1,0,,,8593375
pilot_1790562436815,unblock_N1000_c3,0,2026-09-28T05:37:20.278Z,zkSyncTestnet,300,sepolia.era.zksync.dev,unblock,1000,3,7995,0xc890a0dab4fba7b4a68f0839f560f7ccfa9105c056a9cd29b19bf185d0160571,11401097.877041,11404384.692666,3286.8156249988824,86519,25000000,,success,1,0,,,8593376
pilot_1790562436815,unblock_N1000_c3,0,2026-09-28T05:37:20.372Z,zkSyncTestnet,300,sepolia.era.zksync.dev,unblock,1000,3,7996,0xd09bb0cac108201b12e2a962a266877721e2dc8f9b3c349826de67acdf40e246,11402651.667416,11404478.451,1826.7835839986801,86513,25000000,,success,1,0,,,8593377
pilot_1790562436815,unblock_N1000_c3,0,2026-09-28T05:37:20.808Z,zkSyncTestnet,300,sepolia.era.zksync.dev,unblock,1000,3,7997,0x326c03de03589615f1ceb9ff0a428510ffaec1371df9ed7810162d436cd31f3a,11403080.601666,11404914.232291,1833.6306250002235,86519,25000000,,success,1,0,,,8593378
pilot_1790562436815,unblock_N1000_c3,0,2026-09-28T05:37:22.133Z,zkSyncTestnet,300,sepolia.era.zksync.dev,unblock,1000,3,7998,0x17833f7d75897c72e715d960250d4980a3def07de742b7cb7998f4d2d5f416c8,11404384.774083,11406239.803166,1855.029083000496,86519,25000000,,success,1,0,,,8593379
pilot_1790562436815,unblock_N1000_c3,0,2026-09-28T05:37:22.654Z,zkSyncTestnet,300,sepolia.era.zksync.dev,unblock,1000,3,8000,0x6cfd130dc885468d8de7b1ae31602bea9b83c1d76d0029fdf1f1251001433581,11404914.315041,11406760.218125,1845.9030840005726,86513,25000000,,success,1,0,,,8593380
pilot_1790562436815,unblock_N1000_c3,0,2026-09-28T05:37:22.705Z,zkSyncTestnet,300,sepolia.era.zksync.dev,unblock,1000,3,7999,0x4619245b764bb00239cf24df05664ca72dd5680e64f26c8688566b0ca210c502,11404478.597083,11406811.413708,2332.8166249990463,86513,25000000,,success,1,0,,,8593380
pilot_1790562436815,unblock_N1000_c3,0,2026-09-28T05:37:23.997Z,zkSyncTestnet,300,sepolia.era.zksync.dev,unblock,1000,3,8001,0x44e72dbf95c7119977fd52bd97e5d85fe694968fca0830b3830e05ef42742965,11406239.879791,11408103.240875,1863.3610839992762,86513,25000000,,success,1,0,,,8593381
pilot_1790562436815,unblock_N1000_c3,0,2026-09-28T05:37:24.475Z,zkSyncTestnet,300,sepolia.era.zksync.dev,unblock,1000,3,8002,0x6ac7f1474fd53cb241dfad9452ab04c107c995738682f1586cc0f6f9d0b4ba8a,11406760.302583,11408581.844583,1821.5419999994338,86513,25000000,,success,1,0,,,8593382
pilot_1790562436815,unblock_N1000_c3,0,2026-09-28T05:37:25.798Z,zkSyncTestnet,300,sepolia.era.zksync.dev,unblock,1000,3,8003,0xb4fe24e585201c95d6803828ac4cc410e7ba47ac5de5eb2b0da4b37c96f04b15,11406811.437916,11409904.828125,3093.3902090005577,86519,25000000,,success,1,0,,,8593383
pilot_1790562436815,unblock_N1000_c3,0,2026-09-28T05:37:25.871Z,zkSyncTestnet,300,sepolia.era.zksync.dev,unblock,1000,3,8004,0x0d19f9338c8ba83bff109a41367420bda1e2af1cb81f58bad6b9fcdf674f6c32,11408103.319083,11409977.612916,1874.2938330005854,86519,25000000,,success,1,0,,,8593384
pilot_1790562436815,unblock_N1000_c3,0,2026-09-28T05:37:26.338Z,zkSyncTestnet,300,sepolia.era.zksync.dev,unblock,1000,3,8005,0xc7c07cefd3372173a00d0a744ea56354ee9ecb288f8474c6c2b75e980f02473a,11408581.901958,11410444.781583,1862.8796250000596,86513,25000000,,success,1,0,,,8593385
pilot_1790562436815,unblock_N1000_c3,0,2026-09-28T05:37:27.739Z,zkSyncTestnet,300,sepolia.era.zksync.dev,unblock,1000,3,8006,0xeedfeff50b23592a18f1eeb986f02009338ac700fa828c40316a35134095a262,11409905.023625,11411845.380375,1940.3567500002682,86519,25000000,,success,1,0,,,8593386
pilot_1790562436815,unblock_N1000_c3,0,2026-09-28T05:37:28.149Z,zkSyncTestnet,300,sepolia.era.zksync.dev,unblock,1000,3,8008,0x1f9d48628cd483252314aa1ea865b7066dbaaf4efee7a66162fe7bb42cec27cb,11410444.852583,11412255.993041,1811.1404579989612,86513,25000000,,success,1,0,,,8593387
pilot_1790562436815,unblock_N1000_c3,0,2026-09-28T05:37:28.167Z,zkSyncTestnet,300,sepolia.era.zksync.dev,unblock,1000,3,8007,0xa1f9f0173468dbefa972172bf6da211a7f7b8b16fe2251ac767c7ff585089265,11409977.678833,11412273.137375,2295.4585420005023,86519,25000000,,success,1,0,,,8593387
pilot_1790562436815,unblock_N1000_c3,0,2026-09-28T05:37:29.627Z,zkSyncTestnet,300,sepolia.era.zksync.dev,unblock,1000,3,8009,0x02feba1c4d506e7e56ab9ad735eca00bc344c4117414ac1aebe15a1ae8a3a77c,11411845.519083,11413733.242333,1887.7232499998063,86513,25000000,,success,1,0,,,8593388
pilot_1790562436815,unblock_N1000_c3,0,2026-09-28T05:37:29.970Z,zkSyncTestnet,300,sepolia.era.zksync.dev,unblock,1000,3,8010,0xf485c279d2908764677a731c54fc73590095beb80ad1b7caa8af50de5094eb1f,11412256.060125,11414076.15625,1820.0961249992251,86519,25000000,,success,1,0,,,8593389
pilot_1790562436815,unblock_N1000_c3,0,2026-09-28T05:37:31.294Z,zkSyncTestnet,300,sepolia.era.zksync.dev,unblock,1000,3,8011,0x39615a6f15f4a7e811cbb3874b0ef506cdd0204ad8f4da2a35ffeb964b0c23c1,11412273.169625,11415400.254333,3127.0847080014646,86519,25000000,,success,1,0,,,8593390
pilot_1790562436815,unblock_N1000_c3,0,2026-09-28T05:37:31.533Z,zkSyncTestnet,300,sepolia.era.zksync.dev,unblock,1000,3,8012,0xa9b5b55768beffda0b05fa876adf1e2f62200fd14b37e3d10b7f2d5f4a06f43e,11413733.317083,11415639.544208,1906.2271250002086,86513,25000000,,success,1,0,,,8593391
pilot_1790562436815,unblock_N1000_c3,0,2026-09-28T05:37:31.865Z,zkSyncTestnet,300,sepolia.era.zksync.dev,unblock,1000,3,8013,0x57de46d823191ef2fdc5a8684e750fdf4b38907f53a899d33f884039b63c1233,11414076.196125,11415971.234708,1895.0385829992592,86513,25000000,,success,1,0,,,8593392
pilot_1790562436815,unblock_N1000_c3,0,2026-09-28T05:37:33.178Z,zkSyncTestnet,300,sepolia.era.zksync.dev,unblock,1000,3,8014,0xc97d708b12cff2d629b8918487aa2a267a557051910fb36645e7c02140b3d702,11415400.324333,11417284.620125,1884.2957919985056,86519,25000000,,success,1,0,,,8593393
pilot_1790562436815,unblock_N1000_c3,0,2026-09-28T05:37:33.395Z,zkSyncTestnet,300,sepolia.era.zksync.dev,unblock,1000,3,8015,0x841f895b6673f3ddf5b5b01c1940faa4ed38e521f0397a3933eb8acbb49f81d2,11415639.71925,11417501.605,1861.8857500012964,86519,25000000,,success,1,0,,,8593394
pilot_1790562436815,unblock_N1000_c3,0,2026-09-28T05:37:33.682Z,zkSyncTestnet,300,sepolia.era.zksync.dev,unblock,1000,3,8016,0xdcaf2eda8800b572090442df69c8acfd4e33032515aeb47a7ed02ce8b8397cdd,11415971.285083,11417788.303666,1817.0185829997063,86513,25000000,,success,1,0,,,8593395
pilot_1790562436815,unblock_N1000_c3,0,2026-09-28T05:37:34.989Z,zkSyncTestnet,300,sepolia.era.zksync.dev,unblock,1000,3,8017,0xb831170f67af2748889024529120cc6a308343eef42e56ee35582dfd321eaf50,11417284.766666,11419095.345083,1810.5784169994295,86513,25000000,,success,1,0,,,8593396
pilot_1790562436815,unblock_N1000_c3,0,2026-09-28T05:37:35.211Z,zkSyncTestnet,300,sepolia.era.zksync.dev,unblock,1000,3,8018,0x4490430640135bd795e5f439acb5dbddd3d4641702d9227d15a2871c6f8eee0e,11417501.724833,11419318.030125,1816.3052919991314,86513,25000000,,success,1,0,,,8593397
pilot_1790562436815,unblock_N1000_c3,0,2026-09-28T05:37:35.526Z,zkSyncTestnet,300,sepolia.era.zksync.dev,unblock,1000,3,8019,0x668c2620f78c02304a073450ce5a475c1796c7036737412be66b69f43b0700cf,11417788.453708,11419632.551,1844.0972920004278,86519,25000000,,success,1,0,,,8593398
pilot_1790562436815,unblock_N1000_c3,0,2026-09-28T05:37:36.779Z,zkSyncTestnet,300,sepolia.era.zksync.dev,unblock,1000,3,8020,0xc71b141728541cc72435a9f5983d3f2ac49d06f571dbcfaedfc7a76467587573,11419095.513208,11420886.01725,1790.5040419995785,86513,25000000,,success,1,0,,,8593399
pilot_1790562436815,unblock_N1000_c3,0,2026-09-28T05:37:37.143Z,zkSyncTestnet,300,sepolia.era.zksync.dev,unblock,1000,3,8021,0xfc8783f30cdcab8089bdcf9cbc07fd12d9bb9c5f3a044259332c4bff4c989167,11419318.079,11421249.738791,1931.6597910001874,86513,25000000,,success,1,0,,,8593400
pilot_1790562436815,unblock_N1000_c3,0,2026-09-28T05:37:37.335Z,zkSyncTestnet,300,sepolia.era.zksync.dev,unblock,1000,3,8022,0x96c623f4465cb40cb276fc56071694c12aa720280514d643824bb67c782680de,11419632.624708,11421441.125458,1808.5007499996573,86519,25000000,,success,1,0,,,8593401
pilot_1790562436815,unblock_N1000_c3,0,2026-09-28T05:37:38.641Z,zkSyncTestnet,300,sepolia.era.zksync.dev,unblock,1000,3,8023,0xba1168ae20685d0ff7a51a8057c16c8407ae330523fa23199bc5bdfa5465f8d0,11420886.096458,11422747.790666,1861.694208001718,86513,25000000,,success,1,0,,,8593402
pilot_1790562436815,unblock_N1000_c3,0,2026-09-28T05:37:38.995Z,zkSyncTestnet,300,sepolia.era.zksync.dev,unblock,1000,3,8024,0x796898e09499b3fc2a12b2540778fd039830983253b699b09590ed59ab46776b,11421249.809625,11423101.70675,1851.897125000134,86513,25000000,,success,1,0,,,8593403
pilot_1790562436815,unblock_N1000_c3,0,2026-09-28T05:37:40.437Z,zkSyncTestnet,300,sepolia.era.zksync.dev,unblock,1000,3,8025,0x60a8867271af692b4dadf85b625f85ee1d426568bd903e22e9eab5bd213e7613,11421441.197583,11424543.183666,3101.9860830008984,86513,25000000,,success,1,0,,,8593404
pilot_1790562436815,unblock_N1000_c3,0,2026-09-28T05:37:40.490Z,zkSyncTestnet,300,sepolia.era.zksync.dev,unblock,1000,3,8026,0xe6f8eac52fd341d0bdceade69700ac2a4cc3b9c889daab8ade76e2fee01d4bcd,11422747.870958,11424596.222083,1848.3511250000447,86513,25000000,,success,1,0,,,8593405
pilot_1790562436815,unblock_N1000_c3,0,2026-09-28T05:37:40.824Z,zkSyncTestnet,300,sepolia.era.zksync.dev,unblock,1000,3,8027,0xbd5917173562f23ec3cd9a9694cd3f1016fdf14751ce84eb20370189617e9c09,11423101.880041,11424930.799625,1828.9195840004832,86513,25000000,,success,1,0,,,8593406
pilot_1790562436815,unblock_N1000_c3,0,2026-09-28T05:37:42.314Z,zkSyncTestnet,300,sepolia.era.zksync.dev,unblock,1000,3,8028,0x044a180945f42320d0d87ee87345541cc679cbf97573d7bb66f212b270745f18,11424543.35375,11426420.334333,1876.9805830009282,86513,25000000,,success,1,0,,,8593407
pilot_1790562436815,unblock_N1000_c3,0,2026-09-28T05:37:42.346Z,zkSyncTestnet,300,sepolia.era.zksync.dev,unblock,1000,3,8029,0x67d6014bb1cb4a34069176e1a307ad7720d74835bef6d8f735aca9bf3bd4a339,11424596.278791,11426452.443583,1856.1647920012474,86513,25000000,,success,1,0,,,8593408
pilot_1790562436815,unblock_N1000_c3,0,2026-09-28T05:37:42.686Z,zkSyncTestnet,300,sepolia.era.zksync.dev,unblock,1000,3,8030,0x28e6710c5ec1e27a679306f906ba5535e6803843865c3fc0fa5fc7a1b6099b5c,11424930.895916,11426792.652791,1861.756875000894,86519,25000000,,success,1,0,,,8593408
pilot_1790562436815,unblock_N1000_c3,0,2026-09-28T05:37:44.152Z,zkSyncTestnet,300,sepolia.era.zksync.dev,unblock,1000,3,8031,0x0f111bee0904cb558f78c82be6d6577276ab3092afa12c927971fd7bc2489788,11426420.421333,11428259.005083,1838.5837500002235,86519,25000000,,success,1,0,,,8593409
pilot_1790562436815,unblock_N1000_c3,0,2026-09-28T05:37:44.189Z,zkSyncTestnet,300,sepolia.era.zksync.dev,unblock,1000,3,8032,0xcd5a180a74369ae321e6c8ed8039b4a8ec9828a5ca632e5e4c9fb767dedde022,11426452.525208,11428295.414625,1842.889417000115,86513,25000000,,success,1,0,,,8593410
pilot_1790562436815,unblock_N1000_c3,0,2026-09-28T05:37:44.522Z,zkSyncTestnet,300,sepolia.era.zksync.dev,unblock,1000,3,8033,0xd2a5257563291fe2f2a5a74fc0ae772ef00f6a965b06779ee6e316337da0d2ba,11426792.726166,11428628.577666,1835.851499998942,86513,25000000,,success,1,0,,,8593410
pilot_1790562436815,unblock_N1000_c3,0,2026-09-28T05:37:46.003Z,zkSyncTestnet,300,sepolia.era.zksync.dev,unblock,1000,3,8034,0xc9954a109563202c564496eb2fecbd51dd35503a46a238d834c43a2cc6444cc4,11428259.079458,11430109.439708,1850.3602499999106,86519,25000000,,success,1,0,,,8593411
pilot_1790562436815,unblock_N1000_c3,0,2026-09-28T05:37:46.329Z,zkSyncTestnet,300,sepolia.era.zksync.dev,unblock,1000,3,8036,0x25041d8f919c6d6f7f682a89d5c69b08aeb1eaa06c718b0923e364b636e891f1,11428628.656541,11430435.764125,1807.1075840014964,86513,25000000,,success,1,0,,,8593412
pilot_1790562436815,unblock_N1000_c3,0,2026-09-28T05:37:46.527Z,zkSyncTestnet,300,sepolia.era.zksync.dev,unblock,1000,3,8035,0xc0ac54d4fbbd6cc3255f93f2461ad191f619032cd715b05ed0bfd5d4ee6a3632,11428295.511916,11430633.345208,2337.8332919999957,86519,25000000,,success,1,0,,,8593412
pilot_1790562436815,unblock_N1000_c3,0,2026-09-28T05:37:47.805Z,zkSyncTestnet,300,sepolia.era.zksync.dev,unblock,1000,3,8037,0x56ddee8b8dba5f583dcb53510c09a9088212cb58d9f679ef513276838e8e373c,11430109.516625,11431911.215833,1801.6992080006748,86513,25000000,,success,1,0,,,8593413
pilot_1790562436815,unblock_N1000_c3,0,2026-09-28T05:37:48.196Z,zkSyncTestnet,300,sepolia.era.zksync.dev,unblock,1000,3,8038,0xd294cbf2985b188dd75c8ca8ee37f87cda9071941b03f338294c51be661098a3,11430435.931166,11432302.181041,1866.2498749997467,86519,25000000,,success,1,0,,,8593414
pilot_1790562436815,unblock_N1000_c3,0,2026-09-28T05:37:49.641Z,zkSyncTestnet,300,sepolia.era.zksync.dev,unblock,1000,3,8039,0x36e43aa58d8ed77d9d38d60a10c4798637aa915ff6b57b4d8057c3429a096473,11430633.433041,11433747.877708,3114.444666998461,86519,25000000,,success,1,0,,,8593415
pilot_1790562436815,unblock_N1000_c3,0,2026-09-28T05:37:49.655Z,zkSyncTestnet,300,sepolia.era.zksync.dev,unblock,1000,3,8040,0x49210ae73c2be57bea61173d6a9da10c8edcc31d517e2266a3c0d92c709071f7,11431911.38575,11433761.903166,1850.5174160003662,86519,25000000,,success,1,0,,,8593416
pilot_1790562436815,unblock_N1000_c3,0,2026-09-28T05:37:50.004Z,zkSyncTestnet,300,sepolia.era.zksync.dev,unblock,1000,3,8041,0x87e257d2404e36754e003e7d28865adb8b8efd9d920fcd469be7d4516c95fa5a,11432302.254208,11434111.098,1808.8437919989228,86519,25000000,,success,1,0,,,8593417
pilot_1790562436815,unblock_N1000_c3,0,2026-09-28T05:37:51.471Z,zkSyncTestnet,300,sepolia.era.zksync.dev,unblock,1000,3,8042,0xcda8c124d13aceed8c2c9cd6b4f750c296b47abcc002797dea6bb105f0cf3810,11433747.945958,11435577.254666,1829.3087080009282,86519,25000000,,success,1,0,,,8593418
pilot_1790562436815,unblock_N1000_c3,0,2026-09-28T05:37:51.535Z,zkSyncTestnet,300,sepolia.era.zksync.dev,unblock,1000,3,8043,0xe3c4eb905511036542d90b502513ae52cd8879b83251b4643ee493da939b8f8c,11433762.004875,11435641.191166,1879.1862909998745,86519,25000000,,success,1,0,,,8593419
pilot_1790562436815,unblock_N1000_c3,0,2026-09-28T05:37:51.855Z,zkSyncTestnet,300,sepolia.era.zksync.dev,unblock,1000,3,8044,0x20caa52b97f31a56a53941a5147be754502fe5ba79cf0bc7435f6dd48265d204,11434111.134833,11435961.432916,1850.298082999885,86513,25000000,,success,1,0,,,8593419
pilot_1790562436815,unblock_N1000_c3,0,2026-09-28T05:37:53.327Z,zkSyncTestnet,300,sepolia.era.zksync.dev,unblock,1000,3,8045,0x8df60f270a1ecb8cc5221ca973137f8f293ca1774bf0d5f00e07aa637d247511,11435577.431,11437433.990625,1856.5596249997616,86519,25000000,,success,1,0,,,8593420
pilot_1790562436815,unblock_N1000_c3,0,2026-09-28T05:37:53.372Z,zkSyncTestnet,300,sepolia.era.zksync.dev,unblock,1000,3,8046,0x187316ce012d4c60ce6f84a2a76632b9e248275f302c209926d9546e23a06fc3,11435641.251583,11437478.294,1837.0424169991165,86513,25000000,,success,1,0,,,8593421
pilot_1790562436815,unblock_N1000_c3,0,2026-09-28T05:37:53.643Z,zkSyncTestnet,300,sepolia.era.zksync.dev,unblock,1000,3,8047,0xd9c5b47aae3560a376edc024b8706ad78501e5af86767136807c000fef1d7898,11435961.595791,11437749.787625,1788.191833999008,86519,25000000,,success,1,0,,,8593421
pilot_1790562436815,unblock_N1000_c3,0,2026-09-28T05:37:55.153Z,zkSyncTestnet,300,sepolia.era.zksync.dev,unblock,1000,3,8048,0xb8376bd17a7bf43e88acb97819b62b22f9dc9592d4da044861cf43e05b3ea002,11437434.147916,11439259.864625,1825.7167089991271,86519,25000000,,success,1,0,,,8593422
pilot_1790562436815,unblock_N1000_c3,0,2026-09-28T05:37:55.216Z,zkSyncTestnet,300,sepolia.era.zksync.dev,unblock,1000,3,8049,0xf0ba9e338f1b47117c27e4afde2946ded25795b10f819eeed7a8c2d0dfe5a2b5,11437478.381916,11439322.27,1843.8880839999765,86519,25000000,,success,1,0,,,8593423
pilot_1790562436815,unblock_N1000_c3,0,2026-09-28T05:37:55.496Z,zkSyncTestnet,300,sepolia.era.zksync.dev,unblock,1000,3,8050,0x043360c71f1a4401de0c8d3d0dc9eab395a3e74361369555efccd35fddb2ae4b,11437749.869375,11439602.72575,1852.8563749995083,86513,25000000,,success,1,0,,,8593423
pilot_1790562436815,unblock_N1000_c3,0,2026-09-28T05:37:57.012Z,zkSyncTestnet,300,sepolia.era.zksync.dev,unblock,1000,3,8051,0x2f756308e886704aac54dd28b65d0a0302787372274553a91319266a6d935ad6,11439259.954875,11441118.60425,1858.6493750009686,86513,25000000,,success,1,0,,,8593424
pilot_1790562436815,unblock_N1000_c3,0,2026-09-28T05:37:57.015Z,zkSyncTestnet,300,sepolia.era.zksync.dev,unblock,1000,3,8052,0x29bea371878101ab72b23fe8e585177ac067162f17692c6807139b94c268eb0b,11439322.36875,11441121.273083,1798.90433299914,86519,25000000,,success,1,0,,,8593425
pilot_1790562436815,unblock_N1000_c3,0,2026-09-28T05:37:57.306Z,zkSyncTestnet,300,sepolia.era.zksync.dev,unblock,1000,3,8053,0x8cfd42562f006429891e184a28b2c0e8c9177cd5a054d7a861de625d1a6d0ae3,11439602.77375,11441412.571333,1809.7975830007344,86513,25000000,,success,1,0,,,8593425
pilot_1790562436815,unblock_N1000_c3,0,2026-09-28T05:37:58.818Z,zkSyncTestnet,300,sepolia.era.zksync.dev,unblock,1000,3,8055,0xf5f85b29055d4afc4b8eb2a287886f2b9f5e28293e574643f89b4ba3716a8512,11441121.292375,11442924.5945,1803.3021249994636,86513,25000000,,success,1,0,,,8593427
pilot_1790562436815,unblock_N1000_c3,0,2026-09-28T05:37:58.853Z,zkSyncTestnet,300,sepolia.era.zksync.dev,unblock,1000,3,8054,0x1d9e5b3e6c1d2b2477c88ac99f686d87b51868f45a6db672b921e64965b2292a,11441118.704166,11442959.174416,1840.4702499993145,86519,25000000,,success,1,0,,,8593426
pilot_1790562436815,unblock_N1000_c3,0,2026-09-28T05:37:59.180Z,zkSyncTestnet,300,sepolia.era.zksync.dev,unblock,1000,3,8056,0x8bab496230226a01b478c41a58318defaeed2507a7200f894b7e4d67bf1e91fe,11441412.629166,11443286.951875,1874.322708999738,86519,25000000,,success,1,0,,,8593427
pilot_1790562436815,unblock_N1000_c3,0,2026-09-28T05:38:00.740Z,zkSyncTestnet,300,sepolia.era.zksync.dev,unblock,1000,3,8058,0x4f13639e6737b92f49f18be51e7ddda39adc8304239a9fc20bab5e740b23e459,11442959.265125,11444846.22725,1886.9621249996126,86513,25000000,,success,1,0,,,8593429
pilot_1790562436815,unblock_N1000_c3,0,2026-09-28T05:38:00.776Z,zkSyncTestnet,300,sepolia.era.zksync.dev,unblock,1000,3,8057,0xa560544c1d496cf1a2b98b924579cc3f7ec4ba24fe13eabf4b9539cc5def64e7,11442924.674083,11444883.112166,1958.4380830004811,86519,25000000,,success,1,0,,,8593428
pilot_1790562436815,unblock_N1000_c3,0,2026-09-28T05:38:01.035Z,zkSyncTestnet,300,sepolia.era.zksync.dev,unblock,1000,3,8059,0xfa40fc684330e6e8296695abce17cb73c231959afe677bfd313d33b90d925e60,11443287.032791,11445141.636541,1854.6037499997765,86513,25000000,,success,1,0,,,8593429
pilot_1790562436815,unblock_N1000_c3,0,2026-09-28T05:38:02.532Z,zkSyncTestnet,300,sepolia.era.zksync.dev,unblock,1000,3,8060,0x1e9c33eba5ef906fea40e6a507398533a6f141014d26eaa2e1a8e67987b00378,11444846.432333,11446638.33025,1791.8979170005769,86513,25000000,,success,1,0,,,8593430
pilot_1790562436815,unblock_N1000_c3,0,2026-09-28T05:38:03.001Z,zkSyncTestnet,300,sepolia.era.zksync.dev,unblock,1000,3,8062,0xfc69433be5b41080cc965a667d0f31653a9d2527bac338a3f6ada686a0cfc916,11445141.760166,11447107.808,1966.047833999619,86519,25000000,,success,1,0,,,8593431
pilot_1790562436815,unblock_N1000_c3,0,2026-09-28T05:38:03.075Z,zkSyncTestnet,300,sepolia.era.zksync.dev,unblock,1000,3,8061,0x27b64c2c87d4c98315f86a50b9358e7d2f1dc03c7fe73a9acfba0f561cdb8619,11444883.316541,11447181.491291,2298.1747500002384,86513,25000000,,success,1,0,,,8593431
pilot_1790562436815,unblock_N1000_c3,0,2026-09-28T05:38:04.365Z,zkSyncTestnet,300,sepolia.era.zksync.dev,unblock,1000,3,8063,0xfcaa61727a15b10a637d5b850824ccaadc7003935206f9b70c1103d9e6f244e4,11446638.42775,11448471.540125,1833.112374998629,86513,25000000,,success,1,0,,,8593432
pilot_1790562436815,unblock_N1000_c3,0,2026-09-28T05:38:04.888Z,zkSyncTestnet,300,sepolia.era.zksync.dev,unblock,1000,3,8064,0xd4ba7a16c74792d82546a11d69a57b1068973e6ed0c844c5c7f7788df7be9995,11447107.88025,11448994.34975,1886.4694999996573,86513,25000000,,success,1,0,,,8593433
pilot_1790562436815,unblock_N1000_c3,0,2026-09-28T05:38:06.149Z,zkSyncTestnet,300,sepolia.era.zksync.dev,unblock,1000,3,8065,0x8f08ceb0397696394ccb181d86d3c60e967cc177b077bbb0146a0802ec865073,11447181.579291,11450256.008083,3074.4287920016795,86513,25000000,,success,1,0,,,8593434
pilot_1790562436815,unblock_N1000_c3,0,2026-09-28T05:38:06.227Z,zkSyncTestnet,300,sepolia.era.zksync.dev,unblock,1000,3,8066,0xb5701559a2fed453285a452d0b2dc377ac973528adc0d9392a72632ca3614503,11448471.635791,11450333.232791,1861.5969999991357,86519,25000000,,success,1,0,,,8593435
pilot_1790562436815,unblock_N1000_c3,0,2026-09-28T05:38:06.706Z,zkSyncTestnet,300,sepolia.era.zksync.dev,unblock,1000,3,8067,0xa5339bebfc3382c03b665310d00b461e6bfd6892c8cdcad63d6c9438d873026e,11448994.431,11450812.864208,1818.4332079999149,86513,25000000,,success,1,0,,,8593436
pilot_1790562436815,unblock_N1000_c3,0,2026-09-28T05:38:07.992Z,zkSyncTestnet,300,sepolia.era.zksync.dev,unblock,1000,3,8068,0x67df6b6ebe59d22c5e7e9c161559566895c7a3c15f8b0aa9bb4833e447f66add,11450256.088125,11452098.586625,1842.4985000006855,86519,25000000,,success,1,0,,,8593437
pilot_1790562436815,unblock_N1000_c3,0,2026-09-28T05:38:08.529Z,zkSyncTestnet,300,sepolia.era.zksync.dev,unblock,1000,3,8070,0x7702e25a9e8e22602af6b077a7e51cc9780b231675855ea423661746abc06fbc,11450812.952958,11452636.062583,1823.109624998644,86519,25000000,,success,1,0,,,8593438
pilot_1790562436815,unblock_N1000_c3,0,2026-09-28T05:38:08.532Z,zkSyncTestnet,300,sepolia.era.zksync.dev,unblock,1000,3,8069,0xeb5203246c9983ab3696d743c13888eae7eca5181766f5ce905386a8c6685ddd,11450333.28075,11452638.373208,2305.092457998544,86519,25000000,,success,1,0,,,8593438
pilot_1790562436815,unblock_N1000_c3,0,2026-09-28T05:38:10.387Z,zkSyncTestnet,300,sepolia.era.zksync.dev,unblock,1000,3,8071,0x282a5832186df1bf8f1e623e389188208028b68296cfe019624aa94e4578d0f5,11452098.66525,11454494.049375,2395.384124999866,86513,25000000,,success,1,0,,,8593439
pilot_1790562436815,unblock_N1000_c3,0,2026-09-28T05:38:11.171Z,zkSyncTestnet,300,sepolia.era.zksync.dev,unblock,1000,3,8072,0x62cf7cd893294d02c04166a806a5fc45538f4614936701fbae561235474cc7da,11452636.165625,11455277.616875,2641.4512499999255,86513,25000000,,success,1,0,,,8593440
pilot_1790562436815,unblock_N1000_c3,0,2026-09-28T05:38:11.895Z,zkSyncTestnet,300,sepolia.era.zksync.dev,unblock,1000,3,8073,0x4ddd265b0b75b224782064ea27db77b6d0fa01973bc96eecf363e68e66af9cdc,11452638.392791,11456001.975458,3363.5826670005918,86519,25000000,,success,1,0,,,8593441
pilot_1790562436815,unblock_N1000_c3,0,2026-09-28T05:38:12.220Z,zkSyncTestnet,300,sepolia.era.zksync.dev,unblock,1000,3,8074,0x8b765debf64d4c1f680e4b3966aeeff751cf34377bbb3463ad89a856f4e4951a,11454494.149791,11456326.826458,1832.6766669992357,86513,25000000,,success,1,0,,,8593442
pilot_1790562436815,unblock_N1000_c3,0,2026-09-28T05:38:13.821Z,zkSyncTestnet,300,sepolia.era.zksync.dev,unblock,1000,3,8075,0xc6771342f10be724df7bba0da3ef7d6a4a0f0b253f84f37ea69db5cfb945b081,11455277.667375,11457927.996666,2650.3292909990996,86513,25000000,,success,1,0,,,8593443
pilot_1790562436815,unblock_N1000_c3,0,2026-09-28T05:38:15.622Z,zkSyncTestnet,300,sepolia.era.zksync.dev,unblock,1000,3,8076,0xf2c540a135ad3f647231f41fb5294f69ab3873ae8b53511bb0cd4b4525658767,11456002.111375,11459728.939833,3726.8284579999745,86513,25000000,,success,1,0,,,8593444
pilot_1790562436815,unblock_N1000_c3,0,2026-09-28T05:38:16.648Z,zkSyncTestnet,300,sepolia.era.zksync.dev,unblock,1000,3,8078,0xc69b43b22858b8ad402e49449c3ee56f9609cf30b97a783dfbe83c674325cf37,11457928.142083,11460754.963041,2826.8209579996765,86513,25000000,,success,1,0,,,8593445
pilot_1790562436815,unblock_N1000_c3,0,2026-09-28T05:38:17.496Z,zkSyncTestnet,300,sepolia.era.zksync.dev,unblock,1000,3,8079,0x8c2e55dd9698954f35f633e3f39f4c592b4b2ec970f1e329e7a8aad30e16ae01,11459728.99275,11461603.2365,1874.2437500003725,86513,25000000,,success,1,0,,,8593446
pilot_1790562436815,unblock_N1000_c3,0,2026-09-28T05:38:18.161Z,zkSyncTestnet,300,sepolia.era.zksync.dev,unblock,1000,3,8077,0xac6e91a354cbe3cea31254df780deb0ed7b3c59eb771314bf3502e10a33b6854,11456326.900666,11462268.159958,5941.259291999042,86519,25000000,,success,1,0,,,8593445
pilot_1790562436815,unblock_N1000_c3,0,2026-09-28T05:38:19.267Z,zkSyncTestnet,300,sepolia.era.zksync.dev,unblock,1000,3,8080,0x3d048759dc06cf191c60cf633f8fd06c7dc4136ee06e322b16b7651ec465a020,11460755.151125,11463373.757791,2618.6066659986973,86513,25000000,,success,1,0,,,8593447
pilot_1790562436815,unblock_N1000_c3,0,2026-09-28T05:38:20.094Z,zkSyncTestnet,300,sepolia.era.zksync.dev,unblock,1000,3,8082,0x591fc40186458c79f3a117e4ed149a0404a274d0cd2b70fbe1dee3021c925616,11462268.307416,11464200.744333,1932.4369170013815,86519,25000000,,success,1,0,,,8593448
pilot_1790562436815,unblock_N1000_c3,0,2026-09-28T05:38:21.121Z,zkSyncTestnet,300,sepolia.era.zksync.dev,unblock,1000,3,8083,0x355f8485dbbeb830e08e8bdca021c48d26703fef2b563107d335764a088d77f3,11463373.846916,11465228.08475,1854.23783400096,86513,25000000,,success,1,0,,,8593449
pilot_1790562436815,unblock_N1000_c3,0,2026-09-28T05:38:21.459Z,zkSyncTestnet,300,sepolia.era.zksync.dev,unblock,1000,3,8081,0x5fcb14f72a5e1fe3cff176c48080e4cf5a484e7bab5995626c59651ae507058b,11461603.335083,11465566.030291,3962.695208000019,86519,25000000,,success,1,0,,,8593448
pilot_1790562436815,unblock_N1000_c3,0,2026-09-28T05:38:22.927Z,zkSyncTestnet,300,sepolia.era.zksync.dev,unblock,1000,3,8084,0xefbfe5bec878c16569a65702b820cf8b1b2c521f41ab35940f3baa676f01c254,11464200.818333,11467034.025375,2833.207041999325,86513,25000000,,success,1,0,,,8593450
pilot_1790562436815,unblock_N1000_c3,0,2026-09-28T05:38:22.951Z,zkSyncTestnet,300,sepolia.era.zksync.dev,unblock,1000,3,8085,0xcc6747f26f2e14013aa56a5ce8909a16a20a60361a72543f4402b38a726a08b6,11465228.330791,11467057.763083,1829.4322919994593,86513,25000000,,success,1,0,,,8593451
pilot_1790562436815,unblock_N1000_c3,0,2026-09-28T05:38:23.301Z,zkSyncTestnet,300,sepolia.era.zksync.dev,unblock,1000,3,8086,0x22def97079acb5d49f2fb7e82df39e3c5a0f9cbd360ac7d44986f3994e9b8411,11465566.107083,11467407.831791,1841.724708000198,86519,25000000,,success,1,0,,,8593451
pilot_1790562436815,unblock_N1000_c3,0,2026-09-28T05:38:24.875Z,zkSyncTestnet,300,sepolia.era.zksync.dev,unblock,1000,3,8087,0x9495b7f53ce7d49f7923f94433f6d19fc2832953f56bb322220f10da11675c1b,11467034.098583,11468981.812083,1947.7135000005364,86519,25000000,,success,1,0,,,8593452
pilot_1790562436815,unblock_N1000_c3,0,2026-09-28T05:38:26.706Z,zkSyncTestnet,300,sepolia.era.zksync.dev,unblock,1000,3,8090,0xcdc6a1e07f973def4179a69c5e0489abbd467e4bcfb3bd318ac84148565ec675,11468981.891125,11470813.269083,1831.377958001569,86519,25000000,,success,1,0,,,8593454
pilot_1790562436815,unblock_N1000_c3,0,2026-09-28T05:38:27.390Z,zkSyncTestnet,300,sepolia.era.zksync.dev,unblock,1000,3,8088,0x01667b8ef3d8f5595f1d5b26d5b39141b0d192221a36ae0840992daa82686704,11467057.785791,11471496.528458,4438.742666998878,86513,25000000,,success,1,0,,,8593454
pilot_1790562436815,unblock_N1000_c3,0,2026-09-28T05:38:27.960Z,zkSyncTestnet,300,sepolia.era.zksync.dev,unblock,1000,3,8089,0x6dc5d9bf9dca15a0616ea816ab737429df6a71cb31cf67dbdb99b57fcf0c2ff3,11467407.885833,11472067.217083,4659.331249998882,86519,25000000,,success,1,0,,,8593454
pilot_1790562436815,unblock_N1000_c3,0,2026-09-28T05:38:29.364Z,zkSyncTestnet,300,sepolia.era.zksync.dev,unblock,1000,3,8091,0xec513d0c48ad34d8418fc04c28f46cb1967e7d593c8c9a820eb803dc46259dc0,11470813.351041,11473471.294541,2657.943499999121,86519,25000000,,success,1,0,,,8593455
pilot_1790562436815,unblock_N1000_c3,0,2026-09-28T05:38:29.490Z,zkSyncTestnet,300,sepolia.era.zksync.dev,unblock,1000,3,8092,0xd0c5e54c6e2403f8ccab2d00155b219de7f1914157583b8c82a7c8102d8bad1b,11471496.652625,11473597.026291,2100.373665999621,86519,25000000,,success,1,0,,,8593456
pilot_1790562436815,unblock_N1000_c3,0,2026-09-28T05:38:29.792Z,zkSyncTestnet,300,sepolia.era.zksync.dev,unblock,1000,3,8093,0x650dec7707a57f79d33cb332d4242da107d00ea3d31694d4ec05594e9effd633,11472067.295416,11473899.275458,1831.9800420012325,86519,25000000,,success,1,0,,,8593456
pilot_1790562436815,unblock_N1000_c3,0,2026-09-28T05:38:31.179Z,zkSyncTestnet,300,sepolia.era.zksync.dev,unblock,1000,3,8094,0xfbf49a77ea59b880cf6174bf6ce87a55ed8f34498da478dfa3b684560969e96c,11473471.3885,11475285.754958,1814.3664580006152,86513,25000000,,success,1,0,,,8593457
pilot_1790562436815,unblock_N1000_c3,0,2026-09-28T05:38:31.347Z,zkSyncTestnet,300,sepolia.era.zksync.dev,unblock,1000,3,8095,0x69d8a4a59227b394f204d918b779a5145903733fab381dc65088d807aa6c31bf,11473597.066333,11475454.111166,1857.0448330007493,86513,25000000,,success,1,0,,,8593458
pilot_1790562436815,unblock_N1000_c3,0,2026-09-28T05:38:32.390Z,zkSyncTestnet,300,sepolia.era.zksync.dev,unblock,1000,3,8096,0x8877f75ba3ab09f88001360bd3ae25b2596e9f48e34a5055ebc856b3a006f822,11473899.331583,11476496.441958,2597.110375000164,86519,25000000,,success,1,0,,,8593459
pilot_1790562436815,unblock_N1000_c3,0,2026-09-28T05:38:34.228Z,zkSyncTestnet,300,sepolia.era.zksync.dev,unblock,1000,3,8098,0x850169ac296be0b95b0223eefabb0b9c211e58fb624332e793b9eff8b9b6a5df,11475454.233333,11478334.529625,2880.296291999519,86519,25000000,,success,1,0,,,8593460
pilot_1790562436815,unblock_N1000_c3,0,2026-09-28T05:38:34.299Z,zkSyncTestnet,300,sepolia.era.zksync.dev,unblock,1000,3,8099,0x2eab4672b2107c3e13dbe02cfe8174b717dcee92cab9b99e7fca1e7be31c6170,11476496.605791,11478405.656125,1909.0503339990973,86513,25000000,,success,1,0,,,8593460
pilot_1790562436815,unblock_N1000_c3,0,2026-09-28T05:38:34.463Z,zkSyncTestnet,300,sepolia.era.zksync.dev,unblock,1000,3,8097,0xf662521244271901160dd6a23e6325b3d6bdbbcb6317477c4d25ad3a88178e46,11475285.836166,11478570.239791,3284.403625000268,86513,25000000,,success,1,0,,,8593460
pilot_1790562436815,unblock_N1000_c3,0,2026-09-28T05:38:36.074Z,zkSyncTestnet,300,sepolia.era.zksync.dev,unblock,1000,3,8100,0x7550ba33adc865b49c4c9bc3b290150c293f2740a6b86787a0e81f2bf4e033b6,11478334.671125,11480180.9955,1846.324374999851,86519,25000000,,success,1,0,,,8593461
pilot_1790562436815,unblock_N1000_c3,0,2026-09-28T05:38:36.984Z,zkSyncTestnet,300,sepolia.era.zksync.dev,unblock,1000,3,8101,0xfc74dee0d5f61af5e4db6beb37575cc1190ef11dc5c6f6c0fa7b29f846abef51,11478405.74775,11481091.233375,2685.4856250006706,86513,25000000,,success,1,0,,,8593462
pilot_1790562436815,unblock_N1000_c3,0,2026-09-28T05:38:38.399Z,zkSyncTestnet,300,sepolia.era.zksync.dev,unblock,1000,3,8102,0xc6d95a14f025e798fe557b4d18c50f7197a73e29fec4df616f5819be063bf290,11478570.283083,11482506.067166,3935.7840830013156,86513,25000000,,success,1,0,,,8593463
pilot_1790562436815,unblock_N1000_c3,0,2026-09-28T05:38:39.476Z,zkSyncTestnet,300,sepolia.era.zksync.dev,unblock,1000,3,8104,0x250f863e8a6094a4a172c164c5a68ea7b7aba1c1f25548f8da6234b58c165e84,11481091.299708,11483583.02275,2491.723042000085,86519,25000000,,success,1,0,,,8593465
pilot_1790562436815,unblock_N1000_c3,0,2026-09-28T05:38:39.974Z,zkSyncTestnet,300,sepolia.era.zksync.dev,unblock,1000,3,8103,0x138790002a6fe46e81aec7945956d7678f37056f15de538a08855d95c77b4768,11480181.098708,11484081.260083,3900.1613749992102,86519,25000000,,success,1,0,,,8593465
pilot_1790562436815,unblock_N1000_c3,0,2026-09-28T05:38:42.350Z,zkSyncTestnet,300,sepolia.era.zksync.dev,unblock,1000,3,8105,0xd25d69994589be84e310d73611505f256287f767a0a649512e106aa40ac87d13,11482506.113708,11486456.924083,3950.810374999419,86519,25000000,,success,1,0,,,8593466
pilot_1790562436815,unblock_N1000_c3,0,2026-09-28T05:38:42.593Z,zkSyncTestnet,300,sepolia.era.zksync.dev,unblock,1000,3,8106,0xd2e036820659b1d0d1942c3162e75e9088c590199cacaa4dd73bd6e75d2c9767,11483583.101375,11486699.679625,3116.5782500002533,86513,25000000,,success,1,0,,,8593466
pilot_1790562436815,unblock_N1000_c3,0,2026-09-28T05:38:44.218Z,zkSyncTestnet,300,sepolia.era.zksync.dev,unblock,1000,3,8107,0xfe4b6ce013b909a5d6b6e1e28ab4b824c6bee38af360b910b6f63f8a19b11745,11484081.314,11488324.663875,4243.349875001237,86513,25000000,,success,1,0,,,8593467
pilot_1790562436815,unblock_N1000_c3,0,2026-09-28T05:38:44.237Z,zkSyncTestnet,300,sepolia.era.zksync.dev,unblock,1000,3,8108,0x26a0165f151e446092b3f90fa9374842802abdd5648a4ee97b49b56caa06da7f,11486457.087,11488343.698541,1886.6115410011262,86513,25000000,,success,1,0,,,8593468
pilot_1790562436815,unblock_N1000_c3,0,2026-09-28T05:38:45.023Z,zkSyncTestnet,300,sepolia.era.zksync.dev,unblock,1000,3,8109,0x93cfdf1801dbdc87eb1ef40c5a398b8afe920a4092d010b640d0facd66d3f8bb,11486699.720791,11489129.802875,2430.082083998248,86513,25000000,,success,1,0,,,8593469
pilot_1790562436815,unblock_N1000_c3,0,2026-09-28T05:38:46.789Z,zkSyncTestnet,300,sepolia.era.zksync.dev,unblock,1000,3,8110,0xd4c8c901ef5c9ce7f63a4ec5cd087f3b249b60eef75c30840cc70853d7f6284e,11488324.762375,11490896.350583,2571.5882079992443,86519,25000000,,success,1,0,,,8593470
pilot_1790562436815,unblock_N1000_c3,0,2026-09-28T05:38:46.879Z,zkSyncTestnet,300,sepolia.era.zksync.dev,unblock,1000,3,8112,0xcf5813428593808ce8f79988f322b46f4d51a402576c97117b7b0e363b6bac6c,11489129.895583,11490986.161166,1856.2655829992145,86519,25000000,,success,1,0,,,8593470
pilot_1790562436815,unblock_N1000_c3,0,2026-09-28T05:38:47.582Z,zkSyncTestnet,300,sepolia.era.zksync.dev,unblock,1000,3,8111,0x0dcaaaef3c399a55367b9ca480610a4badc4de39150d132b1d10ce7f75997416,11488343.797666,11491689.157833,3345.3601670004427,86513,25000000,,success,1,0,,,8593470
pilot_1790562436815,unblock_N1000_c3,0,2026-09-28T05:38:49.938Z,zkSyncTestnet,300,sepolia.era.zksync.dev,unblock,1000,3,8113,0xdb819b19e4c479cfc00be9decbe688c5ec1b3352093e73798b9c6bd08f2f3db7,11490896.423166,11494044.894208,3148.4710419997573,86519,25000000,,success,1,0,,,8593471
pilot_1790562436815,unblock_N1000_c3,0,2026-09-28T05:38:49.994Z,zkSyncTestnet,300,sepolia.era.zksync.dev,unblock,1000,3,8114,0x6a64986772dbf8d9efbdb4581d94a2eb295ea295072792b9db89eecfc2dfbb38,11490986.212166,11494101.421083,3115.2089169993997,86513,25000000,,success,1,0,,,8593472
pilot_1790562436815,unblock_N1000_c3,0,2026-09-28T05:38:51.511Z,zkSyncTestnet,300,sepolia.era.zksync.dev,unblock,1000,3,8115,0x650d1370edc97c3624ecce9607b4fedf2dbf9b97bcb1769948795b0704d27d45,11491689.259041,11495618.169208,3928.910166999325,86513,25000000,,success,1,0,,,8593473
pilot_1790562436815,unblock_N1000_c3,0,2026-09-28T05:38:52.901Z,zkSyncTestnet,300,sepolia.era.zksync.dev,unblock,1000,3,8116,0x98e871e57d2e61e87b373f1630a2f016d9a33bf0bd7cb052dc4f92eb4404240b,11494044.976083,11497008.109791,2963.133708000183,86519,25000000,,success,1,0,,,8593474
pilot_1790562436815,unblock_N1000_c3,0,2026-09-28T05:38:53.310Z,zkSyncTestnet,300,sepolia.era.zksync.dev,unblock,1000,3,8117,0x912d5507722dd67b60b8aaf628931a061e23aa0f81969b19cfb60c00ea30634d,11494101.444791,11497417.019791,3315.574999999255,86513,25000000,,success,1,0,,,8593475
pilot_1790562436815,unblock_N1000_c3,0,2026-09-28T05:38:53.607Z,zkSyncTestnet,300,sepolia.era.zksync.dev,unblock,1000,3,8118,0xaf9cca6ae3a44491423dea0965d866e2bf1e1185d58110d8f63ffa9f1ca88e27,11495618.242208,11497713.718541,2095.476332999766,86513,25000000,,success,1,0,,,8593476
pilot_1790562436815,unblock_N1000_c3,0,2026-09-28T05:38:54.743Z,zkSyncTestnet,300,sepolia.era.zksync.dev,unblock,1000,3,8119,0xd3ff37b9f557e3d649f9685122cc24ba5438981a20698e38504f9d95d744a46f,11497008.172041,11498849.598208,1841.4261670000851,86513,25000000,,success,1,0,,,8593477
pilot_1790562436815,unblock_N1000_c3,0,2026-09-28T05:38:55.296Z,zkSyncTestnet,300,sepolia.era.zksync.dev,unblock,1000,3,8120,0xd96e074f23dd9c6623545c69311b2db0c139d91b60a66ae628831ee0c6db9c1a,11497417.135916,11499403.394791,1986.2588749993593,86513,25000000,,success,1,0,,,8593478
pilot_1790562436815,unblock_N1000_c3,0,2026-09-28T05:38:55.527Z,zkSyncTestnet,300,sepolia.era.zksync.dev,unblock,1000,3,8121,0x42f1ec9b4f6279323a0fc1706b20fc22b574a4c2a7f8614214cb0ddd09e7aad4,11497713.79225,11499633.944375,1920.1521250009537,86519,25000000,,success,1,0,,,8593479
pilot_1790562436815,unblock_N1000_c3,0,2026-09-28T05:38:58.108Z,zkSyncTestnet,300,sepolia.era.zksync.dev,unblock,1000,3,8122,0x7923be82f01fab90561e4bbff5280e87ff1a069f40db93c3172807c56619ce4d,11498849.69875,11502215.125541,3365.4267909992486,86513,25000000,,success,1,0,,,8593480
pilot_1790562436815,unblock_N1000_c3,0,2026-09-28T05:38:59.154Z,zkSyncTestnet,300,sepolia.era.zksync.dev,unblock,1000,3,8124,0xa96a07459a2c2dc063a8f68f768aa00afc6d70e1ce3a79de4dcad1a4a9c64942,11499634.035583,11503261.041541,3627.005958000198,86513,25000000,,success,1,0,,,8593481
pilot_1790562436815,unblock_N1000_c3,0,2026-09-28T05:38:59.381Z,zkSyncTestnet,300,sepolia.era.zksync.dev,unblock,1000,3,8123,0xfa4d46ac77285b42220e9562dee77d8ea8cf1430236d9e20f76f56ae32f5e1a2,11499403.484208,11503487.837958,4084.3537499997765,86513,25000000,,success,1,0,,,8593481
pilot_1790562436815,unblock_N1000_c3,0,2026-09-28T05:39:01.539Z,zkSyncTestnet,300,sepolia.era.zksync.dev,unblock,1000,3,8125,0xbb34f85367f811d5afd88f162c08bbd886b5d17b4905a4eac9fb3496d6988be7,11502215.296791,11505646.30075,3431.0039590001106,86519,25000000,,success,1,0,,,8593482
pilot_1790562436815,unblock_N1000_c3,0,2026-09-28T05:39:01.899Z,zkSyncTestnet,300,sepolia.era.zksync.dev,unblock,1000,3,8126,0x4a50c300783bd7fc278accb2af7aa4123cd044fb1955d9e66f6a08867dee7ace,11503261.22475,11506006.133,2744.908250000328,86513,25000000,,success,1,0,,,8593483
pilot_1790562436815,unblock_N1000_c3,0,2026-09-28T05:39:03.334Z,zkSyncTestnet,300,sepolia.era.zksync.dev,unblock,1000,3,8127,0xe1327b2eb3003b565f8c93efaace3a00109f554dc096aed950cc99d41f6078f7,11503487.927583,11507440.953041,3953.0254580006003,86519,25000000,,success,1,0,,,8593484
pilot_1790562436815,unblock_N1000_c3,0,2026-09-28T05:39:04.615Z,zkSyncTestnet,300,sepolia.era.zksync.dev,unblock,1000,3,8128,0x7cee7aaeb86522e3bc5442530c60e0d882044a583c775ff44ae150ea66730ebe,11505646.389625,11508722.447458,3076.0578330010176,86513,25000000,,success,1,0,,,8593485
pilot_1790562436815,unblock_N1000_c3,0,2026-09-28T05:39:05.223Z,zkSyncTestnet,300,sepolia.era.zksync.dev,unblock,1000,3,8130,0xb1ba37a143898fb6c73a5cc26e7cee569af05c1e9b99b0cb9c987c53da91466d,11507441.032083,11509330.179666,1889.147583000362,86519,25000000,,success,1,0,,,8593486
pilot_1790562436815,unblock_N1000_c3,0,2026-09-28T05:39:06.555Z,zkSyncTestnet,300,sepolia.era.zksync.dev,unblock,1000,3,8129,0x1b75b83c1b12de44bc7048ee176f2a438fa2b2c4b67afa608a2dc9d69b8cf049,11506006.216791,11510661.933791,4655.717000000179,86513,25000000,,success,1,0,,,8593486
pilot_1790562436815,unblock_N1000_c3,0,2026-09-28T05:39:07.077Z,zkSyncTestnet,300,sepolia.era.zksync.dev,unblock,1000,3,8131,0x89c09dd8393bde7c80857dbd5268d186ce67539bff87f94df547ae228647c5d3,11508722.525125,11511184.282083,2461.7569579984993,86513,25000000,,success,1,0,,,8593487
pilot_1790562436815,unblock_N1000_c3,0,2026-09-28T05:39:08.553Z,zkSyncTestnet,300,sepolia.era.zksync.dev,unblock,1000,3,8132,0xd9428797b81fac5da13aad90636f64707d407cdce6eff71bf570838ea3161ed9,11509330.250041,11512660.111791,3329.861749999225,86513,25000000,,success,1,0,,,8593488
pilot_1790562436815,unblock_N1000_c3,0,2026-09-28T05:39:09.209Z,zkSyncTestnet,300,sepolia.era.zksync.dev,unblock,1000,3,8133,0x398445096dcffac3d53c9111cadd9b2b429171e576713d4caa83ec441305d02e,11510662.1045,11513315.919125,2653.814625000581,86513,25000000,,success,1,0,,,8593489
pilot_1790562436815,unblock_N1000_c3,0,2026-09-28T05:39:10.213Z,zkSyncTestnet,300,sepolia.era.zksync.dev,unblock,1000,3,8134,0xc92109f8c7fda460a831b1d3e533b0c0dc4bf842b253ba02a20a6471d52c96fb,11511184.449875,11514319.761625,3135.31174999848,86513,25000000,,success,1,0,,,8593490
pilot_1790562436815,unblock_N1000_c3,0,2026-09-28T05:39:10.382Z,zkSyncTestnet,300,sepolia.era.zksync.dev,unblock,1000,3,8135,0xe0d2ba2b0fa3d16bea4a8b4ecd54062c215ffe4dfa4ae12e7f238617152f4dbd,11512660.211375,11514489.417083,1829.205708000809,86513,25000000,,success,1,0,,,8593490
pilot_1790562436815,unblock_N1000_c3,0,2026-09-28T05:39:11.785Z,zkSyncTestnet,300,sepolia.era.zksync.dev,unblock,1000,3,8136,0x3752ca0accc4a01841fb23dab4a8b1fffeb9352660056daf28589d03b763bd16,11513315.992791,11515891.910625,2575.9178339987993,86513,25000000,,success,1,0,,,8593491
pilot_1790562436815,unblock_N1000_c3,0,2026-09-28T05:39:13.366Z,zkSyncTestnet,300,sepolia.era.zksync.dev,unblock,1000,3,8137,0x43eadfb2b6d912412323ebf784c3926a1098382bc0841ead78035f5ea04971b4,11514319.835083,11517473.030833,3153.1957499999553,86519,25000000,,success,1,0,,,8593492
pilot_1790562436815,unblock_N1000_c3,0,2026-09-28T05:39:14.052Z,zkSyncTestnet,300,sepolia.era.zksync.dev,unblock,1000,3,8138,0x6fee2226535814b80d05b7b46dbb20f96c53a145da6f61b6f5d97756b4f8ef04,11514489.504333,11518159.094375,3669.590041998774,86513,25000000,,success,1,0,,,8593493
pilot_1790562436815,unblock_N1000_c3,0,2026-09-28T05:39:14.872Z,zkSyncTestnet,300,sepolia.era.zksync.dev,unblock,1000,3,8139,0x3f47cf3c10edc843aae63b93e05bd02eac0d1f834615c74f5b9db81717415b74,11515892.003958,11518978.596416,3086.5924580004066,86513,25000000,,success,1,0,,,8593494
pilot_1790562436815,unblock_N1000_c3,0,2026-09-28T05:39:17.857Z,zkSyncTestnet,300,sepolia.era.zksync.dev,unblock,1000,3,8140,0x5c27bc990a3eb088c304af53c31428fc48e682e41666a55535bb692b5fb09ac3,11517473.107041,11521963.802791,4490.695749999955,86513,25000000,,success,1,0,,,8593495
pilot_1790562436815,unblock_N1000_c3,0,2026-09-28T05:39:19.341Z,zkSyncTestnet,300,sepolia.era.zksync.dev,unblock,1000,3,8141,0x56c4f87a8982a9777d184555dc8548f08b7f004dea935b79b5b1ed9ac6eaca3c,11518159.168875,11523447.802,5288.633124999702,86519,25000000,,success,1,0,,,8593496
pilot_1790562436815,unblock_N1000_c3,0,2026-09-28T05:39:19.589Z,zkSyncTestnet,300,sepolia.era.zksync.dev,unblock,1000,3,8142,0xad062b629b26b27df222e12d3aa85919ac89163e96b60fb14743d066c9f915fc,11518978.766375,11523696.308541,4717.542166000232,86513,25000000,,success,1,0,,,8593497
pilot_1790562436815,unblock_N1000_c3,0,2026-09-28T05:39:20.698Z,zkSyncTestnet,300,sepolia.era.zksync.dev,unblock,1000,3,8143,0x1f8a6b9f18ac9f7795f3b8505d109bba970bcf95ef6778cf30c76fe9c6dc5be1,11521963.894666,11524804.728625,2840.833959000185,86519,25000000,,success,1,0,,,8593498
pilot_1790562436815,unblock_N1000_c3,0,2026-09-28T05:39:21.162Z,zkSyncTestnet,300,sepolia.era.zksync.dev,unblock,1000,3,8144,0xd7f7bc7ef493cad53d9bc2d0ab0107ddb94ee95f62b5dcf0e9d3937bd0d7cc79,11523447.956875,11525268.922625,1820.9657499995083,86519,25000000,,success,1,0,,,8593499
pilot_1790562436815,unblock_N1000_c3,0,2026-09-28T05:39:21.398Z,zkSyncTestnet,300,sepolia.era.zksync.dev,unblock,1000,3,8145,0x24765e952f6aa46682a45fc5198408ad18d6af7b176d5819e9c50777e2edd27d,11523696.466333,11525505.577625,1809.11129200086,86513,25000000,,success,1,0,,,8593500
pilot_1790562436815,unblock_N1000_c3,0,2026-09-28T05:39:22.984Z,zkSyncTestnet,300,sepolia.era.zksync.dev,unblock,1000,3,8147,0x3a9a7ecb45935db6cd3ed8da9747b61c99b87af1bcd301fe441cdc0f5596f533,11525269.019291,11527090.946583,1821.9272919986397,86513,25000000,,success,1,0,,,8593501
pilot_1790562436815,unblock_N1000_c3,0,2026-09-28T05:39:23.039Z,zkSyncTestnet,300,sepolia.era.zksync.dev,unblock,1000,3,8146,0x1329b843319c5e846fe3f5c832a51dde9b601752aa401f9e3d8129c23569016f,11524804.819583,11527145.911375,2341.091791998595,86519,25000000,,success,1,0,,,8593501
pilot_1790562436815,unblock_N1000_c3,0,2026-09-28T05:39:23.329Z,zkSyncTestnet,300,sepolia.era.zksync.dev,unblock,1000,3,8148,0x58ce181675fde927286c0bf1550d3a3639fd5a0abb7df22aea9e1532d6b22d1a,11525505.622375,11527435.931916,1930.3095410000533,86513,25000000,,success,1,0,,,8593502
pilot_1790562436815,unblock_N1000_c3,0,2026-09-28T05:39:24.919Z,zkSyncTestnet,300,sepolia.era.zksync.dev,unblock,1000,3,8149,0xae837ea28b0d7d471c8839aa2d2803aab61cb65bcf17cf81407bbf4e7809ad23,11527091.026041,11529025.897541,1934.8715000003576,86513,25000000,,success,1,0,,,8593503
pilot_1790562436815,unblock_N1000_c3,0,2026-09-28T05:39:26.634Z,zkSyncTestnet,300,sepolia.era.zksync.dev,unblock,1000,3,8151,0xffaa378c0309c304e02fd154d9a657d269b7c5b15765a6263976c7e2e7cc90de,11527436.126208,11530740.941875,3304.815666999668,86513,25000000,,success,1,0,,,8593504
pilot_1790562436815,unblock_N1000_c3,0,2026-09-28T05:39:27.157Z,zkSyncTestnet,300,sepolia.era.zksync.dev,unblock,1000,3,8150,0xe71c3a1072007eef11bbf3003259ae04e16934659ed08372186d14fc62b69c25,11527145.939125,11531264.597583,4118.658458000049,86519,25000000,,success,1,0,,,8593504
pilot_1790562436815,unblock_N1000_c3,0,2026-09-28T05:39:28.990Z,zkSyncTestnet,300,sepolia.era.zksync.dev,unblock,1000,3,8152,0x9a04cdd2e87221848829c284cd479a52a0de385782d8484f4fe736ad47ecee57,11529026.087416,11533096.725,4070.6375839989632,86519,25000000,,success,1,0,,,8593505
pilot_1790562436815,unblock_N1000_c3,0,2026-09-28T05:39:29.338Z,zkSyncTestnet,300,sepolia.era.zksync.dev,unblock,1000,3,8153,0xa4ca33fadd375a2ec8514069ce18310f90e367198f8935fdf333facbb9c45c34,11530741.019625,11533445.213,2704.1933749988675,86513,25000000,,success,1,0,,,8593505
pilot_1790562436815,unblock_N1000_c3,0,2026-09-28T05:39:29.344Z,zkSyncTestnet,300,sepolia.era.zksync.dev,unblock,1000,3,8154,0x05d89d6fd9f0a3746d20ea748c20da5e7c7827286fb295276095df37a4ede025,11531264.645916,11533450.839791,2186.193874999881,86519,25000000,,success,1,0,,,8593506
pilot_1790562436815,unblock_N1000_c3,0,2026-09-28T05:39:33.255Z,zkSyncTestnet,300,sepolia.era.zksync.dev,unblock,1000,3,8155,0x7e83945799b2da271995b0a9b70b2f171fbebb1f3dd999ad2aca2142731cb549,11533096.920333,11537362.40875,4265.4884169995785,86513,25000000,,success,1,0,,,8593508
pilot_1790562436815,unblock_N1000_c3,0,2026-09-28T05:39:33.699Z,zkSyncTestnet,300,sepolia.era.zksync.dev,unblock,1000,3,8157,0x386bdacaef752b140ac5b16870bb12d76891c7174d4652bf165dcbb71ddba2e9,11533450.875125,11537806.265958,4355.390832999721,86513,25000000,,success,1,0,,,8593509
pilot_1790562436815,unblock_N1000_c3,0,2026-09-28T05:39:34.497Z,zkSyncTestnet,300,sepolia.era.zksync.dev,unblock,1000,3,8156,0x00941f7bc54a246bd91b712d580169fb65fb57441f20dcc77f3eb60c97f231c4,11533445.39875,11538604.35725,5158.958499999717,86519,25000000,,success,1,0,,,8593509
pilot_1790562436815,unblock_N1000_c3,0,2026-09-28T05:39:35.850Z,zkSyncTestnet,300,sepolia.era.zksync.dev,unblock,1000,3,8158,0xb914f592f5c729f4ee1839795bd7e8d7d1f22b2750b446b7cc0ae3d854e53418,11537362.492333,11539957.409166,2594.9168330002576,86519,25000000,,success,1,0,,,8593510
pilot_1790562436815,unblock_N1000_c3,0,2026-09-28T05:39:37.123Z,zkSyncTestnet,300,sepolia.era.zksync.dev,unblock,1000,3,8160,0x38b8fac8ca64eadcc1d500465c2ee1e97d3dac356177708705b516f662f122e6,11538604.437208,11541229.742208,2625.304999999702,86519,25000000,,success,1,0,,,8593512
pilot_1790562436815,unblock_N1000_c3,0,2026-09-28T05:39:37.125Z,zkSyncTestnet,300,sepolia.era.zksync.dev,unblock,1000,3,8159,0x5a0cf713cddea99bc4c9e4cb2fe243412413b6e9209653da8b2e392152a89fdb,11537806.437166,11541231.743333,3425.3061670009047,86513,25000000,,success,1,0,,,8593511
pilot_1790562436815,unblock_N1000_c3,0,2026-09-28T05:39:37.880Z,zkSyncTestnet,300,sepolia.era.zksync.dev,unblock,1000,3,8161,0xd093df2818662c5f542d3a8746959879ae4e5eb897dbca0dbf36e3585fa59b99,11539957.491916,11541987.551916,2030.059999998659,86513,25000000,,success,1,0,,,8593513
pilot_1790562436815,unblock_N1000_c3,0,2026-09-28T05:39:39.740Z,zkSyncTestnet,300,sepolia.era.zksync.dev,unblock,1000,3,8164,0xa1311cfc662ee926db3903c136f421c4ea4b9f8a0f276c54a627cd3d3c321eba,11541987.732,11543847.611708,1859.8797079995275,86513,25000000,,success,1,0,,,8593514
pilot_1790562436815,unblock_N1000_c3,0,2026-09-28T05:39:39.752Z,zkSyncTestnet,300,sepolia.era.zksync.dev,unblock,1000,3,8162,0x521447a1bb39d3cdeac434de3eac8ecd9a3f8d48e1508d862508da1806f77318,11541229.846958,11543858.903666,2629.0567080006003,86519,25000000,,success,1,0,,,8593514
pilot_1790562436815,unblock_N1000_c3,0,2026-09-28T05:39:40.545Z,zkSyncTestnet,300,sepolia.era.zksync.dev,unblock,1000,3,8163,0xb1e8eeb2d17525a152b2ee28c05101d373aac1e5688e795995613d797e46810e,11541231.755125,11544652.4115,3420.6563750002533,86513,25000000,,success,1,0,,,8593514
pilot_1790562436815,unblock_N1000_c3,0,2026-09-28T05:39:41.630Z,zkSyncTestnet,300,sepolia.era.zksync.dev,unblock,1000,3,8165,0xfaa0681c368fd62d6ad7ac5fba17621eb9c951e6acfc9df36a0f80a391f287cb,11543847.894458,11545737.397708,1889.5032500009984,86513,25000000,,success,1,0,,,8593515
pilot_1790562436815,unblock_N1000_c3,0,2026-09-28T05:39:42.359Z,zkSyncTestnet,300,sepolia.era.zksync.dev,unblock,1000,3,8166,0x493b7e9738b8298fe2151220a278c855f4659db530175a671b65d9b996ca6cbc,11543858.937708,11546465.904,2606.9662919994444,86513,25000000,,success,1,0,,,8593516
pilot_1790562436815,unblock_N1000_c3,0,2026-09-28T05:39:44.189Z,zkSyncTestnet,300,sepolia.era.zksync.dev,unblock,1000,3,8167,0xc0dc16e0faab9d48b02a1a055fe850a7947734890243715439541fe09cc34236,11544652.5705,11548295.819583,3643.2490830011666,86519,25000000,,success,1,0,,,8593517
pilot_1790562436815,unblock_N1000_c3,0,2026-09-28T05:39:45.509Z,zkSyncTestnet,300,sepolia.era.zksync.dev,unblock,1000,3,8168,0xe60e616699ab0a79a055ad469f9175d4aec4f685e9c23737baeea96213f1dbfd,11545737.582791,11549615.88475,3878.301958998665,86519,25000000,,success,1,0,,,8593518
pilot_1790562436815,unblock_N1000_c3,0,2026-09-28T05:39:46.229Z,zkSyncTestnet,300,sepolia.era.zksync.dev,unblock,1000,3,8169,0x9264b591a987b5fc566ad62abec7d19985aec1ad6375315506f2cb39a99d36de,11546465.945041,11550335.735,3869.789958998561,86519,25000000,,success,1,0,,,8593519
pilot_1790562436815,unblock_N1000_c3,0,2026-09-28T05:39:47.621Z,zkSyncTestnet,300,sepolia.era.zksync.dev,unblock,1000,3,8170,0xcc4e2ae1385fd048347daa82f7e0891d85027db3f59024581565a5be6745572e,11548295.907958,11551727.895958,3431.9879999998957,86513,25000000,,success,1,0,,,8593520
pilot_1790562436815,unblock_N1000_c3,0,2026-09-28T05:39:48.996Z,zkSyncTestnet,300,sepolia.era.zksync.dev,unblock,1000,3,8171,0x90cdeda87dcc9d02d48ffbc1512767686f794f6c7230a4072f5d4c6f033460f1,11549615.964583,11553103.395541,3487.4309579990804,86519,25000000,,success,1,0,,,8593521
pilot_1790562436815,unblock_N1000_c3,0,2026-09-28T05:39:49.470Z,zkSyncTestnet,300,sepolia.era.zksync.dev,unblock,1000,3,8172,0x8054fbff3da7bd7e042eb9f9afd71bb4cf6f352637d09937470ea8b9be3980fe,11550335.839041,11553577.319541,3241.4804999995977,86519,25000000,,success,1,0,,,8593521
pilot_1790562436815,unblock_N1000_c3,0,2026-09-28T05:39:50.809Z,zkSyncTestnet,300,sepolia.era.zksync.dev,unblock,1000,3,8174,0x473e4ee65229309785e21464015714746be189b626cd2bc46a9177cf03e224e9,11553103.486166,11554916.381666,1812.8954999987036,86519,25000000,,success,1,0,,,8593522
pilot_1790562436815,unblock_N1000_c3,0,2026-09-28T05:39:50.820Z,zkSyncTestnet,300,sepolia.era.zksync.dev,unblock,1000,3,8173,0xb0515ae5a18700c059025a2c7185af8d8c7310cace97ca1362f4f4c43549aba9,11551727.985416,11554927.615041,3199.6296250000596,86519,25000000,,success,1,0,,,8593522
pilot_1790562436815,unblock_N1000_c3,0,2026-09-28T05:39:51.307Z,zkSyncTestnet,300,sepolia.era.zksync.dev,unblock,1000,3,8175,0xedf40c00fb19463054e32e285d0bface84113c7b1db526b7145e88776763c170,11553577.375666,11555414.211291,1836.835625000298,86513,25000000,,success,1,0,,,8593523
pilot_1790562436815,unblock_N1000_c3,0,2026-09-28T05:39:52.614Z,zkSyncTestnet,300,sepolia.era.zksync.dev,unblock,1000,3,8176,0x62b3dbcd024e933218871c25cefe078c88a9de1d0d62e5ac49e60ef87d274afe,11554916.452208,11556720.879125,1804.426917001605,86513,25000000,,success,1,0,,,8593524
pilot_1790562436815,unblock_N1000_c3,0,2026-09-28T05:39:53.076Z,zkSyncTestnet,300,sepolia.era.zksync.dev,unblock,1000,3,8177,0xbf8ab0f85af5e10082707e1713affe24b1830c9540132968bdd082d2794ae509,11554927.65225,11557182.910666,2255.2584160007536,86513,25000000,,success,1,0,,,8593525
pilot_1790562436815,unblock_N1000_c3,0,2026-09-28T05:39:53.179Z,zkSyncTestnet,300,sepolia.era.zksync.dev,unblock,1000,3,8178,0xa6d295d58204f708d4dc674c3dd7c0260ec04ba4794e0f7ac09d605fad091a92,11555414.305625,11557286.534208,1872.2285830006003,86519,25000000,,success,1,0,,,8593525
pilot_1790562436815,unblock_N1000_c3,0,2026-09-28T05:39:56.529Z,zkSyncTestnet,300,sepolia.era.zksync.dev,unblock,1000,3,8180,0xda8b81169c304fabaf3ef30210abe11dcd6c3a68c654984f7417c20d47b2a933,11557182.997958,11560635.963208,3452.965249998495,86519,25000000,,success,1,0,,,8593527
pilot_1790562436815,unblock_N1000_c3,0,2026-09-28T05:39:57.398Z,zkSyncTestnet,300,sepolia.era.zksync.dev,unblock,1000,3,8179,0x254bc17ee0688b07a6c3336c8d95d6b5681216cfa288062a4309f74e860daf81,11556720.999041,11561505.535958,4784.536916999146,86400,25000000,,success,1,0,,,8593526
pilot_1790562436815,unblock_N1000_c3,0,2026-09-28T05:39:58.392Z,zkSyncTestnet,300,sepolia.era.zksync.dev,unblock,1000,3,8181,0x914a39cc311c27dff2cad072a10c195f1cff3f08729cd5fd2c714b8446f97ef4,11557286.623666,11562499.568666,5212.945000000298,86519,25000000,,success,1,0,,,8593528
pilot_1790562436815,unblock_N1000_c3,0,2026-09-28T05:39:59.443Z,zkSyncTestnet,300,sepolia.era.zksync.dev,unblock,1000,3,8183,0x6d0d3f56930b358775e1a5e654597361cbbe29c9c48a1724b5566f4e7027bb6e,11561505.623333,11563550.045541,2044.4222079999745,86513,25000000,,success,1,0,,,8593529
pilot_1790562436815,unblock_N1000_c3,0,2026-09-28T05:39:59.929Z,zkSyncTestnet,300,sepolia.era.zksync.dev,unblock,1000,3,8182,0xb9a8fd38c37213a886e148bbd0af7d29d4d29c79de18b7e4ec055203eed59522,11560636.047666,11564035.86275,3399.8150839991868,86513,25000000,,success,1,0,,,8593529
pilot_1790562436815,unblock_N1000_c3,0,2026-09-28T05:40:00.252Z,zkSyncTestnet,300,sepolia.era.zksync.dev,unblock,1000,3,8184,0x98bce77c797b294ce85efac84863264338429eb26029c50d6e99640cc8a4ca58,11562499.633125,11564359.046583,1859.4134580008686,86513,25000000,,success,1,0,,,8593530
pilot_1790562436815,unblock_N1000_c3,0,2026-09-28T05:40:01.759Z,zkSyncTestnet,300,sepolia.era.zksync.dev,unblock,1000,3,8185,0x8015de04b9c725f525fb7d5c9748bc8ddbf41866b71e65ff53c065cb649b460e,11563550.094375,11565866.737625,2316.643249999732,86513,25000000,,success,1,0,,,8593531
pilot_1790562436815,unblock_N1000_c3,0,2026-09-28T05:40:01.762Z,zkSyncTestnet,300,sepolia.era.zksync.dev,unblock,1000,3,8186,0x456a5416990c2f57155d14f18de5d405cb052d121fbda73dccc388bffc9ec696,11564036.042916,11565868.87075,1832.827834000811,86513,25000000,,success,1,0,,,8593531
pilot_1790562436815,unblock_N1000_c3,0,2026-09-28T05:40:02.100Z,zkSyncTestnet,300,sepolia.era.zksync.dev,unblock,1000,3,8187,0x3fcd844362aa6d9ff245cc0e7cd85db68047abd09490d8825270bcad205cf4ea,11564359.099625,11566207.68575,1848.5861249994487,86513,25000000,,success,1,0,,,8593532
pilot_1790562436815,unblock_N1000_c3,0,2026-09-28T05:40:04.280Z,zkSyncTestnet,300,sepolia.era.zksync.dev,unblock,1000,3,8188,0xdae397bb6d33ae37bf2832ba543410694fa128cb8b7ad4a9b2a8850ae3a8af3a,11565866.827666,11568387.338458,2520.510792000219,86519,25000000,,success,1,0,,,8593533
pilot_1790562436815,unblock_N1000_c3,0,2026-09-28T05:40:04.906Z,zkSyncTestnet,300,sepolia.era.zksync.dev,unblock,1000,3,8189,0x0fc94c4a10e56c44b31a796cda9d820d1950d7326cc54f5bfe7c267a56026cad,11565868.883708,11569012.801,3143.917292000726,86519,25000000,,success,1,0,,,8593534
pilot_1790562436815,unblock_N1000_c3,0,2026-09-28T05:40:04.908Z,zkSyncTestnet,300,sepolia.era.zksync.dev,unblock,1000,3,8190,0xec40d5d18cfac8f3fad92b0a5b757a2c2cc0c8a11d3731544c5cddfd2308dade,11566207.738458,11569014.8575,2807.119041999802,86519,25000000,,success,1,0,,,8593535
pilot_1790562436815,unblock_N1000_c3,0,2026-09-28T05:40:07.237Z,zkSyncTestnet,300,sepolia.era.zksync.dev,unblock,1000,3,8191,0x2b3a0a65edc0a0b4a674cd64ff7adbfca3baa02d5d50ed8bf23f3d6700427adc,11568387.51375,11571344.2045,2956.6907500009984,86513,25000000,,success,1,0,,,8593536
pilot_1790562436815,unblock_N1000_c3,0,2026-09-28T05:40:09.161Z,zkSyncTestnet,300,sepolia.era.zksync.dev,unblock,1000,3,8192,0x2e5f2e0bbe6c6416798fede0fb667bc6d356a1ae11cbca94d6c01933c428fc28,11569012.879875,11573267.963583,4255.083707999438,86513,25000000,,success,1,0,,,8593537
pilot_1790562436815,unblock_N1000_c3,0,2026-09-28T05:40:09.805Z,zkSyncTestnet,300,sepolia.era.zksync.dev,unblock,1000,3,8193,0x3961488fb269370720b6f493d3c2518d4efe247823ffde93b689b2143e070e14,11569014.869541,11573912.520083,4897.650542000309,86513,25000000,,success,1,0,,,8593537
pilot_1790562436815,unblock_N1000_c3,0,2026-09-28T05:40:10.053Z,zkSyncTestnet,300,sepolia.era.zksync.dev,unblock,1000,3,8194,0x4337df0a277139e3cb6a7306f38e4ab8425f57259d763154579e3ac05f300e2a,11571344.289375,11574160.342041,2816.052666001022,86513,25000000,,success,1,0,,,8593538
pilot_1790562436815,unblock_N1000_c3,0,2026-09-28T05:40:13.658Z,zkSyncTestnet,300,sepolia.era.zksync.dev,unblock,1000,3,8195,0xcf2c3cb3ce3e46e05594cedd19c4e623f2f7e2ea2d0759be6ba01725472698c8,11573268.152125,11577765.315875,4497.163750000298,86513,25000000,,success,1,0,,,8593539
pilot_1790562436815,unblock_N1000_c3,0,2026-09-28T05:40:14.585Z,zkSyncTestnet,300,sepolia.era.zksync.dev,unblock,1000,3,8196,0x869d19bf792f370558795b7f75ad5effe23f71d65ead33d3fd8f1ef0c19478cc,11573912.659541,11578692.642708,4779.983167000115,86519,25000000,,success,1,0,,,8593540
pilot_1790562436815,unblock_N1000_c3,0,2026-09-28T05:40:14.693Z,zkSyncTestnet,300,sepolia.era.zksync.dev,unblock,1000,3,8197,0x19e7796527302ec14ab9477d0f9b55f7c6d13bb5badd81fba3d4085655152a26,11574160.387625,11578800.338583,4639.950958000496,86519,25000000,,success,1,0,,,8593541
pilot_1790562436815,unblock_N1000_c3,0,2026-09-28T05:40:15.483Z,zkSyncTestnet,300,sepolia.era.zksync.dev,unblock,1000,3,8198,0x73019233d5b02bec2d6f996833273082c2f4635879e5b61bdb5cd14541131a83,11577765.415583,11579590.327708,1824.9121250007302,86519,25000000,,success,1,0,,,8593542
pilot_1790562436815,unblock_N1000_c3,0,2026-09-28T05:40:17.273Z,zkSyncTestnet,300,sepolia.era.zksync.dev,unblock,1000,3,8201,0x58121eae5ef4d529fe33799301ce1920ad6b878038c947f13885d91cc9696848,11579590.498625,11581379.902791,1789.4041660018265,86513,25000000,,success,1,0,,,8593543
pilot_1790562436815,unblock_N1000_c3,0,2026-09-28T05:40:17.814Z,zkSyncTestnet,300,sepolia.era.zksync.dev,unblock,1000,3,8200,0x7950d1d940be03cace59609ad6f5285ca132140f109b985e97c1b94803d4ba5e,11578800.395708,11581920.862958,3120.467249998823,86519,25000000,,success,1,0,,,8593543
pilot_1790562436815,unblock_N1000_c3,0,2026-09-28T05:40:18.011Z,zkSyncTestnet,300,sepolia.era.zksync.dev,unblock,1000,3,8199,0x7241b2da30de2baac734e0a68c974638968b3e8f470509146b6c310cf4e346ef,11578692.690625,11582118.412791,3425.722165999934,86519,25000000,,success,1,0,,,8593543
pilot_1790562436815,unblock_N1000_c3,0,2026-09-28T05:40:19.306Z,zkSyncTestnet,300,sepolia.era.zksync.dev,unblock,1000,3,8202,0x116515bd1baa175d5c976114cf917c1457d47991be7af501a623f170f93bc479,11581379.990958,11583413.8425,2033.8515419997275,86519,25000000,,success,1,0,,,8593544
pilot_1790562436815,unblock_N1000_c3,0,2026-09-28T05:40:19.645Z,zkSyncTestnet,300,sepolia.era.zksync.dev,unblock,1000,3,8203,0x6e754ea9631d652337fd7ba5c58239c5f517750784480e2111db629172ff495f,11581920.93475,11583752.399583,1831.4648330006748,86513,25000000,,success,1,0,,,8593544
pilot_1790562436815,unblock_N1000_c3,0,2026-09-28T05:40:20.501Z,zkSyncTestnet,300,sepolia.era.zksync.dev,unblock,1000,3,8204,0xf3dddf60251c7a3711d9450234fbdfdf642b8d2e8296ac4956b2f3df40ca24a4,11582118.439708,11584608.0195,2489.5797920003533,86513,25000000,,success,1,0,,,8593545
pilot_1790562436815,unblock_N1000_c3,0,2026-09-28T05:40:22.044Z,zkSyncTestnet,300,sepolia.era.zksync.dev,unblock,1000,3,8205,0x08d1d0bd01c9957f13eb23d99f334d80814d7af9e56af796791c8c3e8d0682c9,11583413.960583,11586151.468416,2737.5078330002725,86519,25000000,,success,1,0,,,8593546
pilot_1790562436815,unblock_N1000_c3,0,2026-09-28T05:40:23.805Z,zkSyncTestnet,300,sepolia.era.zksync.dev,unblock,1000,3,8207,0x34f21eedc8ea3a56846668d68e8222ed4e90afd7e97703aa1d887a203ed57b3e,11584608.089208,11587912.268416,3304.179208001122,86513,25000000,,success,1,0,,,8593547
pilot_1790562436815,unblock_N1000_c3,0,2026-09-28T05:40:23.848Z,zkSyncTestnet,300,sepolia.era.zksync.dev,unblock,1000,3,8208,0x4e79a745ec7e1c749baac60425083c21b5026c385baf36aea5c47fbf0f2d05d1,11586151.645458,11587955.733666,1804.088208001107,86519,25000000,,success,1,0,,,8593547
pilot_1790562436815,unblock_N1000_c3,0,2026-09-28T05:40:24.007Z,zkSyncTestnet,300,sepolia.era.zksync.dev,unblock,1000,3,8206,0x79884fbbd641c494fadc94eef25acc97f3b013606f3abc60e65f2d463440b5d1,11583752.475875,11588114.101458,4361.625583000481,86513,25000000,,success,1,0,,,8593547
pilot_1790562436815,unblock_N1000_c3,0,2026-09-28T05:40:26.628Z,zkSyncTestnet,300,sepolia.era.zksync.dev,unblock,1000,3,8209,0x903fa6e0c65cf7d1f715001c38b842e501ee29962485d83382633cfbec4ede8a,11587912.337375,11590735.60575,2823.268374999985,86519,25000000,,success,1,0,,,8593548
pilot_1790562436815,unblock_N1000_c3,0,2026-09-28T05:40:28.497Z,zkSyncTestnet,300,sepolia.era.zksync.dev,unblock,1000,3,8211,0x5242337ca7ef201d6509bf023b345f8647658db93478c27db58d0d2e79c5b93a,11588114.151958,11592604.243958,4490.092000000179,86519,25000000,,success,1,0,,,8593549
pilot_1790562436815,unblock_N1000_c3,0,2026-09-28T05:40:28.599Z,zkSyncTestnet,300,sepolia.era.zksync.dev,unblock,1000,3,8212,0xe342140a1482bad818c9e92065583b4045e1dfdecfe0d72115459ca20f0333f2,11590735.693208,11592705.967375,1970.2741669993848,86519,25000000,,success,1,0,,,8593550
pilot_1790562436815,unblock_N1000_c3,0,2026-09-28T05:40:28.759Z,zkSyncTestnet,300,sepolia.era.zksync.dev,unblock,1000,3,8210,0x6b6eb04c1c8b418bcd0a125986b2980f22064ba10a463760d4d2cccf1174721e,11587955.758291,11592866.425416,4910.667124999687,86513,25000000,,success,1,0,,,8593549
pilot_1790562436815,unblock_N1000_c3,0,2026-09-28T05:40:31.422Z,zkSyncTestnet,300,sepolia.era.zksync.dev,unblock,1000,3,8213,0xc6cc164fd458e487d4a66c9414b29d3424a2fb8003f99b786b41caa81e1117db,11592604.338208,11595529.026,2924.687792001292,86513,25000000,,success,1,0,,,8593551
pilot_1790562436815,unblock_N1000_c3,0,2026-09-28T05:40:31.970Z,zkSyncTestnet,300,sepolia.era.zksync.dev,unblock,1000,3,8214,0xf32a7febe20307dc0ea95a6fa01aaaea0082e04f47adb6421f24e1c5a771c415,11592706.056666,11596077.532041,3371.4753750003874,86519,25000000,,success,1,0,,,8593552
pilot_1790562436815,unblock_N1000_c3,0,2026-09-28T05:40:33.852Z,zkSyncTestnet,300,sepolia.era.zksync.dev,unblock,1000,3,8215,0x169ac29537c8c67f386c86e3a3b5aa256a30dd2a3aa9bf36c852282a361bdb8d,11592866.493583,11597959.797791,5093.304208001122,86519,25000000,,success,1,0,,,8593553
pilot_1790562436815,unblock_N1000_c3,0,2026-09-28T05:40:35.316Z,zkSyncTestnet,300,sepolia.era.zksync.dev,unblock,1000,3,8216,0xbad6d18b15d57e9387b373440641a6b8ff0c366194240c25dd407a86cf7858ff,11595529.069666,11599423.560875,3894.491209000349,86519,25000000,,success,1,0,,,8593554
pilot_1790562436815,unblock_N1000_c3,0,2026-09-28T05:40:35.835Z,zkSyncTestnet,300,sepolia.era.zksync.dev,unblock,1000,3,8217,0xc646fee92d40e38d179f990a2848ca03876689f739f9a894c277a9f97f77381c,11596077.615541,11599942.325708,3864.71016700007,86519,25000000,,success,1,0,,,8593555
pilot_1790562436815,unblock_N1000_c3,0,2026-09-28T05:40:36.516Z,zkSyncTestnet,300,sepolia.era.zksync.dev,unblock,1000,3,8218,0x2a4931c73544c7fefcebd92bfa298e1066de47778c6ed22a5ee798e83bf17b32,11597959.98525,11600623.192083,2663.2068329993635,86519,25000000,,success,1,0,,,8593555
pilot_1790562436815,unblock_N1000_c3,0,2026-09-28T05:40:38.084Z,zkSyncTestnet,300,sepolia.era.zksync.dev,unblock,1000,3,8219,0xa826edab447104d17719ced4c86814f966b93389653f0148fd1a3e891edd335b,11599423.753125,11602191.607458,2767.854332998395,86513,25000000,,success,1,0,,,8593557
pilot_1790562436815,unblock_N1000_c3,0,2026-09-28T05:40:39.504Z,zkSyncTestnet,300,sepolia.era.zksync.dev,unblock,1000,3,8220,0x32b43549072d1a542953941bbb37a88ed3bde454cdbd138f4cff064659125914,11599942.485208,11603611.616416,3669.1312080007046,86519,25000000,,success,1,0,,,8593558
pilot_1790562436815,unblock_N1000_c3,0,2026-09-28T05:40:40.409Z,zkSyncTestnet,300,sepolia.era.zksync.dev,unblock,1000,3,8221,0x8adafc839ec7b1c7789412b1a02d0b8658a268bcaa01a9ce75aaf553017ad924,11600623.365083,11604516.64325,3893.2781670000404,86400,25000000,,success,1,0,,,8593559
pilot_1790562436815,unblock_N1000_c3,0,2026-09-28T05:40:41.864Z,zkSyncTestnet,300,sepolia.era.zksync.dev,unblock,1000,3,8222,0x5316b9bc8638951a61ac4244792b789affdbb6b1cb98fcca7ca0d5ee52218f7b,11602191.682416,11605971.285375,3779.602959001437,86519,25000000,,success,1,0,,,8593560
pilot_1790562436815,unblock_N1000_c3,0,2026-09-28T05:40:43.338Z,zkSyncTestnet,300,sepolia.era.zksync.dev,unblock,1000,3,8223,0x25198186e9bbe7215dc775c50b0188902630ea99e67132252d1dc253cbede223,11603611.818,11607445.055416,3833.237415999174,86513,25000000,,success,1,0,,,8593561
pilot_1790562436815,unblock_N1000_c3,0,2026-09-28T05:40:43.575Z,zkSyncTestnet,300,sepolia.era.zksync.dev,unblock,1000,3,8224,0xeddfe58ddcf73ba7d715fdbd37ba49ff1df06eade3da5156a2fa1c9083b5b857,11604516.751333,11607682.016333,3165.265000000596,86519,25000000,,success,1,0,,,8593562
pilot_1790562436815,unblock_N1000_c3,0,2026-09-28T05:40:43.765Z,zkSyncTestnet,300,sepolia.era.zksync.dev,unblock,1000,3,8225,0x9c2b1a93b4477e90c6125d47656656bbbbd32fc6448c44f62aef5e4cf4e633e1,11605971.417791,11607872.627875,1901.2100840006024,86513,25000000,,success,1,0,,,8593563
pilot_1790562436815,unblock_N1000_c3,0,2026-09-28T05:40:45.273Z,zkSyncTestnet,300,sepolia.era.zksync.dev,unblock,1000,3,8226,0x6e749483f55c0c50730f6b6cbdca30358f2d8cca9780fe99f022fa9c6ecc14cd,11607445.134291,11609380.561291,1935.4269999992102,86513,25000000,,success,1,0,,,8593564
pilot_1790562436815,unblock_N1000_c3,0,2026-09-28T05:40:45.514Z,zkSyncTestnet,300,sepolia.era.zksync.dev,unblock,1000,3,8227,0xda4d899e7cdf21a1780d7e552580a22cff79d495e53e51dd6bece74145506955,11607682.058958,11609621.755125,1939.696166999638,86513,25000000,,success,1,0,,,8593565
pilot_1790562436815,unblock_N1000_c3,0,2026-09-28T05:40:46.853Z,zkSyncTestnet,300,sepolia.era.zksync.dev,unblock,1000,3,8228,0x405a18bfeaf3b9805e22bc743b707724f24ba9636aed0be81bb027387a104536,11607872.679166,11610960.978041,3088.298875000328,86519,25000000,,success,1,0,,,8593566
pilot_1790562436815,unblock_N1000_c3,0,2026-09-28T05:40:47.106Z,zkSyncTestnet,300,sepolia.era.zksync.dev,unblock,1000,3,8229,0x58395e698171c2d6ea3134e9f798bf2b887fef790bcc4d84fb503bf3034767e3,11609380.758125,11611213.8565,1833.0983750000596,86513,25000000,,success,1,0,,,8593567
pilot_1790562436815,unblock_N1000_c3,0,2026-09-28T05:40:47.374Z,zkSyncTestnet,300,sepolia.era.zksync.dev,unblock,1000,3,8230,0x4f07acb8a43251fd4963dd275682d2a6583e484bf054eb9352fdedad7dbe955f,11609621.829708,11611481.8925,1860.0627919994295,86519,25000000,,success,1,0,,,8593568
pilot_1790562436815,unblock_N1000_c3,0,2026-09-28T05:40:48.691Z,zkSyncTestnet,300,sepolia.era.zksync.dev,unblock,1000,3,8231,0x5939792af1df83cd6d780d4064125029abe82ffc57d4c858600c39dfcde4d8ff,11610961.121458,11612798.188125,1837.0666669998318,86519,25000000,,success,1,0,,,8593569
pilot_1790562436815,unblock_N1000_c3,0,2026-09-28T05:40:48.943Z,zkSyncTestnet,300,sepolia.era.zksync.dev,unblock,1000,3,8232,0x6372565be25939f3026a0d15209019494a6b8a59036b4e559ee3a4515515c8fb,11611213.958833,11613050.536208,1836.5773750003427,86513,25000000,,success,1,0,,,8593570
pilot_1790562436815,unblock_N1000_c3,0,2026-09-28T05:40:49.210Z,zkSyncTestnet,300,sepolia.era.zksync.dev,unblock,1000,3,8233,0x5fd850c69927d24c581923d5e2d9eee487fc28f8b00a39c704dbb2965d4eea8d,11611482.037416,11613317.713208,1835.6757919993252,86513,25000000,,success,1,0,,,8593571
pilot_1790562436815,unblock_N1000_c3,0,2026-09-28T05:40:50.548Z,zkSyncTestnet,300,sepolia.era.zksync.dev,unblock,1000,3,8234,0x5551352173521f6f4133116197f12a54dabfc300cc2aca474a729bbfbd64a563,11612798.273958,11614655.9435,1857.6695419996977,86519,25000000,,success,1,0,,,8593572
pilot_1790562436815,unblock_N1000_c3,0,2026-09-28T05:40:50.781Z,zkSyncTestnet,300,sepolia.era.zksync.dev,unblock,1000,3,8235,0x74929eeb2a65e923be4bb48b7a1bf477fbdb6eec0309506753d865c87d50ab75,11613050.628958,11614888.567416,1837.9384579993784,86513,25000000,,success,1,0,,,8593573
pilot_1790562436815,unblock_N1000_c3,0,2026-09-28T05:40:51.090Z,zkSyncTestnet,300,sepolia.era.zksync.dev,unblock,1000,3,8236,0x56e9df11ab6e379eabb9416f80f74021fa6eed2c687debf5106080c6c19eae8f,11613317.87875,11615197.288416,1879.409665999934,86513,25000000,,success,1,0,,,8593574
pilot_1790562436815,unblock_N1000_c3,0,2026-09-28T05:40:52.416Z,zkSyncTestnet,300,sepolia.era.zksync.dev,unblock,1000,3,8237,0x93a3eb02292341ed27311904c583d0d866af8c188eb12f8dbdf68c6a0e525557,11614656.110416,11616523.79875,1867.6883339993656,86513,25000000,,success,1,0,,,8593575
pilot_1790562436815,unblock_N1000_c3,0,2026-09-28T05:40:52.671Z,zkSyncTestnet,300,sepolia.era.zksync.dev,unblock,1000,3,8238,0xc66ba7b758de6f8a6896d5ccc224db0cbf2b8ce17706b5fe62a8a16886e82a42,11614888.744458,11616778.667416,1889.9229580014944,86519,25000000,,success,1,0,,,8593576
pilot_1790562436815,unblock_N1000_c3,0,2026-09-28T05:40:53.007Z,zkSyncTestnet,300,sepolia.era.zksync.dev,unblock,1000,3,8239,0xa6dd98750b713d6cd32cc6e50b2576eda2f0f72c90495353ccbfd1ec955d18c5,11615197.380458,11617114.399791,1917.0193330012262,86513,25000000,,success,1,0,,,8593577
pilot_1790562436815,unblock_N1000_c3,0,2026-09-28T05:40:57.056Z,zkSyncTestnet,300,sepolia.era.zksync.dev,unblock,1000,3,8240,0xc6cc6d210293908d40fd856ec6b537c5a1cbf7990960e593346c7892ffd50a88,11616523.894083,11621163.910833,4640.016749998555,86519,25000000,,success,1,0,,,8593578
pilot_1790562436815,unblock_N1000_c3,0,2026-09-28T05:40:57.858Z,zkSyncTestnet,300,sepolia.era.zksync.dev,unblock,1000,3,8241,0x936e2ecf784bc86c8ae0bec2048c4eada02d28270671670e400d1b74c99b7396,11616778.736458,11621965.153208,5186.41675000079,86519,25000000,,success,1,0,,,8593578
pilot_1790562436815,unblock_N1000_c3,0,2026-09-28T05:40:58.087Z,zkSyncTestnet,300,sepolia.era.zksync.dev,unblock,1000,3,8242,0x1afed91ea38e6414db2abebc9dfcbe00579a3687175116fbe57cc409aa0b0877,11617114.50125,11622194.3125,5079.811249999329,86513,25000000,,success,1,0,,,8593578
pilot_1790562436815,unblock_N1000_c3,0,2026-09-28T05:40:59.428Z,zkSyncTestnet,300,sepolia.era.zksync.dev,unblock,1000,3,8243,0xd275c03c38258b1e8fbde908611b7aa18b1f7014c61eaaef3e108f8c0f9d5c4a,11621163.979208,11623535.7665,2371.7872919999063,86519,25000000,,success,1,0,,,8593579
pilot_1790562436815,unblock_N1000_c3,0,2026-09-28T05:40:59.707Z,zkSyncTestnet,300,sepolia.era.zksync.dev,unblock,1000,3,8244,0x7ee725cf3caf02161e43053d4fd07a7100ff3638e30c9e9d311111d1ecfc57e8,11621965.239583,11623814.299291,1849.0597079992294,86519,25000000,,success,1,0,,,8593580
pilot_1790562436815,unblock_N1000_c3,0,2026-09-28T05:40:59.970Z,zkSyncTestnet,300,sepolia.era.zksync.dev,unblock,1000,3,8245,0x3e6d385230d77bf9f148e5edd10ed6217e6adf644d9865ea8d09f8110c131fb5,11622194.365041,11624078.000041,1883.6349999997765,86513,25000000,,success,1,0,,,8593581
pilot_1790562436815,unblock_N1000_c3,0,2026-09-28T05:41:01.245Z,zkSyncTestnet,300,sepolia.era.zksync.dev,unblock,1000,3,8246,0xf90eb6bbbf98a7194742372585b528d79ac28669ce3f7367b96e4aea21d932b8,11623535.955458,11625352.868708,1816.9132499992847,86519,25000000,,success,1,0,,,8593582
pilot_1790562436815,unblock_N1000_c3,0,2026-09-28T05:41:01.529Z,zkSyncTestnet,300,sepolia.era.zksync.dev,unblock,1000,3,8247,0x5309a057dc86e9d323ccca5a546e84b298eb72957db8f3f6f5367bbc853a25f7,11623814.465625,11625636.078708,1821.6130830012262,86519,25000000,,success,1,0,,,8593583
pilot_1790562436815,unblock_N1000_c3,0,2026-09-28T05:41:01.811Z,zkSyncTestnet,300,sepolia.era.zksync.dev,unblock,1000,3,8248,0x7a384cc3e14857f16ebd566ed95e8e6f1741b53ab93494fa617e0f618515d2a3,11624078.059708,11625918.221583,1840.1618750002235,86513,25000000,,success,1,0,,,8593584
pilot_1790562436815,unblock_N1000_c3,0,2026-09-28T05:41:04.753Z,zkSyncTestnet,300,sepolia.era.zksync.dev,unblock,1000,3,8249,0xcff13b8e7cc0925c04e66b04d5f8c8ff1b9f101595c0de230c030e5ab1442f74,11625352.918666,11628860.74675,3507.8280840013176,86513,25000000,,success,1,0,,,8593585
pilot_1790562436815,unblock_N1000_c3,0,2026-09-28T05:41:05.720Z,zkSyncTestnet,300,sepolia.era.zksync.dev,unblock,1000,3,8251,0x546cf8c58c3d0f5773b5af82dc5c92d543106a37376f24486763fffd911f043f,11625918.289958,11629827.686666,3909.3967080004513,86513,25000000,,success,1,0,,,8593585
pilot_1790562436815,unblock_N1000_c3,0,2026-09-28T05:41:05.951Z,zkSyncTestnet,300,sepolia.era.zksync.dev,unblock,1000,3,8250,0x7574036998ddead3502b9101e0dbb71e5d4e891bec11ac998ce745fac5c62da9,11625636.162541,11630058.901833,4422.739291999489,86519,25000000,,success,1,0,,,8593585
pilot_1790562436815,unblock_N1000_c3,0,2026-09-28T05:41:06.604Z,zkSyncTestnet,300,sepolia.era.zksync.dev,unblock,1000,3,8252,0xa52a8dbbaea211d0ce16924e4ffc3884741203bea964118ccce8a045ed62ce2a,11628860.859166,11630712.09925,1851.2400839999318,86513,25000000,,success,1,0,,,8593586
pilot_1790562436815,unblock_N1000_c3,0,2026-09-28T05:41:07.562Z,zkSyncTestnet,300,sepolia.era.zksync.dev,unblock,1000,3,8253,0xfb9e36220d1ed0e8c7ce238f8358b7612bc9bd20a909ad9f62d3526fe82ba142,11629827.757666,11631669.156875,1841.3992090001702,86513,25000000,,success,1,0,,,8593587
pilot_1790562436815,unblock_N1000_c3,0,2026-09-28T05:41:07.820Z,zkSyncTestnet,300,sepolia.era.zksync.dev,unblock,1000,3,8254,0x35972b7531dedc3c822b99e19c8c0610ecaec91d1b7f907907d007a11d0b0490,11630058.940291,11631927.166125,1868.225833998993,86513,25000000,,success,1,0,,,8593587
pilot_1790562436815,unblock_N1000_c3,0,2026-09-28T05:41:08.454Z,zkSyncTestnet,300,sepolia.era.zksync.dev,unblock,1000,3,8255,0xa5463adb42b2b3a5f09e8834a0eb74f1354aa5b763b35dac3625bda504762018,11630712.180041,11632561.555708,1849.3756670001894,86519,25000000,,success,1,0,,,8593588
pilot_1790562436815,unblock_N1000_c3,0,2026-09-28T05:41:09.392Z,zkSyncTestnet,300,sepolia.era.zksync.dev,unblock,1000,3,8256,0x9d89cc22d940785537048f0e9e4273f96aa8ad2d1576b3fbe818203ad73939b3,11631669.228541,11633499.251333,1830.0227920003235,86513,25000000,,success,1,0,,,8593589
pilot_1790562436815,unblock_N1000_c3,0,2026-09-28T05:41:09.657Z,zkSyncTestnet,300,sepolia.era.zksync.dev,unblock,1000,3,8257,0xdd671ccfe0e80555bce2d45d7e15000c8a52645bb9ae3d7412f61ce14496463e,11631927.265416,11633764.541708,1837.276291999966,86519,25000000,,success,1,0,,,8593589
pilot_1790562436815,unblock_N1000_c3,0,2026-09-28T05:41:10.282Z,zkSyncTestnet,300,sepolia.era.zksync.dev,unblock,1000,3,8258,0x7c4ec6b4f80114e6dfdbf8cdfeefea5b5be3ffce251e1e2c0fa29c7104eb5974,11632561.639875,11634389.219125,1827.5792500004172,86513,25000000,,success,1,0,,,8593590
pilot_1790562436815,unblock_N1000_c3,0,2026-09-28T05:41:12.093Z,zkSyncTestnet,300,sepolia.era.zksync.dev,unblock,1000,3,8260,0x8f53b525a7968b9e07281217819999efc0f9f74624cee65873b26e214842be2d,11633764.593583,11636200.771083,2436.177499998361,86513,25000000,,success,1,0,,,8593591
pilot_1790562436815,unblock_N1000_c3,0,2026-09-28T05:41:12.536Z,zkSyncTestnet,300,sepolia.era.zksync.dev,unblock,1000,3,8259,0xf85758bcf4f823fc5b347cf09ad1388b1cc4647d71086b3ac02c318812163b64,11633499.331291,11636643.404125,3144.0728339999914,86519,25000000,,success,1,0,,,8593591
pilot_1790562436815,unblock_N1000_c3,0,2026-09-28T05:41:13.828Z,zkSyncTestnet,300,sepolia.era.zksync.dev,unblock,1000,3,8261,0x9c9644038cd50a1676f10b35b4f5fcb5e03c5d8210e346189a1980cc31b3ba3b,11634389.306541,11637935.155416,3545.848875001073,86519,25000000,,success,1,0,,,8593592
pilot_1790562436815,unblock_N1000_c3,0,2026-09-28T05:41:17.295Z,zkSyncTestnet,300,sepolia.era.zksync.dev,unblock,1000,3,8262,0x83e477a7d544a5bebf61623862d7ba40b4f52ffdffbc2685b85c8e4eb4c7f6ab,11636200.876666,11641402.381833,5201.505166999996,86519,25000000,,success,1,0,,,8593593
pilot_1790562436815,unblock_N1000_c3,0,2026-09-28T05:41:17.297Z,zkSyncTestnet,300,sepolia.era.zksync.dev,unblock,1000,3,8264,0x601520f004fd132fd3063251eaaf60b223fcf49358eef4963b8a3378106f8c28,11637935.336916,11641404.33075,3468.993834000081,86513,25000000,,success,1,0,,,8593594
pilot_1790562436815,unblock_N1000_c3,0,2026-09-28T05:41:17.528Z,zkSyncTestnet,300,sepolia.era.zksync.dev,unblock,1000,3,8263,0xd9e8a85821f7ac460645bd50b3bf5201e2b0122d0877660634aec84052fd9967,11636643.5665,11641635.759041,4992.192540999502,86519,25000000,,success,1,0,,,8593594
pilot_1790562436815,unblock_N1000_c3,0,2026-09-28T05:41:19.135Z,zkSyncTestnet,300,sepolia.era.zksync.dev,unblock,1000,3,8266,0xd9b8e49b9c5141c5f21fc4699b4f8adf8a8db2532ae7a67c2a93ad61d1f915e4,11641404.340583,11643242.916375,1838.5757919996977,86513,25000000,,success,1,0,,,8593596
pilot_1790562436815,unblock_N1000_c3,0,2026-09-28T05:41:19.137Z,zkSyncTestnet,300,sepolia.era.zksync.dev,unblock,1000,3,8265,0x61d6fe935bc48c5eb35da39f7ced7eb20d49fdd938750d70908935c54da56a56,11641402.554541,11643244.823208,1842.2686670012772,86519,25000000,,success,1,0,,,8593595
pilot_1790562436815,unblock_N1000_c3,0,2026-09-28T05:41:19.395Z,zkSyncTestnet,300,sepolia.era.zksync.dev,unblock,1000,3,8267,0x815861f1ece798ba8fcceeb01c0ea036a4a6ca9c19b65b44533d558f7743519b,11641635.856041,11643502.605666,1866.7496250011027,86519,25000000,,success,1,0,,,8593596
pilot_1790562436815,unblock_N1000_c3,0,2026-09-28T05:41:23.042Z,zkSyncTestnet,300,sepolia.era.zksync.dev,unblock,1000,3,8268,0x70492b3cabf4e8162fb4f77a6aa3009f2088480f008c3d813375e2f201c25add,11643242.979583,11647149.3175,3906.3379170000553,86513,25000000,,success,1,0,,,8593597
pilot_1790562436815,unblock_N1000_c3,0,2026-09-28T05:41:24.069Z,zkSyncTestnet,300,sepolia.era.zksync.dev,unblock,1000,3,8270,0x1049866ebbce29d2ec0e111f7a3eccb16e48636fab48d7738edba37d028530ca,11643502.630875,11648176.995625,4674.364749999717,86513,25000000,,success,1,0,,,8593598
pilot_1790562436815,unblock_N1000_c3,0,2026-09-28T05:41:25.122Z,zkSyncTestnet,300,sepolia.era.zksync.dev,unblock,1000,3,8269,0x789dd5a198883a3f4d9a98edb4e73650dae21949cc378c1036fbe03c1f338beb,11643244.834291,11649229.212625,5984.378334000707,86513,25000000,,success,1,0,,,8593598
pilot_1790562436815,unblock_N1000_c3,0,2026-09-28T05:41:26.497Z,zkSyncTestnet,300,sepolia.era.zksync.dev,unblock,1000,3,8271,0x7be0f69e4212a84410029d5b4b34e4ede06ad2a1d60d6f162e61cc00192fcc99,11647149.424333,11650604.37325,3454.948916999623,86513,25000000,,success,1,0,,,8593601
pilot_1790562436815,unblock_N1000_c3,0,2026-09-28T05:41:26.793Z,zkSyncTestnet,300,sepolia.era.zksync.dev,unblock,1000,3,8272,0x0d7baa7470264862947d9dd4a6fef73b92c4edb3c5c4f6d1dfbd9c4a5cfc45a3,11648177.099083,11650901.082125,2723.9830419998616,86513,25000000,,success,1,0,,,8593603
pilot_1790562436815,unblock_N1000_c3,0,2026-09-28T05:41:27.870Z,zkSyncTestnet,300,sepolia.era.zksync.dev,unblock,1000,3,8273,0xe1887222dd1d362c425ffd83132fc0327dd0d1eeb7134d2b321b355c2d7b9ade,11649229.289916,11651977.264583,2747.9746670015156,86519,25000000,,success,1,0,,,8593604
pilot_1790562436815,unblock_N1000_c3,0,2026-09-28T05:41:28.615Z,zkSyncTestnet,300,sepolia.era.zksync.dev,unblock,1000,3,8275,0x0fb16c720194819222392d3f3526a23c7a8bf0ccf18f3dd65118749decebdf73,11650901.131916,11652722.339583,1821.2076670005918,86513,25000000,,success,1,0,,,8593606
pilot_1790562436815,unblock_N1000_c3,0,2026-09-28T05:41:29.200Z,zkSyncTestnet,300,sepolia.era.zksync.dev,unblock,1000,3,8274,0x806767e946b0fcf2fbcb80f5396d3c247665f0913294f139e299788f6c83dc27,11650604.442208,11653307.237916,2702.79570800066,86513,25000000,,success,1,0,,,8593605
pilot_1790562436815,unblock_N1000_c3,0,2026-09-28T05:41:30.639Z,zkSyncTestnet,300,sepolia.era.zksync.dev,unblock,1000,3,8276,0x287d7f4b29d87336e973f882691b248a59be0e5a6b7ef3f9aa9eb19599c8576d,11651977.423375,11654746.996166,2769.572791000828,86519,25000000,,success,1,0,,,8593608
pilot_1790562436815,unblock_N1000_c3,0,2026-09-28T05:41:30.953Z,zkSyncTestnet,300,sepolia.era.zksync.dev,unblock,1000,3,8277,0x03795412ae210f2c67386c7f5ad45892cea22c1047e458096beac9324d22c6e8,11652722.422916,11655060.361541,2337.9386249985546,86513,25000000,,success,1,0,,,8593609
pilot_1790562436815,unblock_N1000_c3,0,2026-09-28T05:41:31.141Z,zkSyncTestnet,300,sepolia.era.zksync.dev,unblock,1000,3,8278,0x95c856e8d43a72f0815c937d90f4daf1119ff1b5a2022bac321882b7fe6db3a8,11653307.392583,11655248.739791,1941.3472080007195,86519,25000000,,success,1,0,,,8593610
pilot_1790562436815,unblock_N1000_c3,0,2026-09-28T05:41:33.250Z,zkSyncTestnet,300,sepolia.era.zksync.dev,unblock,1000,3,8279,0xeac1675401b9a685afb87de2033a9de379f2648fd8093cb8fda128e1b5274b3f,11654747.068583,11657357.907833,2610.8392500001937,86513,25000000,,success,1,0,,,8593612
pilot_1790562436815,unblock_N1000_c3,0,2026-09-28T05:41:33.749Z,zkSyncTestnet,300,sepolia.era.zksync.dev,unblock,1000,3,8281,0xff88afb670e5b4228a94aa78521e0d5e227d448c306118bf5b502f512770383f,11655248.781083,11657856.873125,2608.0920419991016,86519,25000000,,success,1,0,,,8593613
pilot_1790562436815,unblock_N1000_c3,0,2026-09-28T05:41:34.106Z,zkSyncTestnet,300,sepolia.era.zksync.dev,unblock,1000,3,8280,0x28c12d3cac7456fd97456b38930dc2214f144bf56152e3bddbd5d6476001fb70,11655060.461291,11658213.343333,3152.88204200007,86513,25000000,,success,1,0,,,8593613
pilot_1790562436815,unblock_N1000_c3,0,2026-09-28T05:41:35.079Z,zkSyncTestnet,300,sepolia.era.zksync.dev,unblock,1000,3,8282,0xa9623bba4d6a440f8952b9c78820f806d96161d361b55d52e13cb26676c76d48,11657357.982833,11659186.952083,1828.9692500010133,86519,25000000,,success,1,0,,,8593614
pilot_1790562436815,unblock_N1000_c3,0,2026-09-28T05:41:35.675Z,zkSyncTestnet,300,sepolia.era.zksync.dev,unblock,1000,3,8283,0x82bcdc1576b63f2737b9d8d2f77fb579e3b6e4ffbabccea4f24933a6269ba9a4,11657856.972375,11659782.759166,1925.7867910005152,86513,25000000,,success,1,0,,,8593615
pilot_1790562436815,unblock_N1000_c3,0,2026-09-28T05:41:35.908Z,zkSyncTestnet,300,sepolia.era.zksync.dev,unblock,1000,3,8284,0xbb17956da8463b386aaa0a3253aef12ff1c1d4a11e6934d340220e9c966af003,11658213.388375,11660015.667,1802.2786250002682,86513,25000000,,success,1,0,,,8593616
pilot_1790562436815,unblock_N1000_c3,0,2026-09-28T05:41:36.919Z,zkSyncTestnet,300,sepolia.era.zksync.dev,unblock,1000,3,8285,0xaa6ed644f11755ae6afc21e7923aafb28d61d58af6fb93e4b0f17754273c5f6c,11659187.033458,11661026.699958,1839.6665000002831,86519,25000000,,success,1,0,,,8593617
pilot_1790562436815,unblock_N1000_c3,0,2026-09-28T05:41:37.497Z,zkSyncTestnet,300,sepolia.era.zksync.dev,unblock,1000,3,8286,0x29e7017d2825fc6568998c0b1cdddb2dcad322100360af051674c5e96c31706e,11659782.921958,11661604.337083,1821.415125001222,86513,25000000,,success,1,0,,,8593619
pilot_1790562436815,unblock_N1000_c3,0,2026-09-28T05:41:37.710Z,zkSyncTestnet,300,sepolia.era.zksync.dev,unblock,1000,3,8287,0x45266b60c56bdea3461710b974ff317de8d17e2ea5a9dc16cb42b6f4ff61fea1,11660015.7375,11661817.396166,1801.6586659997702,86519,25000000,,success,1,0,,,8593619
pilot_1790562436815,unblock_N1000_c3,0,2026-09-28T05:41:39.346Z,zkSyncTestnet,300,sepolia.era.zksync.dev,unblock,1000,3,8289,0xb26c6b36ad0bacca3c40bb36c09e70b81e185050288434d68c0adc81d16dc519,11661604.417833,11663453.507416,1849.0895830001682,86519,25000000,,success,1,0,,,8593620
pilot_1790562436815,unblock_N1000_c3,0,2026-09-28T05:41:39.796Z,zkSyncTestnet,300,sepolia.era.zksync.dev,unblock,1000,3,8288,0x3196017458710c370d24f66ac7b53958392eaba1fd8e5feebaff285b3a1397dd,11661026.806625,11663903.691166,2876.884541001171,86519,25000000,,success,1,0,,,8593620
pilot_1790562436815,unblock_N1000_c3,0,2026-09-28T05:41:42.464Z,zkSyncTestnet,300,sepolia.era.zksync.dev,unblock,1000,3,8290,0xa32649c6f6cd7828e8dd4d8bae666e631c5c368af3852ce3581e8f29fd65d915,11661817.568875,11666571.958375,4754.389499999583,86513,25000000,,success,1,0,,,8593622
pilot_1790562436815,unblock_N1000_c3,0,2026-09-28T05:41:43.625Z,zkSyncTestnet,300,sepolia.era.zksync.dev,unblock,1000,3,8291,0x884c2f2c6ae1196f317988242bf8a55299e04154ec9ca7fc14f443875a5f5442,11663453.644041,11667732.373041,4278.729000000283,86513,25000000,,success,1,0,,,8593623
pilot_1790562436815,unblock_N1000_c3,0,2026-09-28T05:41:43.695Z,zkSyncTestnet,300,sepolia.era.zksync.dev,unblock,1000,3,8292,0x6c514ac21f27b2d7114a68899155321722d3e4b831eda136c2f1d7668ea8bd79,11663903.765708,11667802.907416,3899.1417079996318,86513,25000000,,success,1,0,,,8593623
pilot_1790562436815,unblock_N1000_c3,0,2026-09-28T05:41:45.039Z,zkSyncTestnet,300,sepolia.era.zksync.dev,unblock,1000,3,8293,0x9d42480a1c6a17d12c4de5a0162c1dae28ee7a5b245571de610e5c01bc1b6738,11666572.0475,11669146.997583,2574.9500830005854,86519,25000000,,success,1,0,,,8593624
pilot_1790562436815,unblock_N1000_c3,0,2026-09-28T05:41:45.563Z,zkSyncTestnet,300,sepolia.era.zksync.dev,unblock,1000,3,8294,0x2ce41ffed07e378f4aac47ba84bb24d9a9cfa0e1703057de2c3e73bb1664d12a,11667732.455666,11669670.66025,1938.2045840006322,86519,25000000,,success,1,0,,,8593625
pilot_1790562436815,unblock_N1000_c3,0,2026-09-28T05:41:46.867Z,zkSyncTestnet,300,sepolia.era.zksync.dev,unblock,1000,3,8295,0x1cf18ecc50214d22ccbbdc218be9a99ca5c544133cf55f4eb0f5a6b0c341a6c0,11667803.011125,11670975.046583,3172.035458000377,86519,25000000,,success,1,0,,,8593626
pilot_1790562436815,unblock_N1000_c3,0,2026-09-28T05:41:47.691Z,zkSyncTestnet,300,sepolia.era.zksync.dev,unblock,1000,3,8296,0x570ee660a49fe516df7b1621e04a31debbda0d623b2e60b14560b3f65eaca6a0,11669147.075,11671799.133833,2652.0588330011815,86513,25000000,,success,1,0,,,8593628
pilot_1790562436815,unblock_N1000_c3,0,2026-09-28T05:41:47.912Z,zkSyncTestnet,300,sepolia.era.zksync.dev,unblock,1000,3,8297,0x0d9a2f312e2e478786dd8d7e577d52d32c100ae1cf9bc9b211dce74991ccf076,11669670.728083,11672019.508916,2348.780833000317,86513,25000000,,success,1,0,,,8593629
pilot_1790562436815,unblock_N1000_c3,0,2026-09-28T05:41:48.728Z,zkSyncTestnet,300,sepolia.era.zksync.dev,unblock,1000,3,8298,0x87d0d377407df28d94d24b814c0267f38e32a902189bc118647eaf4af3571031,11670975.130416,11672836.148375,1861.0179590005428,86513,25000000,,success,1,0,,,8593630
pilot_1790562436815,unblock_N1000_c3,0,2026-09-28T05:41:50.536Z,zkSyncTestnet,300,sepolia.era.zksync.dev,unblock,1000,3,8299,0x690ac979fd33828144c40be9e75b6f4c0e08486537e197db2caa6a08d1d27cd4,11671799.213666,11674644.072458,2844.8587920013815,86513,25000000,,success,1,0,,,8593631
pilot_1790562436815,unblock_N1000_c3,0,2026-09-28T05:41:52.115Z,zkSyncTestnet,300,sepolia.era.zksync.dev,unblock,1000,3,8301,0xf0a726a4ea9119b74daf4802588d0cb7d4fb525fe0989671e441db80ca81f471,11672836.2355,11676222.926125,3386.6906249988824,86519,25000000,,success,1,0,,,8593632
pilot_1790562436815,unblock_N1000_c3,0,2026-09-28T05:41:52.902Z,zkSyncTestnet,300,sepolia.era.zksync.dev,unblock,1000,3,8300,0xa3a797057e8c69402173bd7b73184541da01122e52bc9f2c845bbf78a8765c90,11672019.532458,11677010.007541,4990.475083000958,86519,25000000,,success,1,0,,,8593632
pilot_1790562436815,unblock_N1000_c3,0,2026-09-28T05:41:52.913Z,zkSyncTestnet,300,sepolia.era.zksync.dev,unblock,1000,3,8302,0x2eada4ca6db84ece6dd21e86473d8854cb1d77c0b370e0491e53fed6d254f3f8,11674644.223208,11677020.896666,2376.6734579987824,86513,25000000,,success,1,0,,,8593633
pilot_1790562436815,unblock_N1000_c3,0,2026-09-28T05:41:55.251Z,zkSyncTestnet,300,sepolia.era.zksync.dev,unblock,1000,3,8303,0x9a121767afcccfbdae44bf6050bffef6b4b75bc98eaabee3f66b83b9df0896c2,11676222.993041,11679359.0195,3136.0264590010047,86513,25000000,,success,1,0,,,8593634
pilot_1790562436815,unblock_N1000_c3,0,2026-09-28T05:41:56.413Z,zkSyncTestnet,300,sepolia.era.zksync.dev,unblock,1000,3,8304,0x2615a9cf51c87fd9716ed918c9d910ccc10e696ecffda44cec027f4ff2aaa218,11677010.199625,11680520.944875,3510.745249999687,86513,25000000,,success,1,0,,,8593635
pilot_1790562436815,unblock_N1000_c3,0,2026-09-28T05:41:56.877Z,zkSyncTestnet,300,sepolia.era.zksync.dev,unblock,1000,3,8305,0xa50b9b0c05a0cdb0c277e7a6e9f0ad68a3d97522c9425519a3d3d3d876a7b7ae,11677020.937375,11680984.497541,3963.5601659994572,86513,25000000,,success,1,0,,,8593636
pilot_1790562436815,unblock_N1000_c3,0,2026-09-28T05:41:57.751Z,zkSyncTestnet,300,sepolia.era.zksync.dev,unblock,1000,3,8306,0x08243897957c7dd639357a4351456636c752e1435ffd809124f3a876bb86247c,11679359.107833,11681859.040375,2499.932541999966,86513,25000000,,success,1,0,,,8593638
pilot_1790562436815,unblock_N1000_c3,0,2026-09-28T05:41:58.193Z,zkSyncTestnet,300,sepolia.era.zksync.dev,unblock,1000,3,8307,0x965b785434fdb63e554d4dfb082eaad8785bc545f0a4a2f3511bf0c6193a7d1c,11680521.057166,11682301.342166,1780.2849999982864,86519,25000000,,success,1,0,,,8593639
pilot_1790562436815,unblock_N1000_c3,0,2026-09-28T05:41:59.527Z,zkSyncTestnet,300,sepolia.era.zksync.dev,unblock,1000,3,8308,0x830869b209ca70e2e33c58f6d30c72bad28e098eff913488c589f5c024a1b504,11680984.680625,11683634.732375,2650.0517500005662,86519,25000000,,success,1,0,,,8593640
pilot_1790562436815,unblock_N1000_c3,0,2026-09-28T05:42:00.793Z,zkSyncTestnet,300,sepolia.era.zksync.dev,unblock,1000,3,8309,0xfa7dd3689d384630edb203070a46698f807c27242e5f8c26d690c87d9349dfe1,11681859.112833,11684900.433916,3041.32108299993,86519,25000000,,success,1,0,,,8593641
pilot_1790562436815,unblock_N1000_c3,0,2026-09-28T05:42:01.317Z,zkSyncTestnet,300,sepolia.era.zksync.dev,unblock,1000,3,8310,0x2ef9c9a76c294d1e45006c4287a1ca524de0ca066d5dabc3f34220827dc5d553,11682301.41975,11685425.016958,3123.5972080007195,86513,25000000,,success,1,0,,,8593642
pilot_1790562436815,unblock_N1000_c3,0,2026-09-28T05:42:01.397Z,zkSyncTestnet,300,sepolia.era.zksync.dev,unblock,1000,3,8311,0x031ee774bccf5c5ee40607297f98c3ddd4a58d590eca34d680882bb0a50f6c22,11683634.929291,11685505.022416,1870.0931249987334,86513,25000000,,success,1,0,,,8593642
pilot_1790562436815,unblock_N1000_c3,0,2026-09-28T05:42:03.622Z,zkSyncTestnet,300,sepolia.era.zksync.dev,unblock,1000,3,8312,0xad95d8c0b97ee7dea5d3bd8d7eee5962402680bea615bd90e21ad856cebd80d4,11684900.52725,11687729.729708,2829.2024579998106,86513,25000000,,success,1,0,,,8593643
pilot_1790562436815,unblock_N1000_c3,0,2026-09-28T05:42:04.668Z,zkSyncTestnet,300,sepolia.era.zksync.dev,unblock,1000,3,8313,0x8cf6d57310512d6d9a1f9668a7eee9f29d03875b5ca7edd510c5ee66c7981fb9,11685425.078625,11688775.516583,3350.437958000228,86519,25000000,,success,1,0,,,8593644
pilot_1790562436815,unblock_N1000_c3,0,2026-09-28T05:42:05.485Z,zkSyncTestnet,300,sepolia.era.zksync.dev,unblock,1000,3,8314,0x5305298a3fe29dffb5ca2c74997eb7c975c8c9df42b5e78cfe7209ec015e791e,11685505.079791,11689592.546625,4087.4668339993805,86513,25000000,,success,1,0,,,8593645
pilot_1790562436815,unblock_N1000_c3,0,2026-09-28T05:42:06.529Z,zkSyncTestnet,300,sepolia.era.zksync.dev,unblock,1000,3,8315,0x514b8917434b323fb02343136097b37d425aca0bf68d462adfd022e990160461,11687729.803666,11690636.9005,2907.0968340002,86519,25000000,,success,1,0,,,8593646
pilot_1790562436815,unblock_N1000_c3,0,2026-09-28T05:42:07.058Z,zkSyncTestnet,300,sepolia.era.zksync.dev,unblock,1000,3,8316,0x94697722efaa67b8e939f00ec41b82116c77e5299622c6db86dae3ab8fe4b7b4,11688775.713375,11691166.025041,2390.3116660006344,86519,25000000,,success,1,0,,,8593647
pilot_1790562436815,unblock_N1000_c3,0,2026-09-28T05:42:07.344Z,zkSyncTestnet,300,sepolia.era.zksync.dev,unblock,1000,3,8317,0x6f7057ed899024dc05a2598a65036c3450a7e7dbfa55f239bd83863f2b434dee,11689592.637958,11691451.761083,1859.1231249999255,86519,25000000,,success,1,0,,,8593648
pilot_1790562436815,unblock_N1000_c3,0,2026-09-28T05:42:08.860Z,zkSyncTestnet,300,sepolia.era.zksync.dev,unblock,1000,3,8318,0xd588004db65ec4613247f31a76ec2c17cebfd2666bf43974ba5e39e3c6b6b658,11690636.97,11692967.448,2330.478000000119,86513,25000000,,success,1,0,,,8593649
pilot_1790562436815,unblock_N1000_c3,0,2026-09-28T05:42:08.977Z,zkSyncTestnet,300,sepolia.era.zksync.dev,unblock,1000,3,8319,0x722c2fd987f1ed51914148b02432eccacbbe5041630faf70a8a59f784a463474,11691166.113916,11693084.997541,1918.8836249988526,86519,25000000,,success,1,0,,,8593649
pilot_1790562436815,unblock_N1000_c3,0,2026-09-28T05:42:10.095Z,zkSyncTestnet,300,sepolia.era.zksync.dev,unblock,1000,3,8320,0x35ddb777b6925bb3e1632e1e1752dc5d46f95aaeb69955a36b59044a3f3c1311,11691451.81575,11694203.1745,2751.358750000596,86519,25000000,,success,1,0,,,8593650
pilot_1790562436815,unblock_N1000_c3,0,2026-09-28T05:42:11.546Z,zkSyncTestnet,300,sepolia.era.zksync.dev,unblock,1000,3,8321,0x29414d1240276307087630120a43fb52466ed41690f150ee3c3759f832174b93,11692967.525875,11695654.366041,2686.8401659987867,86513,25000000,,success,1,0,,,8593652
pilot_1790562436815,unblock_N1000_c3,0,2026-09-28T05:42:11.778Z,zkSyncTestnet,300,sepolia.era.zksync.dev,unblock,1000,3,8322,0x3de81433eb6e0fc6484a7c9b03a240bc7205cd4eeb8f1590b3ce0efc788888f7,11693085.017625,11695885.666,2800.648374998942,86513,25000000,,success,1,0,,,8593653
pilot_1790562436815,unblock_N1000_c3,0,2026-09-28T05:42:12.579Z,zkSyncTestnet,300,sepolia.era.zksync.dev,unblock,1000,3,8323,0x9da1f3293cabc6b78e790a6cc4b33952e5ba311e1831d95c3fb9ae606ebf27b3,11694203.334958,11696687.025916,2483.6909580007195,86513,25000000,,success,1,0,,,8593654
pilot_1790562436815,unblock_N1000_c3,0,2026-09-28T05:42:13.350Z,zkSyncTestnet,300,sepolia.era.zksync.dev,unblock,1000,3,8324,0xf5c4aaf46ea7117f9b0a1a0f7c529d5d9d0bb474680347118b4d65e2b2642f53,11695654.539875,11697457.943458,1803.4035829994828,86513,25000000,,success,1,0,,,8593655
pilot_1790562436815,unblock_N1000_c3,0,2026-09-28T05:42:13.681Z,zkSyncTestnet,300,sepolia.era.zksync.dev,unblock,1000,3,8325,0x9894a9d3ee0234c0c623f6266242966d2e27ac342c5173bee49fa3ab2eb107b5,11695885.756458,11697788.761666,1903.0052080005407,86519,25000000,,success,1,0,,,8593656
pilot_1790562436815,unblock_N1000_c3,0,2026-09-28T05:42:14.428Z,zkSyncTestnet,300,sepolia.era.zksync.dev,unblock,1000,3,8326,0xd10cf26ddea0dac98394acd985eb4a8853d2f7d34998156409713b1f4f8644ce,11696687.185583,11698535.607208,1848.421625001356,86513,25000000,,success,1,0,,,8593657
pilot_1790562436815,unblock_N1000_c3,0,2026-09-28T05:42:15.183Z,zkSyncTestnet,300,sepolia.era.zksync.dev,unblock,1000,3,8327,0xe880400115cff4ba8013d54e970b0fdb92b0aa7f5b5050f0ea58fbea3eb52a13,11697458.014791,11699290.651166,1832.6363749988377,86513,25000000,,success,1,0,,,8593658
pilot_1790562436815,unblock_N1000_c3,0,2026-09-28T05:42:17.555Z,zkSyncTestnet,300,sepolia.era.zksync.dev,unblock,1000,3,8328,0x5179b6860860d05301c4e213be4a96c92ed0f4f57dd9939f1488e1eb9c9258a9,11697788.87,11701662.636583,3873.766583001241,86513,25000000,,success,1,0,,,8593659
pilot_1790562436815,unblock_N1000_c3,0,2026-09-28T05:42:18.066Z,zkSyncTestnet,300,sepolia.era.zksync.dev,unblock,1000,3,8329,0x770e9a6385023cd653e0be6f26e1b1b13706b6d73e5172dcbcad855c3f0c3c86,11698535.684958,11702173.574208,3637.889250000939,86513,25000000,,success,1,0,,,8593660
pilot_1790562436815,unblock_N1000_c3,0,2026-09-28T05:42:19.375Z,zkSyncTestnet,300,sepolia.era.zksync.dev,unblock,1000,3,8331,0x3ad5e9c919f89e3b2ebfb28d2ffc5c8883b8c7bd2f3df68bd3345a514271a3a6,11701662.738875,11703483.125333,1820.3864580001682,86519,25000000,,success,1,0,,,8593662
pilot_1790562436815,unblock_N1000_c3,0,2026-09-28T05:42:19.425Z,zkSyncTestnet,300,sepolia.era.zksync.dev,unblock,1000,3,8330,0x6b7a41d0b5a3e369f387d90c7b68baa7fcb25a164b55445c8a9ea6e3e9ad5445,11699290.727541,11703532.672291,4241.944749999791,86519,25000000,,success,1,0,,,8593661
pilot_1790562436815,unblock_N1000_c3,0,2026-09-28T05:42:19.941Z,zkSyncTestnet,300,sepolia.era.zksync.dev,unblock,1000,3,8332,0xac796913bfc0c8b580c4cf820ed1e8716fe5e724ee99b0057328f24ca24b0830,11702173.64425,11704048.8275,1875.1832500007004,86519,25000000,,success,1,0,,,8593663
pilot_1790562436815,unblock_N1000_c3,0,2026-09-28T05:42:21.213Z,zkSyncTestnet,300,sepolia.era.zksync.dev,unblock,1000,3,8333,0x36a588db7e11321807a8cf74316d9a89154e7e1c4061c0b1080f5eaaf92d72d9,11703483.202375,11705321.333541,1838.1311659999192,86513,25000000,,success,1,0,,,8593664
pilot_1790562436815,unblock_N1000_c3,0,2026-09-28T05:42:22.543Z,zkSyncTestnet,300,sepolia.era.zksync.dev,unblock,1000,3,8334,0x349b0c8f8c67593ceaf0a6e6ebf14ba309a6d1c59bd2d143e7fdab935504f1ed,11703532.692208,11706650.594,3117.901792000979,86519,25000000,,success,1,0,,,8593665
pilot_1790562436815,unblock_N1000_c3,0,2026-09-28T05:42:22.852Z,zkSyncTestnet,300,sepolia.era.zksync.dev,unblock,1000,3,8335,0x331f53c019bf7a0b61f0f446440b9037e2e9b3890d5b0b33709a2ad4daccae5c,11704048.8895,11706959.730208,2910.8407080005854,86519,25000000,,success,1,0,,,8593666
pilot_1790562436815,unblock_N1000_c3,0,2026-09-28T05:42:24.358Z,zkSyncTestnet,300,sepolia.era.zksync.dev,unblock,1000,3,8337,0x949f52a03ccd110bdf54df2b33b10fd842567c1b08714e3180710265cdf31643,11706650.694291,11708465.729458,1815.0351670011878,86519,25000000,,success,1,0,,,8593667
pilot_1790562436815,unblock_N1000_c3,0,2026-09-28T05:42:25.110Z,zkSyncTestnet,300,sepolia.era.zksync.dev,unblock,1000,3,8336,0xcb377c6e36f25ac2f97fa284acb12ac0a5f3c990a9072d8d7b9612db559ca4b0,11705321.43875,11709218.388375,3896.949624998495,86513,25000000,,success,1,0,,,8593667
pilot_1790562436815,unblock_N1000_c3,0,2026-09-28T05:42:26.211Z,zkSyncTestnet,300,sepolia.era.zksync.dev,unblock,1000,3,8339,0x4b879401c997259a7707f4257e8760c28134547e2c4926fc9e3449a44e87814f,11708465.814333,11710319.158083,1853.34375,86519,25000000,,success,1,0,,,8593669
pilot_1790562436815,unblock_N1000_c3,0,2026-09-28T05:42:26.470Z,zkSyncTestnet,300,sepolia.era.zksync.dev,unblock,1000,3,8338,0x515f28ef71756b554c654dd5bc2465f917f108893fb66a75375e4fe70d961650,11706959.822708,11710578.190583,3618.367875000462,86519,25000000,,success,1,0,,,8593669
pilot_1790562436815,unblock_N1000_c3,0,2026-09-28T05:42:27.870Z,zkSyncTestnet,300,sepolia.era.zksync.dev,unblock,1000,3,8340,0xa6aa26559f876c5b9f49af409c6529c3e02af3d47b4f862b49848e815824cc8d,11709218.573583,11711977.825541,2759.251958001405,86513,25000000,,success,1,0,,,8593670
pilot_1790562436815,unblock_N1000_c3,0,2026-09-28T05:42:28.030Z,zkSyncTestnet,300,sepolia.era.zksync.dev,unblock,1000,3,8341,0x35e7e63ebf3133246d426ba18b011f25ec89530230f4e2aec4663cfc87c854a5,11710319.25125,11712138.131416,1818.8801659997553,86519,25000000,,success,1,0,,,8593671
pilot_1790562436815,unblock_N1000_c3,0,2026-09-28T05:42:28.266Z,zkSyncTestnet,300,sepolia.era.zksync.dev,unblock,1000,3,8342,0x959cf9a5e9cf374ff6858b5c8f7cadde003d28f8bba6f16d1bbb921867992a17,11710578.296083,11712374.235958,1795.9398750010878,86513,25000000,,success,1,0,,,8593672
pilot_1790562436815,unblock_N1000_c3,0,2026-09-28T05:42:29.714Z,zkSyncTestnet,300,sepolia.era.zksync.dev,unblock,1000,3,8343,0x94c13c23deefdc4fccdbadc676e4bf8babb7eb4b9267f07b6da60e84c08937cc,11711978.029666,11713822.041958,1844.0122920013964,86513,25000000,,success,1,0,,,8593673
pilot_1790562436815,unblock_N1000_c3,0,2026-09-28T05:42:30.909Z,zkSyncTestnet,300,sepolia.era.zksync.dev,unblock,1000,3,8344,0x4cf373441e5f9a6dd6739d415d6cce70c9a9a5f9b56047b9562f2e74290fd1d4,11712138.30975,11715016.802958,2878.4932080004364,86519,25000000,,success,1,0,,,8593675
pilot_1790562436815,unblock_N1000_c3,0,2026-09-28T05:42:31.545Z,zkSyncTestnet,300,sepolia.era.zksync.dev,unblock,1000,3,8346,0xe905371fd4c613eeb391ebc27eee8b73d530fadf8b0af677545231c1a01236eb,11713822.212541,11715652.816583,1830.604041999206,86513,25000000,,success,1,0,,,8593676
pilot_1790562436815,unblock_N1000_c3,0,2026-09-28T05:42:32.255Z,zkSyncTestnet,300,sepolia.era.zksync.dev,unblock,1000,3,8345,0x04eb7b7513c668120757d16b762e38ba4cb73c6354d27d187447a2fe3fbed8bf,11712374.335583,11716362.885,3988.549417000264,86513,25000000,,success,1,0,,,8593676
pilot_1790562436815,unblock_N1000_c3,0,2026-09-28T05:42:34.321Z,zkSyncTestnet,300,sepolia.era.zksync.dev,unblock,1000,3,8347,0x73a582e3fd20848a4e6b55ee0288423c895bd3658cfb673613b85126fbc71383,11715016.8465,11718429.021,3412.174499999732,86394,25000000,,success,1,0,,,8593677
pilot_1790562436815,unblock_N1000_c3,0,2026-09-28T05:42:36.671Z,zkSyncTestnet,300,sepolia.era.zksync.dev,unblock,1000,3,8348,0x61807b0ee3c8a7f2a265d2817e810e1c7c10a21f1f5ac4d1faadbf95fa5c5117,11715652.911041,11720778.598958,5125.687916999683,86513,25000000,,success,1,0,,,8593678
pilot_1790562436815,unblock_N1000_c3,0,2026-09-28T05:42:37.541Z,zkSyncTestnet,300,sepolia.era.zksync.dev,unblock,1000,3,8349,0x00bdfa4740c7b7c095ace5d6b984be8cbf8ff462fe42636a41efc1fc9b785ae2,11716362.958125,11721649.071,5286.112874999642,86519,25000000,,success,1,0,,,8593679
pilot_1790562436815,unblock_N1000_c3,0,2026-09-28T05:42:37.989Z,zkSyncTestnet,300,sepolia.era.zksync.dev,unblock,1000,3,8350,0x4c79c70a0ab16a084d3505c0d762592bbbfd9c0a73e61e7d2866fcc75c0b7b3d,11718429.206083,11722097.344083,3668.138000000268,86519,25000000,,success,1,0,,,8593679
pilot_1790562436815,unblock_N1000_c3,0,2026-09-28T05:42:39.424Z,zkSyncTestnet,300,sepolia.era.zksync.dev,unblock,1000,3,8351,0x78a6a43f3b00fe3963c05d936a6985a30838561f7eb1f4cf1e11f777d8b27a04,11720778.685041,11723532.533958,2753.8489169999957,86513,25000000,,success,1,0,,,8593680
pilot_1790562436815,unblock_N1000_c3,0,2026-09-28T05:42:41.264Z,zkSyncTestnet,300,sepolia.era.zksync.dev,unblock,1000,3,8352,0xb15dea397a8d717c8ee78d7de8f13265401003904e9b2cffd6b2140119e0734b,11721649.154875,11725371.672666,3722.517791001126,86513,25000000,,success,1,0,,,8593681
pilot_1790562436815,unblock_N1000_c3,0,2026-09-28T05:42:41.281Z,zkSyncTestnet,300,sepolia.era.zksync.dev,unblock,1000,3,8353,0x287832596c1869e60cdd18627c0680672b86e91f976c89277ab32c70ff5f388f,11722097.421125,11725389.117125,3291.696000000462,86513,25000000,,success,1,0,,,8593682
pilot_1790562436815,unblock_N1000_c3,0,2026-09-28T05:42:42.766Z,zkSyncTestnet,300,sepolia.era.zksync.dev,unblock,1000,3,8354,0x6273eb28162b8305e3c02f61a569d1f426147ce9ea362a10df84e73c6a39e59e,11723532.616166,11726874.216208,3341.600042000413,86513,25000000,,success,1,0,,,8593683
pilot_1790562436815,unblock_N1000_c3,0,2026-09-28T05:42:44.089Z,zkSyncTestnet,300,sepolia.era.zksync.dev,unblock,1000,3,8356,0x4920639a1e544191d0e8c4cc712599887c61cd8da5e1638783814ebd012a179f,11725389.206458,11728196.839208,2807.632749998942,86513,25000000,,success,1,0,,,8593685
pilot_1790562436815,unblock_N1000_c3,0,2026-09-28T05:42:44.276Z,zkSyncTestnet,300,sepolia.era.zksync.dev,unblock,1000,3,8355,0x1700620ef49bdb60aaa6898c2b420191fed37bdd13613ab24c03620ff3960f77,11725371.7615,11728383.732833,3011.971333000809,86513,25000000,,success,1,0,,,8593684
pilot_1790562436815,unblock_N1000_c3,0,2026-09-28T05:42:48.085Z,zkSyncTestnet,300,sepolia.era.zksync.dev,unblock,1000,3,8357,0x9248f6b788e07c90c896a61c4e6be76dfd3e2d7120009055e96f568a7689d1ac,11726874.37575,11732192.734208,5318.358458001167,86513,25000000,,success,1,0,,,8593686
pilot_1790562436815,unblock_N1000_c3,0,2026-09-28T05:42:48.844Z,zkSyncTestnet,300,sepolia.era.zksync.dev,unblock,1000,3,8358,0x8adb40b1d0e507cab956de7b70305602c529d95f27b76ef7fa0ed4fd867eaa32,11728196.993458,11732952.431666,4755.438208000734,86519,25000000,,success,1,0,,,8593687
pilot_1790562436815,unblock_N1000_c3,0,2026-09-28T05:42:50.047Z,zkSyncTestnet,300,sepolia.era.zksync.dev,unblock,1000,3,8360,0x06eeb35c74ebab2798568c1b330bf6d71f100f7277c97fbe804c256a9948af93,11732192.815791,11734155.550666,1962.7348750010133,86513,25000000,,success,1,0,,,8593689
pilot_1790562436815,unblock_N1000_c3,0,2026-09-28T05:42:50.407Z,zkSyncTestnet,300,sepolia.era.zksync.dev,unblock,1000,3,8359,0x90646af77167a4d59679fb707cc960dfc9ffcfecf8f68e11c1f0ff38e9fe8851,11728383.847208,11734515.58325,6131.736041998491,86513,25000000,,success,1,0,,,8593688
pilot_1790562436815,unblock_N1000_c3,0,2026-09-28T05:42:51.481Z,zkSyncTestnet,300,sepolia.era.zksync.dev,unblock,1000,3,8361,0x73a70037336f78ed8e5905585b5552a258f3ecc28f3743d8352275518418a578,11732952.531958,11735589.29925,2636.7672919984907,86513,25000000,,success,1,0,,,8593691
pilot_1790562436815,unblock_N1000_c3,0,2026-09-28T05:42:53.017Z,zkSyncTestnet,300,sepolia.era.zksync.dev,unblock,1000,3,8362,0x1a471e8421c6e24f2eb45566bc5832ecf5825d447ee947dccfac774896a11006,11734155.644,11737124.962958,2969.3189580012113,86519,25000000,,success,1,0,,,8593692
pilot_1790562436815,unblock_N1000_c3,0,2026-09-28T05:42:54.050Z,zkSyncTestnet,300,sepolia.era.zksync.dev,unblock,1000,3,8363,0x77b36025c6511d5e5690e1d5c913ad34d834e9c0126ffe673aa5b650fdd5f18c,11734515.660083,11738158.415,3642.754916999489,86519,25000000,,success,1,0,,,8593693
pilot_1790562436815,unblock_N1000_c3,0,2026-09-28T05:42:54.299Z,zkSyncTestnet,300,sepolia.era.zksync.dev,unblock,1000,3,8364,0xe9b9d354eb19903239727694519f37288515241ca05d2b00dc88b0298334dda1,11735589.491333,11738407.208916,2817.7175829987973,86519,25000000,,success,1,0,,,8593693
pilot_1790562436815,unblock_N1000_c3,0,2026-09-28T05:42:54.884Z,zkSyncTestnet,300,sepolia.era.zksync.dev,unblock,1000,3,8365,0xa10d6fae1bd064a4eba4899f10737e2b3233d27b12ea91cf01940617d77f6805,11737125.040833,11738992.124375,1867.0835420005023,86513,25000000,,success,1,0,,,8593694
pilot_1790562436815,unblock_N1000_c3,0,2026-09-28T05:42:55.880Z,zkSyncTestnet,300,sepolia.era.zksync.dev,unblock,1000,3,8366,0x660287d6c5ee6a28860f20bd05ff52eb723d2c2648daa723b69f379e7d727380,11738158.505541,11739988.20775,1829.7022089995444,86513,25000000,,success,1,0,,,8593695
pilot_1790562436815,unblock_N1000_c3,0,2026-09-28T05:42:56.089Z,zkSyncTestnet,300,sepolia.era.zksync.dev,unblock,1000,3,8367,0x146e011df273c994877be8da166531215ef5aae64161515730d9aae2e2aaaef2,11738407.300625,11740197.055416,1789.7547909989953,86519,25000000,,success,1,0,,,8593695
pilot_1790562436815,unblock_N1000_c3,0,2026-09-28T05:42:56.867Z,zkSyncTestnet,300,sepolia.era.zksync.dev,unblock,1000,3,8368,0xa39e4405fbc242bfb6b56dc9352aedf062763d6987e54f658eab10fbee5f800f,11738992.192875,11740975.133208,1982.940332999453,86513,25000000,,success,1,0,,,8593696
pilot_1790562436815,unblock_N1000_c3,0,2026-09-28T05:42:58.963Z,zkSyncTestnet,300,sepolia.era.zksync.dev,unblock,1000,3,8370,0x3373a0ddd8321f39a8ba0b3c1313421a38aa2be1463a43e51dcc27af83be4d5d,11740197.23025,11743071.258708,2874.028458001092,86519,25000000,,success,1,0,,,8593698
pilot_1790562436815,unblock_N1000_c3,0,2026-09-28T05:42:58.965Z,zkSyncTestnet,300,sepolia.era.zksync.dev,unblock,1000,3,8369,0xc1d3a04df8cd6f04037db98c10464835b7e6088c3599209f5c038d32c55e3783,11739988.323958,11743073.203333,3084.879374999553,86519,25000000,,success,1,0,,,8593697
pilot_1790562436815,unblock_N1000_c3,0,2026-09-28T05:42:59.533Z,zkSyncTestnet,300,sepolia.era.zksync.dev,unblock,1000,3,8371,0x606271d9838e4a6c4eb5ae0bc67102d4c03dc20d45cca4adce52aebc2070cfe6,11740975.216708,11743640.727875,2665.5111669991165,86519,25000000,,success,1,0,,,8593699
pilot_1790562436815,unblock_N1000_c3,0,2026-09-28T05:43:00.784Z,zkSyncTestnet,300,sepolia.era.zksync.dev,unblock,1000,3,8372,0x10333db3de86fbd6ceb16b64642fc0f0138b5b894131840d3030790f032ea9b1,11743071.347708,11744892.072458,1820.7247500009835,86513,25000000,,success,1,0,,,8593700
pilot_1790562436815,unblock_N1000_c3,0,2026-09-28T05:43:02.010Z,zkSyncTestnet,300,sepolia.era.zksync.dev,unblock,1000,3,8373,0xbcd6069f94e5ef05a2f1448db2edcaaa7d2259058444ded82e6f8e99e767ca03,11743073.213041,11746118.24675,3045.033709000796,86513,25000000,,success,1,0,,,8593701
pilot_1790562436815,unblock_N1000_c3,0,2026-09-28T05:43:02.013Z,zkSyncTestnet,300,sepolia.era.zksync.dev,unblock,1000,3,8374,0x33426610965317ddfb0844e316ac68fc507f802c73d7f934b736f4ea02d9ec0b,11743640.79725,11746120.707208,2479.9099579993635,86519,25000000,,success,1,0,,,8593701
pilot_1790562436815,unblock_N1000_c3,0,2026-09-28T05:43:03.291Z,zkSyncTestnet,300,sepolia.era.zksync.dev,unblock,1000,3,8375,0xfd2e267ad48c8db9d58e6afb38d84a41793655c531c88248f79b2b3a38cb281d,11744892.119041,11747398.830875,2506.7118340004236,86513,25000000,,success,1,0,,,8593702
pilot_1790562436815,unblock_N1000_c3,0,2026-09-28T05:43:04.727Z,zkSyncTestnet,300,sepolia.era.zksync.dev,unblock,1000,3,8376,0xa99a2c1a7124aa301874c2df216e8e8d77f727b2c3276423074e0edbc244accd,11746118.422583,11748835.447458,2717.024875000119,86513,25000000,,success,1,0,,,8593703
pilot_1790562436815,unblock_N1000_c3,0,2026-09-28T05:43:05.250Z,zkSyncTestnet,300,sepolia.era.zksync.dev,unblock,1000,3,8377,0xd380c25564256c8880cb25c2b0d13048f22725c17fb5f0af06dd0fbac1871e8f,11746120.726,11749357.880083,3237.154083000496,86519,25000000,,success,1,0,,,8593704
pilot_1790562436815,unblock_N1000_c3,0,2026-09-28T05:43:05.266Z,zkSyncTestnet,300,sepolia.era.zksync.dev,unblock,1000,3,8378,0x40b8833384b83be27aa208b1353c84798f50b17529037cb93f3d82bf269cf1ba,11747399.0135,11749373.972375,1974.9588750004768,86513,25000000,,success,1,0,,,8593704
pilot_1790562436815,unblock_N1000_c3,0,2026-09-28T05:43:07.350Z,zkSyncTestnet,300,sepolia.era.zksync.dev,unblock,1000,3,8379,0xc77a4cc36da10b4871eebf5634a4e6b03718fc74dcbb6aaf9a322c9847cce01e,11748835.51575,11751457.887958,2622.3722079992294,86513,25000000,,success,1,0,,,8593705
pilot_1790562436815,unblock_N1000_c3,0,2026-09-28T05:43:08.937Z,zkSyncTestnet,300,sepolia.era.zksync.dev,unblock,1000,3,8380,0x6c83d8b38644321bab2f850bbc836f51219fe97108cde343cb681fc57fb22f18,11749357.973583,11753045.140041,3687.1664579994977,86513,25000000,,success,1,0,,,8593707
pilot_1790562436815,unblock_N1000_c3,0,2026-09-28T05:43:09.223Z,zkSyncTestnet,300,sepolia.era.zksync.dev,unblock,1000,3,8382,0x9ab5e87a9ccca50efaac4ca437294f962626a31adbbbc6a9b6112ecf39845afb,11751457.972625,11753330.838041,1872.8654159996659,86513,25000000,,success,1,0,,,8593708
pilot_1790562436815,unblock_N1000_c3,0,2026-09-28T05:43:09.695Z,zkSyncTestnet,300,sepolia.era.zksync.dev,unblock,1000,3,8381,0x85ae4c4d8035973fdaf82be37c87607fed83c35445a987eda223380d83d27b73,11749374.059,11753803.661166,4429.602165998891,86519,25000000,,success,1,0,,,8593707
pilot_1790562436815,unblock_N1000_c3,0,2026-09-28T05:44:14.276Z,zkSyncTestnet,300,sepolia.era.zksync.dev,unblock,1000,3,8383,0x11fd6622241eba4fd1a390046d1313a569fce7e915ed2509c149c07ff20c6062,11753045.333833,11818384.18575,65338.85191700049,140948,25000000,,success,1,0,,,8593710
pilot_1790562436815,unblock_N1000_c3,0,2026-09-28T05:44:14.607Z,zkSyncTestnet,300,sepolia.era.zksync.dev,unblock,1000,3,8384,0xe726c96577ba67d83660e184e62c2e55e189c419a2d81a5a3004e64fc0ec7000,11753330.997458,11818715.229333,65384.23187500052,94293,25000000,,success,1,0,,,8593711
pilot_1790562436815,unblock_N1000_c3,0,2026-09-28T05:44:15.034Z,zkSyncTestnet,300,sepolia.era.zksync.dev,unblock,1000,3,8385,0x90d92e9819f0d18a94332dd1490ba8a7313648048cf0098f28a28667ae91be04,11753803.753791,11819142.535041,65338.78125,94293,25000000,,success,1,0,,,8593711
pilot_1790562436815,unblock_N1000_c3,0,2026-09-28T05:44:16.154Z,zkSyncTestnet,300,sepolia.era.zksync.dev,unblock,1000,3,8386,0xb0e62b48f277eb754a6d4a68ddc5f59bf80695e90afc37abd5a1a7398bd75bda,11818384.552458,11820262.737875,1878.1854170002043,94299,25000000,,success,1,0,,,8593712
pilot_1790562436815,unblock_N1000_c3,0,2026-09-28T05:44:16.552Z,zkSyncTestnet,300,sepolia.era.zksync.dev,unblock,1000,3,8387,0x5fccfafb740784a62f6458f5678a268587f66e2fea13cec12e35fff01897e470,11818715.325208,11820661.007541,1945.6823330000043,94293,25000000,,success,1,0,,,8593713
pilot_1790562436815,unblock_N1000_c3,0,2026-09-28T05:44:17.076Z,zkSyncTestnet,300,sepolia.era.zksync.dev,unblock,1000,3,8388,0x7ae512d8ad81d49b0e59435a4917d56d0d26a49c698f8d39f0717f092ff31187,11819142.723166,11821184.539916,2041.8167499992996,94293,25000000,,success,1,0,,,8593714
pilot_1790562436815,unblock_N1000_c3,0,2026-09-28T05:44:18.127Z,zkSyncTestnet,300,sepolia.era.zksync.dev,unblock,1000,3,8389,0xf49821f452a9c5e27e83d27731fd40307c0f99c9ea760225045b8966aac552e2,11820262.870291,11822235.47825,1972.6079590003937,94293,25000000,,success,1,0,,,8593715
pilot_1790562436815,unblock_N1000_c3,0,2026-09-28T05:44:18.429Z,zkSyncTestnet,300,sepolia.era.zksync.dev,unblock,1000,3,8390,0x5b0b51acc1571fa81610d46569faf781b27c4985fd63019d9a5f0ba209254189,11820661.171916,11822537.750625,1876.578708998859,94293,25000000,,success,1,0,,,8593715
pilot_1790562436815,unblock_N1000_c3,0,2026-09-28T05:44:19.034Z,zkSyncTestnet,300,sepolia.era.zksync.dev,unblock,1000,3,8391,0x52b81a3842e1fc71125d183e0cfc457ee4bf861bbaa8792f380e9d744c56cb08,11821184.612375,11823142.883291,1958.2709160000086,94299,25000000,,success,1,0,,,8593716
pilot_1790562436815,unblock_N1000_c3,0,2026-09-28T05:44:20.220Z,zkSyncTestnet,300,sepolia.era.zksync.dev,unblock,1000,3,8392,0xb9036d2af6f7b64d0d48c7b1d87e291f939a1b3b3171757204406eebb215c683,11822235.568083,11824328.200875,2092.6327919997275,94299,25000000,,success,1,0,,,8593717
pilot_1790562436815,unblock_N1000_c3,0,2026-09-28T05:44:20.501Z,zkSyncTestnet,300,sepolia.era.zksync.dev,unblock,1000,3,8393,0xb9d6d61251b20daafb28828a4329f73d730d6a179af61b18fb93afe6d2a574e4,11822537.921083,11824609.209208,2071.288125000894,94299,25000000,,success,1,0,,,8593717
pilot_1790562436815,unblock_N1000_c3,0,2026-09-28T05:44:21.796Z,zkSyncTestnet,300,sepolia.era.zksync.dev,unblock,1000,3,8394,0x6f24f4a6300209ea84d872cfa8763eedee9ccd5f0f9c6e97be8f311e1b36f56f,11823142.954166,11825904.506083,2761.5519169997424,94293,25000000,,success,1,0,,,8593718
pilot_1790562436815,unblock_N1000_c3,0,2026-09-28T05:44:22.095Z,zkSyncTestnet,300,sepolia.era.zksync.dev,unblock,1000,3,8395,0x32efc4d27baf45397705a163fd33ca09ad6cc4a50f20c16b27517d87c87438c2,11824328.281916,11826204.010583,1875.7286670003086,94293,25000000,,success,1,0,,,8593719
pilot_1790562436815,unblock_N1000_c3,0,2026-09-28T05:44:24.427Z,zkSyncTestnet,300,sepolia.era.zksync.dev,unblock,1000,3,8396,0xc0069316fc0ab714e5119388992cc0201ed57c937f83370b93dc38a59c377716,11824609.278166,11828535.943833,3926.6656669992954,94293,25000000,,success,1,0,,,8593720
pilot_1790562436815,unblock_N1000_c3,0,2026-09-28T05:44:25.570Z,zkSyncTestnet,300,sepolia.era.zksync.dev,unblock,1000,3,8397,0xfcbb59a07ba743b543bfddae085c5bb81d6d1e4172c349d0d8422f2e8e558afc,11825904.56925,11829678.105208,3773.5359579995275,94299,25000000,,success,1,0,,,8593722
pilot_1790562436815,unblock_N1000_c3,0,2026-09-28T05:44:25.874Z,zkSyncTestnet,300,sepolia.era.zksync.dev,unblock,1000,3,8398,0x3b958cfac8f4fa10d9cc07cb1f9a25913e6d8485231db6359b2df04770c44b04,11826204.089083,11829982.740875,3778.651792000979,94299,25000000,,success,1,0,,,8593723
pilot_1790562436815,unblock_N1000_c3,0,2026-09-28T05:44:26.300Z,zkSyncTestnet,300,sepolia.era.zksync.dev,unblock,1000,3,8399,0x0d99b228ca33fbb2d5b79812b5ab014a8f95add9d7aeef93f7ec54dd3209bcb9,11828536.10375,11830408.836416,1872.7326660007238,94293,25000000,,success,1,0,,,8593724
pilot_1790562436815,unblock_N1000_c3,0,2026-09-28T05:44:27.635Z,zkSyncTestnet,300,sepolia.era.zksync.dev,unblock,1000,3,8400,0x3acbf360899baa5011da35a45e85b8c6214c0800f84c86eb70733e301161ced0,11829678.257166,11831743.821125,2065.563959000632,94293,25000000,,success,1,0,,,8593725
pilot_1790562436815,unblock_N1000_c3,0,2026-09-28T05:44:28.632Z,zkSyncTestnet,300,sepolia.era.zksync.dev,unblock,1000,3,8401,0x7bb75f4e01b28cd1ab6687889582f74d85fa3beff66f6706e42b861835b46d44,11829982.915458,11832741.05275,2758.1372920013964,94299,25000000,,success,1,0,,,8593726
pilot_1790562436815,unblock_N1000_c3,0,2026-09-28T05:44:28.989Z,zkSyncTestnet,300,sepolia.era.zksync.dev,unblock,1000,3,8402,0x5e7d6329ca29f58603323edd6dc006366e3a24d96c1766eccb3e4de707c8d44f,11830408.885791,11833097.157125,2688.271333999932,94299,25000000,,success,1,0,,,8593726
pilot_1790562436815,unblock_N1000_c3,0,2026-09-28T05:44:29.659Z,zkSyncTestnet,300,sepolia.era.zksync.dev,unblock,1000,3,8403,0x77fc1524bedfca07d6c27128a27cbf31983887e8d4341ea2564919d2ce0a042b,11831744.014875,11833767.359666,2023.3447909988463,94299,25000000,,success,1,0,,,8593727
pilot_1790562436815,unblock_N1000_c3,0,2026-09-28T05:44:30.540Z,zkSyncTestnet,300,sepolia.era.zksync.dev,unblock,1000,3,8404,0x64736b73f4062730732ada35faa247f2ded25cd9b20ced6e29263ddd4960492d,11832741.149166,11834648.191208,1907.0420420002192,94293,25000000,,success,1,0,,,8593728
pilot_1790562436815,unblock_N1000_c3,0,2026-09-28T05:44:30.963Z,zkSyncTestnet,300,sepolia.era.zksync.dev,unblock,1000,3,8405,0x4a5de6ccd29d79e1b8374077e37947c28c580dd490ad25078c3ac9f1a7800117,11833097.327833,11835071.119708,1973.7918749991804,94293,25000000,,success,1,0,,,8593728
pilot_1790562436815,unblock_N1000_c3,0,2026-09-28T05:44:31.624Z,zkSyncTestnet,300,sepolia.era.zksync.dev,unblock,1000,3,8406,0xe59675a0caa0572d2a83d291418a98e171000e1b575351bb58f9854cf89e9570,11833767.55075,11835732.788666,1965.2379160001874,94293,25000000,,success,1,0,,,8593729
pilot_1790562436815,unblock_N1000_c3,0,2026-09-28T05:44:32.909Z,zkSyncTestnet,300,sepolia.era.zksync.dev,unblock,1000,3,8408,0x0dc31f04562720645010219181384da4116b861197e69d17d97fa28881b9a638,11835071.231083,11837017.432541,1946.2014579996467,94299,25000000,,success,1,0,,,8593731
pilot_1790562436815,unblock_N1000_c3,0,2026-09-28T05:44:33.624Z,zkSyncTestnet,300,sepolia.era.zksync.dev,unblock,1000,3,8407,0x25804b69b005945f2393f49e10d507927197a10ad1de06e7a84f96fefba6084e,11834648.262416,11837732.863125,3084.6007090006024,94299,25000000,,success,1,0,,,8593730
pilot_1790562436815,unblock_N1000_c3,0,2026-09-28T05:44:34.899Z,zkSyncTestnet,300,sepolia.era.zksync.dev,unblock,1000,3,8409,0x255a4033cbb2f9ac996e7c4dd8c01fd0b3899d703f606e657696cfe094c1607e,11835732.845958,11839007.719083,3274.8731249999255,94293,25000000,,success,1,0,,,8593732
pilot_1790562436815,unblock_N1000_c3,0,2026-09-28T05:44:35.500Z,zkSyncTestnet,300,sepolia.era.zksync.dev,unblock,1000,3,8410,0xe2841fdc6e5486b3334ba6513241d19cdfe8045f36683fc994a4a770ccab9274,11837017.61075,11839609.070208,2591.4594579990953,94299,25000000,,success,1,0,,,8593733
pilot_1790562436815,unblock_N1000_c3,0,2026-09-28T05:44:36.334Z,zkSyncTestnet,300,sepolia.era.zksync.dev,unblock,1000,3,8411,0x65a97a3c1b2df88245b5fed92a236168cd6c4edfee890ff3b90949583a5043e4,11837733.0065,11840442.845458,2709.8389580007643,94299,25000000,,success,1,0,,,8593734
pilot_1790562436815,unblock_N1000_c3,0,2026-09-28T05:44:36.792Z,zkSyncTestnet,300,sepolia.era.zksync.dev,unblock,1000,3,8412,0xa04b64ef24caaa3965da5d0d9b57c4d7c0b0b743e3a6f58518c2c1779604607c,11839007.800166,11840900.753583,1892.9534169994295,94299,25000000,,success,1,0,,,8593735
pilot_1790562436815,unblock_N1000_c3,0,2026-09-28T05:44:37.386Z,zkSyncTestnet,300,sepolia.era.zksync.dev,unblock,1000,3,8413,0x34c75040d60cef7cd400d7160aa5793ce98effa528e7f050aca485b42cb96a76,11839609.189958,11841494.535208,1885.3452499993145,94299,25000000,,success,1,0,,,8593736
pilot_1790562436815,unblock_N1000_c3,0,2026-09-28T05:44:38.315Z,zkSyncTestnet,300,sepolia.era.zksync.dev,unblock,1000,3,8414,0x83ca62bb3d451c195572968449157e11f387234c4b6fce1aca0accb95458fc9d,11840442.940791,11842423.577708,1980.6369170006365,94299,25000000,,success,1,0,,,8593737
pilot_1790562436815,unblock_N1000_c3,0,2026-09-28T05:44:38.862Z,zkSyncTestnet,300,sepolia.era.zksync.dev,unblock,1000,3,8415,0xa30c6b9456ab8177469e2712c2e99573620c083f0f2f633c961b9ba30fdd3524,11840900.951583,11842970.322,2069.370417000726,94299,25000000,,success,1,0,,,8593738
pilot_1790562436815,unblock_N1000_c3,0,2026-09-28T05:44:40.276Z,zkSyncTestnet,300,sepolia.era.zksync.dev,unblock,1000,3,8416,0x946e225f5a75f015e6a06fb2952278dc73b06fd86b8b360e64345c7cc37f2cb0,11841494.646041,11844385.138291,2890.4922499991953,94293,25000000,,success,1,0,,,8593739
pilot_1790562436815,unblock_N1000_c3,0,2026-09-28T05:44:40.911Z,zkSyncTestnet,300,sepolia.era.zksync.dev,unblock,1000,3,8417,0x5f00f47b9be5a0e60254fd79c6e9d2488be4322c09c8bb0055c2f6200a09e507,11842423.658375,11845019.670958,2596.012582998723,94293,25000000,,success,1,0,,,8593740
pilot_1790562436815,unblock_N1000_c3,0,2026-09-28T05:44:42.075Z,zkSyncTestnet,300,sepolia.era.zksync.dev,unblock,1000,3,8418,0x9457e17fde2cdea78f742f7015ec89d1448f01277b0ab378a716067f3f4e5ee6,11842970.39075,11846183.672583,3213.281833000481,94293,25000000,,success,1,0,,,8593741
pilot_1790562436815,unblock_N1000_c3,0,2026-09-28T05:44:43.619Z,zkSyncTestnet,300,sepolia.era.zksync.dev,unblock,1000,3,8419,0x032e5d782e45f8a65a495dd16e653053cbee11fb2ee1271d4766537a65c6b82a,11844385.234958,11847728.005541,3342.770583000034,94293,25000000,,success,1,0,,,8593742
pilot_1790562436815,unblock_N1000_c3,0,2026-09-28T05:44:44.607Z,zkSyncTestnet,300,sepolia.era.zksync.dev,unblock,1000,3,8420,0xd5b4790700d3599e9df9192b1473469d4eac5cceb2367ac1156cf450e9baa1a2,11845019.738375,11848715.590625,3695.8522499985993,94293,25000000,,success,1,0,,,8593743
pilot_1790562436815,unblock_N1000_c3,0,2026-09-28T05:44:46.081Z,zkSyncTestnet,300,sepolia.era.zksync.dev,unblock,1000,3,8421,0xe6a57bb8cb056f2faa33a666812d05ea8f03f089bd5203de4979eadd4fc22856,11846183.866041,11850189.7535,4005.8874590005726,94293,25000000,,success,1,0,,,8593744
pilot_1790562436815,unblock_N1000_c3,0,2026-09-28T05:44:46.486Z,zkSyncTestnet,300,sepolia.era.zksync.dev,unblock,1000,3,8423,0xc6c40d539bfee3dbd1cfb48f0d387839b1947d3935124be31c13d74b4c8687c1,11848715.675958,11850594.745083,1879.0691250003874,94299,25000000,,success,1,0,,,8593745
pilot_1790562436815,unblock_N1000_c3,0,2026-09-28T05:44:46.792Z,zkSyncTestnet,300,sepolia.era.zksync.dev,unblock,1000,3,8422,0x83c4a14969a13568411845929583d8abedd63f4b94e9590182c6dae26130c4a2,11847728.076666,11850900.568583,3172.4919170010835,94299,25000000,,success,1,0,,,8593745
pilot_1790562436815,unblock_N1000_c3,0,2026-09-28T05:44:48.007Z,zkSyncTestnet,300,sepolia.era.zksync.dev,unblock,1000,3,8424,0xb4bb2a19dabfa6b7bea2bebc6735c01d007fe01997706c477de63e27e049ee0d,11850189.840333,11852115.726458,1925.8861250001937,94299,25000000,,success,1,0,,,8593746
pilot_1790562436815,unblock_N1000_c3,0,2026-09-28T05:44:48.340Z,zkSyncTestnet,300,sepolia.era.zksync.dev,unblock,1000,3,8425,0x56a67ace99393a8213d4e7fb339eea166188d1d211c326385fdc108b5b30f376,11850594.923166,11852448.696291,1853.773125000298,94299,25000000,,success,1,0,,,8593747
pilot_1790562436815,unblock_N1000_c3,0,2026-09-28T05:44:48.668Z,zkSyncTestnet,300,sepolia.era.zksync.dev,unblock,1000,3,8426,0x8d05b28b3e99fa028351a72002af65f7413ba3cfe87358d9dd395228b1b97a46,11850900.755333,11852776.742916,1875.9875829983503,94299,25000000,,success,1,0,,,8593748
pilot_1790562436815,unblock_N1000_c3,0,2026-09-28T05:44:49.958Z,zkSyncTestnet,300,sepolia.era.zksync.dev,unblock,1000,3,8427,0xb78b75ddb9668d471192e83df2eac71a8bbe608a31be54af85562d07b1c3b82e,11852115.906458,11854067.120166,1951.2137080002576,94299,25000000,,success,1,0,,,8593749
pilot_1790562436815,unblock_N1000_c3,0,2026-09-28T05:44:51.193Z,zkSyncTestnet,300,sepolia.era.zksync.dev,unblock,1000,3,8428,0xd9bcf517b956c28883e768d467d834cc38b6fc6256fa9adf4b68d0cdf533bcd4,11852448.784291,11855301.817583,2853.0332920011133,94299,25000000,,success,1,0,,,8593750
pilot_1790562436815,unblock_N1000_c3,0,2026-09-28T05:44:51.415Z,zkSyncTestnet,300,sepolia.era.zksync.dev,unblock,1000,3,8429,0xbdeb89e4141d9971ac17b2f407db2cb297f28cb085e91bf0d50da322b6ce3ec9,11852776.911416,11855523.623958,2746.712542001158,94299,25000000,,success,1,0,,,8593751
pilot_1790562436815,unblock_N1000_c3,0,2026-09-28T05:44:52.880Z,zkSyncTestnet,300,sepolia.era.zksync.dev,unblock,1000,3,8430,0x51b6922b7f9961914c6e0aadda3f476d4f8a61866b0a0a32598ec19256751f26,11854067.204208,11856988.925083,2921.720875000581,94293,25000000,,success,1,0,,,8593752
pilot_1790562436815,unblock_N1000_c3,0,2026-09-28T05:44:53.136Z,zkSyncTestnet,300,sepolia.era.zksync.dev,unblock,1000,3,8431,0x2307091ddecda4106c81dde3bd6417679ed46812205c8abada54b02a83bdb96b,11855302.000625,11857244.806833,1942.8062080014497,94299,25000000,,success,1,0,,,8593753
pilot_1790562436815,unblock_N1000_c3,0,2026-09-28T05:44:54.002Z,zkSyncTestnet,300,sepolia.era.zksync.dev,unblock,1000,3,8432,0x22263052c83c25ea0b181d675938fdac997942a907403041034c3db75f298a40,11855523.675083,11858110.440375,2586.7652920000255,94293,25000000,,success,1,0,,,8593754
pilot_1790562436815,unblock_N1000_c3,0,2026-09-28T05:44:55.870Z,zkSyncTestnet,300,sepolia.era.zksync.dev,unblock,1000,3,8434,0x0b165bedf0ec0425cb3ed2f69396cfffe8c8c352a244ace88fbbdce9184a1ba3,11857244.867125,11859979.11175,2734.2446249984205,94293,25000000,,success,1,0,,,8593755
pilot_1790562436815,unblock_N1000_c3,0,2026-09-28T05:44:55.953Z,zkSyncTestnet,300,sepolia.era.zksync.dev,unblock,1000,3,8435,0xdb1e75d782718f5702433de0fd9578b5d172a80af55f42b828fef369447342a9,11858110.486166,11860061.5375,1951.0513339992613,94299,25000000,,success,1,0,,,8593755
pilot_1790562436815,unblock_N1000_c3,0,2026-09-28T05:44:56.626Z,zkSyncTestnet,300,sepolia.era.zksync.dev,unblock,1000,3,8433,0xb08f062704320de0becfbdbbffb7b83cfa9b2229988c200305e80156719274a4,11856989.000166,11860734.680083,3745.6799169983715,94299,25000000,,success,1,0,,,8593755
pilot_1790562436815,unblock_N1000_c3,0,2026-09-28T05:44:59.892Z,zkSyncTestnet,300,sepolia.era.zksync.dev,unblock,1000,3,8436,0xbc26d0cc3323c5a5f5a42e0539f194c3c03b4c50307d0135bebd253dfe2fb14b,11859979.188375,11864000.787125,4021.5987500008196,94299,25000000,,success,1,0,,,8593757
pilot_1790562436815,unblock_N1000_c3,0,2026-09-28T05:45:00.151Z,zkSyncTestnet,300,sepolia.era.zksync.dev,unblock,1000,3,8437,0xf69602d6eaeb92f1da0f2f726ebd41b23e2448138afd68debeb4c6a7e6e923d0,11860061.589541,11864259.937083,4198.3475420009345,94293,25000000,,success,1,0,,,8593757
pilot_1790562436815,unblock_N1000_c3,0,2026-09-28T05:45:00.154Z,zkSyncTestnet,300,sepolia.era.zksync.dev,unblock,1000,3,8438,0xddf5372858a41effcbc8616ce9ee06b539a5011c7d0e8e1d207cc1b6b7c0f133,11860734.850166,11864262.953291,3528.1031250003725,94293,25000000,,success,1,0,,,8593757
pilot_1790562436815,unblock_N1000_c3,0,2026-09-28T05:45:02.299Z,zkSyncTestnet,300,sepolia.era.zksync.dev,unblock,1000,3,8440,0x0db217ca033058e823f9f9e91ab2376f9ce887a0b7af7e663697084e1f9235cf,11864260.081375,11866407.314375,2147.233000000939,94293,25000000,,success,1,0,,,8593758
pilot_1790562436815,unblock_N1000_c3,0,2026-09-28T05:45:02.717Z,zkSyncTestnet,300,sepolia.era.zksync.dev,unblock,1000,3,8439,0x320af7b0d90b6b9d032c9e555da1ab91b972f97259463ae7d25facf1d79db831,11864000.881708,11866826.231625,2825.3499170001596,94299,25000000,,success,1,0,,,8593758
pilot_1790562436815,unblock_N1000_c3,0,2026-09-28T05:45:04.018Z,zkSyncTestnet,300,sepolia.era.zksync.dev,unblock,1000,3,8441,0xbfb16ae07fba14c35148b071af900452703456aa5dbb496fe9f162e62436b5f3,11864262.980875,11868127.026458,3864.0455830004066,94293,25000000,,success,1,0,,,8593759
pilot_1790562436815,unblock_N1000_c3,0,2026-09-28T05:45:05.163Z,zkSyncTestnet,300,sepolia.era.zksync.dev,unblock,1000,3,8442,0x9819f41e7742678b0bfffd8277475990ec8ae6bfde1553278aaf1e11bcb5ab9d,11866407.413416,11869271.445708,2864.0322919990867,94293,25000000,,success,1,0,,,8593760
pilot_1790562436815,unblock_N1000_c3,0,2026-09-28T05:45:06.562Z,zkSyncTestnet,300,sepolia.era.zksync.dev,unblock,1000,3,8444,0x4ae1f4673886fb0c5265aac868d03fa2368dca3fef48390e854c55ae30dfd060,11868127.102083,11870670.714333,2543.6122500002384,94299,25000000,,success,1,0,,,8593761
pilot_1790562436815,unblock_N1000_c3,0,2026-09-28T05:45:06.876Z,zkSyncTestnet,300,sepolia.era.zksync.dev,unblock,1000,3,8443,0xae8ebaaa45a2dd18fe7dd7c96fb41a0d768fa1c7ad0e27f5c88f975e79b248e1,11866826.424333,11870984.593625,4158.169291999191,94299,25000000,,success,1,0,,,8593761
pilot_1790562436815,unblock_N1000_c3,0,2026-09-28T05:45:07.033Z,zkSyncTestnet,300,sepolia.era.zksync.dev,unblock,1000,3,8445,0x1f6b2c24c4086de71abf3743607115bb9b711a0221b94f2c0894421b6e67ac71,11869271.516625,11871142.26925,1870.7526249997318,94293,25000000,,success,1,0,,,8593763
pilot_1790562436815,unblock_N1000_c3,0,2026-09-28T05:45:08.506Z,zkSyncTestnet,300,sepolia.era.zksync.dev,unblock,1000,3,8446,0x3ee01a1da75e460bf5804bcae97c9df0100b8c48e16e2a109204edf674e250c8,11870670.872041,11872614.796291,1943.9242499992251,94299,25000000,,success,1,0,,,8593764
pilot_1790562436815,unblock_N1000_c3,0,2026-09-28T05:45:08.804Z,zkSyncTestnet,300,sepolia.era.zksync.dev,unblock,1000,3,8447,0x9cbcfcf626de1602b4b045b7e49e6adab9a1f1f3bdbcfb79d87e577aac86ec5c,11870984.6365,11872913.237125,1928.600625000894,94293,25000000,,success,1,0,,,8593765
pilot_1790562436815,unblock_N1000_c3,0,2026-09-28T05:45:08.986Z,zkSyncTestnet,300,sepolia.era.zksync.dev,unblock,1000,3,8448,0x37d73caeef246168f8c0815441f182f8673e1ea9e60283652b462a4e09785521,11871142.397416,11873094.892375,1952.494959000498,94293,25000000,,success,1,0,,,8593766
pilot_1790562436815,unblock_N1000_c3,0,2026-09-28T05:45:10.415Z,zkSyncTestnet,300,sepolia.era.zksync.dev,unblock,1000,3,8449,0xf5441ba832855d41e3da54e982b8e55e7fe7044e1f1752fb069b9355cf2d9b88,11872614.963958,11874523.71275,1908.748792000115,94293,25000000,,success,1,0,,,8593767
pilot_1790562436815,unblock_N1000_c3,0,2026-09-28T05:45:10.676Z,zkSyncTestnet,300,sepolia.era.zksync.dev,unblock,1000,3,8450,0x857491a3f5be6edd81f0fdc10babe68f61ae5c9fec0baf24b812f8f9a7e725fc,11872913.3855,11874784.941083,1871.5555829983205,94299,25000000,,success,1,0,,,8593768
pilot_1790562436815,unblock_N1000_c3,0,2026-09-28T05:45:10.869Z,zkSyncTestnet,300,sepolia.era.zksync.dev,unblock,1000,3,8451,0x8b041fd48d94d8b3392f960b88e7877e0c4f5d4bac3c0d84aa7c620004302d48,11873094.938541,11874977.614375,1882.6758340001106,94299,25000000,,success,1,0,,,8593769
pilot_1790562436815,unblock_N1000_c3,0,2026-09-28T05:45:12.421Z,zkSyncTestnet,300,sepolia.era.zksync.dev,unblock,1000,3,8452,0xd69fed38d515cb6a06579a5e857fc52663c4b7a07a0e8ff7ccb349be587b1a79,11874523.851875,11876530.083166,2006.2312909998,94293,25000000,,success,1,0,,,8593770
pilot_1790562436815,unblock_N1000_c3,0,2026-09-28T05:45:13.305Z,zkSyncTestnet,300,sepolia.era.zksync.dev,unblock,1000,3,8453,0x43e35ad04c7b66de047e5c29b4bb9aaff35ff6d2113616df073b767942fb8d93,11874785.013708,11877413.631416,2628.617708001286,94299,25000000,,success,1,0,,,8593771
pilot_1790562436815,unblock_N1000_c3,0,2026-09-28T05:45:13.532Z,zkSyncTestnet,300,sepolia.era.zksync.dev,unblock,1000,3,8454,0x487ffd18ca7e08c14597998ca701203c941acf334ffb48f4ea9875ce70c0d04b,11874977.749916,11877641.210208,2663.4602920003235,94299,25000000,,success,1,0,,,8593772
pilot_1790562436815,unblock_N1000_c3,0,2026-09-28T05:45:14.267Z,zkSyncTestnet,300,sepolia.era.zksync.dev,unblock,1000,3,8455,0x3771c2f6266b0c991e2c055be0b1ef20b86a4b1e0806df4859a87f034c2d9323,11876530.255458,11878375.455208,1845.199750000611,94293,25000000,,success,1,0,,,8593774
pilot_1790562436815,unblock_N1000_c3,0,2026-09-28T05:45:15.278Z,zkSyncTestnet,300,sepolia.era.zksync.dev,unblock,1000,3,8456,0x15b83e813346307206a5228577f13fbf4fdb4f4b668fc68f12df72a86bb85436,11877413.741708,11879386.876166,1973.1344579998404,94293,25000000,,success,1,0,,,8593775
pilot_1790562436815,unblock_N1000_c3,0,2026-09-28T05:45:15.528Z,zkSyncTestnet,300,sepolia.era.zksync.dev,unblock,1000,3,8457,0x260ca619c6c8c138ad439748edff4e1456ecb79e282e9077063d282513994f65,11877641.384708,11879636.350916,1994.966207999736,94299,25000000,,success,1,0,,,8593775
pilot_1790562436815,unblock_N1000_c3,0,2026-09-28T05:45:16.164Z,zkSyncTestnet,300,sepolia.era.zksync.dev,unblock,1000,3,8458,0x77803387e31f3204549e977fd03d0e480c7ab0302fc5e8d22cba8147b538f3bb,11878375.530541,11880272.717791,1897.1872499994934,94293,25000000,,success,1,0,,,8593776
pilot_1790562436815,unblock_N1000_c3,0,2026-09-28T05:45:17.163Z,zkSyncTestnet,300,sepolia.era.zksync.dev,unblock,1000,3,8459,0xcb512ecd055754bc568872313a5b5feb0dedaa6793da8edffab1c951c00e3957,11879387.0375,11881271.657541,1884.6200409997255,94293,25000000,,success,1,0,,,8593778
pilot_1790562436815,unblock_N1000_c3,0,2026-09-28T05:45:17.433Z,zkSyncTestnet,300,sepolia.era.zksync.dev,unblock,1000,3,8460,0x8123167bbca8140bab51b237ee424011f399d41ce40bd6841a2b4ebefa726d54,11879636.448875,11881542.130625,1905.6817499995232,94293,25000000,,success,1,0,,,8593779
pilot_1790562436815,unblock_N1000_c3,0,2026-09-28T05:45:18.815Z,zkSyncTestnet,300,sepolia.era.zksync.dev,unblock,1000,3,8461,0x3b2c4297ab6e2774ad94ef0d55e305af6d3f67e3460b98ea1cf34c6989cbf15a,11880272.898666,11882923.664166,2650.7654999997467,94293,25000000,,success,1,0,,,8593781
pilot_1790562436815,unblock_N1000_c3,0,2026-09-28T05:45:19.863Z,zkSyncTestnet,300,sepolia.era.zksync.dev,unblock,1000,3,8462,0xf2786923aee26c39a4a3d67f849de564c182f97a8d68b0d6b995345af3e73b39,11881271.845791,11883971.91,2700.064208999276,94293,25000000,,success,1,0,,,8593782
pilot_1790562436815,unblock_N1000_c3,0,2026-09-28T05:45:20.795Z,zkSyncTestnet,300,sepolia.era.zksync.dev,unblock,1000,3,8464,0xe77d2faa63ea5866880dbc5dda762a64067984bc72bd87ac95436e1d32459148,11882923.728208,11884903.958083,1980.2298750001937,94293,25000000,,success,1,0,,,8593783
pilot_1790562436815,unblock_N1000_c3,0,2026-09-28T05:45:20.852Z,zkSyncTestnet,300,sepolia.era.zksync.dev,unblock,1000,3,8463,0xc0a369746cc88342995e5cc5f6259ad58968b5b442623d8e041517d6a5d27b71,11881542.196375,11884960.874583,3418.678208000958,94293,25000000,,success,1,0,,,8593783
pilot_1790562436815,unblock_N1000_c3,0,2026-09-28T05:45:23.135Z,zkSyncTestnet,300,sepolia.era.zksync.dev,unblock,1000,3,8465,0x088b1045e868049c81d298aeba38e98cacc40d99c14e17350c62bb90cd62195b,11883972.015375,11887243.641125,3271.6257499996573,94299,25000000,,success,1,0,,,8593784
pilot_1790562436815,unblock_N1000_c3,0,2026-09-28T05:45:24.487Z,zkSyncTestnet,300,sepolia.era.zksync.dev,unblock,1000,3,8466,0x37075eb28bbf924f8d623d10aaac9904fc1f7923848c4154f0ffddd1414e8d4a,11884904.027958,11888595.936916,3691.9089579991996,94293,25000000,,success,1,0,,,8593786
pilot_1790562436815,unblock_N1000_c3,0,2026-09-28T05:45:26.001Z,zkSyncTestnet,300,sepolia.era.zksync.dev,unblock,1000,3,8467,0x81a000d2f5780330300fafbb312e5905e1e2a52c17f746e0e41ee997dff5bd8c,11884960.917583,11890110.012333,5149.094750000164,94299,25000000,,success,1,0,,,8593787
pilot_1790562436815,unblock_N1000_c3,0,2026-09-28T05:45:26.086Z,zkSyncTestnet,300,sepolia.era.zksync.dev,unblock,1000,3,8468,0xc6a21efc50317d99f5b16e67d4e3e491933b9bf462724dda7d776411349ac54e,11887243.727333,11890194.690958,2950.9636250007898,94293,25000000,,success,1,0,,,8593787
pilot_1790562436815,unblock_N1000_c3,0,2026-09-28T05:45:26.351Z,zkSyncTestnet,300,sepolia.era.zksync.dev,unblock,1000,3,8469,0x5b685d6b546b99a0a96cdc0522de1591ecbe4544524c1fdcda060abe04a7720f,11888596.009458,11890460.255416,1864.2459580004215,94299,25000000,,success,1,0,,,8593788
pilot_1790562436815,unblock_N1000_c3,0,2026-09-28T05:45:27.902Z,zkSyncTestnet,300,sepolia.era.zksync.dev,unblock,1000,3,8470,0x7170fa6924fec495e3c12d69859890cc6253431d7c56b350ff8e7b2820f96839,11890110.06575,11892010.426375,1900.3606250006706,94293,25000000,,success,1,0,,,8593789
pilot_1790562436815,unblock_N1000_c3,0,2026-09-28T05:45:28.380Z,zkSyncTestnet,300,sepolia.era.zksync.dev,unblock,1000,3,8472,0x56364927a10cccd03a2f8d603c5d3d22cc2bde51819aaad21542b3b0bc7a4284,11890460.345333,11892489.127375,2028.78204199858,94299,25000000,,success,1,0,,,8593790
pilot_1790562436815,unblock_N1000_c3,0,2026-09-28T05:45:28.784Z,zkSyncTestnet,300,sepolia.era.zksync.dev,unblock,1000,3,8471,0xc0224ad2bf7dbbf5cc473809041a1983a00fd3e34de7f27ef188568232e2a9c1,11890194.744791,11892892.986791,2698.2420000005513,94293,25000000,,success,1,0,,,8593790
pilot_1790562436815,unblock_N1000_c3,0,2026-09-28T05:45:30.486Z,zkSyncTestnet,300,sepolia.era.zksync.dev,unblock,1000,3,8473,0xd6116aac4a9a34eb1e8249a1006f3fa1e02b6b508b25d5b29a4276a21e2cf6fa,11892010.510458,11894594.70675,2584.1962919998914,94293,25000000,,success,1,0,,,8593791
pilot_1790562436815,unblock_N1000_c3,0,2026-09-28T05:45:30.734Z,zkSyncTestnet,300,sepolia.era.zksync.dev,unblock,1000,3,8475,0xe6683aadc0b0039d89ce9d03ba1d46041f92db11f3156eaf016f0841b05ad93a,11892893.046625,11894843.3455,1950.2988750003278,94299,25000000,,success,1,0,,,8593792
pilot_1790562436815,unblock_N1000_c3,0,2026-09-28T05:45:30.768Z,zkSyncTestnet,300,sepolia.era.zksync.dev,unblock,1000,3,8474,0x958472784af32e132db1abefa409631273c2dde1c2c9c3cef809a438bbcc2a42,11892489.297916,11894877.193416,2387.8954999987036,94299,25000000,,success,1,0,,,8593792
pilot_1790562436815,unblock_N1000_c3,0,2026-09-28T05:45:32.856Z,zkSyncTestnet,300,sepolia.era.zksync.dev,unblock,1000,3,8476,0x8587d2e422f5704bf6a4d3b2316fd43652d6d90b5827262bd3809dc50887060d,11894594.759958,11896965.212041,2370.4520829990506,94299,25000000,,success,1,0,,,8593793
pilot_1790562436815,unblock_N1000_c3,0,2026-09-28T05:45:34.764Z,zkSyncTestnet,300,sepolia.era.zksync.dev,unblock,1000,3,8479,0x7dfe1ed65cf04332a2d41f07dee5b793e2f04cdb02554b153333a848ef0218c2,11896965.288291,11898873.000916,1907.7126250006258,94299,25000000,,success,1,0,,,8593795
pilot_1790562436815,unblock_N1000_c3,0,2026-09-28T05:45:34.924Z,zkSyncTestnet,300,sepolia.era.zksync.dev,unblock,1000,3,8478,0xfcd567b846325d26296908378903c5d98c6a04e090d75ce58bc17d52fac99baa,11894877.299958,11899032.7435,4155.443541999906,94293,25000000,,success,1,0,,,8593794
pilot_1790562436815,unblock_N1000_c3,0,2026-09-28T05:45:35.209Z,zkSyncTestnet,300,sepolia.era.zksync.dev,unblock,1000,3,8477,0xe3ec1f227e10df791b8354cabd3deef222444a471d7909c3c29f4f0824514af3,11894843.432458,11899317.76875,4474.336292000487,94293,25000000,,success,1,0,,,8593794
pilot_1790562436815,unblock_N1000_c3,0,2026-09-28T05:45:36.764Z,zkSyncTestnet,300,sepolia.era.zksync.dev,unblock,1000,3,8480,0x335e9214080e3845a1b53d1d62ba8f697c4d7fdf6e09d656da739d70d27395cb,11898873.149416,11900872.665041,1999.515625,94293,25000000,,success,1,0,,,8593796
pilot_1790562436815,unblock_N1000_c3,0,2026-09-28T05:45:36.803Z,zkSyncTestnet,300,sepolia.era.zksync.dev,unblock,1000,3,8481,0x9e2683aa33ff5662e8bdae79a635998bff90a1e20f74dc351b233a0f509b0a3a,11899032.795541,11900912.435791,1879.6402500011027,94293,25000000,,success,1,0,,,8593797
pilot_1790562436815,unblock_N1000_c3,0,2026-09-28T05:45:37.100Z,zkSyncTestnet,300,sepolia.era.zksync.dev,unblock,1000,3,8482,0x46653f39096446528214029a2ad0139c93b781b416ae7322344f138e4e983c7c,11899317.890375,11901208.927166,1891.0367910005152,94299,25000000,,success,1,0,,,8593798
pilot_1790562436815,unblock_N1000_c3,0,2026-09-28T05:45:39.423Z,zkSyncTestnet,300,sepolia.era.zksync.dev,unblock,1000,3,8483,0xe1a46a322560393be4c7e0a05c0ad72e2f3ca4d0ed6b151190fb7f3ba708f123,11900872.74875,11903531.730916,2658.982166001573,94299,25000000,,success,1,0,,,8593799
pilot_1790562436815,unblock_N1000_c3,0,2026-09-28T05:45:41.286Z,zkSyncTestnet,300,sepolia.era.zksync.dev,unblock,1000,3,8486,0xf1c0af5e43ec407a2c65e9a50b8777de9c120d276c4bd464df41775adaab2754,11903531.818625,11905394.561583,1862.7429579999298,94293,25000000,,success,1,0,,,8593800
pilot_1790562436815,unblock_N1000_c3,0,2026-09-28T05:45:42.266Z,zkSyncTestnet,300,sepolia.era.zksync.dev,unblock,1000,3,8485,0xf326fce73d84930daa79df06691d72a3b4c084eeb25d60e8cd22a4ab3a2caaec,11901208.990625,11906375.397583,5166.406958000734,94299,25000000,,success,1,0,,,8593800
pilot_1790562436815,unblock_N1000_c3,0,2026-09-28T05:45:42.268Z,zkSyncTestnet,300,sepolia.era.zksync.dev,unblock,1000,3,8484,0x7164a3db280784803a03e467f58083442fc9a259536560fafd516a896f2731d8,11900912.471708,11906377.301125,5464.829416999593,94299,25000000,,success,1,0,,,8593800
pilot_1790562436815,unblock_N1000_c3,0,2026-09-28T05:45:43.842Z,zkSyncTestnet,300,sepolia.era.zksync.dev,unblock,1000,3,8487,0xf7551581ae5ac398c234bce7b35c7b1c9096bccc60b476565afceac12dfa9e99,11905394.643916,11907950.901791,2556.257875001058,94293,25000000,,success,1,0,,,8593801
pilot_1790562436815,unblock_N1000_c3,0,2026-09-28T05:45:44.990Z,zkSyncTestnet,300,sepolia.era.zksync.dev,unblock,1000,3,8488,0x8c7d3b4c0362c3ccc39f767baeb811777aaa8a966f9b51f1a068926197de2c1f,11906375.45675,11909099.385625,2723.9288749992847,94299,25000000,,success,1,0,,,8593802
pilot_1790562436815,unblock_N1000_c3,0,2026-09-28T05:45:46.447Z,zkSyncTestnet,300,sepolia.era.zksync.dev,unblock,1000,3,8489,0x44d0143989e45732808773a984d63e3e627db9a7ced4600059737b2adf18801f,11906377.311375,11910555.944708,4178.633333001286,94299,25000000,,success,1,0,,,8593803
pilot_1790562436815,unblock_N1000_c3,0,2026-09-28T05:45:46.465Z,zkSyncTestnet,300,sepolia.era.zksync.dev,unblock,1000,3,8490,0x9daa9755880a75df75f9d618efbabb9a4f794b399da7ccc66878b0e7931a47bf,11907950.997208,11910574.077958,2623.0807500015944,94293,25000000,,success,1,0,,,8593803
pilot_1790562436815,unblock_N1000_c3,0,2026-09-28T05:45:46.982Z,zkSyncTestnet,300,sepolia.era.zksync.dev,unblock,1000,3,8491,0x95a9e6034a287e3672c9d773b57b8aa35d62d7b390e2b5daeedcd71335f3078f,11909099.445541,11911091.325583,1991.8800419997424,94299,25000000,,success,1,0,,,8593804
pilot_1790562436815,unblock_N1000_c3,0,2026-09-28T05:45:48.462Z,zkSyncTestnet,300,sepolia.era.zksync.dev,unblock,1000,3,8492,0xc2ba8e88209b6793177a58613b1dacfbaee4dbce0bf754abc656f9422b65ad21,11910556.110708,11912570.692291,2014.5815830007195,94293,25000000,,success,1,0,,,8593805
pilot_1790562436815,unblock_N1000_c3,0,2026-09-28T05:45:49.244Z,zkSyncTestnet,300,sepolia.era.zksync.dev,unblock,1000,3,8493,0x6ff418a33d6da361abb2984f745da0cc9d1248c414b88cd50cee318646ef28e6,11910574.164041,11913352.733125,2778.5690839998424,94293,25000000,,success,1,0,,,8593806
pilot_1790562436815,unblock_N1000_c3,0,2026-09-28T05:45:50.399Z,zkSyncTestnet,300,sepolia.era.zksync.dev,unblock,1000,3,8495,0x81e2814c97dcb6cc6055cecaa80b3a3a83d2aac332420d9832eea3310036f9c5,11912570.864541,11914508.106083,1937.2415420003235,94293,25000000,,success,1,0,,,8593808
pilot_1790562436815,unblock_N1000_c3,0,2026-09-28T05:45:50.494Z,zkSyncTestnet,300,sepolia.era.zksync.dev,unblock,1000,3,8494,0x67801c732f8160181629817b5e30e25e83e6dee03efe35d5609c72166e1ab208,11911091.400333,11914603.30825,3511.9079170003533,94293,25000000,,success,1,0,,,8593807
pilot_1790562436815,unblock_N1000_c3,0,2026-09-28T05:45:53.061Z,zkSyncTestnet,300,sepolia.era.zksync.dev,unblock,1000,3,8497,0xbbb1a3ca38c7601209fa493d7679a655a53aed3573a9d5104ccbf716830c7936,11914508.201666,11917169.97075,2661.76908400096,94299,25000000,,success,1,0,,,8593810
pilot_1790562436815,unblock_N1000_c3,0,2026-09-28T05:45:53.379Z,zkSyncTestnet,300,sepolia.era.zksync.dev,unblock,1000,3,8496,0xe5c3d76661c2db254aa6bb55d13f2d1270bf8e0077c99379dae060e7ac7620b2,11913352.791333,11917488.439208,4135.647875001654,94293,25000000,,success,1,0,,,8593809
pilot_1790562436815,unblock_N1000_c3,0,2026-09-28T05:45:53.938Z,zkSyncTestnet,300,sepolia.era.zksync.dev,unblock,1000,3,8498,0x9ec7d69e9d0d48ac7d69e852e20b6bcc8df87b54a8c4a88fb01950ea3a987283,11914603.370291,11918046.972916,3443.6026249993593,94293,25000000,,success,1,0,,,8593811
pilot_1790562436815,unblock_N1000_c3,0,2026-09-28T05:45:55.121Z,zkSyncTestnet,300,sepolia.era.zksync.dev,unblock,1000,3,8499,0x7936a242e9ac78b847626d3d1467a1d2d08eeb24311d0abbb5c3bcb4ee00bcda,11917170.025125,11919229.616875,2059.591749999672,94299,25000000,,success,1,0,,,8593813
pilot_1790562436815,unblock_N1000_c3,0,2026-09-28T05:45:56.017Z,zkSyncTestnet,300,sepolia.era.zksync.dev,unblock,1000,3,8500,0x364d9c9bb7e8535c4828a61c27ca1982797c6eb15ed79eb623c6e4cd0d7afdfd,11917488.497708,11920126.219583,2637.7218749988824,94373,25000000,,success,1,0,,,8593814
pilot_1790562436815,unblock_N1000_c3,0,2026-09-28T05:45:56.841Z,zkSyncTestnet,300,sepolia.era.zksync.dev,unblock,1000,3,8501,0x522cb49e3f495600c9c2ea12628bd3582da503a2ac88a79dd4657c5e272b2e9f,11918047.021916,11920949.894625,2902.872709000483,94379,25000000,,success,1,0,,,8593815
pilot_1790562436815,unblock_N1000_c3,0,2026-09-28T05:45:59.115Z,zkSyncTestnet,300,sepolia.era.zksync.dev,unblock,1000,3,8502,0x47d473c285c1c2d3bd7d7098ca10d1b2e9aef005781812527585e69da5dfdac4,11919229.741666,11923224.213791,3994.472124999389,94299,25000000,,success,1,0,,,8593816
pilot_1790562436815,unblock_N1000_c3,0,2026-09-28T05:45:59.712Z,zkSyncTestnet,300,sepolia.era.zksync.dev,unblock,1000,3,8504,0x77dee7d69393fbbc6daa837f3bb68ece874dd07aaa48ef454a702583be1746e3,11920949.962666,11923821.367291,2871.404625000432,94293,25000000,,success,1,0,,,8593817
pilot_1790562436815,unblock_N1000_c3,0,2026-09-28T05:45:59.724Z,zkSyncTestnet,300,sepolia.era.zksync.dev,unblock,1000,3,8503,0xf463630903e8337ebbee73deaf6e9d746ba057be7d1684d9cb52dd26b4143fca,11920126.272416,11923833.032916,3706.7605000007898,94299,25000000,,success,1,0,,,8593816
pilot_1790562436815,unblock_N1000_c3,0,2026-09-28T05:46:01.527Z,zkSyncTestnet,300,sepolia.era.zksync.dev,unblock,1000,3,8505,0x71cb67d49976011293bea049b7e8aebcc622b9215cf92c848d0845f0fece49fa,11923224.304291,11925636.398125,2412.0938339997083,94293,25000000,,success,1,0,,,8593818
pilot_1790562436815,unblock_N1000_c3,0,2026-09-28T05:46:04.742Z,zkSyncTestnet,300,sepolia.era.zksync.dev,unblock,1000,3,8506,0xee0292c816a64c7ac985c55b3a523c16b83e4fb62a284acf9c6c9250a4920eaf,11923821.424208,11928850.655625,5029.231417000294,94299,25000000,,success,1,0,,,8593819
pilot_1790562436815,unblock_N1000_c3,0,2026-09-28T05:46:05.122Z,zkSyncTestnet,300,sepolia.era.zksync.dev,unblock,1000,3,8508,0x0d8e83c9cf4fc9771882212e1db963f3a33ecdb6db87711c94f0659352e35084,11925636.453916,11929231.036,3594.5820840001106,94293,25000000,,success,1,0,,,8593820
pilot_1790562436815,unblock_N1000_c3,0,2026-09-28T05:46:06.549Z,zkSyncTestnet,300,sepolia.era.zksync.dev,unblock,1000,3,8507,0x8b1521934bb7946a358ca5285be84e09ef119899c9f62ddcbbe0a9d5f2026650,11923833.054125,11930658.082708,6825.028582999483,94299,25000000,,success,1,0,,,8593820
