experiment_id,run_id,repeat_index,timestamp_utc,network,chain_id,rpc_provider,operation,N,concurrency,token_id,tx_hash,submit_time_ms,receipt_time_ms,latency_ms,gas_used,effective_gas_price,transaction_cost_native,status,attempt_number,retry_count,error_type,error_message,block_number
pilot_1790486476823,mint_N100_c3,0,2026-09-27T05:21:23.671Z,zkSyncTestnet,300,sepolia.era.zksync.dev,mint,100,3,16,0xfeb982e765351bc55084be4f547092de09bff6a31bc34679778d9701ce1e228c,4254.263208,7827.111916,3572.8487079999995,161364,25000000,,success,1,0,,,8573307
pilot_1790486476823,mint_N100_c3,0,2026-09-27T05:21:24.591Z,zkSyncTestnet,300,sepolia.era.zksync.dev,mint,100,3,18,0x3fd917fa83b444dcaa6e47060d1b804f65aea153029467d7b68df0c39216ba65,4256.274958,8747.078208,4490.803250000001,161370,25000000,,success,1,0,,,8573308
pilot_1790486476823,mint_N100_c3,0,2026-09-27T05:21:24.819Z,zkSyncTestnet,300,sepolia.era.zksync.dev,mint,100,3,17,0xc5a02ee42ed43c55f202b8be73587af7fc77d73743ae99527b49fa82b98157d0,4255.912208,8974.778041,4718.865833,161364,25000000,,success,1,0,,,8573308
pilot_1790486476823,mint_N100_c3,0,2026-09-27T05:21:26.436Z,zkSyncTestnet,300,sepolia.era.zksync.dev,mint,100,3,19,0x2c6649abe408e07c0d3ec141d5f77daba4a27917f5a870f0bfbfcd6c77751296,7827.696583,10592.06625,2764.369667,161364,25000000,,success,1,0,,,8573309
pilot_1790486476823,mint_N100_c3,0,2026-09-27T05:21:26.457Z,zkSyncTestnet,300,sepolia.era.zksync.dev,mint,100,3,20,0x0948537099355aac36717a95ea06fca0a3730d46fabc320bb21d4bfbd9466199,8747.211458,10613.347208,1866.1357499999995,161364,25000000,,success,1,0,,,8573310
pilot_1790486476823,mint_N100_c3,0,2026-09-27T05:21:26.743Z,zkSyncTestnet,300,sepolia.era.zksync.dev,mint,100,3,21,0x754f4e3b99bb854738cae3b9365440cecd6cef1decd1a505850d93f10d464da0,8974.93225,10898.577458,1923.645208,161364,25000000,,success,1,0,,,8573310
pilot_1790486476823,mint_N100_c3,0,2026-09-27T05:21:29.033Z,zkSyncTestnet,300,sepolia.era.zksync.dev,mint,100,3,22,0xa72f9696beade9dc195c7eee6ac28b365685364fa4b1f22ce4bf711015005e41,10592.22075,13188.501333,2596.2805829999998,161364,25000000,,success,1,0,,,8573311
pilot_1790486476823,mint_N100_c3,0,2026-09-27T05:21:30.061Z,zkSyncTestnet,300,sepolia.era.zksync.dev,mint,100,3,23,0x940c20a8ba9c539c125391fbff5a08942ef19fc0537f6dd9acc36be04fecfd4f,10613.691875,14216.72325,3603.0313749999987,161364,25000000,,success,1,0,,,8573312
pilot_1790486476823,mint_N100_c3,0,2026-09-27T05:21:30.355Z,zkSyncTestnet,300,sepolia.era.zksync.dev,mint,100,3,24,0x4b1b9b63cf594c715ba7f4178e19486eb14b4a74aee6bd5ab5a84b3450303c6b,10898.754375,14511.041166,3612.2867910000004,161370,25000000,,success,1,0,,,8573312
pilot_1790486476823,mint_N100_c3,0,2026-09-27T05:21:30.917Z,zkSyncTestnet,300,sepolia.era.zksync.dev,mint,100,3,25,0x46cc4846fc98225eb376889796f54fdd310effb354e04ca8f4e79f2579fe3a1b,13188.666208,15072.766375,1884.1001669999987,161364,25000000,,success,1,0,,,8573313
pilot_1790486476823,mint_N100_c3,0,2026-09-27T05:21:32.691Z,zkSyncTestnet,300,sepolia.era.zksync.dev,mint,100,3,26,0x1af78cbef0cd1fe832cdce64090ae55f81c88754470e7572153fe5fed3ba25d2,14216.848416,16846.426416,2629.5779999999977,161370,25000000,,success,1,0,,,8573314
pilot_1790486476823,mint_N100_c3,0,2026-09-27T05:21:32.825Z,zkSyncTestnet,300,sepolia.era.zksync.dev,mint,100,3,27,0xd9fdfd929cb5af2f058b92ce39038c69a530f8477714a342a080528b8613873f,14511.383208,16981.206041,2469.822833000002,161370,25000000,,success,1,0,,,8573314
pilot_1790486476823,mint_N100_c3,0,2026-09-27T05:21:34.021Z,zkSyncTestnet,300,sepolia.era.zksync.dev,mint,100,3,28,0x6b126a5cca77b61db1ac56bc719d27dd91336bf42bcd4fe6091975f70e8d8fee,15072.904333,18176.706916,3103.802582999999,161370,25000000,,success,1,0,,,8573315
pilot_1790486476823,mint_N100_c3,0,2026-09-27T05:21:34.595Z,zkSyncTestnet,300,sepolia.era.zksync.dev,mint,100,3,29,0x3baef9c383866f7de26e77818492cca08d2bed4a0339c80a71c298eb7bee97d1,16846.626958,18751.344458,1904.7174999999988,161364,25000000,,success,1,0,,,8573316
pilot_1790486476823,mint_N100_c3,0,2026-09-27T05:21:35.431Z,zkSyncTestnet,300,sepolia.era.zksync.dev,mint,100,3,30,0xdf7bd8aa165fe5f2d58f2a4c2308ebfcc06b5d2723a8661cc9f946876fbd0dea,16981.490666,19587.027958,2605.5372919999973,161364,25000000,,success,1,0,,,8573317
pilot_1790486476823,mint_N100_c3,0,2026-09-27T05:21:36.640Z,zkSyncTestnet,300,sepolia.era.zksync.dev,mint,100,3,31,0x5abc1d202c1d86702a7e9cb5bfa64ef55823a0b36f3695cf9080ff7fbbfc2338,18176.863,20795.99825,2619.1352499999994,161370,25000000,,success,1,0,,,8573318
pilot_1790486476823,mint_N100_c3,0,2026-09-27T05:21:38.446Z,zkSyncTestnet,300,sepolia.era.zksync.dev,mint,100,3,32,0x55906ef7b8400b4680f2314c742a2df7f6c1c5d8d031dc76e3176e1373902f94,18751.467083,22601.647583,3850.180500000002,161370,25000000,,success,1,0,,,8573320
pilot_1790486476823,mint_N100_c3,0,2026-09-27T05:21:38.856Z,zkSyncTestnet,300,sepolia.era.zksync.dev,mint,100,3,33,0xd5be3f54bd11bda24cd8436636d9242491427cb92442707717003422b7eeb679,19587.111916,23012.369458,3425.2575419999994,161370,25000000,,success,1,0,,,8573321
pilot_1790486476823,mint_N100_c3,0,2026-09-27T05:21:39.560Z,zkSyncTestnet,300,sepolia.era.zksync.dev,mint,100,3,34,0x9713626d9de4eab6b2d10da601ed29cf4fe7a252d3c9260d486fe6e8fcaa87e3,20796.090208,23715.81125,2919.7210419999974,161370,25000000,,success,1,0,,,8573322
pilot_1790486476823,mint_N100_c3,0,2026-09-27T05:21:41.108Z,zkSyncTestnet,300,sepolia.era.zksync.dev,mint,100,3,35,0xa0439ccd0480207d20b13d158a8c335bc7d8f71026dff91e6434944059dbc68a,22601.748333,25264.376833,2662.628499999999,161370,25000000,,success,1,0,,,8573323
pilot_1790486476823,mint_N100_c3,0,2026-09-27T05:21:43.371Z,zkSyncTestnet,300,sepolia.era.zksync.dev,mint,100,3,37,0x0a84ea58a1e72c7ed2b44af87d5bb5db47f74fb86e74eb2be1a1efa8e9b63d00,23715.860625,27526.972125,3811.111499999999,161364,25000000,,success,1,0,,,8573325
pilot_1790486476823,mint_N100_c3,0,2026-09-27T05:21:43.466Z,zkSyncTestnet,300,sepolia.era.zksync.dev,mint,100,3,36,0x1cd00aac6a139e31842c89666f2e0b8fac55de2de615d4d85e97454e7065174a,23012.455833,27621.845958,4609.390125000002,161370,25000000,,success,1,0,,,8573324
pilot_1790486476823,mint_N100_c3,0,2026-09-27T05:21:47.154Z,zkSyncTestnet,300,sepolia.era.zksync.dev,mint,100,3,39,0x8861178eae46c5ef612cc4095354afedd643fd7ed2b1760a211ce2779eeda2b3,27527.0705,31309.893041,3782.8225409999977,161370,25000000,,success,1,0,,,8573328
pilot_1790486476823,mint_N100_c3,0,2026-09-27T05:21:47.231Z,zkSyncTestnet,300,sepolia.era.zksync.dev,mint,100,3,40,0xbbc4bf5e924f3c29f57cfb3632d63ec96438fb93a58c5bd5fa65d642161338dd,27621.931708,31386.631375,3764.6996670000008,161370,25000000,,success,1,0,,,8573328
pilot_1790486476823,mint_N100_c3,0,2026-09-27T05:21:47.361Z,zkSyncTestnet,300,sepolia.era.zksync.dev,mint,100,3,38,0x07f3851b3c71b30c031cd2d93fd20561dbc7ace5773a25df8f01f8c2b54cf062,25264.477958,31516.60375,6252.125791999999,161370,25000000,,success,1,0,,,8573327
pilot_1790486476823,mint_N100_c3,0,2026-09-27T05:21:48.961Z,zkSyncTestnet,300,sepolia.era.zksync.dev,mint,100,3,41,0xffa352b162756605b9b78e7e4d01964b16542a506ff67932d15037f67d6dabb2,31309.991333,33116.884375,1806.8930419999997,161370,25000000,,success,1,0,,,8573329
pilot_1790486476823,mint_N100_c3,0,2026-09-27T05:21:50.007Z,zkSyncTestnet,300,sepolia.era.zksync.dev,mint,100,3,42,0x8685a59b6a2d3902631ba3aa52e44f080e8c5799db6961206064379551c33794,31386.727083,34163.260708,2776.533625,161437,25000000,,success,1,0,,,8573330
pilot_1790486476823,mint_N100_c3,0,2026-09-27T05:21:50.016Z,zkSyncTestnet,300,sepolia.era.zksync.dev,mint,100,3,43,0x5ab6d14e7b8465bd9c34981b2fbc35c299a2e3035c7b1308d20f08559126c73a,31516.696208,34171.605458,2654.909249999997,161443,25000000,,success,1,0,,,8573331
pilot_1790486476823,mint_N100_c3,0,2026-09-27T05:21:53.419Z,zkSyncTestnet,300,sepolia.era.zksync.dev,mint,100,3,45,0x2ca9928e5d52e1e57290847e3fd9e7d6f7110f84e9868c9c216ea0fe75e82efb,34163.370458,37574.850041,3411.4795830000003,161364,25000000,,success,1,0,,,8573332
pilot_1790486476823,mint_N100_c3,0,2026-09-27T05:21:53.426Z,zkSyncTestnet,300,sepolia.era.zksync.dev,mint,100,3,44,0xd5e4582e69c893d1b43650981bffdeb8e6cb919183be3a5621d5d544232a66f9,33116.978208,37581.719625,4464.741416999997,161364,25000000,,success,1,0,,,8573332
pilot_1790486476823,mint_N100_c3,0,2026-09-27T05:21:53.433Z,zkSyncTestnet,300,sepolia.era.zksync.dev,mint,100,3,46,0x92448d752e3bb0a05213c3cc2dd735efbb443f234fdc66366ecebb218d4ebf80,34171.651458,37588.648,3416.9965420000008,161364,25000000,,success,1,0,,,8573332
pilot_1790486476823,mint_N100_c3,0,2026-09-27T05:21:55.288Z,zkSyncTestnet,300,sepolia.era.zksync.dev,mint,100,3,47,0xf8b0b526f1ca2e7b810f3a7ab54d8988a27d204c6c636224ea73d2ece5591885,37574.946916,39444.101458,1869.1545419999966,161370,25000000,,success,1,0,,,8573333
pilot_1790486476823,mint_N100_c3,0,2026-09-27T05:21:56.777Z,zkSyncTestnet,300,sepolia.era.zksync.dev,mint,100,3,49,0x37cc37a95ba68436266b2545e4be7a1111879fa6f2d642c6143cc20e92e3895c,37588.704458,40932.905208,3344.2007499999963,161364,25000000,,success,1,0,,,8573334
pilot_1790486476823,mint_N100_c3,0,2026-09-27T05:21:56.785Z,zkSyncTestnet,300,sepolia.era.zksync.dev,mint,100,3,48,0x19fce793085dd5721a0f1343a3507aa02b75ac32da22c0c39bb4e4f91d4c0813,37581.762958,40940.969208,3359.206250000003,161364,25000000,,success,1,0,,,8573334
pilot_1790486476823,mint_N100_c3,0,2026-09-27T05:21:59.935Z,zkSyncTestnet,300,sepolia.era.zksync.dev,mint,100,3,51,0xd6348f26d72b359d5f9c2ebf67ca5bb1b7e570c3b5b608679adcda6c26b0643e,40933.003291,44091.212833,3158.209541999997,161364,25000000,,success,1,0,,,8573335
pilot_1790486476823,mint_N100_c3,0,2026-09-27T05:22:00.230Z,zkSyncTestnet,300,sepolia.era.zksync.dev,mint,100,3,50,0x58bb357c43fe64ad1cecd1cbfc5a387b77ffaef1b479784010bb0c75b2b0e198,39444.195125,44385.71975,4941.524624999998,161370,25000000,,success,1,0,,,8573335
pilot_1790486476823,mint_N100_c3,0,2026-09-27T05:22:00.990Z,zkSyncTestnet,300,sepolia.era.zksync.dev,mint,100,3,52,0x0467f67ebfb02f3c2f01f78bede72dd10b5b4a33f03238ad4b3f2d2682f81f9a,40941.018208,45146.216625,4205.198417,161370,25000000,,success,1,0,,,8573335
pilot_1790486476823,mint_N100_c3,0,2026-09-27T05:22:03.549Z,zkSyncTestnet,300,sepolia.era.zksync.dev,mint,100,3,54,0x9de8486feb2da30fd5f38272f3f78fe0bf09eda0a710a4094f99ec0b7915c8c1,44385.807166,47704.696125,3318.8889590000035,161370,25000000,,success,1,0,,,8573337
pilot_1790486476823,mint_N100_c3,0,2026-09-27T05:22:03.556Z,zkSyncTestnet,300,sepolia.era.zksync.dev,mint,100,3,53,0x9c31b70141d198c25a76b34beca23be521ac480e4acaaf8af349db4f52d91afd,44091.302666,47712.094708,3620.7920419999937,161370,25000000,,success,1,0,,,8573336
pilot_1790486476823,mint_N100_c3,0,2026-09-27T05:22:03.906Z,zkSyncTestnet,300,sepolia.era.zksync.dev,mint,100,3,55,0xf32ed9c4a7e85d29cb4e582dfaa1aa48f43b21bc99ecfb6a55f1a7cbc682db9d,45146.278416,48061.766875,2915.488459,161370,25000000,,success,1,0,,,8573337
pilot_1790486476823,mint_N100_c3,0,2026-09-27T05:22:05.476Z,zkSyncTestnet,300,sepolia.era.zksync.dev,mint,100,3,56,0x21af31ef5b92086c56cdeb4ac4d65684ce2122cc483304dca492c8956c7d4986,47704.808833,49631.364625,1926.5557919999992,161364,25000000,,success,1,0,,,8573338
pilot_1790486476823,mint_N100_c3,0,2026-09-27T05:22:05.717Z,zkSyncTestnet,300,sepolia.era.zksync.dev,mint,100,3,57,0xf9e9ade443dca5b78c0d4f525b674ec44d7d5f1bb1e9fe6af431bd205081ae5b,47712.147458,49872.722666,2160.575208000002,161370,25000000,,success,1,0,,,8573339
pilot_1790486476823,mint_N100_c3,0,2026-09-27T05:22:05.815Z,zkSyncTestnet,300,sepolia.era.zksync.dev,mint,100,3,58,0x650ec2653f67d4036cf1171e6abe55c0dcef12025732d8da3ed93a273d2629fc,48061.904541,49970.59175,1908.687208999996,161370,25000000,,success,1,0,,,8573340
pilot_1790486476823,mint_N100_c3,0,2026-09-27T05:22:08.317Z,zkSyncTestnet,300,sepolia.era.zksync.dev,mint,100,3,59,0x30a59b5decbbb86a798e5fb8501ab542e9cdc0b70177a469d91d2e2957f45390,49631.426,52473.093333,2841.6673329999976,161364,25000000,,success,1,0,,,8573341
pilot_1790486476823,mint_N100_c3,0,2026-09-27T05:22:10.426Z,zkSyncTestnet,300,sepolia.era.zksync.dev,mint,100,3,62,0x35c305137121710d7e98320da2bad9eb574306fc002479f611a6b7ffdc6b11f2,52473.145666,54581.828916,2108.683250000002,161364,25000000,,success,1,0,,,8573343
pilot_1790486476823,mint_N100_c3,0,2026-09-27T05:22:10.542Z,zkSyncTestnet,300,sepolia.era.zksync.dev,mint,100,3,60,0x28808bdcb17651936bb394a21208e81d299f4db7d6604e0f24812e16f74a07d1,49872.82125,54698.019666,4825.198415999999,161364,25000000,,success,1,0,,,8573342
pilot_1790486476823,mint_N100_c3,0,2026-09-27T05:22:10.747Z,zkSyncTestnet,300,sepolia.era.zksync.dev,mint,100,3,61,0xa604b01fd055f82ac74c0c06adaa7b1756268a8f84e925cc91f742f09da4a429,49970.693333,54903.128583,4932.435249999995,161364,25000000,,success,1,0,,,8573342
pilot_1790486476823,mint_N100_c3,0,2026-09-27T05:22:13.618Z,zkSyncTestnet,300,sepolia.era.zksync.dev,mint,100,3,65,0xf622de9bef811cdedb62e0476e0f3afd234c6853df4bd07e1ce8f299aa62f840,54903.176625,57774.053375,2870.876750000003,161370,25000000,,success,1,0,,,8573345
pilot_1790486476823,mint_N100_c3,0,2026-09-27T05:22:13.868Z,zkSyncTestnet,300,sepolia.era.zksync.dev,mint,100,3,63,0xc8dba63c875a777d38f7ad8ef2d34d6ebfef00d41eaf5cf4e2f7766e1c3f7909,54581.907333,58023.794333,3441.886999999995,161364,25000000,,success,1,0,,,8573344
pilot_1790486476823,mint_N100_c3,0,2026-09-27T05:22:14.966Z,zkSyncTestnet,300,sepolia.era.zksync.dev,mint,100,3,64,0x500f71d1b83b56974f96d77c1a52702e833275fb4faf52c8b58c817a04b13f52,54698.088041,59122.18475,4424.096708999998,161364,25000000,,success,1,0,,,8573344
pilot_1790486476823,mint_N100_c3,0,2026-09-27T05:22:16.334Z,zkSyncTestnet,300,sepolia.era.zksync.dev,mint,100,3,66,0xcc85a14f9ea1a5f6f81950c911a17d31815c4ec8a0bcae970aa939fcb1ef94a4,57774.137458,60490.192208,2716.054750000003,161364,25000000,,success,1,0,,,8573346
pilot_1790486476823,mint_N100_c3,0,2026-09-27T05:22:16.764Z,zkSyncTestnet,300,sepolia.era.zksync.dev,mint,100,3,67,0xfad870be168f50c6cc4e944d9561563dc18985bf20141c0fe1a86505e3a97471,58023.904791,60919.875166,2895.970374999997,161364,25000000,,success,1,0,,,8573347
pilot_1790486476823,mint_N100_c3,0,2026-09-27T05:22:16.826Z,zkSyncTestnet,300,sepolia.era.zksync.dev,mint,100,3,68,0xdd8e6fb41bcaa5cb4a6ae2103dd368f320a5d259b8443c8a75583b66cd9fa24a,59122.296958,60981.436958,1859.1399999999994,161370,25000000,,success,1,0,,,8573347
pilot_1790486476823,mint_N100_c3,0,2026-09-27T05:22:18.301Z,zkSyncTestnet,300,sepolia.era.zksync.dev,mint,100,3,69,0x58c55f360cbad411fb4cd0ec28d1d2a5862031af9ca9c117539b1387162c9810,60490.290625,62456.987875,1966.6972499999974,161364,25000000,,success,1,0,,,8573348
pilot_1790486476823,mint_N100_c3,0,2026-09-27T05:22:20.389Z,zkSyncTestnet,300,sepolia.era.zksync.dev,mint,100,3,70,0x7f87bc2b0b40ff58a9591da757ce162462098d4d9a45387008a07c6a1ca32250,60919.966458,64544.425166,3624.4587079999983,161364,25000000,,success,1,0,,,8573349
pilot_1790486476823,mint_N100_c3,0,2026-09-27T05:22:20.910Z,zkSyncTestnet,300,sepolia.era.zksync.dev,mint,100,3,71,0x41f1d9633357d93744ea75d8fb04df0d6b3f40d9e23f2fdb649d89794d90ea7a,60981.524291,65065.584875,4084.060583999999,161364,25000000,,success,1,0,,,8573350
pilot_1790486476823,mint_N100_c3,0,2026-09-27T05:22:22.053Z,zkSyncTestnet,300,sepolia.era.zksync.dev,mint,100,3,72,0x0833165e15825ee72aeabf828900b7e423e0c6ea40a9012273c1902b156939f7,62457.103,66208.390958,3751.287958000001,161364,25000000,,success,1,0,,,8573351
pilot_1790486476823,mint_N100_c3,0,2026-09-27T05:22:23.831Z,zkSyncTestnet,300,sepolia.era.zksync.dev,mint,100,3,75,0x18b8039d3696d2c935dc60e28e981b590ee80d148e614911064d01d51c14e44a,66208.477208,67987.029541,1778.5523329999996,161364,25000000,,success,1,0,,,8573352
pilot_1790486476823,mint_N100_c3,0,2026-09-27T05:22:23.861Z,zkSyncTestnet,300,sepolia.era.zksync.dev,mint,100,3,73,0xc6cc60caef6b454af7ce1c47d1086dc273746175b57a7f0f8fde140bd5321037,64544.517333,68016.556041,3472.038708,161370,25000000,,success,1,0,,,8573352
pilot_1790486476823,mint_N100_c3,0,2026-09-27T05:22:24.079Z,zkSyncTestnet,300,sepolia.era.zksync.dev,mint,100,3,74,0xf69d8e9fe41bf236285af878c1acec64d14e0600782e56b0cd950fea8256ef09,65065.692791,68234.534541,3168.8417499999996,161370,25000000,,success,1,0,,,8573352
pilot_1790486476823,mint_N100_c3,0,2026-09-27T05:22:26.974Z,zkSyncTestnet,300,sepolia.era.zksync.dev,mint,100,3,78,0x5c118e015d807a394510cefd2c34bf0c7d8ea82820e0241c7f53244c53f9e545,68234.618125,71129.370125,2894.7520000000077,161370,25000000,,success,1,0,,,8573354
pilot_1790486476823,mint_N100_c3,0,2026-09-27T05:22:27.748Z,zkSyncTestnet,300,sepolia.era.zksync.dev,mint,100,3,77,0x28204f57c11a9b44d86777ff5d8f24dbcc98266b1b49a590aac8b7435d75ac46,68016.62375,71903.956666,3887.3329159999994,161370,25000000,,success,1,0,,,8573354
pilot_1790486476823,mint_N100_c3,0,2026-09-27T05:22:28.020Z,zkSyncTestnet,300,sepolia.era.zksync.dev,mint,100,3,76,0xc9d83f983a99b55fcf82318423d0c11437a5306fd9898ac240c1f8f128d53a68,67987.109541,72175.898916,4188.789375000008,161370,25000000,,success,1,0,,,8573354
pilot_1790486476823,mint_N100_c3,0,2026-09-27T05:22:28.832Z,zkSyncTestnet,300,sepolia.era.zksync.dev,mint,100,3,79,0xe7446eaa1425217af425df0a49c59661f8ba0041edc399ed26e05dae5eb22b3e,71129.48125,72987.906208,1858.4249580000032,161364,25000000,,success,1,0,,,8573355
pilot_1790486476823,mint_N100_c3,0,2026-09-27T05:22:29.672Z,zkSyncTestnet,300,sepolia.era.zksync.dev,mint,100,3,80,0x7ebb3d1cf66c7ac3295cfacc407c93c9a791650affda07c7cb596098ca541b4d,71904.052166,73827.547125,1923.4949590000033,161370,25000000,,success,1,0,,,8573356
pilot_1790486476823,mint_N100_c3,0,2026-09-27T05:22:30.369Z,zkSyncTestnet,300,sepolia.era.zksync.dev,mint,100,3,81,0xb3f2393a7a99e38c9323c56e93aa4a5b7c8b8ecfa51b17c3853b568343df85a2,72176.016541,74524.901666,2348.8851250000007,161370,25000000,,success,1,0,,,8573357
pilot_1790486476823,mint_N100_c3,0,2026-09-27T05:22:32.736Z,zkSyncTestnet,300,sepolia.era.zksync.dev,mint,100,3,82,0x9ea90ddf8f8d124bce9745130ffde5b9efe400741bbd81a61ae2a73302f23ba6,72987.999041,76892.032833,3904.033792000002,161370,25000000,,success,1,0,,,8573359
pilot_1790486476823,mint_N100_c3,0,2026-09-27T05:22:33.792Z,zkSyncTestnet,300,sepolia.era.zksync.dev,mint,100,3,83,0xf71b792fc149e85e5801786e3f81ecbe885219e153f9baa1612374a47e9caf7d,73827.630375,77948.011666,4120.381291000012,161370,25000000,,success,1,0,,,8573363
pilot_1790486476823,mint_N100_c3,0,2026-09-27T05:22:34.012Z,zkSyncTestnet,300,sepolia.era.zksync.dev,mint,100,3,84,0x3d7c868b33d7dc03f661ba4d0102535c8ebc680d6f1659f3343696fbc080a68a,74525.020458,78167.426208,3642.4057500000054,161364,25000000,,success,1,0,,,8573364
pilot_1790486476823,mint_N100_c3,0,2026-09-27T05:22:37.264Z,zkSyncTestnet,300,sepolia.era.zksync.dev,mint,100,3,85,0x44a6bcc052c9fc435b9e81b8e5170db097cf801a5fb55bd05a1c0c7ceda1e032,76892.148125,81419.997166,4527.849040999994,161370,25000000,,success,1,0,,,8573365
pilot_1790486476823,mint_N100_c3,0,2026-09-27T05:22:38.033Z,zkSyncTestnet,300,sepolia.era.zksync.dev,mint,100,3,86,0x2ae2b79e64d5ab458340c30beed7c14c70432a021905104df9d2db784fa9a803,77948.089,82188.695083,4240.6060829999915,161364,25000000,,success,1,0,,,8573366
pilot_1790486476823,mint_N100_c3,0,2026-09-27T05:22:38.044Z,zkSyncTestnet,300,sepolia.era.zksync.dev,mint,100,3,87,0xbc0a636ec6e8830376849d85d38bc592281a8a338c601e5c0e64654f54ec2ec3,78167.479375,82200.151166,4032.6717910000007,161364,25000000,,success,1,0,,,8573366
pilot_1790486476823,mint_N100_c3,0,2026-09-27T05:22:39.810Z,zkSyncTestnet,300,sepolia.era.zksync.dev,mint,100,3,88,0xcf5253215008723931923cc4165932453933979a9abc256e09c9350193e46fde,81420.061166,83965.546458,2545.4852919999976,161370,25000000,,success,1,0,,,8573367
pilot_1790486476823,mint_N100_c3,0,2026-09-27T05:22:41.355Z,zkSyncTestnet,300,sepolia.era.zksync.dev,mint,100,3,90,0x9ca1236db61823bbbbe9d85b5556ad3359ddcff1981759c7b5dcb58a58afc9eb,82200.189458,85510.371291,3310.1818330000096,161364,25000000,,success,1,0,,,8573368
pilot_1790486476823,mint_N100_c3,0,2026-09-27T05:22:42.374Z,zkSyncTestnet,300,sepolia.era.zksync.dev,mint,100,3,89,0xc41a88653162cf9fdc4183c3f72dfb68cc57978926403268313eaec3305b3a87,82188.81225,86529.374708,4340.562458,161364,25000000,,success,1,0,,,8573368
pilot_1790486476823,mint_N100_c3,0,2026-09-27T05:22:42.928Z,zkSyncTestnet,300,sepolia.era.zksync.dev,mint,100,3,91,0x27cdf602ce177088b30bb25112463065bba98dcb9ffc59be8a81f0a6c9e09d64,83965.633583,87084.145125,3118.511541999993,161364,25000000,,success,1,0,,,8573369
pilot_1790486476823,mint_N100_c3,0,2026-09-27T05:22:43.848Z,zkSyncTestnet,300,sepolia.era.zksync.dev,mint,100,3,92,0xcc954ae7024d01184784a6d3000c529ea3bff35b9b653273bf1f14dbc6a0dc92,85510.460958,88004.138333,2493.6773749999993,161364,25000000,,success,1,0,,,8573369
pilot_1790486476823,mint_N100_c3,0,2026-09-27T05:22:45.070Z,zkSyncTestnet,300,sepolia.era.zksync.dev,mint,100,3,93,0x34622cd5e931cadac22bc4249fa6232fd446fa3b57a716c8b4f97952171c0a47,86529.4765,89225.969125,2696.492624999999,161370,25000000,,success,1,0,,,8573370
pilot_1790486476823,mint_N100_c3,0,2026-09-27T05:22:46.109Z,zkSyncTestnet,300,sepolia.era.zksync.dev,mint,100,3,94,0x2ceb2478fd89f754b0b22bfd5bf17d84278524b6e31f2430825835bc376b56c6,87084.244666,90265.1035,3180.8588339999988,161370,25000000,,success,1,0,,,8573371
pilot_1790486476823,mint_N100_c3,0,2026-09-27T05:22:47.672Z,zkSyncTestnet,300,sepolia.era.zksync.dev,mint,100,3,95,0x1ded8d08f2caec2ef2b2a08d38633732cfd0537893e6ce26c560f4b8196fc471,88004.231083,91827.425,3823.193916999997,161364,25000000,,success,1,0,,,8573372
pilot_1790486476823,mint_N100_c3,0,2026-09-27T05:22:47.938Z,zkSyncTestnet,300,sepolia.era.zksync.dev,mint,100,3,96,0xb91ea2cffcd5ac1eb68ca33dcbae4d3241002ace43f1f2b2db5cc96d26836a2e,89226.061416,92093.9355,2867.87408400001,161370,25000000,,success,1,0,,,8573373
pilot_1790486476823,mint_N100_c3,0,2026-09-27T05:22:49.219Z,zkSyncTestnet,300,sepolia.era.zksync.dev,mint,100,3,97,0x18f481f6c2c8e3dabedee38f6c058217e65194e88c352acdb039de3c0fa98da2,90265.147083,93374.982416,3109.8353329999954,161370,25000000,,success,1,0,,,8573374
pilot_1790486476823,mint_N100_c3,0,2026-09-27T05:22:50.381Z,zkSyncTestnet,300,sepolia.era.zksync.dev,mint,100,3,98,0xc356a6536e2825dde1ab8b19e248cfddf3b1404f809a5be2cef3f1ad53461892,91827.528541,94536.357083,2708.8285419999884,161251,25000000,,success,1,0,,,8573375
pilot_1790486476823,mint_N100_c3,0,2026-09-27T05:22:50.797Z,zkSyncTestnet,300,sepolia.era.zksync.dev,mint,100,3,99,0xeaae33d92b0738f333c1f11b1cfeb45834f4b6c3059e39e10697987e5cfea9a5,92093.981541,94952.314083,2858.3325420000037,161370,25000000,,success,1,0,,,8573376
pilot_1790486476823,mint_N100_c3,0,2026-09-27T05:22:51.613Z,zkSyncTestnet,300,sepolia.era.zksync.dev,mint,100,3,100,0x2370e0303f322f0badb22cbb446503a4410ae95ef3a0643d508dc98041252f2d,93375.0855,95768.268833,2393.1833329999936,161370,25000000,,success,1,0,,,8573377
pilot_1790486476823,mint_N100_c3,0,2026-09-27T05:22:53.742Z,zkSyncTestnet,300,sepolia.era.zksync.dev,mint,100,3,101,0x217e76c80890b27b3117a9fc8b087df86b7bdad32dadfa272adec870134c7e47,94536.439833,97897.676041,3361.236208000002,161364,25000000,,success,1,0,,,8573379
pilot_1790486476823,mint_N100_c3,0,2026-09-27T05:22:54.222Z,zkSyncTestnet,300,sepolia.era.zksync.dev,mint,100,3,102,0x060289f774d15e679e103c19406edb982e98ef723d130dfdb4db9e10fd8635f2,94952.429791,98377.758958,3425.3291670000035,161364,25000000,,success,1,0,,,8573380
pilot_1790486476823,mint_N100_c3,0,2026-09-27T05:22:54.492Z,zkSyncTestnet,300,sepolia.era.zksync.dev,mint,100,3,103,0x766568403892216d3f17fbdfbaa336844eb5a09eeca8507cd16bd84d8d0ec30f,95768.350083,98648.128208,2879.778124999997,161370,25000000,,success,1,0,,,8573381
pilot_1790486476823,mint_N100_c3,0,2026-09-27T05:22:56.037Z,zkSyncTestnet,300,sepolia.era.zksync.dev,mint,100,3,104,0x8a9c618a3eb4de58524b9dd70bd10412d6590a43869abac87304aaf0faa8e117,97897.737583,100192.607625,2294.8700420000096,161364,25000000,,success,1,0,,,8573382
pilot_1790486476823,mint_N100_c3,0,2026-09-27T05:22:56.067Z,zkSyncTestnet,300,sepolia.era.zksync.dev,mint,100,3,105,0xc0d7bd6b0e6b69703852c3eee83257fc06b6687d140d1cab2cba609d56bd1680,98377.814708,100223.12,1845.30529199999,161370,25000000,,success,1,0,,,8573382
pilot_1790486476823,mint_N100_c3,0,2026-09-27T05:22:57.287Z,zkSyncTestnet,300,sepolia.era.zksync.dev,mint,100,3,106,0x712f700ba31a0e78f2c2ca2f844ff12f42eb525f29db51676ac1496766e880b9,98648.191791,101442.414,2794.2222089999996,161370,25000000,,success,1,0,,,8573383
pilot_1790486476823,mint_N100_c3,0,2026-09-27T05:22:59.177Z,zkSyncTestnet,300,sepolia.era.zksync.dev,mint,100,3,107,0xd1276aa0ce10013b75ad66310c0a9cb1048fc853082d312a96df1571bc4c90a4,100192.726458,103332.316458,3139.5899999999965,161370,25000000,,success,1,0,,,8573384
pilot_1790486476823,mint_N100_c3,0,2026-09-27T05:22:59.604Z,zkSyncTestnet,300,sepolia.era.zksync.dev,mint,100,3,108,0x2c33546887abaaca1584c6e9ddaa7d90992b78e3353ea690d1339b23668a7387,100223.216375,103759.812541,3536.596166000003,161370,25000000,,success,1,0,,,8573385
pilot_1790486476823,mint_N100_c3,0,2026-09-27T05:23:00.560Z,zkSyncTestnet,300,sepolia.era.zksync.dev,mint,100,3,109,0x990ab1cbf9cc370c025c85d6a639bfdc3d04ff6195f27b2b3260866097d6d5ae,101442.510166,104716.177125,3273.6669590000092,161370,25000000,,success,1,0,,,8573386
pilot_1790486476823,mint_N100_c3,0,2026-09-27T05:23:01.422Z,zkSyncTestnet,300,sepolia.era.zksync.dev,mint,100,3,111,0xd4cc698525946d48a7ee803265a1d8b1a22b2e63342f367233feb147e812b003,103759.928583,105577.216041,1817.2874580000062,161364,25000000,,success,1,0,,,8573387
pilot_1790486476823,mint_N100_c3,0,2026-09-27T05:23:01.606Z,zkSyncTestnet,300,sepolia.era.zksync.dev,mint,100,3,110,0x2cfcc19c60016009a867778ab627207cc2cda0e04178c7d16886c08d7af04339,103332.396208,105761.831791,2429.4355829999986,161370,25000000,,success,1,0,,,8573387
pilot_1790486476823,mint_N100_c3,0,2026-09-27T05:23:03.895Z,zkSyncTestnet,300,sepolia.era.zksync.dev,mint,100,3,112,0x3fd9cdd57aa4dc8445ac9a1aafbffae53914d4d07b28a24860e5af82601f15c1,104716.293125,108050.430166,3334.137041000009,161364,25000000,,success,1,0,,,8573388
pilot_1790486476823,mint_N100_c3,0,2026-09-27T05:23:04.209Z,zkSyncTestnet,300,sepolia.era.zksync.dev,mint,100,3,113,0x0794ce944d6d8b8353ba4b21435077612cb87e34a675ef78200c0f7561b5978d,105577.270541,108364.192833,2786.9222919999884,161370,25000000,,success,1,0,,,8573389
pilot_1790486476823,mint_N100_c3,0,2026-09-27T05:23:05.766Z,zkSyncTestnet,300,sepolia.era.zksync.dev,mint,100,3,114,0xb84eeaa1ad5a7e79cccdc5dbda99b6d1536c8606c85f26143b061d80400d6e9c,105761.886125,109921.861833,4159.975707999998,161370,25000000,,success,1,0,,,8573390
pilot_1790486476823,mint_N100_c3,0,2026-09-27T05:23:05.804Z,zkSyncTestnet,300,sepolia.era.zksync.dev,mint,100,3,115,0x11f18a2e67359726f9b7624573ca06377c388de6d0cf7428d1471d391553f2d1,108050.48,109959.550666,1909.0706659999996,161364,25000000,,success,1,0,,,8573391
pilot_1790486476823,mint_N500_c3,0,2026-09-27T05:23:09.853Z,zkSyncTestnet,300,sepolia.era.zksync.dev,mint,500,3,118,0x07378690675972420d574f34fc9a3992b5f278af5af6ec586ad2448dd38ff165,110191.352458,114008.960458,3817.6080000000075,161364,25000000,,success,1,0,,,8573392
pilot_1790486476823,mint_N500_c3,0,2026-09-27T05:23:10.505Z,zkSyncTestnet,300,sepolia.era.zksync.dev,mint,500,3,116,0x1a5c4840c708ce857defd4250b3c13ab81d9c79874659c2acc3cca401e7543dc,110189.812875,114660.389666,4470.5767909999995,161251,25000000,,success,1,0,,,8573392
pilot_1790486476823,mint_N500_c3,0,2026-09-27T05:23:10.871Z,zkSyncTestnet,300,sepolia.era.zksync.dev,mint,500,3,117,0x81b0243f192449bf9af403b4e1346b0ce677f80407bfb53d3a475751af273bc1,110190.786041,115026.191541,4835.4054999999935,161251,25000000,,success,1,0,,,8573392
pilot_1790486476823,mint_N500_c3,0,2026-09-27T05:23:11.788Z,zkSyncTestnet,300,sepolia.era.zksync.dev,mint,500,3,119,0xe5e628bd47ae824ff356488aabd58acc026a52e1d9ac3d7e1468b9cbc9dba08a,114009.033416,115943.166375,1934.132958999995,161370,25000000,,success,1,0,,,8573393
pilot_1790486476823,mint_N500_c3,0,2026-09-27T05:23:12.313Z,zkSyncTestnet,300,sepolia.era.zksync.dev,mint,500,3,120,0x02f87388a254bf4576255f0c8b0d0adbb2291e46a0fc42ddb0867f9f0cd1b5e0,114660.441708,116468.889291,1808.447583000001,161370,25000000,,success,1,0,,,8573394
pilot_1790486476823,mint_N500_c3,0,2026-09-27T05:23:12.837Z,zkSyncTestnet,300,sepolia.era.zksync.dev,mint,500,3,121,0xa467ab67e6267c36b9311f285dcdeb639355540351dd8b3b2efc95a6cf5106df,115026.289583,116992.863916,1966.5743329999968,161370,25000000,,success,1,0,,,8573395
pilot_1790486476823,mint_N500_c3,0,2026-09-27T05:23:13.633Z,zkSyncTestnet,300,sepolia.era.zksync.dev,mint,500,3,122,0x539ae6615858c5fd9f8c719dff2f8c3669b613e7e1a39679da3f6249edc0d077,115943.237125,117788.559375,1845.3222499999974,161364,25000000,,success,1,0,,,8573396
pilot_1790486476823,mint_N500_c3,0,2026-09-27T05:23:15.206Z,zkSyncTestnet,300,sepolia.era.zksync.dev,mint,500,3,123,0xbdd6d381f764df35c65a2f1e6110700076615eed43188f696a13fbd2c590d15b,116469.002833,119361.806291,2892.803457999995,161364,25000000,,success,1,0,,,8573397
pilot_1790486476823,mint_N500_c3,0,2026-09-27T05:23:16.643Z,zkSyncTestnet,300,sepolia.era.zksync.dev,mint,500,3,124,0xed45f5359786889f81af0db37aed27356c9602bfe0cffdf458fb5e6ac180e541,116992.917666,120798.950583,3806.032917000004,161370,25000000,,success,1,0,,,8573398
pilot_1790486476823,mint_N500_c3,0,2026-09-27T05:23:16.777Z,zkSyncTestnet,300,sepolia.era.zksync.dev,mint,500,3,125,0x94ba3a792247e96340f02415b4ec64435c3863b719db2492247984edaade01c7,117788.601458,120932.595625,3143.994166999997,161364,25000000,,success,1,0,,,8573399
pilot_1790486476823,mint_N500_c3,0,2026-09-27T05:23:17.061Z,zkSyncTestnet,300,sepolia.era.zksync.dev,mint,500,3,126,0xaa1cbb2a64653f3cb7a3a5686112c8527b79e31a9935ef073518e12e8760a4a5,119361.873375,121216.305291,1854.4319160000014,161364,25000000,,success,1,0,,,8573400
pilot_1790486476823,mint_N500_c3,0,2026-09-27T05:23:19.653Z,zkSyncTestnet,300,sepolia.era.zksync.dev,mint,500,3,127,0x0d37d0cc47d626a6d9161e287e8d5e26df8409cb9338c21f1250e6cbcff7e6cf,120799.03625,123808.522125,3009.4858749999985,161364,25000000,,success,1,0,,,8573401
pilot_1790486476823,mint_N500_c3,0,2026-09-27T05:23:21.204Z,zkSyncTestnet,300,sepolia.era.zksync.dev,mint,500,3,129,0xd385153b256895d6314ec999ebbe45742318baa18ff3477d40a983c0bca935b1,121216.362666,125359.523166,4143.160499999998,161364,25000000,,success,1,0,,,8573402
pilot_1790486476823,mint_N500_c3,0,2026-09-27T05:23:21.497Z,zkSyncTestnet,300,sepolia.era.zksync.dev,mint,500,3,128,0x9b63050f92d8691a10d199b156643138a186bd6f4fff2b580d02a78898711efb,120932.639208,125652.727416,4720.088208000001,161370,25000000,,success,1,0,,,8573402
pilot_1790486476823,mint_N500_c3,0,2026-09-27T05:23:22.546Z,zkSyncTestnet,300,sepolia.era.zksync.dev,mint,500,3,130,0xedb5069f5dc550d0ed44763594a5e1dcdc9bbdf32385d160ab6c95a641591af5,123808.578541,126701.184541,2892.6059999999998,161364,25000000,,success,1,0,,,8573403
pilot_1790486476823,mint_N500_c3,0,2026-09-27T05:23:23.100Z,zkSyncTestnet,300,sepolia.era.zksync.dev,mint,500,3,131,0xdb97682eb63726442903552bba305ff8a8718ac53f9a971a505c36c2860bec8d,125359.590291,127255.673416,1896.0831250000047,161364,25000000,,success,1,0,,,8573404
pilot_1790486476823,mint_N500_c3,0,2026-09-27T05:23:23.592Z,zkSyncTestnet,300,sepolia.era.zksync.dev,mint,500,3,132,0x7783bf8654c32a4b8fc50e76a269678ea54748124d8949f28a603106f2debd93,125652.823291,127747.42025,2094.5969590000022,161370,25000000,,success,1,0,,,8573405
pilot_1790486476823,mint_N500_c3,0,2026-09-27T05:23:24.383Z,zkSyncTestnet,300,sepolia.era.zksync.dev,mint,500,3,133,0x8bcf9ef7af605b89534a55134979fcf98600909d42553d4b82be9d027576fe8d,126701.269375,128538.258958,1836.9895830000023,161364,25000000,,success,1,0,,,8573406
pilot_1790486476823,mint_N500_c3,0,2026-09-27T05:23:27.022Z,zkSyncTestnet,300,sepolia.era.zksync.dev,mint,500,3,136,0x93410d9eb0e4aa3443a9d34ee35d5ac8945d4777e39105c6bd435f6aa7948158,128538.315375,131177.806333,2639.4909579999803,161364,25000000,,success,1,0,,,8573407
pilot_1790486476823,mint_N500_c3,0,2026-09-27T05:23:27.161Z,zkSyncTestnet,300,sepolia.era.zksync.dev,mint,500,3,135,0x6fb50e93694fb64b553fcdde2bc3639e50f84e6862febbd10d587493ee42a81b,127747.476833,131316.569916,3569.0930830000143,161364,25000000,,success,1,0,,,8573407
pilot_1790486476823,mint_N500_c3,0,2026-09-27T05:23:27.495Z,zkSyncTestnet,300,sepolia.era.zksync.dev,mint,500,3,134,0xa4b4232e9f17d4862a5c91ed2bf500bc2610de35060b5f5651fb1c78ba09006e,127255.794958,131651.074708,4395.2797500000015,161370,25000000,,success,1,0,,,8573407
pilot_1790486476823,mint_N500_c3,0,2026-09-27T05:23:28.924Z,zkSyncTestnet,300,sepolia.era.zksync.dev,mint,500,3,137,0x0d50e79f09bbb8e3a8b0e84d16b48a1c2c1904f077089887fede32b1de01e6ae,131177.920375,133079.955625,1902.0352500000154,161364,25000000,,success,1,0,,,8573408
pilot_1790486476823,mint_N500_c3,0,2026-09-27T05:23:29.098Z,zkSyncTestnet,300,sepolia.era.zksync.dev,mint,500,3,138,0x540d687710b74255e3c4f86c3bccbccd6a1f318de7a1d93a6e975f93fcefb3df,131316.667541,133254.020375,1937.3528339999903,161370,25000000,,success,1,0,,,8573409
pilot_1790486476823,mint_N500_c3,0,2026-09-27T05:23:30.466Z,zkSyncTestnet,300,sepolia.era.zksync.dev,mint,500,3,139,0x72f45aa9c97754475cd7539685def7001556d5cad5dbb087feb586259247f4a5,131651.193875,134621.566458,2970.3725829999894,161370,25000000,,success,1,0,,,8573410
pilot_1790486476823,mint_N500_c3,0,2026-09-27T05:23:30.974Z,zkSyncTestnet,300,sepolia.era.zksync.dev,mint,500,3,141,0x1632f87e6c2dba0c8b18c42dabb04e3315f0f542bbc5c49c3c3023d5e9c62f85,133254.125583,135129.156083,1875.0305000000226,161364,25000000,,success,1,0,,,8573412
pilot_1790486476823,mint_N500_c3,0,2026-09-27T05:23:31.629Z,zkSyncTestnet,300,sepolia.era.zksync.dev,mint,500,3,140,0xbea66db833c39a5e9c934254e5974dce355e7855cc243941d11bd92492b355e6,133080.052208,135784.485583,2704.4333749999932,161370,25000000,,success,1,0,,,8573411
pilot_1790486476823,mint_N500_c3,0,2026-09-27T05:23:32.267Z,zkSyncTestnet,300,sepolia.era.zksync.dev,mint,500,3,142,0x6465d1c916d93843be15280c2b8e979809558d9f18cb597a3bf41222285b4bc5,134621.693083,136422.241583,1800.5485000000044,161370,25000000,,success,1,0,,,8573413
pilot_1790486476823,mint_N500_c3,0,2026-09-27T05:23:32.797Z,zkSyncTestnet,300,sepolia.era.zksync.dev,mint,500,3,143,0x849b1a6b0be25d5846a020fc7b3b4e766793772ca47a766f5c497e55d387050a,135129.259083,136952.784916,1823.5258329999924,161364,25000000,,success,1,0,,,8573414
pilot_1790486476823,mint_N500_c3,0,2026-09-27T05:23:33.553Z,zkSyncTestnet,300,sepolia.era.zksync.dev,mint,500,3,144,0x56f7539bc8492cf8020a8e3a9197a1c7fb941381df123a50076f013f485dc9b9,135784.58925,137708.571625,1923.9823750000214,161364,25000000,,success,1,0,,,8573415
pilot_1790486476823,mint_N500_c3,0,2026-09-27T05:23:35.752Z,zkSyncTestnet,300,sepolia.era.zksync.dev,mint,500,3,147,0x4a062910e1519f423a497bc7f6998c60c70c3d0d008bd56fc326c8b37ab5be0a,137708.636916,139907.686791,2199.049874999997,161364,25000000,,success,1,0,,,8573417
pilot_1790486476823,mint_N500_c3,0,2026-09-27T05:23:35.758Z,zkSyncTestnet,300,sepolia.era.zksync.dev,mint,500,3,146,0xbd83b745425606ca041d504fbc4413744cc8fa332dfbfb70c1f9714fb2795d5c,136952.841,139914.002541,2961.1615410000086,161370,25000000,,success,1,0,,,8573417
pilot_1790486476823,mint_N500_c3,0,2026-09-27T05:23:35.989Z,zkSyncTestnet,300,sepolia.era.zksync.dev,mint,500,3,145,0x5d95d1de371e2b9d0fe0de4330dcf35c9a6d6770f8119cb612290ea00b84fd29,136422.341,140144.934125,3722.593125000014,161370,25000000,,success,1,0,,,8573416
pilot_1790486476823,mint_N500_c3,0,2026-09-27T05:23:37.573Z,zkSyncTestnet,300,sepolia.era.zksync.dev,mint,500,3,148,0xfa84321ef468dc8c73efac52231ea8e53f1ed51d86da9e6c8a8fd73320378ef8,139907.806208,141729.00225,1821.196041999996,161370,25000000,,success,1,0,,,8573418
pilot_1790486476823,mint_N500_c3,0,2026-09-27T05:23:38.669Z,zkSyncTestnet,300,sepolia.era.zksync.dev,mint,500,3,150,0x95677255cad738b545d1f7780bc4a0710b98f8bf4ed1f86c3fda109174eb992c,140145.016,142825.035375,2680.0193750000035,161370,25000000,,success,1,0,,,8573418
pilot_1790486476823,mint_N500_c3,0,2026-09-27T05:23:38.676Z,zkSyncTestnet,300,sepolia.era.zksync.dev,mint,500,3,149,0x1c5c54d05103a57dc12224ef853b41b70e06ac0fb19ad80c396bc351e43b0523,139914.031583,142831.090291,2917.058707999997,161370,25000000,,success,1,0,,,8573418
pilot_1790486476823,mint_N500_c3,0,2026-09-27T05:23:40.177Z,zkSyncTestnet,300,sepolia.era.zksync.dev,mint,500,3,151,0x8bb8a5d5b561d0f8cf16b1ad2010d9f86a71e6d1e127f39b2d0cc3773a09efcd,141729.107041,144332.111666,2603.0046250000014,161364,25000000,,success,1,0,,,8573419
pilot_1790486476823,mint_N500_c3,0,2026-09-27T05:23:42.356Z,zkSyncTestnet,300,sepolia.era.zksync.dev,mint,500,3,152,0x37e77f7807a3d5dfb6c8c3d47905d936dc1d549979d27e0e08b3c00d0acd031f,142825.1325,146511.557083,3686.4245829999854,161370,25000000,,success,1,0,,,8573420
pilot_1790486476823,mint_N500_c3,0,2026-09-27T05:23:43.020Z,zkSyncTestnet,300,sepolia.era.zksync.dev,mint,500,3,153,0x8837aa7b44aee792c48fbd335f17626903f6266f64021d8d2d1443bb9b3f30e9,142831.111875,147175.5615,4344.449625000008,161370,25000000,,success,1,0,,,8573421
pilot_1790486476823,mint_N500_c3,0,2026-09-27T05:23:43.374Z,zkSyncTestnet,300,sepolia.era.zksync.dev,mint,500,3,154,0x2fa91d081dd3f2d0b31dd4f9a9101c384fd67ce1becd9dfde87ef3c62d123b47,144332.191,147529.385208,3197.194208000001,161364,25000000,,success,1,0,,,8573422
pilot_1790486476823,mint_N500_c3,0,2026-09-27T05:23:45.090Z,zkSyncTestnet,300,sepolia.era.zksync.dev,mint,500,3,155,0x03fde04ba55dd52e32941ccc6808960618dbb3ce5746d620ee5612409ae383e4,146511.653541,149245.19325,2733.539709000004,161364,25000000,,success,1,0,,,8573423
pilot_1790486476823,mint_N500_c3,0,2026-09-27T05:23:45.319Z,zkSyncTestnet,300,sepolia.era.zksync.dev,mint,500,3,156,0xa920312d8aeb687fa274bc4f4af432b37ba1ee5b31ea4fe1f4069fe199a122bb,147175.69,149475.015833,2299.32583300001,161370,25000000,,success,1,0,,,8573424
pilot_1790486476823,mint_N500_c3,0,2026-09-27T05:23:45.323Z,zkSyncTestnet,300,sepolia.era.zksync.dev,mint,500,3,157,0x7c1174847e60ba1ec9208defc48de2efcfeb346d0d82967fe9f1e31633043e62,147529.485208,149478.402333,1948.9171250000072,161364,25000000,,success,1,0,,,8573424
pilot_1790486476823,mint_N500_c3,0,2026-09-27T05:23:47.039Z,zkSyncTestnet,300,sepolia.era.zksync.dev,mint,500,3,158,0x368c2d45e5f5975720c8bb7772f27684e417c858286835cb376c07d97ec4c31c,149245.266541,151194.79775,1949.531209000008,161364,25000000,,success,1,0,,,8573425
pilot_1790486476823,mint_N500_c3,0,2026-09-27T05:23:47.446Z,zkSyncTestnet,300,sepolia.era.zksync.dev,mint,500,3,159,0x8d0cc9c6465cf29b2d26e383d873d574997f14e41cec5ccaea7e3f52447fceda,149475.099625,151601.902291,2126.8026660000032,161364,25000000,,success,1,0,,,8573426
pilot_1790486476823,mint_N500_c3,0,2026-09-27T05:23:48.762Z,zkSyncTestnet,300,sepolia.era.zksync.dev,mint,500,3,160,0xf89984627f116c90ab4e4bac63b5a5a66addd1e879d2baa5a434cfb2f730f5cf,149478.422166,152917.693166,3439.271000000008,161364,25000000,,success,1,0,,,8573427
pilot_1790486476823,mint_N500_c3,0,2026-09-27T05:23:51.016Z,zkSyncTestnet,300,sepolia.era.zksync.dev,mint,500,3,161,0x5a338b4fc8a1e61fb20d521226dd730245ad217e8a0d222e388acd9baadc8a3a,151194.911791,155171.61175,3976.6999590000196,161364,25000000,,success,1,0,,,8573428
pilot_1790486476823,mint_N500_c3,0,2026-09-27T05:23:51.381Z,zkSyncTestnet,300,sepolia.era.zksync.dev,mint,500,3,162,0x3b7b8ca46af8d47afecf30a9c719ce6ee67a4924f08344274d6a38dcd770da49,151601.982791,155536.89075,3934.9079590000038,161364,25000000,,success,1,0,,,8573429
pilot_1790486476823,mint_N500_c3,0,2026-09-27T05:23:52.287Z,zkSyncTestnet,300,sepolia.era.zksync.dev,mint,500,3,163,0x0385cc771d6b056c092ea7595a75e68ede39defb134d2daaa45ebc58c4816e2d,152917.803958,156442.447666,3524.6437079999887,161364,25000000,,success,1,0,,,8573430
pilot_1790486476823,mint_N500_c3,0,2026-09-27T05:23:53.766Z,zkSyncTestnet,300,sepolia.era.zksync.dev,mint,500,3,164,0xb6676a3834dcc079c3fcc448f6016bfede9a2930f84837556a183f47413f2a6f,155171.709583,157921.12675,2749.417167000007,161245,25000000,,success,1,0,,,8573432
pilot_1790486476823,mint_N500_c3,0,2026-09-27T05:23:54.955Z,zkSyncTestnet,300,sepolia.era.zksync.dev,mint,500,3,166,0xa2054091777f19a2f72158d409ff262134d4ed4d7c234d4b0f1a1dc012bdecb1,156442.540166,159110.927333,2668.387167000008,161370,25000000,,success,1,0,,,8573433
pilot_1790486476823,mint_N500_c3,0,2026-09-27T05:23:54.962Z,zkSyncTestnet,300,sepolia.era.zksync.dev,mint,500,3,165,0x0f29c5cea1308fa1b0b57cc262bf66cf1df9685c24c01bc90071e6b5c980f358,155536.992875,159117.150416,3580.157540999993,161370,25000000,,success,1,0,,,8573432
pilot_1790486476823,mint_N500_c3,0,2026-09-27T05:23:57.148Z,zkSyncTestnet,300,sepolia.era.zksync.dev,mint,500,3,167,0xf5a7d035302e5873c797a4d628fb894321e6d95c27be38172ecd0710acef7753,157921.180375,161303.801791,3382.621416000009,161370,25000000,,success,1,0,,,8573434
pilot_1790486476823,mint_N500_c3,0,2026-09-27T05:23:57.754Z,zkSyncTestnet,300,sepolia.era.zksync.dev,mint,500,3,168,0x997ddead437a43ba743d0b974b781af737464c98bf092890ffe6a40a71086289,159111.01025,161909.965583,2798.95533300002,161364,25000000,,success,1,0,,,8573435
pilot_1790486476823,mint_N500_c3,0,2026-09-27T05:23:58.970Z,zkSyncTestnet,300,sepolia.era.zksync.dev,mint,500,3,169,0x7435a7a4bfc121ef5c5124fb505dfe26342f8ee2b530f982ae277c0b6a574757,159117.173125,163126.031375,4008.85824999999,161364,25000000,,success,1,0,,,8573436
pilot_1790486476823,mint_N500_c3,0,2026-09-27T05:23:59.000Z,zkSyncTestnet,300,sepolia.era.zksync.dev,mint,500,3,170,0xaf3182a3e04e75098a1b5327d933f2d3e79b9b679f532bf88241864aaa7fc803,161303.909083,163155.133875,1851.2247919999936,161364,25000000,,success,1,0,,,8573437
pilot_1790486476823,mint_N500_c3,0,2026-09-27T05:24:00.925Z,zkSyncTestnet,300,sepolia.era.zksync.dev,mint,500,3,171,0xb874b8e4c5525381985cfe8b8e4e46ab7a592136d6d8500dd143d915e7a9d60b,161910.07375,165080.5955,3170.5217499999853,161364,25000000,,success,1,0,,,8573438
pilot_1790486476823,mint_N500_c3,0,2026-09-27T05:24:02.091Z,zkSyncTestnet,300,sepolia.era.zksync.dev,mint,500,3,172,0xb57899875611f79d5837431e103a582a2271e0b4bf18388a861e417c43fb7c36,163126.153416,166246.87,3120.716584000009,161370,25000000,,success,1,0,,,8573439
pilot_1790486476823,mint_N500_c3,0,2026-09-27T05:24:02.386Z,zkSyncTestnet,300,sepolia.era.zksync.dev,mint,500,3,173,0x0edea453b21f7ae62b7431061a464fd86d4433987352d5230518ac13d7bc7ea4,163155.209833,166541.618,3386.408166999987,161364,25000000,,success,1,0,,,8573439
pilot_1790486476823,mint_N500_c3,0,2026-09-27T05:24:02.951Z,zkSyncTestnet,300,sepolia.era.zksync.dev,mint,500,3,174,0x2e829e68ea5733c86860168334a3cbc48677f5cdec3b01716810ccc7a22c7efb,165080.738416,167106.28175,2025.5433339999872,161370,25000000,,success,1,0,,,8573440
pilot_1790486476823,mint_N500_c3,0,2026-09-27T05:24:05.036Z,zkSyncTestnet,300,sepolia.era.zksync.dev,mint,500,3,175,0x2a70b2ef74d0494abf34544ea5836ab307b1f559c734a5a9786b8a7fdf25c1e6,166246.963416,169191.3335,2944.3700839999947,161370,25000000,,success,1,0,,,8573442
pilot_1790486476823,mint_N500_c3,0,2026-09-27T05:24:13.532Z,zkSyncTestnet,300,sepolia.era.zksync.dev,mint,500,3,176,0x185d294dbb8eba5a6ccdd007a797ef2849be76b9b00f5dbda5f3b52ae86cd148,166541.687458,177687.633458,11145.945999999996,161364,25000000,,success,1,0,,,8573443
pilot_1790486476823,mint_N500_c3,0,2026-09-27T05:24:14.675Z,zkSyncTestnet,300,sepolia.era.zksync.dev,mint,500,3,177,0xa37edfa91823812c63e7621661839ab0bd41272a7efecf1cca22a27e3f1d83a8,167106.409333,178830.223875,11723.814542000007,161364,25000000,,success,1,0,,,8573444
pilot_1790486476823,mint_N500_c3,0,2026-09-27T05:24:14.976Z,zkSyncTestnet,300,sepolia.era.zksync.dev,mint,500,3,178,0x6841bd6ca04bf3eb88bf95df2db45544dcd03667e8472a042157ee134f099780,169191.406625,179131.84625,9940.439624999999,161364,25000000,,success,1,0,,,8573444
pilot_1790486476823,mint_N500_c3,0,2026-09-27T05:24:16.548Z,zkSyncTestnet,300,sepolia.era.zksync.dev,mint,500,3,180,0x21ef2723a743a23ed131c0be7a96ba8a5f4f8b75cc830d375792b7597cef1b03,178830.284458,180703.476416,1873.1919579999812,161364,25000000,,success,1,0,,,8573445
pilot_1790486476823,mint_N500_c3,0,2026-09-27T05:24:16.787Z,zkSyncTestnet,300,sepolia.era.zksync.dev,mint,500,3,181,0xf4bef30bd1cd861c3dc91d9ff9ad31d9dfb7b654767b4b18ea3f87fe033288fc,179131.906083,180942.09625,1810.1901669999934,161364,25000000,,success,1,0,,,8573446
pilot_1790486476823,mint_N500_c3,0,2026-09-27T05:24:16.808Z,zkSyncTestnet,300,sepolia.era.zksync.dev,mint,500,3,179,0xc9470fc14978cc1cd6335c96a68171b116b2811da590b22aa240a9f53da75d0e,177688.304708,180963.458333,3275.153624999977,161370,25000000,,success,1,0,,,8573445
pilot_1790486476823,mint_N500_c3,0,2026-09-27T05:24:18.419Z,zkSyncTestnet,300,sepolia.era.zksync.dev,mint,500,3,182,0x9853ec3a2cc482650cc2fe887e3459768389e73e4ecff9988d8892b7d2deaa50,180703.562041,182574.028916,1870.4668750000128,161370,25000000,,success,1,0,,,8573447
pilot_1790486476823,mint_N500_c3,0,2026-09-27T05:24:18.705Z,zkSyncTestnet,300,sepolia.era.zksync.dev,mint,500,3,183,0x7f1630fc6eaefac7a20836befcb9958dc40bddaf93b335b3bc4e6e8ab71244f1,180942.208333,182860.718041,1918.5097079999978,161364,25000000,,success,1,0,,,8573448
pilot_1790486476823,mint_N500_c3,0,2026-09-27T05:24:19.930Z,zkSyncTestnet,300,sepolia.era.zksync.dev,mint,500,3,184,0x578a12453fcb2db09084963175768e6dec2efb54963d188949be2f3fd71942eb,180963.563208,184085.403291,3121.840082999988,161370,25000000,,success,1,0,,,8573449
pilot_1790486476823,mint_N500_c3,0,2026-09-27T05:24:20.283Z,zkSyncTestnet,300,sepolia.era.zksync.dev,mint,500,3,185,0x1ae05fd99492dd4b4894e9b2283302771d69f2ad09b02cce1805fe0e9053d8b6,182574.131666,184438.88775,1864.7560839999933,161370,25000000,,success,1,0,,,8573450
pilot_1790486476823,mint_N500_c3,0,2026-09-27T05:24:20.579Z,zkSyncTestnet,300,sepolia.era.zksync.dev,mint,500,3,186,0xeaa179ce9afdb58d6c0435172b7ae4a11c82e373e80abdd2750730230a33dd39,182860.803958,184734.671458,1873.867499999993,161370,25000000,,success,1,0,,,8573451
pilot_1790486476823,mint_N500_c3,0,2026-09-27T05:24:21.805Z,zkSyncTestnet,300,sepolia.era.zksync.dev,mint,500,3,187,0x33168175d637d4297788d805726375ddc71852d4f6f89b5729d35d46f9f6ef58,184085.504916,185960.525375,1875.0204589999921,161364,25000000,,success,1,0,,,8573452
pilot_1790486476823,mint_N500_c3,0,2026-09-27T05:24:22.102Z,zkSyncTestnet,300,sepolia.era.zksync.dev,mint,500,3,188,0x5b467d812c4026fae61a6fdbe0ea5098a63b87c149b1ff7d210f67fa17c80948,184439.002083,186257.371333,1818.3692499999888,161370,25000000,,success,1,0,,,8573453
pilot_1790486476823,mint_N500_c3,0,2026-09-27T05:24:22.417Z,zkSyncTestnet,300,sepolia.era.zksync.dev,mint,500,3,189,0x47aecb0a573eeb743b8e69e8bf77cbc9f3cdc5a71b876b8532ea771679355bc3,184734.773208,186572.209,1837.4357920000039,161370,25000000,,success,1,0,,,8573454
pilot_1790486476823,mint_N500_c3,0,2026-09-27T05:24:23.651Z,zkSyncTestnet,300,sepolia.era.zksync.dev,mint,500,3,190,0xf85866dd90169e483f7d61d2ae47ec65ea18a3c3865f65b9338c28515ffd133c,185960.651708,187806.869041,1846.2173330000078,161364,25000000,,success,1,0,,,8573455
pilot_1790486476823,mint_N500_c3,0,2026-09-27T05:24:23.948Z,zkSyncTestnet,300,sepolia.era.zksync.dev,mint,500,3,191,0x803ef61e3b1ef3d9688a9feb733c5d2fd0941c45284b648dd50a9c5f42ef62d2,186257.426875,188103.269833,1845.8429579999938,161364,25000000,,success,1,0,,,8573456
pilot_1790486476823,mint_N500_c3,0,2026-09-27T05:24:24.455Z,zkSyncTestnet,300,sepolia.era.zksync.dev,mint,500,3,192,0x149f0cdced737254130a5c7de0c6c56b1e0b3a6216516a4c03c3d134a842a3a0,186572.323375,188610.6305,2038.307124999992,161251,25000000,,success,1,0,,,8573457
pilot_1790486476823,mint_N500_c3,0,2026-09-27T05:24:25.459Z,zkSyncTestnet,300,sepolia.era.zksync.dev,mint,500,3,193,0x3d44c332ddaf2134c488678d8a394054b18c95b8344ce2e1e41b03a04ef429fa,187806.97225,189614.862375,1807.8901250000054,161370,25000000,,success,1,0,,,8573458
pilot_1790486476823,mint_N500_c3,0,2026-09-27T05:24:25.756Z,zkSyncTestnet,300,sepolia.era.zksync.dev,mint,500,3,194,0x16a894b28da42425e123bfc6432f4b85ef03c822f7e7946ff8c7688838beab40,188103.32925,189911.082916,1807.7536660000042,161370,25000000,,success,1,0,,,8573458
pilot_1790486476823,mint_N500_c3,0,2026-09-27T05:24:26.295Z,zkSyncTestnet,300,sepolia.era.zksync.dev,mint,500,3,195,0x5c5a538a5e64656c47d07c9543a5c830eb2a49eb6af5bf9ce93f34693482ee93,188610.742541,190450.031458,1839.288916999998,161364,25000000,,success,1,0,,,8573459
pilot_1790486476823,mint_N500_c3,0,2026-09-27T05:24:27.325Z,zkSyncTestnet,300,sepolia.era.zksync.dev,mint,500,3,196,0x22d60aa4f758330951279f0931e910b04fc7d017a61db44cf626700d8518e21f,189614.976833,191480.133625,1865.1567919999943,161370,25000000,,success,1,0,,,8573460
pilot_1790486476823,mint_N500_c3,0,2026-09-27T05:24:27.570Z,zkSyncTestnet,300,sepolia.era.zksync.dev,mint,500,3,197,0x7b31c63d135298b00b1d3e09c433c3afd6764e4038e98ee2be81cdd37450eced,189911.2,191725.281583,1814.081582999992,161364,25000000,,success,1,0,,,8573460
pilot_1790486476823,mint_N500_c3,0,2026-09-27T05:24:28.111Z,zkSyncTestnet,300,sepolia.era.zksync.dev,mint,500,3,198,0xff7b0170a5d57fb6044a1671198db84d9ea1121f6acf0c8df1169b1d76ebeb84,190450.119416,192266.659208,1816.539791999996,161370,25000000,,success,1,0,,,8573461
pilot_1790486476823,mint_N500_c3,0,2026-09-27T05:24:29.140Z,zkSyncTestnet,300,sepolia.era.zksync.dev,mint,500,3,199,0x9f853d62560cde7ea14c78873270941a5f2c4005e8307cd680e897087f044986,191480.244375,193295.709125,1815.4647499999846,161370,25000000,,success,1,0,,,8573462
pilot_1790486476823,mint_N500_c3,0,2026-09-27T05:24:29.383Z,zkSyncTestnet,300,sepolia.era.zksync.dev,mint,500,3,200,0x0f9a42f32e03c0df8b0ecb4027d3b68edec403db3936b4a7f70da70a903679ad,191725.384083,193538.926541,1813.5424579999817,161364,25000000,,success,1,0,,,8573462
pilot_1790486476823,mint_N500_c3,0,2026-09-27T05:24:29.983Z,zkSyncTestnet,300,sepolia.era.zksync.dev,mint,500,3,201,0xe6d615369fcddedab3a5492d2a3dd66f98e7229562ebd1db2f6784ff9144a564,192266.797666,194138.083375,1871.2857089999889,161364,25000000,,success,1,0,,,8573463
pilot_1790486476823,mint_N500_c3,0,2026-09-27T05:24:30.971Z,zkSyncTestnet,300,sepolia.era.zksync.dev,mint,500,3,202,0xa83b57930d0080b18d7ac0475dd8d84d477eb4c9342e1b424d8a78e39e64b421,193295.826458,195126.70175,1830.8752920000115,161364,25000000,,success,1,0,,,8573464
pilot_1790486476823,mint_N500_c3,0,2026-09-27T05:24:31.236Z,zkSyncTestnet,300,sepolia.era.zksync.dev,mint,500,3,203,0x977b16a4b8fdcb3ef11e87d3893c3596ff98ae87fed37576b8cabe49c3954379,193539.023291,195391.684583,1852.6612920000043,161364,25000000,,success,1,0,,,8573464
pilot_1790486476823,mint_N500_c3,0,2026-09-27T05:24:31.797Z,zkSyncTestnet,300,sepolia.era.zksync.dev,mint,500,3,204,0x3826e0899588bda8095edea91fe04555bf700bfca9a6d5ad18095e85826a14c6,194138.19275,195952.062333,1813.8695830000215,161370,25000000,,success,1,0,,,8573465
pilot_1790486476823,mint_N500_c3,0,2026-09-27T05:24:33.054Z,zkSyncTestnet,300,sepolia.era.zksync.dev,mint,500,3,205,0x2be6b89565a9d9c6a5feb6c33ea5940eda1df18a75825a935ba2a83d9342d2c0,195126.804666,197209.325583,2082.520916999987,161370,25000000,,success,1,0,,,8573466
pilot_1790486476823,mint_N500_c3,0,2026-09-27T05:24:33.548Z,zkSyncTestnet,300,sepolia.era.zksync.dev,mint,500,3,206,0x8f0ce08b97c7aadef8dee20d625b308fc972b27c5702912240154ae9727db840,195391.76275,197703.671583,2311.908832999994,161364,25000000,,success,1,0,,,8573467
pilot_1790486476823,mint_N500_c3,0,2026-09-27T05:24:33.644Z,zkSyncTestnet,300,sepolia.era.zksync.dev,mint,500,3,207,0x7c2b594467baafc197c8fec725a9713c5f13ebbe6dd01f37721ce921a18bf051,195952.162375,197799.283583,1847.1212079999968,161370,25000000,,success,1,0,,,8573467
pilot_1790486476823,mint_N500_c3,0,2026-09-27T05:24:34.934Z,zkSyncTestnet,300,sepolia.era.zksync.dev,mint,500,3,208,0x2f4df804045d5acb52793de4cace82de7357db4eaca02afae9247ab8dbfc6665,197209.431791,199089.560666,1880.1288749999949,161370,25000000,,success,1,0,,,8573468
pilot_1790486476823,mint_N500_c3,0,2026-09-27T05:24:35.445Z,zkSyncTestnet,300,sepolia.era.zksync.dev,mint,500,3,209,0xccfffb442e1790aab8a2a818303896464c514d4d209c766f964c3e1e3e13a8b6,197703.758291,199600.378375,1896.6200839999947,161370,25000000,,success,1,0,,,8573469
pilot_1790486476823,mint_N500_c3,0,2026-09-27T05:24:36.717Z,zkSyncTestnet,300,sepolia.era.zksync.dev,mint,500,3,210,0x5aadc73a8019d559843862db51031730413b30adc7ccda35d6f9429aad6a9c33,197799.338208,200872.695166,3073.3569579999894,161370,25000000,,success,1,0,,,8573470
pilot_1790486476823,mint_N500_c3,0,2026-09-27T05:24:36.777Z,zkSyncTestnet,300,sepolia.era.zksync.dev,mint,500,3,211,0x5b02bcd1f6d49b29cf305181303a4942ae10877cbd6a0442a17ca1d319c9e7ec,199089.644416,200932.159208,1842.5147920000018,161245,25000000,,success,1,0,,,8573471
pilot_1790486476823,mint_N500_c3,0,2026-09-27T05:24:37.310Z,zkSyncTestnet,300,sepolia.era.zksync.dev,mint,500,3,212,0x48e46217319dea1a1f1a74097c96d82303bad433954c9e6121f6adc866e5df1d,199600.439791,201465.649416,1865.2096249999886,161370,25000000,,success,1,0,,,8573472
pilot_1790486476823,mint_N500_c3,0,2026-09-27T05:24:38.570Z,zkSyncTestnet,300,sepolia.era.zksync.dev,mint,500,3,213,0x43cd688fed819cc6f9bfb89d30b2dddf7a177e1353964c7283ebc11f4fdccc6a,200872.77,202725.198208,1852.4282079999975,161370,25000000,,success,1,0,,,8573473
pilot_1790486476823,mint_N500_c3,0,2026-09-27T05:24:39.113Z,zkSyncTestnet,300,sepolia.era.zksync.dev,mint,500,3,215,0x068e5f39b35c432e15664604fc5ad708b2f275310bd408a83429ffcc2b125221,201465.754666,203268.263041,1802.508375000005,161370,25000000,,success,1,0,,,8573474
pilot_1790486476823,mint_N500_c3,0,2026-09-27T05:24:39.115Z,zkSyncTestnet,300,sepolia.era.zksync.dev,mint,500,3,214,0x7631f5b38355a7234525b8fe35630870d4dbfbb2b4190785750c9893f41be201,200932.207416,203270.864166,2338.6567500000237,161364,25000000,,success,1,0,,,8573474
pilot_1790486476823,mint_N500_c3,0,2026-09-27T05:24:40.408Z,zkSyncTestnet,300,sepolia.era.zksync.dev,mint,500,3,216,0x439522d608231c74d9e9e918b5b1c74d2a09b8083ee63b83859d48e47a6da182,202725.28525,204563.075291,1837.7900410000002,161364,25000000,,success,1,0,,,8573475
pilot_1790486476823,mint_N500_c3,0,2026-09-27T05:24:40.888Z,zkSyncTestnet,300,sepolia.era.zksync.dev,mint,500,3,217,0xe97975226b70801f880bbbc48bff66ec6c8c0afb2124cd48be3c271274181c3f,203268.323875,205043.799583,1775.4757080000127,161370,25000000,,success,1,0,,,8573476
pilot_1790486476823,mint_N500_c3,0,2026-09-27T05:24:42.239Z,zkSyncTestnet,300,sepolia.era.zksync.dev,mint,500,3,218,0xc465868f23328aa0befd1c01401d5cb8cb730cd0fbbbd8f0447383b6fefc1855,203270.888375,206394.892958,3124.0045830000017,161364,25000000,,success,1,0,,,8573477
pilot_1790486476823,mint_N500_c3,0,2026-09-27T05:24:42.289Z,zkSyncTestnet,300,sepolia.era.zksync.dev,mint,500,3,219,0xd0824d171486aadd8680743136cb17d99a4755fafe7acf265c5a14e6d3835116,204563.153125,206444.181041,1881.0279159999918,161364,25000000,,success,1,0,,,8573478
pilot_1790486476823,mint_N500_c3,0,2026-09-27T05:24:42.755Z,zkSyncTestnet,300,sepolia.era.zksync.dev,mint,500,3,220,0x560d6a29d5da0932fd9373e0fc02b00649c93ea6f3ae9ade1e9111c2c0566752,205043.859958,206910.818833,1866.9588750000112,161364,25000000,,success,1,0,,,8573479
pilot_1790486476823,mint_N500_c3,0,2026-09-27T05:24:44.046Z,zkSyncTestnet,300,sepolia.era.zksync.dev,mint,500,3,221,0xa53edfa513a1e018fa39c5f5772b8ac64e9819ada149075ff440e1ce900c0ea4,206394.963708,208201.789083,1806.825375000015,161245,25000000,,success,1,0,,,8573480
pilot_1790486476823,mint_N500_c3,0,2026-09-27T05:24:44.557Z,zkSyncTestnet,300,sepolia.era.zksync.dev,mint,500,3,222,0xa5bf248c391e8ab46ec4d8a32bb46cafe55372bb7c1e8075d9013f09c158e107,206444.321625,208712.733625,2268.411999999982,161370,25000000,,success,1,0,,,8573481
pilot_1790486476823,mint_N500_c3,0,2026-09-27T05:24:44.606Z,zkSyncTestnet,300,sepolia.era.zksync.dev,mint,500,3,223,0xce0e2d4aeaba7d7f3f063ab1fb22bc6f332aa38d717d0f829660a30103bf3070,206910.869541,208761.305541,1850.436000000016,161370,25000000,,success,1,0,,,8573481
pilot_1790486476823,mint_N500_c3,0,2026-09-27T05:24:45.920Z,zkSyncTestnet,300,sepolia.era.zksync.dev,mint,500,3,224,0x0ebdbf34200660fa78521b25def284409d82282ca6453849d5e4ad6ef7318800,208201.902958,210075.094958,1873.19200000001,161370,25000000,,success,1,0,,,8573482
pilot_1790486476823,mint_N500_c3,0,2026-09-27T05:24:46.477Z,zkSyncTestnet,300,sepolia.era.zksync.dev,mint,500,3,225,0x34ea82bf366b4608c0b6c64bb73ebf2772103450947b411a94a823649ff55b49,208712.815125,210632.047875,1919.2327499999956,161370,25000000,,success,1,0,,,8573483
pilot_1790486476823,mint_N500_c3,0,2026-09-27T05:24:47.712Z,zkSyncTestnet,300,sepolia.era.zksync.dev,mint,500,3,227,0xf90aff31d8c71f86e6656ad28e1bd31b8d11198e72be309ad4443b33d4c55089,210075.187625,211867.66175,1792.474125000008,161364,25000000,,success,1,0,,,8573485
pilot_1790486476823,mint_N500_c3,0,2026-09-27T05:24:47.715Z,zkSyncTestnet,300,sepolia.era.zksync.dev,mint,500,3,226,0xe556c4108f2d6bfcedf7b51f1cdf7fffab73b9d2a4ff0011c55719ff3d82c8a8,208761.396916,211870.025833,3108.6289169999945,161364,25000000,,success,1,0,,,8573484
pilot_1790486476823,mint_N500_c3,0,2026-09-27T05:24:48.281Z,zkSyncTestnet,300,sepolia.era.zksync.dev,mint,500,3,228,0xb68cc88be6777f7555502a7f71b89cc1916dfa0e2fb6bd53cc3606d6208ce45d,210632.170125,212436.840666,1804.6705409999995,161370,25000000,,success,1,0,,,8573486
pilot_1790486476823,mint_N500_c3,0,2026-09-27T05:24:49.649Z,zkSyncTestnet,300,sepolia.era.zksync.dev,mint,500,3,229,0x1e8650599d80034f04987a9e171a6a96240b39d1dcc1d8fe10d1a04c11a622ca,211867.707416,213804.043083,1936.3356670000067,161364,25000000,,success,1,0,,,8573487
pilot_1790486476823,mint_N500_c3,0,2026-09-27T05:24:50.099Z,zkSyncTestnet,300,sepolia.era.zksync.dev,mint,500,3,230,0xfc0c9f3f464ce325bb58ce2472a8c1b300794654c9b267cc96eb191e8de1376e,211870.041541,214254.417958,2384.376416999992,161370,25000000,,success,1,0,,,8573488
pilot_1790486476823,mint_N500_c3,0,2026-09-27T05:24:50.147Z,zkSyncTestnet,300,sepolia.era.zksync.dev,mint,500,3,231,0xabfa012974d179c17aea2cd4bb729513c8e79deb1883cd49f65f0cff75460d6c,212436.94375,214302.873041,1865.9292910000077,161370,25000000,,success,1,0,,,8573488
pilot_1790486476823,mint_N500_c3,0,2026-09-27T05:24:51.437Z,zkSyncTestnet,300,sepolia.era.zksync.dev,mint,500,3,232,0xd0f0c5977a25dfc88e66213a2999b4a044ef9f3aa0f80d3dfca083abc7daf661,213804.121708,215592.283666,1788.1619580000115,161364,25000000,,success,1,0,,,8573489
pilot_1790486476823,mint_N500_c3,0,2026-09-27T05:24:51.925Z,zkSyncTestnet,300,sepolia.era.zksync.dev,mint,500,3,233,0x3ec3d2507949ad4f0f4131a379d43a502d0e789f2d4e935ef45e6c8889bd5466,214254.51225,216080.604875,1826.0926249999902,161364,25000000,,success,1,0,,,8573490
pilot_1790486476823,mint_N500_c3,0,2026-09-27T05:24:53.243Z,zkSyncTestnet,300,sepolia.era.zksync.dev,mint,500,3,234,0xe1cee0e4e219bcb0fc53bc06b363ddc982385280b358681309ceeaf0872744ba,214302.982708,217398.878166,3095.8954580000136,161364,25000000,,success,1,0,,,8573491
pilot_1790486476823,mint_N500_c3,0,2026-09-27T05:24:53.253Z,zkSyncTestnet,300,sepolia.era.zksync.dev,mint,500,3,235,0x6b9fc8afbae9e46d580b7597a0442a20ce2bbeda512162fb9f7119196b76ac3e,215592.374833,217408.30525,1815.930416999996,161370,25000000,,success,1,0,,,8573492
pilot_1790486476823,mint_N500_c3,0,2026-09-27T05:24:53.785Z,zkSyncTestnet,300,sepolia.era.zksync.dev,mint,500,3,236,0xf0658b5eb9d67bb32410cb8de10f1a26cf35e206bc9db842dc7e096ba54ed2e9,216080.707083,217940.042583,1859.3355000000156,161370,25000000,,success,1,0,,,8573493
pilot_1790486476823,mint_N500_c3,0,2026-09-27T05:24:55.051Z,zkSyncTestnet,300,sepolia.era.zksync.dev,mint,500,3,237,0x882fbceef965fc157494217685a9ec1aa3200710c7739e088495cb6bc78f26b4,217398.980333,219206.726375,1807.7460419999843,161364,25000000,,success,1,0,,,8573494
pilot_1790486476823,mint_N500_c3,0,2026-09-27T05:24:55.690Z,zkSyncTestnet,300,sepolia.era.zksync.dev,mint,500,3,239,0x6bd9e9189420586ad45731dffae47abd98a752c7fad578547db2ae87751c000d,217940.119333,219845.067791,1904.948457999999,161370,25000000,,success,1,0,,,8573495
pilot_1790486476823,mint_N500_c3,0,2026-09-27T05:24:56.385Z,zkSyncTestnet,300,sepolia.era.zksync.dev,mint,500,3,238,0x60182cfccdc5747941a7ebb1d76b03c0c25a90e49cc75449cb352f956b44a82d,217408.37825,220540.452,3132.0737499999814,161370,25000000,,success,1,0,,,8573495
pilot_1790486476823,mint_N500_c3,0,2026-09-27T05:24:56.914Z,zkSyncTestnet,300,sepolia.era.zksync.dev,mint,500,3,240,0x7ca0c2182addbd7cc707cd90dbfdaf3d2b6df3bfeec8ad186ab159ae3318eb10,219206.842958,221069.032291,1862.1893330000166,161370,25000000,,success,1,0,,,8573496
pilot_1790486476823,mint_N500_c3,0,2026-09-27T05:24:57.454Z,zkSyncTestnet,300,sepolia.era.zksync.dev,mint,500,3,241,0xd073b73bc9f41b735cf11877a15103784761743e6117d736a04b9eaccc00d55d,219845.16725,221609.280958,1764.1137079999899,161364,25000000,,success,1,0,,,8573497
pilot_1790486476823,mint_N500_c3,0,2026-09-27T05:24:58.230Z,zkSyncTestnet,300,sepolia.era.zksync.dev,mint,500,3,242,0x52bde28cc6c0cb4db4c6587e44bbfb8b469ed76a1540f4dba16027ff368addab,220540.516333,222385.812958,1845.2966249999881,161364,25000000,,success,1,0,,,8573498
pilot_1790486476823,mint_N500_c3,0,2026-09-27T05:24:58.783Z,zkSyncTestnet,300,sepolia.era.zksync.dev,mint,500,3,243,0x681484376e80184ec5e0ef3208fb0357a01081b28da5fc37ac64e564bb5e8a51,221069.114666,222938.524583,1869.4099169999827,161364,25000000,,success,1,0,,,8573499
pilot_1790486476823,mint_N500_c3,0,2026-09-27T05:24:59.268Z,zkSyncTestnet,300,sepolia.era.zksync.dev,mint,500,3,244,0x698181ce49d6e7fc94644aa3df4f7e2a9a8da24065fcb561e60b53d95c1972ac,221609.342291,223423.343375,1814.0010839999886,161364,25000000,,success,1,0,,,8573500
pilot_1790486476823,mint_N500_c3,0,2026-09-27T05:25:00.144Z,zkSyncTestnet,300,sepolia.era.zksync.dev,mint,500,3,245,0x46844422521a7445009c4b0ce479b6fd6bde653270a23bcbcc3c3ea104222aab,222385.923125,224298.879333,1912.9562079999887,161370,25000000,,success,1,0,,,8573501
pilot_1790486476823,mint_N500_c3,0,2026-09-27T05:25:00.593Z,zkSyncTestnet,300,sepolia.era.zksync.dev,mint,500,3,246,0xadc803ca9b2bb333c1a5e1503d9af9857c1433704421d9565093eebc8549f2f2,222938.575375,224748.371,1809.795625000028,161364,25000000,,success,1,0,,,8573502
pilot_1790486476823,mint_N500_c3,0,2026-09-27T05:25:01.127Z,zkSyncTestnet,300,sepolia.era.zksync.dev,mint,500,3,247,0x3698879e1d0b72a27c374de42f172e5a6a158d7f58ff6287429e3231aed43c43,223423.44725,225282.746416,1859.2991660000116,161364,25000000,,success,1,0,,,8573503
pilot_1790486476823,mint_N500_c3,0,2026-09-27T05:25:01.929Z,zkSyncTestnet,300,sepolia.era.zksync.dev,mint,500,3,248,0xc8616b2103d51d6abd03f3777ec71f46ddad98c108afa72fa61e038c7e4c5fbe,224298.939208,226083.974708,1785.0354999999981,161370,25000000,,success,1,0,,,8573504
pilot_1790486476823,mint_N500_c3,0,2026-09-27T05:25:02.490Z,zkSyncTestnet,300,sepolia.era.zksync.dev,mint,500,3,249,0x6e4ed71bd09e065c3abd96b7e1b16d4a34ea81a9d735896654a180cf9260020c,224748.465458,226645.676041,1897.2105830000073,161370,25000000,,success,1,0,,,8573505
pilot_1790486476823,mint_N500_c3,0,2026-09-27T05:25:02.950Z,zkSyncTestnet,300,sepolia.era.zksync.dev,mint,500,3,250,0xdc8d5dbc82c1a9e3c3df85a5b07b345966ce9544ccd5837a38721f52be9ad67b,225282.809958,227104.878875,1822.0689169999969,161364,25000000,,success,1,0,,,8573506
pilot_1790486476823,mint_N500_c3,0,2026-09-27T05:25:03.769Z,zkSyncTestnet,300,sepolia.era.zksync.dev,mint,500,3,251,0x1b2bb8e9ef5dfa6966b471c36d2fc2687959d381cd0c24063f3cde285b17cf66,226084.046041,227923.875375,1839.829334000009,161370,25000000,,success,1,0,,,8573507
pilot_1790486476823,mint_N500_c3,0,2026-09-27T05:25:04.275Z,zkSyncTestnet,300,sepolia.era.zksync.dev,mint,500,3,252,0x242a8f6caf1b817309c8eb1b5a8566e9e1d2412a2df38d926a3cf01432901b3f,226645.766083,228430.262583,1784.4965000000084,161370,25000000,,success,1,0,,,8573508
pilot_1790486476823,mint_N500_c3,0,2026-09-27T05:25:04.795Z,zkSyncTestnet,300,sepolia.era.zksync.dev,mint,500,3,253,0x397d64c40744b1ca93bbeb183bd8fd9d0970b7092d8aae995e7e9a4a33c860db,227104.933875,228949.928291,1844.9944160000014,161364,25000000,,success,1,0,,,8573509
pilot_1790486476823,mint_N500_c3,0,2026-09-27T05:25:05.591Z,zkSyncTestnet,300,sepolia.era.zksync.dev,mint,500,3,254,0xe0ca55479bbb9a88bfb60a5b387a17d59d382567f7cea5474170d0068d1ad4de,227923.979083,229746.722375,1822.7432919999992,161364,25000000,,success,1,0,,,8573510
pilot_1790486476823,mint_N500_c3,0,2026-09-27T05:25:06.220Z,zkSyncTestnet,300,sepolia.era.zksync.dev,mint,500,3,255,0xd30ece21c10dbf6b45e912bfda980082321d1f64c874d7621b8cdb598b5625a8,228430.356666,230375.004875,1944.6482090000063,161364,25000000,,success,1,0,,,8573511
pilot_1790486476823,mint_N500_c3,0,2026-09-27T05:25:06.713Z,zkSyncTestnet,300,sepolia.era.zksync.dev,mint,500,3,256,0x1d2222f4ddd477db0bb44af42058a045309edf068a46e64c8be72adda4f933eb,228950.066583,230868.213083,1918.1465000000026,161731,25000000,,success,1,0,,,8573512
pilot_1790486476823,mint_N500_c3,0,2026-09-27T05:25:08.150Z,zkSyncTestnet,300,sepolia.era.zksync.dev,mint,500,3,257,0x7f1e07e1bac9b32f00d0a5b7f28650639bc5fba62cd30ca407b147d567638cd3,229746.830541,232305.608791,2558.778250000003,161581,25000000,,success,1,0,,,8573513
pilot_1790486476823,mint_N500_c3,0,2026-09-27T05:25:08.153Z,zkSyncTestnet,300,sepolia.era.zksync.dev,mint,500,3,258,0x6f6ffea82c60feb6a23235cab9a4d5edc53d66fb1822469c817e634747951eb5,230375.061875,232308.529083,1933.4672079999873,161587,25000000,,success,1,0,,,8573513
pilot_1790486476823,mint_N500_c3,0,2026-09-27T05:25:08.496Z,zkSyncTestnet,300,sepolia.era.zksync.dev,mint,500,3,259,0x6ac7f3321a0593cc8a6eb1309e488a3d3369dd64a20e37fecfb57c58ff3f670f,230868.278458,232651.6275,1783.3490420000162,161581,25000000,,success,1,0,,,8573514
pilot_1790486476823,mint_N500_c3,0,2026-09-27T05:25:10.025Z,zkSyncTestnet,300,sepolia.era.zksync.dev,mint,500,3,260,0xe018120bc148a15fa02c52b2068ca52af0ef73fa872c9f3e17b6897b3095c744,232305.694708,234180.508625,1874.8139169999922,161581,25000000,,success,1,0,,,8573515
pilot_1790486476823,mint_N500_c3,0,2026-09-27T05:25:10.070Z,zkSyncTestnet,300,sepolia.era.zksync.dev,mint,500,3,261,0x51a597197b8a3fbb6bf0861ee3de6377701f62e0c124fce235888d3e6825e6db,232308.546625,234225.316208,1916.7695830000157,161587,25000000,,success,1,0,,,8573516
pilot_1790486476823,mint_N500_c3,0,2026-09-27T05:25:10.373Z,zkSyncTestnet,300,sepolia.era.zksync.dev,mint,500,3,262,0x2d51f587c378fdc409fd80cc1b6cf18371e3949975b341526c191c51111c3c4d,232651.674791,234527.877416,1876.2026250000054,161587,25000000,,success,1,0,,,8573516
pilot_1790486476823,mint_N500_c3,0,2026-09-27T05:25:11.822Z,zkSyncTestnet,300,sepolia.era.zksync.dev,mint,500,3,264,0x093ff5341328a1ac2092dc3ff9137df28b5bbf7eaf1649b2f8e836739bbca234,234225.37525,235977.373375,1751.9981249999837,161587,25000000,,success,1,0,,,8573518
pilot_1790486476823,mint_N500_c3,0,2026-09-27T05:25:11.832Z,zkSyncTestnet,300,sepolia.era.zksync.dev,mint,500,3,263,0x6cd501db9763a0e1db3c8b7b211d39172db7e57ea41391ca16c6be6cdf761542,234180.571291,235986.865333,1806.294041999994,161587,25000000,,success,1,0,,,8573517
pilot_1790486476823,mint_N500_c3,0,2026-09-27T05:25:12.193Z,zkSyncTestnet,300,sepolia.era.zksync.dev,mint,500,3,265,0xc874d4e9072844b000500bd250483a537bbc5e9b906387afcf3f4d8c656a9d26,234527.941708,236348.671583,1820.72987499999,161581,25000000,,success,1,0,,,8573518
pilot_1790486476823,mint_N500_c3,0,2026-09-27T05:25:13.688Z,zkSyncTestnet,300,sepolia.era.zksync.dev,mint,500,3,267,0x7f8ce7e8c1f1728873ee347000218bd4fc826bb3f2f1a2a83193f017fba6706f,235986.902166,237843.286875,1856.3847089999763,161587,25000000,,success,1,0,,,8573520
pilot_1790486476823,mint_N500_c3,0,2026-09-27T05:25:13.704Z,zkSyncTestnet,300,sepolia.era.zksync.dev,mint,500,3,266,0x7178e3ba7c908bbbfe2100d7b7572112c743b99fe9c4c69f7fc50a925f29e2e2,235977.483375,237859.530333,1882.0469579999917,161587,25000000,,success,1,0,,,8573519
pilot_1790486476823,mint_N500_c3,0,2026-09-27T05:25:14.010Z,zkSyncTestnet,300,sepolia.era.zksync.dev,mint,500,3,268,0x818e352e1e79090a2b595664ae0351971477cbdd46bb7b5828acd6699485188a,236348.780875,238165.025416,1816.2445409999928,161581,25000000,,success,1,0,,,8573520
pilot_1790486476823,mint_N500_c3,0,2026-09-27T05:25:15.554Z,zkSyncTestnet,300,sepolia.era.zksync.dev,mint,500,3,270,0xa1921913025a778bde57d6ad6824ee9e92ab45209ed237400e4a3691792aaccd,237859.569375,239709.283708,1849.7143330000108,161587,25000000,,success,1,0,,,8573522
pilot_1790486476823,mint_N500_c3,0,2026-09-27T05:25:15.560Z,zkSyncTestnet,300,sepolia.era.zksync.dev,mint,500,3,269,0xc10d9bc5088386866cdb9fc9a6a5796b2f7abb84f601af0760e94b085a65a8c7,237843.423,239715.1465,1871.7234999999928,161581,25000000,,success,1,0,,,8573521
pilot_1790486476823,mint_N500_c3,0,2026-09-27T05:25:15.838Z,zkSyncTestnet,300,sepolia.era.zksync.dev,mint,500,3,271,0xa48306358448bd8e0004053bb5ba373ea720da1a6329d4ecafda658f6cf1cb95,238165.068,239993.337041,1828.2690409999923,161581,25000000,,success,1,0,,,8573522
pilot_1790486476823,mint_N500_c3,0,2026-09-27T05:25:17.381Z,zkSyncTestnet,300,sepolia.era.zksync.dev,mint,500,3,272,0xcf18cc443e39c61765cf78a242e5c5c6ef3f7966ad1383f3f50a19877e012d19,239709.3665,241536.689875,1827.3233750000072,161587,25000000,,success,1,0,,,8573523
pilot_1790486476823,mint_N500_c3,0,2026-09-27T05:25:17.884Z,zkSyncTestnet,300,sepolia.era.zksync.dev,mint,500,3,273,0x1b43a43602ea9317e4463f33c518a15729abe03969c48395bdb525dfca2179d0,239715.1825,242039.423166,2324.240665999998,161587,25000000,,success,1,0,,,8573524
pilot_1790486476823,mint_N500_c3,0,2026-09-27T05:25:17.898Z,zkSyncTestnet,300,sepolia.era.zksync.dev,mint,500,3,274,0x4580d60a586b791b887d95b63bb3bcdccfea242d0a4311199d24432c501a9008,239993.427,242053.107958,2059.6809580000117,161587,25000000,,success,1,0,,,8573524
pilot_1790486476823,mint_N500_c3,0,2026-09-27T05:25:19.222Z,zkSyncTestnet,300,sepolia.era.zksync.dev,mint,500,3,275,0x25932e2170ca3e42fe246f590ed2427137dde4283aa4f081f9d0901e07f6a720,241536.793125,243377.503291,1840.7101660000044,161587,25000000,,success,1,0,,,8573525
pilot_1790486476823,mint_N500_c3,0,2026-09-27T05:25:19.704Z,zkSyncTestnet,300,sepolia.era.zksync.dev,mint,500,3,276,0x1e5748aefd10df7a47d84446379d4045fd28bda813d213b8101c4772f7062732,242039.490583,243859.277875,1819.7872919999936,161587,25000000,,success,1,0,,,8573526
pilot_1790486476823,mint_N500_c3,0,2026-09-27T05:25:21.029Z,zkSyncTestnet,300,sepolia.era.zksync.dev,mint,500,3,277,0x960f652813ff0158e5e0e854e61f05fe7b0c453a60816703731d387c07d9903d,242053.139958,245184.280041,3131.1400829999766,161587,25000000,,success,1,0,,,8573527
pilot_1790486476823,mint_N500_c3,0,2026-09-27T05:25:21.135Z,zkSyncTestnet,300,sepolia.era.zksync.dev,mint,500,3,278,0x64ed6b8587f1764c369534b080ac9d0abb09a11ac7140fb43947053212d2adea,243377.572,245289.994416,1912.4224160000158,161587,25000000,,success,1,0,,,8573528
pilot_1790486476823,mint_N500_c3,0,2026-09-27T05:25:21.628Z,zkSyncTestnet,300,sepolia.era.zksync.dev,mint,500,3,279,0x7b2573224c1dd0182292769778bec510e48a65c8bd0fd62a1ce9cf4c2dfa27ee,243859.354083,245783.036625,1923.682541999995,161581,25000000,,success,1,0,,,8573529
pilot_1790486476823,mint_N500_c3,0,2026-09-27T05:25:22.881Z,zkSyncTestnet,300,sepolia.era.zksync.dev,mint,500,3,280,0xcbafbca0777e0a2e88bd52ce7d789c8c03b68aedec2be9ad7aa9110fe50e8213,245184.376875,247036.125625,1851.7487499999988,161581,25000000,,success,1,0,,,8573530
pilot_1790486476823,mint_N500_c3,0,2026-09-27T05:25:23.399Z,zkSyncTestnet,300,sepolia.era.zksync.dev,mint,500,3,282,0xe66bb3a0e73b163176cb417aa3f2ba0eb68feb8d9ab7db7ed1e6f878244e4878,245783.139333,247553.953583,1770.8142499999958,161581,25000000,,success,1,0,,,8573531
pilot_1790486476823,mint_N500_c3,0,2026-09-27T05:25:23.402Z,zkSyncTestnet,300,sepolia.era.zksync.dev,mint,500,3,281,0x0626a5558e529b70064ddcc6a4db2d6856289fbaf7a5cc253998569e50a8f573,245290.092,247557.38075,2267.288750000007,161581,25000000,,success,1,0,,,8573531
pilot_1790486476823,mint_N500_c3,0,2026-09-27T05:25:24.711Z,zkSyncTestnet,300,sepolia.era.zksync.dev,mint,500,3,283,0x4f11b4405a8459688203e2088feed31bf368db92d5077583d58465bfec15610e,247036.228583,248866.644041,1830.4154580000031,161587,25000000,,success,1,0,,,8573532
pilot_1790486476823,mint_N500_c3,0,2026-09-27T05:25:25.282Z,zkSyncTestnet,300,sepolia.era.zksync.dev,mint,500,3,284,0xd4a7dd155704f2811ebd3facbf91e65f83a5bda0074df3318c216a61a63cc63f,247554.008708,249437.033208,1883.0244999999995,161587,25000000,,success,1,0,,,8573533
pilot_1790486476823,mint_N500_c3,0,2026-09-27T05:25:25.470Z,zkSyncTestnet,300,sepolia.era.zksync.dev,mint,500,3,285,0x8e20b428a1b3d06ce0173fd636f5ee6e75867c4d241c65e1376c6b95e970baa5,247557.406708,249625.725833,2068.319125000009,161581,25000000,,success,1,0,,,8573534
pilot_1790486476823,mint_N500_c3,0,2026-09-27T05:25:27.053Z,zkSyncTestnet,300,sepolia.era.zksync.dev,mint,500,3,286,0x681c912d354b3a5fef0fe65ac2a27446b71b0fa368183cf25ade9636ca0c1caf,248866.712833,251208.060541,2341.3477080000157,161587,25000000,,success,1,0,,,8573535
pilot_1790486476823,mint_N500_c3,0,2026-09-27T05:25:27.095Z,zkSyncTestnet,300,sepolia.era.zksync.dev,mint,500,3,287,0xa0d7db4c6e2a444067f79cafc7ac8bcaf8402db508061eed3cb8731b3544119a,249437.13325,251249.901166,1812.7679159999825,161581,25000000,,success,1,0,,,8573535
pilot_1790486476823,mint_N500_c3,0,2026-09-27T05:25:27.420Z,zkSyncTestnet,300,sepolia.era.zksync.dev,mint,500,3,288,0xefb152ec4ab34a131f247e0fe8b38d2a69f6dda7946f4fe2f58cc65e183f8d71,249625.777458,251575.589833,1949.8123750000086,161581,25000000,,success,1,0,,,8573536
pilot_1790486476823,mint_N500_c3,0,2026-09-27T05:25:28.912Z,zkSyncTestnet,300,sepolia.era.zksync.dev,mint,500,3,289,0x25045dae0d8ce5710cc39413017a3186a38a69a822bbc3fb9590eb4b30809b91,251208.162125,253067.340333,1859.1782079999975,161587,25000000,,success,1,0,,,8573537
pilot_1790486476823,mint_N500_c3,0,2026-09-27T05:25:28.935Z,zkSyncTestnet,300,sepolia.era.zksync.dev,mint,500,3,290,0x08189eb3d386ae6b4da881dd044d1635427b285db5c48d04ea53516e6fde3233,251249.952041,253090.413125,1840.4610839999805,161587,25000000,,success,1,0,,,8573538
pilot_1790486476823,mint_N500_c3,0,2026-09-27T05:25:29.243Z,zkSyncTestnet,300,sepolia.era.zksync.dev,mint,500,3,291,0xfc6bc938208eda7561790f2af81995ee29251e75ed9dc17cfd1b20e38ccdef79,251575.682083,253398.683875,1823.0017919999955,161587,25000000,,success,1,0,,,8573538
pilot_1790486476823,mint_N500_c3,0,2026-09-27T05:25:30.741Z,zkSyncTestnet,300,sepolia.era.zksync.dev,mint,500,3,292,0x3ee7a860f78f885b8cef30b5762bf4ea5d58ae20f6b0e6424eecfdaf3c88e03d,253067.448875,254896.335625,1828.8867500000051,161587,25000000,,success,1,0,,,8573539
pilot_1790486476823,mint_N500_c3,0,2026-09-27T05:25:31.086Z,zkSyncTestnet,300,sepolia.era.zksync.dev,mint,500,3,294,0x9cb92ded46773674d9dd46f4ce695191958e65ff3ed588fcd081986692bc430b,253398.77725,255241.323541,1842.546290999977,161581,25000000,,success,1,0,,,8573540
pilot_1790486476823,mint_N500_c3,0,2026-09-27T05:25:31.274Z,zkSyncTestnet,300,sepolia.era.zksync.dev,mint,500,3,293,0x6e241434c4a4738815b70de4d673555b30a6757dc1e40e27c3b79f7ef5cc8899,253090.458,255428.966583,2338.508582999988,161587,25000000,,success,1,0,,,8573540
pilot_1790486476823,mint_N500_c3,0,2026-09-27T05:25:32.578Z,zkSyncTestnet,300,sepolia.era.zksync.dev,mint,500,3,295,0xfd9ffdcf8bf8b4c792783b4a200a2b86b7a533c2acb2012fa1f2c6c6479de198,254896.441375,256733.285666,1836.8442910000158,161587,25000000,,success,1,0,,,8573542
pilot_1790486476823,mint_N500_c3,0,2026-09-27T05:25:32.858Z,zkSyncTestnet,300,sepolia.era.zksync.dev,mint,500,3,296,0x07ad26c381f83206e9fcc37a4241a82e94a65ee39b5f765dec49e3d67e66cad0,255241.400541,257013.09375,1771.69320899999,161581,25000000,,success,1,0,,,8573542
pilot_1790486476823,mint_N500_c3,0,2026-09-27T05:25:33.097Z,zkSyncTestnet,300,sepolia.era.zksync.dev,mint,500,3,297,0x5e3162e543501dfac7d098ebe23234ac250779407de45a7a7dc89afe2f30f121,255429.064666,257252.663708,1823.5990420000162,161581,25000000,,success,1,0,,,8573543
pilot_1790486476823,mint_N500_c3,0,2026-09-27T05:25:34.457Z,zkSyncTestnet,300,sepolia.era.zksync.dev,mint,500,3,298,0x2399bca07d1ad34018c020d220f966bcc0b763194e72831a73e92c3a595c6b5c,256733.380916,258612.3045,1878.9235840000038,161581,25000000,,success,1,0,,,8573544
pilot_1790486476823,mint_N500_c3,0,2026-09-27T05:25:34.795Z,zkSyncTestnet,300,sepolia.era.zksync.dev,mint,500,3,299,0x2569fdd503a3a10b078322198dd0f9c021df6097ea3caeb31fc9ddd0e3275e2a,257013.175125,258950.604291,1937.4291659999872,161587,25000000,,success,1,0,,,8573546
pilot_1790486476823,mint_N500_c3,0,2026-09-27T05:25:34.934Z,zkSyncTestnet,300,sepolia.era.zksync.dev,mint,500,3,300,0x27c9d8131c6d38f045805fbb5659c405f9b0759aec45463ae4ae4a2dfbfe2681,257252.763916,259089.308,1836.5440839999937,161581,25000000,,success,1,0,,,8573546
pilot_1790486476823,mint_N500_c3,0,2026-09-27T05:25:36.269Z,zkSyncTestnet,300,sepolia.era.zksync.dev,mint,500,3,301,0x4bfa0e2d53194b89ac2cd136669b0dac8548d8962e4d6e2ed5c9ae24eb32b868,258612.4075,260424.426125,1812.018624999997,161587,25000000,,success,1,0,,,8573547
pilot_1790486476823,mint_N500_c3,0,2026-09-27T05:25:36.613Z,zkSyncTestnet,300,sepolia.era.zksync.dev,mint,500,3,302,0xee433afb706a127ce7fab3402d594212d2e36ab35e0d8cc797b465392c045911,258950.681458,260768.426166,1817.7447079999838,161587,25000000,,success,1,0,,,8573548
pilot_1790486476823,mint_N500_c3,0,2026-09-27T05:25:36.765Z,zkSyncTestnet,300,sepolia.era.zksync.dev,mint,500,3,303,0xaa664c0b989f62c62e2a95633f508e520aca78024c4163ff4e5493845583d07d,259089.3615,260920.30675,1830.9452499999898,161587,25000000,,success,1,0,,,8573549
pilot_1790486476823,mint_N500_c3,0,2026-09-27T05:25:38.094Z,zkSyncTestnet,300,sepolia.era.zksync.dev,mint,500,3,304,0x917b6cef8c3c7de4a8fc3a3a50a20b1cea1a5890068b1b39a8f3c77018d83758,260424.534208,262249.02975,1824.4955419999897,161587,25000000,,success,1,0,,,8573550
pilot_1790486476823,mint_N500_c3,0,2026-09-27T05:25:40.139Z,zkSyncTestnet,300,sepolia.era.zksync.dev,mint,500,3,305,0xbe2ff86f0b9bc1aba0b6510bbc2249f629a1a1d610d4e709a1ee28b06631bba9,260768.51275,264294.35475,3525.842000000004,161587,25000000,,success,1,0,,,8573551
pilot_1790486476823,mint_N500_c3,0,2026-09-27T05:25:40.832Z,zkSyncTestnet,300,sepolia.era.zksync.dev,mint,500,3,306,0x026d5184d36d57dbf3a505d380393fcf3c1142bf3e5ba749a1f9a069ce804af7,260920.384583,264987.552083,4067.1675000000105,161581,25000000,,success,1,0,,,8573552
pilot_1790486476823,mint_N500_c3,0,2026-09-27T05:25:41.353Z,zkSyncTestnet,300,sepolia.era.zksync.dev,mint,500,3,307,0x21b7809f6d1232c9351ae5c7d00b6f7c0150f50060968747f0ffd26a11dbe71b,262249.138166,265507.824708,3258.6865419999813,161587,25000000,,success,1,0,,,8573553
pilot_1790486476823,mint_N500_c3,0,2026-09-27T05:25:42.062Z,zkSyncTestnet,300,sepolia.era.zksync.dev,mint,500,3,308,0x54f8266f1bad6f30c12d12f4f09a077f062c2cd02852162600bbc41401b7289f,264294.472583,266217.190541,1922.7179579999647,161587,25000000,,success,1,0,,,8573554
pilot_1790486476823,mint_N500_c3,0,2026-09-27T05:25:43.580Z,zkSyncTestnet,300,sepolia.era.zksync.dev,mint,500,3,309,0x05764ae94d6652de90907dd4ea2e9e9cac69712bce53b625ce6a8c83a04370bd,264987.651125,267735.189791,2747.5386660000077,161581,25000000,,success,1,0,,,8573555
pilot_1790486476823,mint_N500_c3,0,2026-09-27T05:25:44.106Z,zkSyncTestnet,300,sepolia.era.zksync.dev,mint,500,3,310,0xbe81fed47c68ad98d17d88e243ca823eac7ecf0ce497aade6ed6e4fbab0689c7,265507.87425,268260.913041,2753.038791000028,161587,25000000,,success,1,0,,,8573556
pilot_1790486476823,mint_N500_c3,0,2026-09-27T05:25:44.395Z,zkSyncTestnet,300,sepolia.era.zksync.dev,mint,500,3,311,0xaf744925005b9394f01406c52498e2776d04b99ec50d14751b8ae47dd9d7c0ea,266217.244041,268549.928416,2332.6843749999534,161581,25000000,,success,1,0,,,8573557
pilot_1790486476823,mint_N500_c3,0,2026-09-27T05:25:45.904Z,zkSyncTestnet,300,sepolia.era.zksync.dev,mint,500,3,313,0xe26ed8048bf33a539835449ded83cd47b34184e4bf15e7558c0d52fa96cdbef8,268261.000541,270058.930416,1797.9298750000307,161587,25000000,,success,1,0,,,8573558
pilot_1790486476823,mint_N500_c3,0,2026-09-27T05:25:45.909Z,zkSyncTestnet,300,sepolia.era.zksync.dev,mint,500,3,312,0x3c8db7c9ac70773b02745e74f9431393e541c6b12547fb0caeec7706b3329e02,267735.307625,270064.623333,2329.31570799998,161581,25000000,,success,1,0,,,8573558
pilot_1790486476823,mint_N500_c3,0,2026-09-27T05:25:46.205Z,zkSyncTestnet,300,sepolia.era.zksync.dev,mint,500,3,314,0xa539301340cf917d3e4351c20c80d9fca81beada44f90fcb154867b7cb93a9de,268550.021958,270360.200125,1810.1781669999473,161581,25000000,,success,1,0,,,8573559
pilot_1790486476823,mint_N500_c3,0,2026-09-27T05:25:48.050Z,zkSyncTestnet,300,sepolia.era.zksync.dev,mint,500,3,315,0xb77e40fb9b462af0357a0cb95658559b131edc2dbf98b52344dc1f6c53ac7fc9,270059.045208,272204.887958,2145.8427500000107,161581,25000000,,success,1,0,,,8573560
pilot_1790486476823,mint_N500_c3,0,2026-09-27T05:25:48.652Z,zkSyncTestnet,300,sepolia.era.zksync.dev,mint,500,3,317,0x20aee19120610e5789b025dfa6c01854306cccfc5f10288d88ab3a80ac7d761c,270360.308208,272807.232875,2446.924667000014,161581,25000000,,success,1,0,,,8573561
pilot_1790486476823,mint_N500_c3,0,2026-09-27T05:25:49.054Z,zkSyncTestnet,300,sepolia.era.zksync.dev,mint,500,3,316,0xc0926c378d19a5b7dc24cd697b9ee4d5f3412c9ba5b13112989e8588381d901e,270064.647083,273209.207416,3144.5603330000304,161581,25000000,,success,1,0,,,8573561
pilot_1790486476823,mint_N500_c3,0,2026-09-27T05:25:49.966Z,zkSyncTestnet,300,sepolia.era.zksync.dev,mint,500,3,318,0x0f31f8dba286bc8ea8178f468b88985e423bd2164a6553305b690fcd06b8dac8,272205.002791,274121.194708,1916.1919169999892,161587,25000000,,success,1,0,,,8573562
pilot_1790486476823,mint_N500_c3,0,2026-09-27T05:25:50.518Z,zkSyncTestnet,300,sepolia.era.zksync.dev,mint,500,3,319,0x7d99b6e49954a64cb553b76f68ed48e2626729895c540c9fecdc2e4a8aaeeffa,272807.314958,274673.071041,1865.7560830000439,161581,25000000,,success,1,0,,,8573563
pilot_1790486476823,mint_N500_c3,0,2026-09-27T05:25:50.971Z,zkSyncTestnet,300,sepolia.era.zksync.dev,mint,500,3,320,0xeca6f1fe8496e5d5294aefc472569821982dc1acf9148e18a53a4b82aee0ca0f,273209.300416,275125.902833,1916.6024169999873,161587,25000000,,success,1,0,,,8573564
pilot_1790486476823,mint_N500_c3,0,2026-09-27T05:25:51.756Z,zkSyncTestnet,300,sepolia.era.zksync.dev,mint,500,3,321,0x88d73cd48ab6c3aa597755e1fe90aac7513250702864e3bf70985a27d17c7a03,274121.254291,275910.973791,1789.7195000000065,161587,25000000,,success,1,0,,,8573565
pilot_1790486476823,mint_N500_c3,0,2026-09-27T05:25:53.304Z,zkSyncTestnet,300,sepolia.era.zksync.dev,mint,500,3,322,0x95ef69f299acc8cc100c8534918a052c65fbe6759033508e5121774bb8f4aae8,274673.166,277459.669333,2786.5033330000006,161587,25000000,,success,1,0,,,8573566
pilot_1790486476823,mint_N500_c3,0,2026-09-27T05:25:53.599Z,zkSyncTestnet,300,sepolia.era.zksync.dev,mint,500,3,324,0xe5142fe34a42daaceeff7d31f776ff4dbfa63033607a1bd23378ea2c87f7e329,275911.080458,277754.254541,1843.1740829999908,161581,25000000,,success,1,0,,,8573567
pilot_1790486476823,mint_N500_c3,0,2026-09-27T05:25:54.064Z,zkSyncTestnet,300,sepolia.era.zksync.dev,mint,500,3,323,0x2d1bc82ba7d7c43fc38752438fa5ba5d17945e7450eae059a89705868e18edeb,275125.987625,278219.403,3093.4153749999823,161587,25000000,,success,1,0,,,8573567
pilot_1790486476823,mint_N500_c3,0,2026-09-27T05:25:55.164Z,zkSyncTestnet,300,sepolia.era.zksync.dev,mint,500,3,325,0x6242c64290511960b4e5dee18d2361fb2a1e5ab7e806e25faea94321d58e90fb,277459.777125,279319.404375,1859.6272499999614,161587,25000000,,success,1,0,,,8573568
pilot_1790486476823,mint_N500_c3,0,2026-09-27T05:25:55.429Z,zkSyncTestnet,300,sepolia.era.zksync.dev,mint,500,3,326,0xaab84f7bb7f17b9b501a38d790165f76d1f47744aa444243e61ca673ba262540,277754.349708,279584.467375,1830.117666999984,161587,25000000,,success,1,0,,,8573569
pilot_1790486476823,mint_N500_c3,0,2026-09-27T05:25:55.866Z,zkSyncTestnet,300,sepolia.era.zksync.dev,mint,500,3,327,0xc38069f277f76d6653cdfe63c2286db228c82e7053e0f46c60e43feccecf7b94,278219.483083,280020.950166,1801.467082999996,161462,25000000,,success,1,0,,,8573570
pilot_1790486476823,mint_N500_c3,0,2026-09-27T05:25:56.979Z,zkSyncTestnet,300,sepolia.era.zksync.dev,mint,500,3,328,0xb0d2f011ebd91267d46b017dd7ecfe4b655b9361650290a9093032765319f796,279319.507708,281134.477166,1814.9694579999777,161581,25000000,,success,1,0,,,8573571
pilot_1790486476823,mint_N500_c3,0,2026-09-27T05:25:57.224Z,zkSyncTestnet,300,sepolia.era.zksync.dev,mint,500,3,329,0x9b1fa6aa9354f74a3740b26af0411f887dae029b60ecccfb97b5522df9ae3898,279584.556666,281379.68675,1795.130084000004,161581,25000000,,success,1,0,,,8573571
pilot_1790486476823,mint_N500_c3,0,2026-09-27T05:25:57.763Z,zkSyncTestnet,300,sepolia.era.zksync.dev,mint,500,3,330,0x21e4d7c01069ac29ef2499e8d4a1d424982509a9fa5f30378f8b99b7e57e3abd,280021.056875,281918.489041,1897.4321660000132,161587,25000000,,success,1,0,,,8573572
pilot_1790486476823,mint_N500_c3,0,2026-09-27T05:26:00.063Z,zkSyncTestnet,300,sepolia.era.zksync.dev,mint,500,3,331,0x9772ae2da30608b25b23a0cacc3ddce804b4f92e97b130ad61faf2b2c31f415d,281134.529125,284217.813333,3083.2842079999973,161581,25000000,,success,1,0,,,8573573
pilot_1790486476823,mint_N500_c3,0,2026-09-27T05:26:00.106Z,zkSyncTestnet,300,sepolia.era.zksync.dev,mint,500,3,332,0xd46ae4b799b0eaefb4ab102a995dd82d2d90d130f704e5e70888fa458147a9a0,281379.815208,284261.496291,2881.681082999974,161587,25000000,,success,1,0,,,8573574
pilot_1790486476823,mint_N500_c3,0,2026-09-27T05:26:01.179Z,zkSyncTestnet,300,sepolia.era.zksync.dev,mint,500,3,333,0x62dddd20ae9ba28c6f66eb18dbc92e7649aa109eac6cafa6f7bc83ce95087281,281918.596666,285333.7245,3415.1278339999844,161581,25000000,,success,1,0,,,8573575
pilot_1790486476823,mint_N500_c3,0,2026-09-27T05:26:02.713Z,zkSyncTestnet,300,sepolia.era.zksync.dev,mint,500,3,334,0x018410a2f20830631346619e47c2d9395423580af9e25799a402c4849b01737f,284217.885333,286868.1765,2650.2911670000176,161587,25000000,,success,1,0,,,8573576
pilot_1790486476823,mint_N500_c3,0,2026-09-27T05:26:02.741Z,zkSyncTestnet,300,sepolia.era.zksync.dev,mint,500,3,335,0xadff0a7cac4e464223e328d0e15812167fc871fe93da407c71cf0192fce10ec1,284261.571083,286896.184791,2634.61370799999,161587,25000000,,success,1,0,,,8573577
pilot_1790486476823,mint_N500_c3,0,2026-09-27T05:26:02.980Z,zkSyncTestnet,300,sepolia.era.zksync.dev,mint,500,3,336,0xf192cd60db8d932d4441842ed71a80d69da2f61bb689ac27ca77b4fa09cc77d7,285333.836125,287135.556375,1801.720250000013,161587,25000000,,success,1,0,,,8573577
pilot_1790486476823,mint_N500_c3,0,2026-09-27T05:26:06.430Z,zkSyncTestnet,300,sepolia.era.zksync.dev,mint,500,3,338,0x993dc025d5a00cd1da1465d2c915383a9dc9410c09d36e31e3f82d37d7a138e0,286896.2275,290585.293958,3689.066458000045,161581,25000000,,success,1,0,,,8573579
pilot_1790486476823,mint_N500_c3,0,2026-09-27T05:26:06.926Z,zkSyncTestnet,300,sepolia.era.zksync.dev,mint,500,3,337,0x66361f0cd34efe373736333629e0250d4c4fe44fbb277dc78a1d6906895f347c,286868.266208,291081.406083,4213.1398749999935,161587,25000000,,success,1,0,,,8573579
pilot_1790486476823,mint_N500_c3,0,2026-09-27T05:26:07.429Z,zkSyncTestnet,300,sepolia.era.zksync.dev,mint,500,3,339,0x323a9c26955e380f2b9a58a6c41ffd2cd62e77be4015af80e3debcb5ba41e823,287135.649833,291583.836875,4448.187042000005,161581,25000000,,success,1,0,,,8573580
pilot_1790486476823,mint_N500_c3,0,2026-09-27T05:26:09.266Z,zkSyncTestnet,300,sepolia.era.zksync.dev,mint,500,3,340,0xa82a249a9ceb661fa391ab3eb8ce1bccb6f9a9e4336a2c9491d2185449503374,290585.402291,293421.368291,2835.966000000015,161587,25000000,,success,1,0,,,8573581
pilot_1790486476823,mint_N500_c3,0,2026-09-27T05:26:09.796Z,zkSyncTestnet,300,sepolia.era.zksync.dev,mint,500,3,341,0xfd7c1ae2534f71acacdbda58fa0210cfefd64faeaa2d8ff45cf5541f8cf27085,291081.502833,293950.974583,2869.471750000026,161587,25000000,,success,1,0,,,8573582
pilot_1790486476823,mint_N500_c3,0,2026-09-27T05:26:10.631Z,zkSyncTestnet,300,sepolia.era.zksync.dev,mint,500,3,342,0xbb9aa5c655d04cf8a9d8c88680cc2e19f02a36f1d2638a81c3d2e341e15c3b89,291583.954,294786.133458,3202.1794579999987,161581,25000000,,success,1,0,,,8573583
pilot_1790486476823,mint_N500_c3,0,2026-09-27T05:26:12.820Z,zkSyncTestnet,300,sepolia.era.zksync.dev,mint,500,3,343,0x6e86ca43f0f684d94fa555c65804825860174b864e1ec2c07a29a2f36853fff3,293421.441041,296975.587416,3554.146375000011,161587,25000000,,success,1,0,,,8573584
pilot_1790486476823,mint_N500_c3,0,2026-09-27T05:26:13.460Z,zkSyncTestnet,300,sepolia.era.zksync.dev,mint,500,3,344,0x952b7787d1d0c498358f48ad865e0120d850907854835414f875985a04f24956,293951.040625,297615.365916,3664.3252909999574,161581,25000000,,success,1,0,,,8573585
pilot_1790486476823,mint_N500_c3,0,2026-09-27T05:26:14.513Z,zkSyncTestnet,300,sepolia.era.zksync.dev,mint,500,3,345,0x23b26ebf8a0425d2ac775a9caa181109813c6b7c5fb5dbbb284d58ed23dc3e0f,294786.236083,298668.642,3882.4059169999673,161587,25000000,,success,1,0,,,8573586
pilot_1790486476823,mint_N500_c3,0,2026-09-27T05:26:14.755Z,zkSyncTestnet,300,sepolia.era.zksync.dev,mint,500,3,346,0x35c062b94b3268841853c63565c345fed0ff7f7962f6586551fa0888221fd691,296975.703041,298910.495166,1934.7921249999781,161581,25000000,,success,1,0,,,8573587
pilot_1790486476823,mint_N500_c3,0,2026-09-27T05:26:15.345Z,zkSyncTestnet,300,sepolia.era.zksync.dev,mint,500,3,347,0x1a4967929d72e8c9a3f24a1164c98cd5753b41c8e451e93fc8d86bb9676fdb38,297615.415708,299499.95575,1884.5400420000078,161587,25000000,,success,1,0,,,8573588
pilot_1790486476823,mint_N500_c3,0,2026-09-27T05:26:17.364Z,zkSyncTestnet,300,sepolia.era.zksync.dev,mint,500,3,349,0xb8b1f0358e31c1158f0a84cef0361300bfd1461041d87d7b5b67768e4896c98b,298910.5805,301518.948791,2608.3682910000207,161581,25000000,,success,1,0,,,8573589
pilot_1790486476823,mint_N500_c3,0,2026-09-27T05:26:17.405Z,zkSyncTestnet,300,sepolia.era.zksync.dev,mint,500,3,350,0x30a01997dfafe1bac5e727c52c8246afca05e87c7bc4e3579c1d7123ba4bad68,299500.054625,301560.521958,2060.467333000037,161581,25000000,,success,1,0,,,8573589
pilot_1790486476823,mint_N500_c3,0,2026-09-27T05:26:19.232Z,zkSyncTestnet,300,sepolia.era.zksync.dev,mint,500,3,348,0x0e03a387f5c10bca3ba338c7e1930d1d3f25aa6768a1496adb7d62067c338389,298668.747833,303387.524291,4718.776458000008,161581,25000000,,success,1,0,,,8573589
pilot_1790486476823,mint_N500_c3,0,2026-09-27T05:26:19.758Z,zkSyncTestnet,300,sepolia.era.zksync.dev,mint,500,3,351,0x1d45f9ef6473bd55ce5cfffffdd45c78254cf0362e49b9079685ed2c47371e21,301519.049833,303913.556541,2394.50670800003,161587,25000000,,success,1,0,,,8573590
pilot_1790486476823,mint_N500_c3,0,2026-09-27T05:26:20.055Z,zkSyncTestnet,300,sepolia.era.zksync.dev,mint,500,3,352,0xacee7def032e71123bc3b168df8a2ab2b4afdb2a4c11b5b9dbec6da1039fa40c,301560.58525,304210.344958,2649.7597079999978,161587,25000000,,success,1,0,,,8573591
pilot_1790486476823,mint_N500_c3,0,2026-09-27T05:26:21.895Z,zkSyncTestnet,300,sepolia.era.zksync.dev,mint,500,3,353,0xa681da8b19db1d82d5ac5365e517320922c9780dc04af6badf804401d1783320,303387.630583,306049.869958,2662.2393750000047,161581,25000000,,success,1,0,,,8573592
pilot_1790486476823,mint_N500_c3,0,2026-09-27T05:26:22.207Z,zkSyncTestnet,300,sepolia.era.zksync.dev,mint,500,3,354,0xf78170e86c4530559f3d007f026ac12ab7104b561f31587ab8577c3f9a00689b,303913.633166,306362.612875,2448.9797089999774,161587,25000000,,success,1,0,,,8573592
pilot_1790486476823,mint_N500_c3,0,2026-09-27T05:26:23.009Z,zkSyncTestnet,300,sepolia.era.zksync.dev,mint,500,3,355,0x3d47b221df5fb58c8fbd81d68c5b22b904df9220bac910b7a8864f68050d6da1,304210.457958,307164.607708,2954.1497499999823,161581,25000000,,success,1,0,,,8573593
pilot_1790486476823,mint_N500_c3,0,2026-09-27T05:26:23.950Z,zkSyncTestnet,300,sepolia.era.zksync.dev,mint,500,3,356,0xee0a39a47304556288375c10e152f74ecab336973b53de6f55e597f59b6f4540,306049.957125,308104.896041,2054.9389160000137,161581,25000000,,success,1,0,,,8573595
pilot_1790486476823,mint_N500_c3,0,2026-09-27T05:26:24.870Z,zkSyncTestnet,300,sepolia.era.zksync.dev,mint,500,3,358,0x02cb4be02f0cf6150a3b8b5bbcaacb65b8afc1bfa1ffd91bad7dbc4cc664e18d,307164.690375,309025.1875,1860.4971249999944,161587,25000000,,success,1,0,,,8573597
pilot_1790486476823,mint_N500_c3,0,2026-09-27T05:26:25.521Z,zkSyncTestnet,300,sepolia.era.zksync.dev,mint,500,3,357,0x43b097cfbdd3da44ecacd352bd9e5b67d5c55bea5b5c4121127d9c04a2e75766,306362.678791,309675.923583,3313.2447920000413,161581,25000000,,success,1,0,,,8573597
pilot_1790486476823,mint_N500_c3,0,2026-09-27T05:26:25.796Z,zkSyncTestnet,300,sepolia.era.zksync.dev,mint,500,3,359,0xe9d1385805ada602f375d8c460daadbe0b695d691a1c4cfbd7ded987c5f01504,308104.994458,309950.830875,1845.836416999984,161581,25000000,,success,1,0,,,8573598
pilot_1790486476823,mint_N500_c3,0,2026-09-27T05:26:27.324Z,zkSyncTestnet,300,sepolia.era.zksync.dev,mint,500,3,360,0xa9c58adce2d921a9fde77f0096d38d7075e0aa31974143f68e6288a159d776fa,309025.261916,311479.4375,2454.1755840000114,161587,25000000,,success,1,0,,,8573599
pilot_1790486476823,mint_N500_c3,0,2026-09-27T05:26:27.359Z,zkSyncTestnet,300,sepolia.era.zksync.dev,mint,500,3,361,0xe931a1589aeeea3d5ccf37c0b56c6cee613cb7e54db3207e1aca3abba4924ca6,309676.004958,311514.05525,1838.050292,161587,25000000,,success,1,0,,,8573599
pilot_1790486476823,mint_N500_c3,0,2026-09-27T05:26:27.667Z,zkSyncTestnet,300,sepolia.era.zksync.dev,mint,500,3,362,0x80fda38292c71427d7a9eac0ea342e16091040c93473add9ea68ee35c2c8b5f9,309950.896666,311822.192708,1871.2960420000018,161587,25000000,,success,1,0,,,8573600
pilot_1790486476823,mint_N500_c3,0,2026-09-27T05:26:30.239Z,zkSyncTestnet,300,sepolia.era.zksync.dev,mint,500,3,363,0x1bd7fee9011f81813c00a1bd82ca7cb655eeb61c535d85954d85056b259eddd6,311479.532666,314394.519708,2914.9870419999934,161581,25000000,,success,1,0,,,8573601
pilot_1790486476823,mint_N500_c3,0,2026-09-27T05:26:31.111Z,zkSyncTestnet,300,sepolia.era.zksync.dev,mint,500,3,365,0x189d2e99b43f1f1a30af9380b60fda60100f91d7cfe4d5cf0f01afcc96252db3,311822.254125,315266.054791,3443.8006659999955,161587,25000000,,success,1,0,,,8573602
pilot_1790486476823,mint_N500_c3,0,2026-09-27T05:26:31.812Z,zkSyncTestnet,300,sepolia.era.zksync.dev,mint,500,3,364,0x50f16ea42609ed5aaeec653bdeedbde31e1d13649a807f39a849cdc14a8afa1b,311514.097333,315967.115916,4453.018582999997,161587,25000000,,success,1,0,,,8573602
pilot_1790486476823,mint_N500_c3,0,2026-09-27T05:26:32.442Z,zkSyncTestnet,300,sepolia.era.zksync.dev,mint,500,3,366,0x7fcd5e47deaaac911c63a766a07c7ee8f360059a076e32f1b89c3220192cd746,314394.611208,316597.462541,2202.8513329999987,161468,25000000,,success,1,0,,,8573603
pilot_1790486476823,mint_N500_c3,0,2026-09-27T05:26:32.954Z,zkSyncTestnet,300,sepolia.era.zksync.dev,mint,500,3,367,0x56a807db28e10729de5ada9e22b55dd866a53177b93d0e922b82335b3cbe6a2b,315266.121916,317109.295416,1843.1735000000335,161587,25000000,,success,1,0,,,8573604
pilot_1790486476823,mint_N500_c3,0,2026-09-27T05:26:33.627Z,zkSyncTestnet,300,sepolia.era.zksync.dev,mint,500,3,368,0x3018bb33e9409f86f6bb8cfe0fcb61fc30e7d85d3bc116c661fb8ec28ce090c7,315967.213083,317781.884833,1814.6717500000377,161587,25000000,,success,1,0,,,8573605
pilot_1790486476823,mint_N500_c3,0,2026-09-27T05:26:34.286Z,zkSyncTestnet,300,sepolia.era.zksync.dev,mint,500,3,369,0x901a9da8a4382a22b8934ffe8240ae3d7e47a5fb3682f1aa6268053172c17204,316597.547416,318441.08525,1843.537834000017,161581,25000000,,success,1,0,,,8573606
pilot_1790486476823,mint_N500_c3,0,2026-09-27T05:26:34.831Z,zkSyncTestnet,300,sepolia.era.zksync.dev,mint,500,3,370,0x8b5ada0c8c6e211e49a7ea470dd952f9a8115051599c2cb4d3d819e36b604a2b,317109.376,318985.646125,1876.2701250000391,161581,25000000,,success,1,0,,,8573607
pilot_1790486476823,mint_N500_c3,0,2026-09-27T05:26:35.504Z,zkSyncTestnet,300,sepolia.era.zksync.dev,mint,500,3,371,0xc9aff1b03f505e8657c5bda3109417053d6e191cc79e2e2816584e31bd12f3fc,317781.995083,319659.418458,1877.423375000013,161587,25000000,,success,1,0,,,8573608
pilot_1790486476823,mint_N500_c3,0,2026-09-27T05:26:36.267Z,zkSyncTestnet,300,sepolia.era.zksync.dev,mint,500,3,372,0x08f4477ccd2afc3da11ee647521d0babb14a62278f9dea73bf5af285ca4d7699,318441.171708,320422.062958,1980.891249999986,161587,25000000,,success,1,0,,,8573609
pilot_1790486476823,mint_N500_c3,0,2026-09-27T05:26:37.605Z,zkSyncTestnet,300,sepolia.era.zksync.dev,mint,500,3,373,0x10b7b96ba775ebd64f4186054524d98686293f19b68eaa75c77cada8f8378461,318985.728291,321760.302583,2774.5742919999757,161587,25000000,,success,1,0,,,8573610
pilot_1790486476823,mint_N500_c3,0,2026-09-27T05:26:38.349Z,zkSyncTestnet,300,sepolia.era.zksync.dev,mint,500,3,374,0x89fcab2f9f268268d1ac0219c3c635d6a3e8dbda679ad46a99d9e75e6e6a004b,319659.499625,322504.468208,2844.968583000009,161587,25000000,,success,1,0,,,8573611
pilot_1790486476823,mint_N500_c3,0,2026-09-27T05:26:39.409Z,zkSyncTestnet,300,sepolia.era.zksync.dev,mint,500,3,375,0xb4ef295b791fbe6e2dc964311ba30a7306faae8a58a3a7c8217f25f6adc184b1,320422.17025,323563.842208,3141.6719579999917,161587,25000000,,success,1,0,,,8573612
pilot_1790486476823,mint_N500_c3,0,2026-09-27T05:26:40.218Z,zkSyncTestnet,300,sepolia.era.zksync.dev,mint,500,3,377,0x307459ef537325d02a90053c222055319df492be3b330968be4fb7445c3242d2,322504.659375,324373.369,1868.7096250000177,161581,25000000,,success,1,0,,,8573613
pilot_1790486476823,mint_N500_c3,0,2026-09-27T05:26:40.727Z,zkSyncTestnet,300,sepolia.era.zksync.dev,mint,500,3,376,0xfd7a6ec9a2f99ede2d5e4d555f5a12d910a8b6ee1c33580bbdb1594ec8e2ea87,321760.395541,324882.49625,3122.1007090000203,161581,25000000,,success,1,0,,,8573613
pilot_1790486476823,mint_N500_c3,0,2026-09-27T05:26:42.446Z,zkSyncTestnet,300,sepolia.era.zksync.dev,mint,500,3,378,0xbe647cceed37bc4aca0887601ef02a033762d77a7a7788fb2964c4f67d13e339,323563.936291,326601.374958,3037.4386669999803,161581,25000000,,success,1,0,,,8573614
pilot_1790486476823,mint_N500_c3,0,2026-09-27T05:26:43.083Z,zkSyncTestnet,300,sepolia.era.zksync.dev,mint,500,3,379,0x38a4b17b7364ecd0eee55089c5c21b521f1359dca36c24a15c8a8ec104c0e365,324373.460166,327237.911083,2864.450917000009,161581,25000000,,success,1,0,,,8573615
pilot_1790486476823,mint_N500_c3,0,2026-09-27T05:26:43.469Z,zkSyncTestnet,300,sepolia.era.zksync.dev,mint,500,3,380,0x33baba664ff05a848a311d7845ac1680c8405cfb6e508043f1544c1ce277eec0,324882.561833,327624.514958,2741.953125,161581,25000000,,success,1,0,,,8573616
pilot_1790486476823,mint_N500_c3,0,2026-09-27T05:26:44.415Z,zkSyncTestnet,300,sepolia.era.zksync.dev,mint,500,3,381,0x609e519e80e9370ebad6e3609487c6f9acff39f69a76a63124c1b21576f9a271,326601.483708,328569.86625,1968.3825420000358,161581,25000000,,success,1,0,,,8573617
pilot_1790486476823,mint_N500_c3,0,2026-09-27T05:26:45.040Z,zkSyncTestnet,300,sepolia.era.zksync.dev,mint,500,3,382,0x92a827133c5cd56ec1c96a7825fd92b3ec50c9ad1d43dfb843a61b03945e7d05,327237.9845,329194.645916,1956.661415999988,161581,25000000,,success,1,0,,,8573618
pilot_1790486476823,mint_N500_c3,0,2026-09-27T05:26:45.445Z,zkSyncTestnet,300,sepolia.era.zksync.dev,mint,500,3,383,0xec699ed82e668c010cb95ebeb882ee12a6fec405c839d77dc1b09239f2075e8e,327624.564291,329600.501958,1975.937666999991,161581,25000000,,success,1,0,,,8573619
pilot_1790486476823,mint_N500_c3,0,2026-09-27T05:26:46.293Z,zkSyncTestnet,300,sepolia.era.zksync.dev,mint,500,3,384,0x98a492b0fce2e5cec00a35668f33b54f7c858fd7ece4b534005090a095e0cee4,328569.985208,330448.242958,1878.2577499999898,161587,25000000,,success,1,0,,,8573621
pilot_1790486476823,mint_N500_c3,0,2026-09-27T05:26:47.018Z,zkSyncTestnet,300,sepolia.era.zksync.dev,mint,500,3,385,0x7864ca930c2e9a3e4ad96c7228b0a137c355be7e96ae1f93645313cf2c2d465d,329194.748375,331173.181333,1978.4329579999903,161587,25000000,,success,1,0,,,8573622
pilot_1790486476823,mint_N500_c3,0,2026-09-27T05:26:47.304Z,zkSyncTestnet,300,sepolia.era.zksync.dev,mint,500,3,386,0xab1c9d59db9cfc9fbaff17ae64a47f333f4aae1190d4c20a355141bb812172b8,329600.611708,331459.188458,1858.5767500000075,161587,25000000,,success,1,0,,,8573623
pilot_1790486476823,mint_N500_c3,0,2026-09-27T05:26:48.148Z,zkSyncTestnet,300,sepolia.era.zksync.dev,mint,500,3,387,0x0134c299b406501533beb2c7736d3990336578e8fa7bf74e21723015db836e22,330448.302208,332302.780541,1854.4783330000355,161587,25000000,,success,1,0,,,8573624
pilot_1790486476823,mint_N500_c3,0,2026-09-27T05:26:48.865Z,zkSyncTestnet,300,sepolia.era.zksync.dev,mint,500,3,388,0xff092a06fd7ecc0de744b5bbc721881fc3afb0a4e569f45d5d7dab31fe9779ff,331173.279583,333020.104083,1846.824499999988,161581,25000000,,success,1,0,,,8573626
pilot_1790486476823,mint_N500_c3,0,2026-09-27T05:26:49.112Z,zkSyncTestnet,300,sepolia.era.zksync.dev,mint,500,3,389,0x5b50f913200c066417e9df7fe84750740781bfab2e038d90586c9b49ab9d58ba,331459.281166,333267.170625,1807.8894590000273,161587,25000000,,success,1,0,,,8573626
pilot_1790486476823,mint_N500_c3,0,2026-09-27T05:26:50.199Z,zkSyncTestnet,300,sepolia.era.zksync.dev,mint,500,3,390,0x3efd9c102eaa44f9948dbf0139f0189e2f2d1236d481bd204e809a8a5e26ecde,332302.869041,334354.146125,2051.277084000001,161587,25000000,,success,1,0,,,8573627
pilot_1790486476823,mint_N500_c3,0,2026-09-27T05:26:50.959Z,zkSyncTestnet,300,sepolia.era.zksync.dev,mint,500,3,391,0xb6d70e751e95c18fa7cb431a2ff43e1ce04912368d667a25d9e4e72e158f6ded,333020.21525,335113.836291,2093.621041000006,161587,25000000,,success,1,0,,,8573628
pilot_1790486476823,mint_N500_c3,0,2026-09-27T05:26:51.234Z,zkSyncTestnet,300,sepolia.era.zksync.dev,mint,500,3,392,0xbaa0b7826c9c5db071fdba3601cd591c698e43794f0d0729016bcd67b605e021,333267.222125,335389.563541,2122.3414160000393,161581,25000000,,success,1,0,,,8573628
pilot_1790486476823,mint_N500_c3,0,2026-09-27T05:26:52.029Z,zkSyncTestnet,300,sepolia.era.zksync.dev,mint,500,3,393,0x396ffdc6f4d83f59b7ecf5aa99f1edeeba8d43656f0432c6fd814fc0287ffc1a,334354.228125,336183.62775,1829.3996249999618,161581,25000000,,success,1,0,,,8573629
pilot_1790486476823,mint_N500_c3,0,2026-09-27T05:26:52.837Z,zkSyncTestnet,300,sepolia.era.zksync.dev,mint,500,3,394,0xf26b2e446f30e6497c1a9228646c4722ba5f57e928e74a9046dc275152e7a43d,335113.935583,336992.193041,1878.2574579999782,161587,25000000,,success,1,0,,,8573631
pilot_1790486476823,mint_N500_c3,0,2026-09-27T05:26:53.073Z,zkSyncTestnet,300,sepolia.era.zksync.dev,mint,500,3,395,0x9716ab8e4605f1ed329e29c4e33f3c23ecedb69d3bde90ad9a00e31ed692ddc9,335389.663083,337228.117875,1838.454792000004,161581,25000000,,success,1,0,,,8573632
pilot_1790486476823,mint_N500_c3,0,2026-09-27T05:26:54.897Z,zkSyncTestnet,300,sepolia.era.zksync.dev,mint,500,3,396,0x8444579dae25ec625a3841da53383354217654e19bd587374d0276fd8156830a,336183.680625,339051.934916,2868.2542910000193,161581,25000000,,success,1,0,,,8573633
pilot_1790486476823,mint_N500_c3,0,2026-09-27T05:26:55.126Z,zkSyncTestnet,300,sepolia.era.zksync.dev,mint,500,3,397,0x995bc4533cb052a7b3f15a80889679867eda054997be0bc3204c2fb07cfa3439,336992.305125,339281.097208,2288.7920830000076,161581,25000000,,success,1,0,,,8573634
pilot_1790486476823,mint_N500_c3,0,2026-09-27T05:26:56.512Z,zkSyncTestnet,300,sepolia.era.zksync.dev,mint,500,3,398,0xd51a78ed50f741d5d67328450b0daed11726c03b4996cecafae3664df956f406,337228.179208,340667.421708,3439.242499999993,161581,25000000,,success,1,0,,,8573635
pilot_1790486476823,mint_N500_c3,0,2026-09-27T05:26:59.477Z,zkSyncTestnet,300,sepolia.era.zksync.dev,mint,500,3,401,0x786ae9b5551f9051486753ac3f5a188ff1d3ee72e6bc21a22b18dd8a5fa80443,340667.533958,343631.976291,2964.4423330000136,161581,25000000,,success,1,0,,,8573636
pilot_1790486476823,mint_N500_c3,0,2026-09-27T05:26:59.594Z,zkSyncTestnet,300,sepolia.era.zksync.dev,mint,500,3,400,0x89fd8927a7f8577292ec4b7e642e2f943796f1b287f3cf6570d34637cda124b0,339281.158708,343748.795916,4467.637208,161587,25000000,,success,1,0,,,8573636
pilot_1790486476823,mint_N500_c3,0,2026-09-27T05:26:59.599Z,zkSyncTestnet,300,sepolia.era.zksync.dev,mint,500,3,399,0x245fe45aee5d2fe1373dd27dc04aa914efa64ec9b48a71c3fbe3918d672b6cf5,339052.005041,343753.685916,4701.680874999962,161587,25000000,,success,1,0,,,8573636
pilot_1790486476823,mint_N500_c3,0,2026-09-27T05:27:03.271Z,zkSyncTestnet,300,sepolia.era.zksync.dev,mint,500,3,402,0xa5d06f4a410eb79b4672fb6c3aac7ee38d4bfd06404bd9d4fd40b3651b2d1dc9,343632.082833,347426.453291,3794.3704579999903,161581,25000000,,success,1,0,,,8573638
pilot_1790486476823,mint_N500_c3,0,2026-09-27T05:27:04.875Z,zkSyncTestnet,300,sepolia.era.zksync.dev,mint,500,3,403,0xd00ca2e7015215251043af1479bf06f502ecbed619e6d46501704b70a9fcfdac,343748.841,349029.720458,5280.87945800001,161581,25000000,,success,1,0,,,8573639
pilot_1790486476823,mint_N500_c3,0,2026-09-27T05:27:05.095Z,zkSyncTestnet,300,sepolia.era.zksync.dev,mint,500,3,404,0x3f307d8819dda3df432d61bed00ba78c5ff44570ba19e7174e22defecc28674c,343753.707,349250.054416,5496.347416000033,161587,25000000,,success,1,0,,,8573639
pilot_1790486476823,mint_N500_c3,0,2026-09-27T05:27:05.890Z,zkSyncTestnet,300,sepolia.era.zksync.dev,mint,500,3,405,0x59741247fd43c099f4bedec60b177c08f09742732bd613df8f44d2b8db5ca584,347426.546875,350045.278208,2618.7313330000034,161581,25000000,,success,1,0,,,8573640
pilot_1790486476823,mint_N500_c3,0,2026-09-27T05:27:06.676Z,zkSyncTestnet,300,sepolia.era.zksync.dev,mint,500,3,406,0x25d2b55683f948c4401ed8cef20f90cfca76f8238bca5a7078f23f40e23d2bcd,349029.773208,350831.1315,1801.358292000019,161581,25000000,,success,1,0,,,8573641
pilot_1790486476823,mint_N500_c3,0,2026-09-27T05:27:06.944Z,zkSyncTestnet,300,sepolia.era.zksync.dev,mint,500,3,407,0x8c377c6e95100462c8296bd5912216d3fdd6a000526d51015c2a1ca0b10b4157,349250.119791,351099.079875,1848.9600840000203,161587,25000000,,success,1,0,,,8573642
pilot_1790486476823,mint_N500_c3,0,2026-09-27T05:27:09.309Z,zkSyncTestnet,300,sepolia.era.zksync.dev,mint,500,3,408,0x2b5b0744c8a427980591c1025482c6f04ada9029af28fe5a5d248a3fbd80ef2d,350045.378458,353464.526166,3419.147707999975,161581,25000000,,success,1,0,,,8573643
pilot_1790486476823,mint_N500_c3,0,2026-09-27T05:27:10.612Z,zkSyncTestnet,300,sepolia.era.zksync.dev,mint,500,3,409,0xd4586319a4ec8d17daa7f508209f78db6b2814c83e24287c0e3100b4fc0623e8,350831.242541,354767.4695,3936.2269589999923,161587,25000000,,success,1,0,,,8573644
pilot_1790486476823,mint_N500_c3,0,2026-09-27T05:27:10.617Z,zkSyncTestnet,300,sepolia.era.zksync.dev,mint,500,3,410,0x7b90caf7eaf98313cb9b1430f48a62a311ac36a4dff33d3ce6ba4316ddccec0a,351099.15725,354772.377083,3673.219833000039,161581,25000000,,success,1,0,,,8573645
pilot_1790486476823,mint_N500_c3,0,2026-09-27T05:27:13.304Z,zkSyncTestnet,300,sepolia.era.zksync.dev,mint,500,3,412,0x61301d878d7b3e2d78fe752507dce9fad59d47f7273bbf5b6fa0430087d88642,354767.554166,357459.491875,2691.93770900002,161587,25000000,,success,1,0,,,8573646
pilot_1790486476823,mint_N500_c3,0,2026-09-27T05:27:13.521Z,zkSyncTestnet,300,sepolia.era.zksync.dev,mint,500,3,411,0x52652fabbbac4439a599686c82ed16d615cf284cad6c0f769f939b0d668132ed,353464.64575,357676.324208,4211.678457999951,161587,25000000,,success,1,0,,,8573646
pilot_1790486476823,mint_N500_c3,0,2026-09-27T05:27:13.761Z,zkSyncTestnet,300,sepolia.era.zksync.dev,mint,500,3,413,0xe3a688fce513f9b5565ac54ec3acdf00938147f5d44f84b371b736ae43d2ae54,354772.397708,357916.109708,3143.7119999999995,161468,25000000,,success,1,0,,,8573647
pilot_1790486476823,mint_N500_c3,0,2026-09-27T05:27:15.335Z,zkSyncTestnet,300,sepolia.era.zksync.dev,mint,500,3,414,0x7a4ad47b88d67330b93479fe7ae218cc48f83a714b50df48d6375836d980bebb,357459.595583,359489.688291,2030.0927080000401,161581,25000000,,success,1,0,,,8573648
pilot_1790486476823,mint_N500_c3,0,2026-09-27T05:27:16.118Z,zkSyncTestnet,300,sepolia.era.zksync.dev,mint,500,3,415,0x120f8ec59d3b9954f5517890af7edca068d12aeb602ccf445cc770c0140bd976,357676.392166,360272.969916,2596.5777499999967,161581,25000000,,success,1,0,,,8573649
pilot_1790486476823,mint_N500_c3,0,2026-09-27T05:27:17.685Z,zkSyncTestnet,300,sepolia.era.zksync.dev,mint,500,3,416,0xafe08a7fe049c0ea8ad6782a3597e4d53a67f6dd728f6e338e1cfd728363cc02,357916.195208,361839.753208,3923.557999999961,161587,25000000,,success,1,0,,,8573650
pilot_1790486476823,mint_N500_c3,0,2026-09-27T05:27:17.727Z,zkSyncTestnet,300,sepolia.era.zksync.dev,mint,500,3,417,0x1cd7fe316de6e523c958ad05d4c44b0f2b53d181e3da87590a1319f2a05dfbb3,359489.7415,361881.941541,2392.2000409999746,161581,25000000,,success,1,0,,,8573651
pilot_1790486476823,mint_N500_c3,0,2026-09-27T05:27:17.984Z,zkSyncTestnet,300,sepolia.era.zksync.dev,mint,500,3,418,0xf88e3dff29999a61465f46c67653d4d7a6fef5ede4fa7d5531a19f85f28cdef9,360273.085625,362138.836666,1865.7510410000104,161581,25000000,,success,1,0,,,8573651
pilot_1790486476823,mint_N500_c3,0,2026-09-27T05:27:20.808Z,zkSyncTestnet,300,sepolia.era.zksync.dev,mint,500,3,419,0x854ddce1c0ac80e795cda6918191796c522b70b709a3a3ce1e093549e0f786ca,361839.838833,364962.873041,3123.0342079999973,161587,25000000,,success,1,0,,,8573652
pilot_1790486476823,mint_N500_c3,0,2026-09-27T05:27:22.878Z,zkSyncTestnet,300,sepolia.era.zksync.dev,mint,500,3,420,0x6227359429f889e5bcc773781a38cfe0097d1c015e81ceda19a7e0f9b5fe470f,361881.989083,367032.902833,5150.913750000007,161581,25000000,,success,1,0,,,8573654
pilot_1790486476823,mint_N500_c3,0,2026-09-27T05:27:23.257Z,zkSyncTestnet,300,sepolia.era.zksync.dev,mint,500,3,421,0x61b54c62e93fb5e05792d4825b451cac1b2ea9f9e88a54fba81946dbf0226702,362138.935916,367412.201791,5273.265875000041,161581,25000000,,success,1,0,,,8573655
pilot_1790486476823,mint_N500_c3,0,2026-09-27T05:27:23.295Z,zkSyncTestnet,300,sepolia.era.zksync.dev,mint,500,3,422,0x463f98dffb963820382bd8bdbcdd2fa5807d6930165fa2f9424b594046555ec6,364962.948625,367449.559375,2486.6107499999925,161581,25000000,,success,1,0,,,8573656
pilot_1790486476823,mint_N500_c3,0,2026-09-27T05:27:26.567Z,zkSyncTestnet,300,sepolia.era.zksync.dev,mint,500,3,423,0xa03742887b95eeb642acf0e1fce88db69467c924db9b30a4e3b96eeb35017c5b,367033.008083,370721.557083,3688.548999999999,161587,25000000,,success,1,0,,,8573657
pilot_1790486476823,mint_N500_c3,0,2026-09-27T05:27:27.247Z,zkSyncTestnet,300,sepolia.era.zksync.dev,mint,500,3,425,0xb7234939d1ac36e89bd4eacbcb8b2710181d0091e3788e056731de2fa6a46478,367449.602333,371402.210416,3952.608082999999,161581,25000000,,success,1,0,,,8573657
pilot_1790486476823,mint_N500_c3,0,2026-09-27T05:27:27.450Z,zkSyncTestnet,300,sepolia.era.zksync.dev,mint,500,3,424,0x434eb7c425779837b46717cef9b25dcabafbf106931467ab83785fca7a492c2f,367412.297,371604.697041,4192.400040999986,161581,25000000,,success,1,0,,,8573657
pilot_1790486476823,mint_N500_c3,0,2026-09-27T05:27:29.836Z,zkSyncTestnet,300,sepolia.era.zksync.dev,mint,500,3,426,0x639f2f9ae60be8910587c46ea9bccaa58431199abb81f7982f32f92a5f0a096e,370721.689,373990.699041,3269.0100409999723,161581,25000000,,success,1,0,,,8573658
pilot_1790486476823,mint_N500_c3,0,2026-09-27T05:27:30.051Z,zkSyncTestnet,300,sepolia.era.zksync.dev,mint,500,3,427,0x6ba9840ccdf361c7f89ed228773e210f2f84daf420ae4534fc2d7a8d95fddb8b,371402.306708,374205.93025,2803.6235419999575,161587,25000000,,success,1,0,,,8573659
pilot_1790486476823,mint_N500_c3,0,2026-09-27T05:27:30.057Z,zkSyncTestnet,300,sepolia.era.zksync.dev,mint,500,3,428,0x31419c65a0220a4ae5487d279074adf534171083659c583053e1063a7143067d,371604.793833,374212.379916,2607.586083000002,161468,25000000,,success,1,0,,,8573660
pilot_1790486476823,mint_N500_c3,0,2026-09-27T05:27:31.667Z,zkSyncTestnet,300,sepolia.era.zksync.dev,mint,500,3,429,0x2540da478bf0a7e8ec0215500d9edaec447ebe662e906413c58c448faa9a3a40,373990.790083,375822.02475,1831.2346669999533,161587,25000000,,success,1,0,,,8573661
pilot_1790486476823,mint_N500_c3,0,2026-09-27T05:27:31.888Z,zkSyncTestnet,300,sepolia.era.zksync.dev,mint,500,3,430,0x1fb72bdf3968b7c5b4bd8e08e4ff6397ea0c5a42366c5385b689ae8abd04e99e,374206.025,376042.771166,1836.746165999968,161581,25000000,,success,1,0,,,8573662
pilot_1790486476823,mint_N500_c3,0,2026-09-27T05:27:32.720Z,zkSyncTestnet,300,sepolia.era.zksync.dev,mint,500,3,431,0xc9af2e37d5e1da6fc2e6a1d2ce2250777eeea066eb7bcaf29b04ba7889215a79,374212.410166,376874.497041,2662.086874999979,161587,25000000,,success,1,0,,,8573663
pilot_1790486476823,mint_N500_c3,0,2026-09-27T05:27:34.263Z,zkSyncTestnet,300,sepolia.era.zksync.dev,mint,500,3,432,0x615a31fb464f419065ab3c3bb48796c2a3baa3ae5dfe23998704e59f322c9e19,375822.136833,378417.692166,2595.5553330000257,161587,25000000,,success,1,0,,,8573664
pilot_1790486476823,mint_N500_c3,0,2026-09-27T05:27:34.754Z,zkSyncTestnet,300,sepolia.era.zksync.dev,mint,500,3,433,0x202f1b1a68666bc9ed724d434e01289a59d6180d5067f95c68528b258f52e876,376042.832166,378908.637375,2865.805209000013,161581,25000000,,success,1,0,,,8573665
pilot_1790486476823,mint_N500_c3,0,2026-09-27T05:27:35.343Z,zkSyncTestnet,300,sepolia.era.zksync.dev,mint,500,3,434,0x1e6b6d61326daaea3e4a4bd13a68e0595307d7b114aa54340c9e86e975b758c8,376874.53575,379498.176875,2623.6411250000237,161587,25000000,,success,1,0,,,8573666
pilot_1790486476823,mint_N500_c3,0,2026-09-27T05:27:37.435Z,zkSyncTestnet,300,sepolia.era.zksync.dev,mint,500,3,436,0x3ad507e1702664996e8e1a5c3d80835cf082503a4a1505afc6c6c6258bf44c00,378908.732458,381589.786833,2681.054375000007,161581,25000000,,success,1,0,,,8573668
pilot_1790486476823,mint_N500_c3,0,2026-09-27T05:27:37.744Z,zkSyncTestnet,300,sepolia.era.zksync.dev,mint,500,3,435,0x9631e7495fa45ceb5d96cda9cfdd02720aaeff4eafd55b82127746555ed8b556,378417.795791,381899.245625,3481.44983399997,161587,25000000,,success,1,0,,,8573667
pilot_1790486476823,mint_N500_c3,0,2026-09-27T05:27:38.196Z,zkSyncTestnet,300,sepolia.era.zksync.dev,mint,500,3,437,0x6dfac34bfc49d3e9a005701ab536df20f21f3635823b41ae932387c17ac57d41,379498.258083,382351.458291,2853.2002079999656,161581,25000000,,success,1,0,,,8573669
pilot_1790486476823,mint_N500_c3,0,2026-09-27T05:27:39.747Z,zkSyncTestnet,300,sepolia.era.zksync.dev,mint,500,3,438,0x05a5e9bd21734a91cf8a756880b97695099415f2a63b06ff9ac79713e05ac83a,381589.8675,383901.89375,2312.0262499999953,161587,25000000,,success,1,0,,,8573670
pilot_1790486476823,mint_N500_c3,0,2026-09-27T05:27:39.821Z,zkSyncTestnet,300,sepolia.era.zksync.dev,mint,500,3,439,0x8a56c2ae4ade97c3183eaba6fad5b63563f7cb526832dc02ff4af35dbd4480b9,381899.339583,383976.383833,2077.0442500000354,161581,25000000,,success,1,0,,,8573670
pilot_1790486476823,mint_N500_c3,0,2026-09-27T05:27:40.200Z,zkSyncTestnet,300,sepolia.era.zksync.dev,mint,500,3,440,0x535e8a50e642f9a7f8caf9b5fdecb8348b312d936852ac5bf0d124122ccf0f67,382351.565708,384354.611791,2003.046083000023,161581,25000000,,success,1,0,,,8573671
pilot_1790486476823,mint_N500_c3,0,2026-09-27T05:27:42.598Z,zkSyncTestnet,300,sepolia.era.zksync.dev,mint,500,3,441,0x4d6a3d919fcaccded158a66c442bc77fd0c529f2b65f50ec7c2ce7f79aff6ecb,383901.987916,386753.046791,2851.058874999988,161587,25000000,,success,1,0,,,8573672
pilot_1790486476823,mint_N500_c3,0,2026-09-27T05:27:43.652Z,zkSyncTestnet,300,sepolia.era.zksync.dev,mint,500,3,442,0x98393f39b00f7ff3ec8631d92e64bb15d47aef95291a7e242e675a90461e0f2a,383976.440916,387807.263458,3830.82254199998,161581,25000000,,success,1,0,,,8573673
pilot_1790486476823,mint_N500_c3,0,2026-09-27T05:27:43.907Z,zkSyncTestnet,300,sepolia.era.zksync.dev,mint,500,3,443,0xf087c8960699ba511846b449170b62f621bce793adf6c2484aac1fabd37cb795,384354.709041,388062.364208,3707.655167000019,161587,25000000,,success,1,0,,,8573673
pilot_1790486476823,mint_N500_c3,0,2026-09-27T05:27:44.412Z,zkSyncTestnet,300,sepolia.era.zksync.dev,mint,500,3,444,0x5f23235dff939d6d604aa3728843b373eaa6a33f62362c59ebf2c805128b9c68,386753.156125,388566.908375,1813.7522500000196,161587,25000000,,success,1,0,,,8573674
pilot_1790486476823,mint_N500_c3,0,2026-09-27T05:27:45.746Z,zkSyncTestnet,300,sepolia.era.zksync.dev,mint,500,3,445,0x59212caadf727f713f404b934972f623cd659d9bf75d61a9e4d7e57cf0bc811c,387807.358458,389901.13525,2093.7767919999897,161581,25000000,,success,1,0,,,8573675
pilot_1790486476823,mint_N500_c3,0,2026-09-27T05:27:46.266Z,zkSyncTestnet,300,sepolia.era.zksync.dev,mint,500,3,446,0x1f56d00e401a8f3b9d73bdef79c9e2035f698a848b2c1288b34bae5e6f23b42e,388062.439208,390420.757375,2358.3181669999612,161587,25000000,,success,1,0,,,8573676
pilot_1790486476823,mint_N500_c3,0,2026-09-27T05:27:46.305Z,zkSyncTestnet,300,sepolia.era.zksync.dev,mint,500,3,447,0x684a4340443c0e9df4641b66fef769e72f7a06fad6ccd8da215a851787427004,388566.997833,390459.624625,1892.6267920000246,161581,25000000,,success,1,0,,,8573676
pilot_1790486476823,mint_N500_c3,0,2026-09-27T05:27:47.614Z,zkSyncTestnet,300,sepolia.era.zksync.dev,mint,500,3,448,0x4cdb98d6f1c7a17079c6339a3e902bc9c6b804638b0d8d5ba2bf63593ba2a67c,389901.247833,391769.141625,1867.8937920000171,161581,25000000,,success,1,0,,,8573677
pilot_1790486476823,mint_N500_c3,0,2026-09-27T05:27:48.096Z,zkSyncTestnet,300,sepolia.era.zksync.dev,mint,500,3,449,0xe2cac23b7b5b6fb869094b44f95a9008cbcae381dadeb2ecc77c62d4abddceae,390420.860458,392251.246458,1830.3859999999986,161581,25000000,,success,1,0,,,8573678
pilot_1790486476823,mint_N500_c3,0,2026-09-27T05:27:49.415Z,zkSyncTestnet,300,sepolia.era.zksync.dev,mint,500,3,450,0x8c56d17a0dd850c7c95b6a820efaaad51b7a33b0958b50ca672784709333dee4,390459.686,393569.471458,3109.7854580000276,161587,25000000,,success,1,0,,,8573679
pilot_1790486476823,mint_N500_c3,0,2026-09-27T05:27:49.427Z,zkSyncTestnet,300,sepolia.era.zksync.dev,mint,500,3,451,0xdf4d2ab9ddc9526898667863ea9fb3a92071bac2dc69b5f569b552d5050adb61,391769.239291,393582.408583,1813.169292000006,161587,25000000,,success,1,0,,,8573680
pilot_1790486476823,mint_N500_c3,0,2026-09-27T05:27:49.971Z,zkSyncTestnet,300,sepolia.era.zksync.dev,mint,500,3,452,0x5db3a8a47445839ccbb9f3ea1169fe8cdabca1c8625c36c266e7bb0bb520dcd0,392251.3295,394125.493291,1874.1637910000281,161587,25000000,,success,1,0,,,8573681
pilot_1790486476823,mint_N500_c3,0,2026-09-27T05:27:51.289Z,zkSyncTestnet,300,sepolia.era.zksync.dev,mint,500,3,453,0x609d6af67d1bc3f84d16ea370ac1a1cdc52f97e46d1c8fa67748ebd43f2d802b,393569.587083,395443.463416,1873.876333000022,161587,25000000,,success,1,0,,,8573682
pilot_1790486476823,mint_N500_c3,0,2026-09-27T05:27:52.986Z,zkSyncTestnet,300,sepolia.era.zksync.dev,mint,500,3,454,0x26dda55d83a59fc3069336823159a5b71256eb28ad80374ae5bf167de15c96cc,393582.443,397140.568,3558.125,161462,25000000,,success,1,0,,,8573683
pilot_1790486476823,mint_N500_c3,0,2026-09-27T05:27:53.086Z,zkSyncTestnet,300,sepolia.era.zksync.dev,mint,500,3,455,0x8d3dc8a9b1b322bbf0bc680f4387d3ba5425bde3836acfe070f47fa9c9afd788,394125.531958,397240.493166,3114.9612080000225,161587,25000000,,success,1,0,,,8573684
pilot_1790486476823,mint_N500_c3,0,2026-09-27T05:27:54.763Z,zkSyncTestnet,300,sepolia.era.zksync.dev,mint,500,3,456,0x4381cf064e2c0c07d970222b3e787162d754f75793625b9a51d231959e77051b,395443.555125,398918.0895,3474.5343749999884,161587,25000000,,success,1,0,,,8573686
pilot_1790486476823,mint_N500_c3,0,2026-09-27T05:27:55.949Z,zkSyncTestnet,300,sepolia.era.zksync.dev,mint,500,3,457,0x245692ad37609fcf51e8c1ea73b5c433803e3b11ae2d2c350f60c32f03e59ddb,397140.632875,400103.490625,2962.8577499999665,161587,25000000,,success,1,0,,,8573687
pilot_1790486476823,mint_N500_c3,0,2026-09-27T05:27:57.862Z,zkSyncTestnet,300,sepolia.era.zksync.dev,mint,500,3,460,0x97c1aa855f9a19f1ad84e77d986ec7e62a8040fdf66367b2ef6bf130c669e25a,400103.54325,402016.508125,1912.9648750000051,161581,25000000,,success,1,0,,,8573688
pilot_1790486476823,mint_N500_c3,0,2026-09-27T05:27:58.873Z,zkSyncTestnet,300,sepolia.era.zksync.dev,mint,500,3,459,0xde5ca4a619751e031b2c0ba4c6b0fa0379da800bcff495b5063d5c178c6492d0,398918.193416,403027.626083,4109.432666999986,161581,25000000,,success,1,0,,,8573688
pilot_1790486476823,mint_N500_c3,0,2026-09-27T05:27:59.095Z,zkSyncTestnet,300,sepolia.era.zksync.dev,mint,500,3,458,0x3ec0cc312aa6b84d066a47bda867b29004c9f7dcc1c06df5bc72f89e9c1c8cc6,397240.5755,403249.544208,6008.968708000029,161587,25000000,,success,1,0,,,8573688
pilot_1790486476823,mint_N500_c3,0,2026-09-27T05:28:00.658Z,zkSyncTestnet,300,sepolia.era.zksync.dev,mint,500,3,461,0x0b6825fa3761e9620146f96e5ddcef43805b41647f38ab0ba28f35e71281754a,402016.5965,404813.042708,2796.4462080000085,161587,25000000,,success,1,0,,,8573689
pilot_1790486476823,mint_N500_c3,0,2026-09-27T05:28:01.779Z,zkSyncTestnet,300,sepolia.era.zksync.dev,mint,500,3,463,0x7cbd6653491af2ba06dd6bf02e0809988526fc136d6550642957fa453ed1c4ef,403249.651333,405934.240666,2684.589333000011,161587,25000000,,success,1,0,,,8573691
pilot_1790486476823,mint_N500_c3,0,2026-09-27T05:28:01.786Z,zkSyncTestnet,300,sepolia.era.zksync.dev,mint,500,3,462,0xa73895f531f4089cc1effaf62ddb4b1882c3a4d1d04a1c497b57d6b79b21193b,403027.720791,405941.171208,2913.4504169999855,161581,25000000,,success,1,0,,,8573690
pilot_1790486476823,mint_N500_c3,0,2026-09-27T05:28:04.702Z,zkSyncTestnet,300,sepolia.era.zksync.dev,mint,500,3,464,0x58aa2964bcc4bf11f40551e2f3cc4adcda55d197b67ca668687d659f681c5437,404813.11,408856.983333,4043.873332999996,161581,25000000,,success,1,0,,,8573692
pilot_1790486476823,mint_N500_c3,0,2026-09-27T05:28:06.045Z,zkSyncTestnet,300,sepolia.era.zksync.dev,mint,500,3,465,0xfa8712c432b55dcdb6de9c07d1428260be05c4e8b0db2be267469cfbc74d042e,405934.333958,410199.602791,4265.26883299998,161462,25000000,,success,1,0,,,8573693
pilot_1790486476823,mint_N500_c3,0,2026-09-27T05:28:06.576Z,zkSyncTestnet,300,sepolia.era.zksync.dev,mint,500,3,467,0x8c890d352962cab032560e150d56545b49872bb3dc52c75d596227b92d2a408e,408857.078291,410730.821708,1873.7434169999906,161581,25000000,,success,1,0,,,8573694
pilot_1790486476823,mint_N500_c3,0,2026-09-27T05:28:07.247Z,zkSyncTestnet,300,sepolia.era.zksync.dev,mint,500,3,466,0x723099d13697b7df0a7f365b5b8e2fadc8c5da8a3c78d5e3ad8ec72090629dd4,405941.209416,411402.011416,5460.802000000025,161581,25000000,,success,1,0,,,8573694
pilot_1790486476823,mint_N500_c3,0,2026-09-27T05:28:08.819Z,zkSyncTestnet,300,sepolia.era.zksync.dev,mint,500,3,468,0x1f06791a35081a4d13184dc81d1b779c0b7083738c2a8a106074c48d763bc7ed,410199.656208,412974.315666,2774.6594580000383,161581,25000000,,success,1,0,,,8573695
pilot_1790486476823,mint_N500_c3,0,2026-09-27T05:28:09.863Z,zkSyncTestnet,300,sepolia.era.zksync.dev,mint,500,3,469,0x2a76c37ea402a69854bec10c2e6a66115fc581fbe9b265ae956b1276f17bfc0c,410730.914916,414018.242458,3287.3275420000427,161581,25000000,,success,1,0,,,8573696
pilot_1790486476823,mint_N500_c3,0,2026-09-27T05:28:09.941Z,zkSyncTestnet,300,sepolia.era.zksync.dev,mint,500,3,470,0xbd6e75e36d79c9b5015d78a5cd2ac59b690ea392c542b22fc785ddc58d9a0d7d,411402.0865,414096.350583,2694.2640830000164,161581,25000000,,success,1,0,,,8573696
pilot_1790486476823,mint_N500_c3,0,2026-09-27T05:28:11.440Z,zkSyncTestnet,300,sepolia.era.zksync.dev,mint,500,3,471,0x1cd7d88b4c56143fe2f97452b67f5f5396cbb3bde3e5e277de25d4fafdbfd6d2,412974.358375,415594.666458,2620.308083000011,161587,25000000,,success,1,0,,,8573697
pilot_1790486476823,mint_N500_c3,0,2026-09-27T05:28:13.956Z,zkSyncTestnet,300,sepolia.era.zksync.dev,mint,500,3,472,0x8ea7686859b0855f0b96ec08c70ccd2af1bc072ccfae4c9a5da2f8f03fbf44d3,414018.358791,418110.6025,4092.243709000002,161581,25000000,,success,1,0,,,8573698
pilot_1790486476823,mint_N500_c3,0,2026-09-27T05:28:14.956Z,zkSyncTestnet,300,sepolia.era.zksync.dev,mint,500,3,473,0x518580b8bafc61bf1493c4aa7a5061b2c5f18042dcd5087b4125b36f606a22c3,414096.41825,419110.718333,5014.300083000038,161587,25000000,,success,1,0,,,8573699
pilot_1790486476823,mint_N500_c3,0,2026-09-27T05:28:14.988Z,zkSyncTestnet,300,sepolia.era.zksync.dev,mint,500,3,474,0x718b2005735680416a016de6c10b79d577369594314d529e11e063cf929cdb3f,415594.743125,419142.526458,3547.7833330000285,161581,25000000,,success,1,0,,,8573699
pilot_1790486476823,mint_N500_c3,0,2026-09-27T05:28:16.773Z,zkSyncTestnet,300,sepolia.era.zksync.dev,mint,500,3,475,0x6fad4f213b7d46c643722b0f249f014d824f34ae27f9f2916227864fc2072c8d,418110.710541,420927.673416,2816.9628749999683,161581,25000000,,success,1,0,,,8573700
pilot_1790486476823,mint_N500_c3,0,2026-09-27T05:28:17.262Z,zkSyncTestnet,300,sepolia.era.zksync.dev,mint,500,3,476,0xd25980450d48f530d4a3435b1f122440062bb230062c61c53724fd7173faae4f,419110.822791,421416.395958,2305.573166999966,161587,25000000,,success,1,0,,,8573701
pilot_1790486476823,mint_N500_c3,0,2026-09-27T05:28:18.254Z,zkSyncTestnet,300,sepolia.era.zksync.dev,mint,500,3,477,0x92f600b2f59cc9ceaf254c08e196ce44024064676e3bd510a8eb5f942bba9194,419142.578875,422409.35175,3266.772874999966,161581,25000000,,success,1,0,,,8573702
pilot_1790486476823,mint_N500_c3,0,2026-09-27T05:28:18.592Z,zkSyncTestnet,300,sepolia.era.zksync.dev,mint,500,3,478,0x1794132efe34db5eaad538ed1cbc974aa97b23c41dffe88d57eea4445b1c9f1e,420927.740791,422746.656916,1818.9161249999888,161581,25000000,,success,1,0,,,8573703
pilot_1790486476823,mint_N500_c3,0,2026-09-27T05:28:19.081Z,zkSyncTestnet,300,sepolia.era.zksync.dev,mint,500,3,479,0xddbad1c2905f839abc473f04b6d9a4661cd757733fcb936c1d67ec0358184b12,421416.489625,423236.345958,1819.8563330000034,161581,25000000,,success,1,0,,,8573704
pilot_1790486476823,mint_N500_c3,0,2026-09-27T05:28:21.445Z,zkSyncTestnet,300,sepolia.era.zksync.dev,mint,500,3,480,0x99be2b8a20379eb59567aee987bd5924a72aaddf541334cef3e06a130127f8e2,422409.456833,425600.111458,3190.6546250000247,161581,25000000,,success,1,0,,,8573706
pilot_1790486476823,mint_N500_c3,0,2026-09-27T05:28:21.769Z,zkSyncTestnet,300,sepolia.era.zksync.dev,mint,500,3,481,0xff1dfcc7101bb73cf39d9e4070c586e85eb9b38ce88440628b3caa31497d5abd,422746.759916,425924.092375,3177.3324589999975,161587,25000000,,success,1,0,,,8573707
pilot_1790486476823,mint_N500_c3,0,2026-09-27T05:28:22.972Z,zkSyncTestnet,300,sepolia.era.zksync.dev,mint,500,3,482,0x8cb37edd161e962d4e2c88d1cef741777b8f95e8d9f701315264377bb058c6da,423236.445416,427127.069916,3890.6245000000345,161581,25000000,,success,1,0,,,8573708
pilot_1790486476823,mint_N500_c3,0,2026-09-27T05:28:23.319Z,zkSyncTestnet,300,sepolia.era.zksync.dev,mint,500,3,483,0xfc7735dc58601dbe727bf25042bd918eafced7723a82abae7afdd6db05f54305,425600.196541,427473.480458,1873.2839169999934,161587,25000000,,success,1,0,,,8573709
pilot_1790486476823,mint_N500_c3,0,2026-09-27T05:28:23.601Z,zkSyncTestnet,300,sepolia.era.zksync.dev,mint,500,3,484,0x4b5e612db61c4e415defb7efbc349cce9c514dbcdbbf007e2913f1fb9ee54f28,425924.169833,427755.439208,1831.2693750000326,161587,25000000,,success,1,0,,,8573710
pilot_1790486476823,mint_N500_c3,0,2026-09-27T05:28:25.598Z,zkSyncTestnet,300,sepolia.era.zksync.dev,mint,500,3,485,0xe97a5eb65925446b88a862364772c6715d60d6e957b6e0ed3c2cee1284142f32,427127.174625,429752.844916,2625.6702909999876,161581,25000000,,success,1,0,,,8573712
pilot_1790486476823,mint_N500_c3,0,2026-09-27T05:28:26.870Z,zkSyncTestnet,300,sepolia.era.zksync.dev,mint,500,3,486,0x0a9afff4546cef1226cad761a7c5f5573d7dc208d574137d8205af9020793b87,427473.576583,431024.751416,3551.1748329999973,161587,25000000,,success,1,0,,,8573713
pilot_1790486476823,mint_N500_c3,0,2026-09-27T05:28:27.167Z,zkSyncTestnet,300,sepolia.era.zksync.dev,mint,500,3,487,0xd8aa00dd670c5d15e67862f916d59eeda09a53d2bcd89421b032ba48abd266e8,427755.513583,431321.642916,3566.12933299999,161581,25000000,,success,1,0,,,8573713
pilot_1790486476823,mint_N500_c3,0,2026-09-27T05:28:29.534Z,zkSyncTestnet,300,sepolia.era.zksync.dev,mint,500,3,489,0x07235cda8a1946b13be256bff3c7afeb09f797e20591a1b39b650d34d1a99865,431024.837916,433688.480375,2663.642458999995,161587,25000000,,success,1,0,,,8573716
pilot_1790486476823,mint_N500_c3,0,2026-09-27T05:28:29.561Z,zkSyncTestnet,300,sepolia.era.zksync.dev,mint,500,3,488,0x19c29c0c8ce5ab72a1ccd5506dc7e5e6f26f88d5cd0c915c7e93d15b1f7a8cf2,429752.935875,433715.480958,3962.5450829999754,161587,25000000,,success,1,0,,,8573715
pilot_1790486476823,mint_N500_c3,0,2026-09-27T05:28:30.334Z,zkSyncTestnet,300,sepolia.era.zksync.dev,mint,500,3,490,0x16ca921d8225f7c03e501cd82dd2b2ffd74264ae40ba69ab7984e95de01e1afe,431321.7345,434489.195125,3167.460625000007,161581,25000000,,success,1,0,,,8573717
pilot_1790486476823,mint_N500_c3,0,2026-09-27T05:28:32.182Z,zkSyncTestnet,300,sepolia.era.zksync.dev,mint,500,3,491,0xabc9dbf289d5e24787e8094c4fd6b450dc928071b793c139b18cf8ee311d478e,433688.538166,436337.130416,2648.592250000045,161587,25000000,,success,1,0,,,8573718
pilot_1790486476823,mint_N500_c3,0,2026-09-27T05:28:32.188Z,zkSyncTestnet,300,sepolia.era.zksync.dev,mint,500,3,493,0x7e8463a72d2af5b4deb4d46c4ae4334a7c7d19fc152e3ba7040f2aff7b6499d4,434489.319291,436343.035458,1853.716167000006,161581,25000000,,success,1,0,,,8573718
pilot_1790486476823,mint_N500_c3,0,2026-09-27T05:28:32.644Z,zkSyncTestnet,300,sepolia.era.zksync.dev,mint,500,3,492,0xb8dda0aed2f1d140106d9bf712e75d245c60ca5a34555a9bcabf3d1417f1d0d5,433715.530166,436798.695333,3083.16516699997,161587,25000000,,success,1,0,,,8573718
pilot_1790486476823,mint_N500_c3,0,2026-09-27T05:28:34.785Z,zkSyncTestnet,300,sepolia.era.zksync.dev,mint,500,3,494,0x30104abb933d4de7b1b5b8148bb3c64c045a74d3510ecf100039a645998b417b,436337.231583,438939.978,2602.7464170000167,161587,25000000,,success,1,0,,,8573719
pilot_1790486476823,mint_N500_c3,0,2026-09-27T05:28:35.826Z,zkSyncTestnet,300,sepolia.era.zksync.dev,mint,500,3,495,0xa25d5e1e7492c457987b5cdae8bc68747f699d4d1a15ab1e9e8e5fa84da4f21f,436343.057833,439980.52975,3637.471916999959,161581,25000000,,success,1,0,,,8573720
pilot_1790486476823,mint_N500_c3,0,2026-09-27T05:28:36.377Z,zkSyncTestnet,300,sepolia.era.zksync.dev,mint,500,3,496,0x66dbcfdda45f0acd11ca01a059b901f6e56ec1227dd6b5efd9c7ed0335184dd5,436798.783083,440532.177958,3733.394874999998,161581,25000000,,success,1,0,,,8573721
pilot_1790486476823,mint_N500_c3,0,2026-09-27T05:28:36.680Z,zkSyncTestnet,300,sepolia.era.zksync.dev,mint,500,3,497,0x9990ba103d0fba6ddec5087098bd3981f00f12b8707c50dd52f9f2b09fc7a87b,438940.0855,440834.888625,1894.803125000035,161581,25000000,,success,1,0,,,8573722
pilot_1790486476823,mint_N500_c3,0,2026-09-27T05:28:38.444Z,zkSyncTestnet,300,sepolia.era.zksync.dev,mint,500,3,498,0x35293c711a27c8fe5bdc6921c2c36b31a07781b59ca0949ca0481121994b8843,439980.63975,442599.293583,2618.6538330000476,161581,25000000,,success,1,0,,,8573723
pilot_1790486476823,mint_N500_c3,0,2026-09-27T05:28:39.296Z,zkSyncTestnet,300,sepolia.era.zksync.dev,mint,500,3,499,0xb6c733598b6d27cb09e354d3ce4dac19e008f39eeeccdc1b3896e7ffbd7a71b7,440532.282625,443450.884833,2918.6022080000257,161587,25000000,,success,1,0,,,8573724
pilot_1790486476823,mint_N500_c3,0,2026-09-27T05:28:40.529Z,zkSyncTestnet,300,sepolia.era.zksync.dev,mint,500,3,500,0xd94062b20294289212fa05180b3c7e7d60f8503e4d31faa522a18b74619156fc,440834.986416,444683.729791,3848.74337500002,161581,25000000,,success,1,0,,,8573725
pilot_1790486476823,mint_N500_c3,0,2026-09-27T05:28:42.601Z,zkSyncTestnet,300,sepolia.era.zksync.dev,mint,500,3,501,0x2c61a84ec7db084b33afa47c6c2dab736866576e44c3954f7d1d6f057c4e0868,442599.393958,446755.405166,4156.011208000011,161581,25000000,,success,1,0,,,8573726
pilot_1790486476823,mint_N500_c3,0,2026-09-27T05:28:42.966Z,zkSyncTestnet,300,sepolia.era.zksync.dev,mint,500,3,502,0xc3e51e780353449fc71291b86a796f6ea8fb5c90cb8734c9227cce320a0a057f,443450.949208,447121.22825,3670.279042000009,161581,25000000,,success,1,0,,,8573726
pilot_1790486476823,mint_N500_c3,0,2026-09-27T05:28:44.738Z,zkSyncTestnet,300,sepolia.era.zksync.dev,mint,500,3,503,0xedd0121d5e0b9ec08a7e0785824d2d2063757962b8591d7fc271cd9f5acf035d,444683.832416,448893.023625,4209.191208999953,161587,25000000,,success,1,0,,,8573727
pilot_1790486476823,mint_N500_c3,0,2026-09-27T05:28:45.232Z,zkSyncTestnet,300,sepolia.era.zksync.dev,mint,500,3,504,0xcf9d256afc0815e0b3baadb5d6c6f3e433bbeb6581e8ba98020213c7881a6f69,446755.510166,449386.734333,2631.2241669999785,161581,25000000,,success,1,0,,,8573728
pilot_1790486476823,mint_N500_c3,0,2026-09-27T05:28:46.598Z,zkSyncTestnet,300,sepolia.era.zksync.dev,mint,500,3,506,0x6bb8bcde9e32a61a98063f80612e4b9dd2c62c6aee055833c673b2a8d549c832,448893.112791,450752.973166,1859.8603749999893,161581,25000000,,success,1,0,,,8573730
pilot_1790486476823,mint_N500_c3,0,2026-09-27T05:28:46.838Z,zkSyncTestnet,300,sepolia.era.zksync.dev,mint,500,3,505,0xad42bbfa0060d028614fe7020081fc53d9cef8a8b48b9066e7afb5c2d920c133,447121.307416,450992.428041,3871.1206249999814,161587,25000000,,success,1,0,,,8573729
pilot_1790486476823,mint_N500_c3,0,2026-09-27T05:28:47.102Z,zkSyncTestnet,300,sepolia.era.zksync.dev,mint,500,3,507,0xb6339dcc685025a6dd1bd6a00685d356e2d00d68b431047da1d3e3abbddb3bde,449386.820166,451257.166083,1870.3459170000278,161581,25000000,,success,1,0,,,8573731
pilot_1790486476823,mint_N500_c3,0,2026-09-27T05:28:48.420Z,zkSyncTestnet,300,sepolia.era.zksync.dev,mint,500,3,508,0xfa64500f17ccdf39bb388670a8c4a1864d38cbefc034d5889601bc89d934fdc9,450753.0615,452574.970833,1821.9093330000178,161587,25000000,,success,1,0,,,8573732
pilot_1790486476823,mint_N500_c3,0,2026-09-27T05:28:48.900Z,zkSyncTestnet,300,sepolia.era.zksync.dev,mint,500,3,509,0x029fc8c4e719f6bd7b0612f3c5fba1c89a00111027464778a9488900201c7b80,450992.518916,453054.773208,2062.254292000027,161581,25000000,,success,1,0,,,8573733
pilot_1790486476823,mint_N500_c3,0,2026-09-27T05:28:48.933Z,zkSyncTestnet,300,sepolia.era.zksync.dev,mint,500,3,510,0xc0342ca98d2ff9b754097117effe2c8f88a63bfc7ac8535d751107d376e3a8d3,451257.216625,453087.402333,1830.1857079999754,161581,25000000,,success,1,0,,,8573734
pilot_1790486476823,mint_N500_c3,0,2026-09-27T05:28:50.261Z,zkSyncTestnet,300,sepolia.era.zksync.dev,mint,500,3,511,0xf3beae7172c4b4c4fda361c760163af04be47f69192556fa9671eebb96e7d11f,452575.077583,454415.509333,1840.4317499999888,161587,25000000,,success,1,0,,,8573735
pilot_1790486476823,mint_N500_c3,0,2026-09-27T05:28:50.808Z,zkSyncTestnet,300,sepolia.era.zksync.dev,mint,500,3,512,0xe1417c822ae134cc522bcf4681dcb8a6ad23135ae1ec98e9cbdc172467bd3115,453054.881,454962.970166,1908.0891660000198,161587,25000000,,success,1,0,,,8573736
pilot_1790486476823,mint_N500_c3,0,2026-09-27T05:28:52.086Z,zkSyncTestnet,300,sepolia.era.zksync.dev,mint,500,3,513,0x68bea655e70910819c6ad9aeef91a814ba791af64f123bc09f57f245a0606862,453087.482583,456241.15375,3153.6711670000223,161581,25000000,,success,1,0,,,8573737
pilot_1790486476823,mint_N500_c3,0,2026-09-27T05:28:52.631Z,zkSyncTestnet,300,sepolia.era.zksync.dev,mint,500,3,515,0x6fe056902687bbebc76bd6d9abdcb11c7ddf325b28ae76a7d372484668b723da,454963.057875,456785.896125,1822.8382500000298,161581,25000000,,success,1,0,,,8573739
pilot_1790486476823,mint_N500_c3,0,2026-09-27T05:28:52.975Z,zkSyncTestnet,300,sepolia.era.zksync.dev,mint,500,3,514,0xab9f545d9386727fb42f02c58611f7b5deed9507c37c02098d431d22d947a740,454415.6115,457129.758958,2714.147457999992,161581,25000000,,success,1,0,,,8573738
pilot_1790486476823,mint_N500_c3,0,2026-09-27T05:28:55.491Z,zkSyncTestnet,300,sepolia.era.zksync.dev,mint,500,3,516,0xf879d9d3f73c45061e0d4838b2046af3d9f9b5e022db3be5eb23c8e99970ac20,456241.211416,459646.269833,3405.058417000051,161587,25000000,,success,1,0,,,8573740
pilot_1790486476823,mint_N500_c3,0,2026-09-27T05:28:56.760Z,zkSyncTestnet,300,sepolia.era.zksync.dev,mint,500,3,518,0x83de9fdc650956b9fa63a43b0f4b28c8e49a6cc376c95dc60fc3eea49c795685,457129.850541,460914.897958,3785.0474169999943,161581,25000000,,success,1,0,,,8573741
pilot_1790486476823,mint_N500_c3,0,2026-09-27T05:28:57.059Z,zkSyncTestnet,300,sepolia.era.zksync.dev,mint,500,3,517,0x294208b94fdccc454acaee3f842e971cf066ac296ae1b6ec9b2d874ce159cd0b,456785.998041,461214.10825,4428.110209000006,161581,25000000,,success,1,0,,,8573741
pilot_1790486476823,mint_N500_c3,0,2026-09-27T05:28:58.634Z,zkSyncTestnet,300,sepolia.era.zksync.dev,mint,500,3,519,0xc19892cbb94fbb7cdce544dc19db255fc1f4970ef58e456c42303c3be19ac8a9,459646.371,462788.618333,3142.2473330000066,161581,25000000,,success,1,0,,,8573742
pilot_1790486476823,mint_N500_c3,0,2026-09-27T05:29:00.209Z,zkSyncTestnet,300,sepolia.era.zksync.dev,mint,500,3,520,0xa47e23e99c8ad1943a2eb8fde7d0f8753d5ce669b07b6c265e3a50dfb7d6a7fb,460914.996416,464363.697958,3448.7015419999952,161587,25000000,,success,1,0,,,8573743
pilot_1790486476823,mint_N500_c3,0,2026-09-27T05:29:02.380Z,zkSyncTestnet,300,sepolia.era.zksync.dev,mint,500,3,521,0x3df7d0879bc5feaf767667b7edb4f5464134ee8ea3c7af920c9c5de59ef4d1e4,461214.202125,466534.328916,5320.126791000017,161587,25000000,,success,1,0,,,8573744
pilot_1790486476823,mint_N500_c3,0,2026-09-27T05:29:02.593Z,zkSyncTestnet,300,sepolia.era.zksync.dev,mint,500,3,522,0xda48739ea509d4305e171de7b30e4b7e329a05d13eebc72efaab870e2d90aa9e,462788.714,466747.8565,3959.1425000000163,161581,25000000,,success,1,0,,,8573745
pilot_1790486476823,mint_N500_c3,0,2026-09-27T05:29:03.132Z,zkSyncTestnet,300,sepolia.era.zksync.dev,mint,500,3,523,0x21995668fcc2c4c855435097808cb367712a52c9cd0223fc10e4a37fbc62c767,464363.805125,467286.569583,2922.7644579999615,161587,25000000,,success,1,0,,,8573746
pilot_1790486476823,mint_N500_c3,0,2026-09-27T05:29:04.233Z,zkSyncTestnet,300,sepolia.era.zksync.dev,mint,500,3,524,0x576a84bfd43aa10aa8aaec3287a2e06f3e76beae9b2b3d8db76d7352032c0af5,466534.413208,468387.466791,1853.0535829999717,161581,25000000,,success,1,0,,,8573748
pilot_1790486476823,mint_N500_c3,0,2026-09-27T05:29:05.752Z,zkSyncTestnet,300,sepolia.era.zksync.dev,mint,500,3,525,0xc4094107839c3b050262ea4b196be46ad16dadd280b7c26eafa9d3761f90d6d8,466747.928625,469907.157375,3159.2287500000093,161587,25000000,,success,1,0,,,8573749
pilot_1790486476823,mint_N500_c3,0,2026-09-27T05:29:06.592Z,zkSyncTestnet,300,sepolia.era.zksync.dev,mint,500,3,527,0x2b18d9d1e31458a05e9c86199c05559e42dd1ffb87477ae01f6a266b0e6a7578,468387.569083,470746.900333,2359.3312499999884,161581,25000000,,success,1,0,,,8573750
pilot_1790486476823,mint_N500_c3,0,2026-09-27T05:29:07.024Z,zkSyncTestnet,300,sepolia.era.zksync.dev,mint,500,3,526,0x53dbbd10515fa4ffaa01eaae3fa8a18ba80df4b02f3b2413ab62bedd50b80124,467286.651833,471178.482291,3891.8304580000113,161581,25000000,,success,1,0,,,8573750
pilot_1790486476823,mint_N500_c3,0,2026-09-27T05:29:08.351Z,zkSyncTestnet,300,sepolia.era.zksync.dev,mint,500,3,529,0x6539f4e74e0465daa9f8b727e385278bed2515fcf9d9189affa4093f5122e445,470746.993041,472505.667375,1758.6743340000394,161587,25000000,,success,1,0,,,8573751
pilot_1790486476823,mint_N500_c3,0,2026-09-27T05:29:08.864Z,zkSyncTestnet,300,sepolia.era.zksync.dev,mint,500,3,528,0xdf7732f7e12aad15dc64b73387ad004cb41d426623cc5a813766fd08082e89d1,469907.262458,473018.848458,3111.5860000000102,161581,25000000,,success,1,0,,,8573751
pilot_1790486476823,mint_N500_c3,0,2026-09-27T05:29:09.800Z,zkSyncTestnet,300,sepolia.era.zksync.dev,mint,500,3,530,0xefe473aabc716e70fa1354421a619df89803130ea9990890912191681c1ce584,471178.541291,473954.829541,2776.2882500000414,161581,25000000,,success,1,0,,,8573752
pilot_1790486476823,mint_N500_c3,0,2026-09-27T05:29:10.919Z,zkSyncTestnet,300,sepolia.era.zksync.dev,mint,500,3,531,0x7c251e44ee65a984b298e838e47ea0d607bb81e222788b7f4bf5bd75fd25e595,472505.797958,475073.664083,2567.8661250000005,161581,25000000,,success,1,0,,,8573753
pilot_1790486476823,mint_N500_c3,0,2026-09-27T05:29:11.607Z,zkSyncTestnet,300,sepolia.era.zksync.dev,mint,500,3,533,0xd51e84b7a146e655276cb57c8ed1125f3b9dd06a4a6efb8761d93fcf61b4b622,473954.933833,475762.20125,1807.2674169999664,161581,25000000,,success,1,0,,,8573754
pilot_1790486476823,mint_N500_c3,0,2026-09-27T05:29:12.800Z,zkSyncTestnet,300,sepolia.era.zksync.dev,mint,500,3,532,0xd9739b25da2d77223fd8bce666a9853ced49b0fd0e490c54049179a2b1ba0c8b,473018.953708,476954.810791,3935.85708300001,161581,25000000,,success,1,0,,,8573754
pilot_1790486476823,mint_N500_c3,0,2026-09-27T05:29:15.417Z,zkSyncTestnet,300,sepolia.era.zksync.dev,mint,500,3,534,0xf712c68246912a97be78ec71ef77c659ea798eff4db0a40bc537367e01f9b40e,475073.746416,479572.210625,4498.464208999998,161587,25000000,,success,1,0,,,8573755
pilot_1790486476823,mint_N500_c3,0,2026-09-27T05:29:16.178Z,zkSyncTestnet,300,sepolia.era.zksync.dev,mint,500,3,535,0xeefc52f9fb50b813586db1d5d0b77b204f06697b6e7add9faf6ec79b1f1c9c98,475762.267791,480333.077416,4570.809624999994,161581,25000000,,success,1,0,,,8573756
pilot_1790486476823,mint_N500_c3,0,2026-09-27T05:29:17.744Z,zkSyncTestnet,300,sepolia.era.zksync.dev,mint,500,3,536,0x3a3adda0728fde119d4c4598d3f782866b2bc8c83109470ac87afed78b51e8ac,476954.913,481899.091375,4944.178375000018,161587,25000000,,success,1,0,,,8573757
pilot_1790486476823,mint_N500_c3,0,2026-09-27T05:29:18.045Z,zkSyncTestnet,300,sepolia.era.zksync.dev,mint,500,3,537,0x5e401582d91584c0ae3d28bf384323b427a5d9a6e6a05e78303c6a5f184a682e,479572.305166,482199.691416,2627.3862500000396,161581,25000000,,success,1,0,,,8573758
pilot_1790486476823,mint_N500_c3,0,2026-09-27T05:29:18.051Z,zkSyncTestnet,300,sepolia.era.zksync.dev,mint,500,3,538,0xb114f29540b1fb27f53ac5ac199dbbaa0ddf5a9b9201688ee2e5f11757027a32,480333.192,482205.54425,1872.3522499999963,161581,25000000,,success,1,0,,,8573758
pilot_1790486476823,mint_N500_c3,0,2026-09-27T05:29:19.621Z,zkSyncTestnet,300,sepolia.era.zksync.dev,mint,500,3,539,0x41982efaf59ec244a40cbad7ad14a4ced1f3743a6975909cf2fb5b887f063df4,481899.166666,483776.164791,1876.998125000042,161581,25000000,,success,1,0,,,8573759
pilot_1790486476823,mint_N500_c3,0,2026-09-27T05:29:20.401Z,zkSyncTestnet,300,sepolia.era.zksync.dev,mint,500,3,540,0x48c82412d55edf3dc3b03e59b9580508c53e9efeb48f81b90f56c777be679b0d,482199.793541,484555.700166,2355.9066250000033,161581,25000000,,success,1,0,,,8573760
pilot_1790486476823,mint_N500_c3,0,2026-09-27T05:29:20.675Z,zkSyncTestnet,300,sepolia.era.zksync.dev,mint,500,3,541,0xe359ed721aa1f86825af62b4a41a29271fba1e5872b11349e4cc5ab3489a32c1,482205.565958,484829.516625,2623.9506669999682,161581,25000000,,success,1,0,,,8573761
pilot_1790486476823,mint_N500_c3,0,2026-09-27T05:29:21.463Z,zkSyncTestnet,300,sepolia.era.zksync.dev,mint,500,3,542,0xca2f0f51dac5e4d551c918c716f9282e055993c3a0fd45bf1c84fa7040e5c52a,483776.279333,485618.001416,1841.7220830000006,161581,25000000,,success,1,0,,,8573762
pilot_1790486476823,mint_N500_c3,0,2026-09-27T05:29:22.288Z,zkSyncTestnet,300,sepolia.era.zksync.dev,mint,500,3,543,0xf20ff723b77e32c727bd22dd6240c8e85ff02a3f187ec72b8f2e57c416cef9c7,484555.773541,486442.635791,1886.8622500000056,161581,25000000,,success,1,0,,,8573763
pilot_1790486476823,mint_N500_c3,0,2026-09-27T05:29:22.525Z,zkSyncTestnet,300,sepolia.era.zksync.dev,mint,500,3,544,0x81fb28a122b13a47fa9dd278c49638529bf93d6ee4c64b3080955bd8dde1d17b,484829.591708,486679.879875,1850.2881669999915,161587,25000000,,success,1,0,,,8573764
pilot_1790486476823,mint_N500_c3,0,2026-09-27T05:29:24.214Z,zkSyncTestnet,300,sepolia.era.zksync.dev,mint,500,3,545,0x6ec214857dce3be6045141d3f5f489555c455e228082e1ac70401b122a4a54af,485618.052125,488368.865125,2750.8130000000237,161587,25000000,,success,1,0,,,8573765
pilot_1790486476823,mint_N500_c3,0,2026-09-27T05:29:24.956Z,zkSyncTestnet,300,sepolia.era.zksync.dev,mint,500,3,546,0x41c054d263344bf9d793561520b5baae7e5ae5d3bbc57301183c3910bf763f97,486442.757916,489111.074791,2668.3168750000186,161581,25000000,,success,1,0,,,8573766
pilot_1790486476823,mint_N500_c3,0,2026-09-27T05:29:26.168Z,zkSyncTestnet,300,sepolia.era.zksync.dev,mint,500,3,547,0x51f323fd7db41b026e3754f0bc88e7e71976c65885cfe9d3b36db63d57b4a510,486679.9615,490322.42525,3642.4637499999953,161587,25000000,,success,1,0,,,8573767
pilot_1790486476823,mint_N500_c3,0,2026-09-27T05:29:26.195Z,zkSyncTestnet,300,sepolia.era.zksync.dev,mint,500,3,548,0x551bd694613f7941d71424e64a4519665352c97403e35b4930a225c026f838c2,488368.908166,490349.683833,1980.775667000038,161581,25000000,,success,1,0,,,8573768
pilot_1790486476823,mint_N500_c3,0,2026-09-27T05:29:26.815Z,zkSyncTestnet,300,sepolia.era.zksync.dev,mint,500,3,549,0xb7167444e8c94a42f5d9aea312cfd164d106a967f2daf736830f5ae7ae7d31bf,489111.171875,490969.649583,1858.4777079999913,161581,25000000,,success,1,0,,,8573769
pilot_1790486476823,mint_N500_c3,0,2026-09-27T05:29:29.694Z,zkSyncTestnet,300,sepolia.era.zksync.dev,mint,500,3,550,0x2c9d5f31006741a886e87eb302274bbc77421028c4a53627eb1e74c63437d931,490322.512916,493848.892291,3526.3793750000186,161587,25000000,,success,1,0,,,8573770
pilot_1790486476823,mint_N500_c3,0,2026-09-27T05:29:29.931Z,zkSyncTestnet,300,sepolia.era.zksync.dev,mint,500,3,551,0x224601b6ac66cefc2a157379c783c892ee3030bc4aef7b4b3ebf78d743aae0f9,490349.765166,494085.491416,3735.726250000007,161581,25000000,,success,1,0,,,8573770
pilot_1790486476823,mint_N500_c3,0,2026-09-27T05:29:31.307Z,zkSyncTestnet,300,sepolia.era.zksync.dev,mint,500,3,552,0xe80dbe5e333ac185d13a7228e20ca107c6aa55b5d4680a4d11cfdd65d6204a2d,490969.73775,495462.153708,4492.415958000056,161587,25000000,,success,1,0,,,8573771
pilot_1790486476823,mint_N500_c3,0,2026-09-27T05:29:31.480Z,zkSyncTestnet,300,sepolia.era.zksync.dev,mint,500,3,553,0x2a548547fcf661096bb82761f814e638c7eead0e76b6dbf68ba197eaa5d65154,493848.9475,495634.608041,1785.6605410000193,161587,25000000,,success,1,0,,,8573772
pilot_1790486476823,mint_N500_c3,0,2026-09-27T05:29:31.729Z,zkSyncTestnet,300,sepolia.era.zksync.dev,mint,500,3,554,0x66d6c0ef52306b77b96f277a28e62072f5499684a05b0990ef639ff9785b68b9,494085.538958,495884.131291,1798.5923329999787,161581,25000000,,success,1,0,,,8573772
pilot_1790486476823,mint_N500_c3,0,2026-09-27T05:29:34.006Z,zkSyncTestnet,300,sepolia.era.zksync.dev,mint,500,3,555,0x5aedfa0bab461f581d2427a9874486b3d064d5d58088437c69c10208bd88d4ac,495462.271375,498160.896416,2698.625040999963,161587,25000000,,success,1,0,,,8573773
pilot_1790486476823,mint_N500_c3,0,2026-09-27T05:29:34.308Z,zkSyncTestnet,300,sepolia.era.zksync.dev,mint,500,3,556,0xd971912669a9558971e550a1863cd88f05527b22a2fbe64c4b4e6c52c6715fd9,495634.675208,498463.043958,2828.3687500000233,161587,25000000,,success,1,0,,,8573774
pilot_1790486476823,mint_N500_c3,0,2026-09-27T05:29:34.558Z,zkSyncTestnet,300,sepolia.era.zksync.dev,mint,500,3,557,0xb72e0432007ca7c3e3c215d98f64305d6a48ebec6997987b5719417e62e27b33,495884.217916,498712.733916,2828.5160000000033,161581,25000000,,success,1,0,,,8573775
pilot_1790486476823,mint_N500_c3,0,2026-09-27T05:29:35.877Z,zkSyncTestnet,300,sepolia.era.zksync.dev,mint,500,3,558,0xcfdff23a9637482dcc1d5139cfe08f05fefc06eaeac6b3790d6b959e0643ebb6,498160.969958,500031.280041,1870.3100829999894,161587,25000000,,success,1,0,,,8573776
pilot_1790486476823,mint_N500_c3,0,2026-09-27T05:29:36.201Z,zkSyncTestnet,300,sepolia.era.zksync.dev,mint,500,3,559,0x8afc63b0a4938649d9f3fe6f80a3ea303d4f4d26456c5cdd027056242f872b77,498463.132,500355.725291,1892.5932909999974,161587,25000000,,success,1,0,,,8573777
pilot_1790486476823,mint_N500_c3,0,2026-09-27T05:29:36.437Z,zkSyncTestnet,300,sepolia.era.zksync.dev,mint,500,3,560,0xc9c59e65ea7b362974f557c83e5135c48ced912fd58396959bc79f1fff0843bd,498712.810083,500591.268333,1878.4582500000251,161587,25000000,,success,1,0,,,8573778
pilot_1790486476823,mint_N500_c3,0,2026-09-27T05:29:37.714Z,zkSyncTestnet,300,sepolia.era.zksync.dev,mint,500,3,561,0x79e851ce3d338dd73980e2e7c12a1bc1b4257a8a48fd22cf2bf92748bfb9af28,500031.398416,501869.105333,1837.7069170000032,161587,25000000,,success,1,0,,,8573779
pilot_1790486476823,mint_N500_c3,0,2026-09-27T05:29:38.041Z,zkSyncTestnet,300,sepolia.era.zksync.dev,mint,500,3,562,0xd3d3766fcdae3175a9fd1fd7f54c03dd05ee83b9db958fde5fcfdfedca720203,500355.832166,502195.401458,1839.5692920000292,161587,25000000,,success,1,0,,,8573780
pilot_1790486476823,mint_N500_c3,0,2026-09-27T05:29:38.249Z,zkSyncTestnet,300,sepolia.era.zksync.dev,mint,500,3,563,0xcde4a0aa0161a8d1dff812bea02965a8a3572af235601ced358380250f06c269,500591.326291,502403.306166,1811.979875000019,161587,25000000,,success,1,0,,,8573781
pilot_1790486476823,mint_N500_c3,0,2026-09-27T05:29:40.597Z,zkSyncTestnet,300,sepolia.era.zksync.dev,mint,500,3,564,0x56abde67b8899adbdcf14d69e73c3aceda7b1464617081ba0663d001b5fb5690,501869.19025,504751.774083,2882.5838330000406,161587,25000000,,success,1,0,,,8573782
pilot_1790486476823,mint_N500_c3,0,2026-09-27T05:29:40.848Z,zkSyncTestnet,300,sepolia.era.zksync.dev,mint,500,3,566,0x139caf2b044fde02fdeeb928480a706084934194bec2af9b64e854ed146eb2ff,502403.360833,505002.941541,2599.580707999994,161581,25000000,,success,1,0,,,8573783
pilot_1790486476823,mint_N500_c3,0,2026-09-27T05:29:41.113Z,zkSyncTestnet,300,sepolia.era.zksync.dev,mint,500,3,565,0xa18100c5e74b6e578767ce44afdb97cbc87c10c5dce7c0921bcddb70cb6c0522,502195.465541,505267.186,3071.7204589999747,161581,25000000,,success,1,0,,,8573783
pilot_1790486476823,mint_N500_c3,0,2026-09-27T05:29:50.559Z,zkSyncTestnet,300,sepolia.era.zksync.dev,mint,500,3,567,0x57ce4bf745e752c0167fc71fde39eb50c8404668a9e4a0a2959017bc133ead97,504751.86,514713.891375,9962.03137500002,161587,25000000,,success,1,0,,,8573784
pilot_1790486476823,mint_N500_c3,0,2026-09-27T05:29:51.133Z,zkSyncTestnet,300,sepolia.era.zksync.dev,mint,500,3,568,0xff7fc01adb3a0a7458d843f917d54be093e46a46093a0fadd36a7495eba3cf0f,505002.984833,515287.380875,10284.396041999978,161581,25000000,,success,1,0,,,8573785
pilot_1790486476823,mint_N500_c3,0,2026-09-27T05:29:52.419Z,zkSyncTestnet,300,sepolia.era.zksync.dev,mint,500,3,569,0x45f08242c172880ec62583f981a288a3a69720c55d0accce44c1dc20b994a667,505267.250291,516573.44075,11306.190459000005,161587,25000000,,success,1,0,,,8573786
pilot_1790486476823,mint_N500_c3,0,2026-09-27T05:29:52.480Z,zkSyncTestnet,300,sepolia.era.zksync.dev,mint,500,3,570,0xb10e4d2884739eb9412adac4998aa7b82d90393240c455d6ccb75b5cc8644c63,514714.002208,516634.207583,1920.2053750000196,161587,25000000,,success,1,0,,,8573787
pilot_1790486476823,mint_N500_c3,0,2026-09-27T05:29:53.036Z,zkSyncTestnet,300,sepolia.era.zksync.dev,mint,500,3,571,0xb7b2fba72de3360d2b4911ef051991979727aa3b42b7c9fafc0997c07eaa466b,515287.436208,517190.24,1902.8037919999915,161581,25000000,,success,1,0,,,8573788
pilot_1790486476823,mint_N500_c3,0,2026-09-27T05:29:54.285Z,zkSyncTestnet,300,sepolia.era.zksync.dev,mint,500,3,572,0xa0b63cf5e8792c6eb30e6403514e6d95b568559a279cbc2a826eb7d34976d06f,516573.542166,518440.028041,1866.485875000013,161581,25000000,,success,1,0,,,8573789
pilot_1790486476823,mint_N500_c3,0,2026-09-27T05:29:54.504Z,zkSyncTestnet,300,sepolia.era.zksync.dev,mint,500,3,573,0x39e68c96283b31669af1da97205a4692141f4ca71c69d5f8ec7dd67fc3cca9c5,516634.269791,518658.61575,2024.3459589999984,161587,25000000,,success,1,0,,,8573790
pilot_1790486476823,mint_N500_c3,0,2026-09-27T05:29:55.049Z,zkSyncTestnet,300,sepolia.era.zksync.dev,mint,500,3,574,0xec95fa31fed104bfb29c59c527ccfa7b5fcf51a25b5768734e420d47bab1f3a3,517190.333041,519203.639166,2013.3061250000028,161587,25000000,,success,1,0,,,8573791
pilot_1790486476823,mint_N500_c3,0,2026-09-27T05:29:56.141Z,zkSyncTestnet,300,sepolia.era.zksync.dev,mint,500,3,575,0x804553e1df7f0302f421e370c98a928b9fcd476e9182fa442f93d563b5430f6d,518440.109833,520295.717791,1855.6079579999787,161587,25000000,,success,1,0,,,8573792
pilot_1790486476823,mint_N500_c3,0,2026-09-27T05:29:56.402Z,zkSyncTestnet,300,sepolia.era.zksync.dev,mint,500,3,576,0x7f75f7ecdaf6c14a33fd2fbf634d839adcf84c13c3ddca82d13986c421ff4f1b,518658.717083,520556.655541,1897.9384580000187,161587,25000000,,success,1,0,,,8573792
pilot_1790486476823,mint_N500_c3,0,2026-09-27T05:29:56.907Z,zkSyncTestnet,300,sepolia.era.zksync.dev,mint,500,3,577,0xfa7a8e026c53f0e819915ca84cfe3320c03941577615174dd7078435a768a95b,519203.726166,521061.537791,1857.811624999973,161581,25000000,,success,1,0,,,8573793
pilot_1790486476823,mint_N500_c3,0,2026-09-27T05:29:58.016Z,zkSyncTestnet,300,sepolia.era.zksync.dev,mint,500,3,578,0x4fa3bfda7893e0a44c2f675d524511f0a823ce6ab7f4e210579984bf7d927fd4,520295.779875,522171.097208,1875.3173330000136,161587,25000000,,success,1,0,,,8573794
pilot_1790486476823,mint_N500_c3,0,2026-09-27T05:29:58.292Z,zkSyncTestnet,300,sepolia.era.zksync.dev,mint,500,3,579,0xb986e9296d30d1ec61a6943bf75005d81269cf392080928ace0ee5cb6afc9090,520556.754916,522446.48875,1889.7338340000133,161587,25000000,,success,1,0,,,8573794
pilot_1790486476823,mint_N500_c3,0,2026-09-27T05:29:59.476Z,zkSyncTestnet,300,sepolia.era.zksync.dev,mint,500,3,580,0xbf3330f0ce95d21d4a4c8a07716533467a892ff06e08c9636bd80953caa85467,521061.631541,523630.302583,2568.6710420000018,161581,25000000,,success,1,0,,,8573795
pilot_1790486476823,mint_N500_c3,0,2026-09-27T05:29:59.856Z,zkSyncTestnet,300,sepolia.era.zksync.dev,mint,500,3,581,0x85d9926c1fcbe3305fdde62f9c4cf6b75e41e2dc1583f6ef30e26f87df3f03b4,522171.140583,524010.755,1839.6144170000334,161581,25000000,,success,1,0,,,8573796
pilot_1790486476823,mint_N500_c3,0,2026-09-27T05:30:00.260Z,zkSyncTestnet,300,sepolia.era.zksync.dev,mint,500,3,582,0xb60bfaab19a83614257ab9f9701fb38aff078879df1a8b13688d1350864c250b,522446.538416,524415.052791,1968.5143749999697,161581,25000000,,success,1,0,,,8573797
pilot_1790486476823,mint_N500_c3,0,2026-09-27T05:30:01.849Z,zkSyncTestnet,300,sepolia.era.zksync.dev,mint,500,3,584,0x606abbdb0b156f3c159589c0fde4800620f73bd536aad19c5f231ca710ff1915,524010.805458,526003.284291,1992.478833000001,161587,25000000,,success,1,0,,,8573798
pilot_1790486476823,mint_N500_c3,0,2026-09-27T05:30:01.859Z,zkSyncTestnet,300,sepolia.era.zksync.dev,mint,500,3,583,0xe2fefda7832956028c3dc38b595ec64ccc31d8ff1dd85d31edcdd82ff572bee2,523630.371875,526013.195291,2382.823415999941,161581,25000000,,success,1,0,,,8573798
pilot_1790486476823,mint_N500_c3,0,2026-09-27T05:30:02.343Z,zkSyncTestnet,300,sepolia.era.zksync.dev,mint,500,3,585,0x079a06d2399a5c5a7d24412a427b80a48eabbc19ec3a8d2f27f4d55f560241ee,524415.10975,526497.29225,2082.1825000001118,161581,25000000,,success,1,0,,,8573799
pilot_1790486476823,mint_N500_c3,0,2026-09-27T05:30:03.687Z,zkSyncTestnet,300,sepolia.era.zksync.dev,mint,500,3,586,0x3b8f38c8c4b3ae47711a9693acd0e981089c4d1ffaff76b2f0a940e9ffdf9f33,526003.423583,527841.596666,1838.1730830000015,161581,25000000,,success,1,0,,,8573800
pilot_1790486476823,mint_N500_c3,0,2026-09-27T05:30:04.235Z,zkSyncTestnet,300,sepolia.era.zksync.dev,mint,500,3,588,0xfaefcf688a5cf516d077b788d9ec47cf9957bbd3c250748cad9a930bfd3c9fd3,526497.404166,528389.104083,1891.69991700002,161581,25000000,,success,1,0,,,8573801
pilot_1790486476823,mint_N500_c3,0,2026-09-27T05:30:04.240Z,zkSyncTestnet,300,sepolia.era.zksync.dev,mint,500,3,587,0x032b3885ff954d96b4d38bd6cdf79181dc7e7ee731d784c21dfb49f1672770f1,526013.231583,528394.400958,2381.1693749999395,161587,25000000,,success,1,0,,,8573801
pilot_1790486476823,mint_N500_c3,0,2026-09-27T05:30:05.572Z,zkSyncTestnet,300,sepolia.era.zksync.dev,mint,500,3,589,0x020e773b11e09e693ee615003e72b8ec657130a5e41fa4946d22d785f9d5b17e,527841.67075,529726.762083,1885.0913329999894,161581,25000000,,success,1,0,,,8573802
pilot_1790486476823,mint_N500_c3,0,2026-09-27T05:30:06.149Z,zkSyncTestnet,300,sepolia.era.zksync.dev,mint,500,3,590,0xc984b9ea1269f75f0e05ce07b10d598d45f3588e1f04b440a01e0138020f66b8,528389.214416,530303.574208,1914.359792000032,161581,25000000,,success,1,0,,,8573803
pilot_1790486476823,mint_N500_c3,0,2026-09-27T05:30:07.373Z,zkSyncTestnet,300,sepolia.era.zksync.dev,mint,500,3,591,0x1f1be7a43ba82f26b38b867ae0caee88cdcb7de0b6f5d49169855fb25bb528e1,528394.435208,531528.006958,3133.571750000003,161581,25000000,,success,1,0,,,8573804
pilot_1790486476823,mint_N500_c3,0,2026-09-27T05:30:07.613Z,zkSyncTestnet,300,sepolia.era.zksync.dev,mint,500,3,592,0x42b222bb5cbf1167c139af3ff8b70987d2cf0913bc91b1fb5b7757e2b26403a5,529726.888125,531767.600166,2040.7120409999043,161587,25000000,,success,1,0,,,8573805
pilot_1790486476823,mint_N500_c3,0,2026-09-27T05:30:08.174Z,zkSyncTestnet,300,sepolia.era.zksync.dev,mint,500,3,593,0xc91227caa47c0d0d27c28d8f77239629c5c8c4192d0e06244c12fa63675a5a2d,530303.677375,532328.689166,2025.0117910000263,161587,25000000,,success,1,0,,,8573806
pilot_1790486476823,mint_N500_c3,0,2026-09-27T05:30:09.224Z,zkSyncTestnet,300,sepolia.era.zksync.dev,mint,500,3,594,0x1e09db0b51b4c18c5e8a7f4054488369e502d8f2c8ef8d794d4d1cb980e9ed7a,531528.046666,533378.812041,1850.765374999959,161581,25000000,,success,1,0,,,8573807
pilot_1790486476823,mint_N500_c3,0,2026-09-27T05:30:09.516Z,zkSyncTestnet,300,sepolia.era.zksync.dev,mint,500,3,595,0x92c8338ff3f2011035a1c2942a51f144b9fbdfe05f98ff7377ed37c8f98b5e25,531767.658083,533670.643208,1902.9851250000065,161581,25000000,,success,1,0,,,8573807
pilot_1790486476823,mint_N500_c3,0,2026-09-27T05:30:10.043Z,zkSyncTestnet,300,sepolia.era.zksync.dev,mint,500,3,596,0x6db670411138077c5ecbbaf7f2bb19f4873591b50143cd1cece7d197751e3478,532328.775375,534197.562583,1868.7872080000816,161581,25000000,,success,1,0,,,8573808
pilot_1790486476823,mint_N500_c3,0,2026-09-27T05:30:11.105Z,zkSyncTestnet,300,sepolia.era.zksync.dev,mint,500,3,597,0x334e1f2ae68b4e46ae766f191d35c5c0fce8a8f8607dab6dbc705d4495dc3e17,533378.854666,535259.443916,1880.5892499999609,161581,25000000,,success,1,0,,,8573809
pilot_1790486476823,mint_N500_c3,0,2026-09-27T05:30:11.340Z,zkSyncTestnet,300,sepolia.era.zksync.dev,mint,500,3,598,0x2f6f7e2d081627406e282fd0b9743c48089c49d2d94d58c4702a1adb26c8be21,533670.692875,535494.958375,1824.265500000096,161581,25000000,,success,1,0,,,8573809
pilot_1790486476823,mint_N500_c3,0,2026-09-27T05:30:12.067Z,zkSyncTestnet,300,sepolia.era.zksync.dev,mint,500,3,599,0x9a94b75b8a9ace82669b26f0cb04fbb079dff9e5fc290a4cdba71b0fa7fc3c62,534197.628958,536221.593625,2023.964666999993,161587,25000000,,success,1,0,,,8573810
pilot_1790486476823,mint_N500_c3,0,2026-09-27T05:30:12.942Z,zkSyncTestnet,300,sepolia.era.zksync.dev,mint,500,3,600,0xb943cfa68b4d02ae97207adb4a2b2bab5662d06414d03164992bf6d3482b0caa,535259.526416,537096.679541,1837.1531250000698,161587,25000000,,success,1,0,,,8573811
pilot_1790486476823,mint_N500_c3,0,2026-09-27T05:30:13.187Z,zkSyncTestnet,300,sepolia.era.zksync.dev,mint,500,3,601,0xcd631989feec99a4c42890c02592aafbc28495a479b78dbcad3fff1a0f55aa24,535495.050625,537341.988708,1846.9380830000155,161587,25000000,,success,1,0,,,8573811
pilot_1790486476823,mint_N500_c3,0,2026-09-27T05:30:13.999Z,zkSyncTestnet,300,sepolia.era.zksync.dev,mint,500,3,602,0x0edcf084e8d518128d79f9d0a3bed75bf21c7da032ca76ecaf418f518dede6aa,536221.678333,538153.746375,1932.0680419999408,161581,25000000,,success,1,0,,,8573812
pilot_1790486476823,mint_N500_c3,0,2026-09-27T05:30:14.945Z,zkSyncTestnet,300,sepolia.era.zksync.dev,mint,500,3,603,0x3ede22f62def453181539dcfef33cc40bfecc05b0588655fee2466d861a50357,537096.806083,539099.174166,2002.3680829999503,161587,25000000,,success,1,0,,,8573813
pilot_1790486476823,mint_N500_c3,0,2026-09-27T05:30:16.030Z,zkSyncTestnet,300,sepolia.era.zksync.dev,mint,500,3,605,0x4d84eecb8a1245c6648f2f996d58dc7a0a2c30355923e979c5e60e90a648356d,538153.843625,540184.342708,2030.4990830000024,161587,25000000,,success,1,0,,,8573814
pilot_1790486476823,mint_N500_c3,0,2026-09-27T05:30:16.271Z,zkSyncTestnet,300,sepolia.era.zksync.dev,mint,500,3,604,0x38845dae26d33f4815171740cafe2ea4142d6b112eb6100f5838f0047c4246da,537342.043166,540425.13325,3083.0900839999085,161587,25000000,,success,1,0,,,8573814
pilot_1790486476823,mint_N500_c3,0,2026-09-27T05:30:16.875Z,zkSyncTestnet,300,sepolia.era.zksync.dev,mint,500,3,606,0x63b9f03caeb6a1b56d9e0f19952d5fe8c5db7156e607e52a66aeac7313c3d286,539099.270125,541029.638916,1930.3687909999862,161587,25000000,,success,1,0,,,8573815
pilot_1790486476823,mint_N500_c3,0,2026-09-27T05:30:17.905Z,zkSyncTestnet,300,sepolia.era.zksync.dev,mint,500,3,607,0x136938cb2e67ac4afd4d59016db5203b507d21b7be12034aa83069dc535f3438,540184.42175,542059.5745,1875.1527500000084,161581,25000000,,success,1,0,,,8573816
pilot_1790486476823,mint_N500_c3,0,2026-09-27T05:30:18.107Z,zkSyncTestnet,300,sepolia.era.zksync.dev,mint,500,3,608,0x57304f172936cab3d5c8920140edefea1459acc2c3df48b51de3a4aee8565dde,540425.215708,542261.923,1836.7072919999482,161581,25000000,,success,1,0,,,8573816
pilot_1790486476823,mint_N500_c3,0,2026-09-27T05:30:18.751Z,zkSyncTestnet,300,sepolia.era.zksync.dev,mint,500,3,609,0x1b6e990c9db95ee317507a1fa05ce26e5e47ae9e0271fd9c4a4b5f9f49444465,541029.741125,542905.744958,1876.0038330000825,161587,25000000,,success,1,0,,,8573817
pilot_1790486476823,mint_N500_c3,0,2026-09-27T05:30:20.459Z,zkSyncTestnet,300,sepolia.era.zksync.dev,mint,500,3,610,0xa0b1f9cb7f2a1b5a4fcdbad1942c2226077fc72e5aa88f88b8cf94f638d92265,542059.753666,544613.096416,2553.342750000069,161581,25000000,,success,1,0,,,8573818
pilot_1790486476823,mint_N500_c3,0,2026-09-27T05:30:20.723Z,zkSyncTestnet,300,sepolia.era.zksync.dev,mint,500,3,612,0xf23010895cdfdcbc34bec2ec1a9556054c9bb376d3c6c77cee66ee2d7a0e69cf,542905.829166,544877.560083,1971.730916999979,161581,25000000,,success,1,0,,,8573819
pilot_1790486476823,mint_N500_c3,0,2026-09-27T05:30:21.235Z,zkSyncTestnet,300,sepolia.era.zksync.dev,mint,500,3,611,0x02886bdec253da3ec9d53ab758997e2118e8720b57f68ec96375a7af42164991,542262.000625,545390.008416,3128.007791000069,161581,25000000,,success,1,0,,,8573819
pilot_1790486476823,mint_N500_c3,0,2026-09-27T05:30:22.319Z,zkSyncTestnet,300,sepolia.era.zksync.dev,mint,500,3,613,0x3c198e4977071943221bad184b0d6a86ae9acba2662a817a263fe9b507a71e8d,544613.1955,546473.802041,1860.6065409999574,161581,25000000,,success,1,0,,,8573820
pilot_1790486476823,mint_N500_c3,0,2026-09-27T05:30:22.659Z,zkSyncTestnet,300,sepolia.era.zksync.dev,mint,500,3,614,0xcd075e0c2667826c6ff65f111bfe1cecf5a32c9b8110760e2b09ea11f06726e2,544877.646541,546813.151708,1935.5051669999957,161581,25000000,,success,1,0,,,8573821
pilot_1790486476823,mint_N500_c3,0,2026-09-27T05:30:23.084Z,zkSyncTestnet,300,sepolia.era.zksync.dev,mint,500,3,615,0x3c4ab81cc7aed4f186e389f3b29f3a7cedcb71cbf5f2356d804012fde94c90e0,545390.110625,547238.509666,1848.3990410000551,161581,25000000,,success,1,0,,,8573822
pilot_1790486476823,mint_N1000_c3,0,2026-09-27T05:30:25.248Z,zkSyncTestnet,300,sepolia.era.zksync.dev,mint,1000,3,616,0x786e8896a731cd74dd99ecf749b809794d398f27b9bb8c29a4b60fbf25118f77,547469.294458,549402.435916,1933.1414580000564,161581,25000000,,success,1,0,,,8573824
pilot_1790486476823,mint_N1000_c3,0,2026-09-27T05:30:26.751Z,zkSyncTestnet,300,sepolia.era.zksync.dev,mint,1000,3,617,0x4924ab907534b91df86d7052148176552478ce656ff3b96f32c786ce1965d71b,547471.269375,550905.976958,3434.707582999952,161581,25000000,,success,1,0,,,8573825
pilot_1790486476823,mint_N1000_c3,0,2026-09-27T05:30:26.984Z,zkSyncTestnet,300,sepolia.era.zksync.dev,mint,1000,3,618,0xbe7694c5f1288616b60f553161b4fa70b72638783f82872717abefc0769d5350,547472.827958,551138.861666,3666.0337079999736,161587,25000000,,success,1,0,,,8573825
pilot_1790486476823,mint_N1000_c3,0,2026-09-27T05:30:27.090Z,zkSyncTestnet,300,sepolia.era.zksync.dev,mint,1000,3,619,0x5217122f824018734c7ea2a97c535821199e6647f815f2e667ab7055600d71dd,549402.54475,551244.128458,1841.5837080000201,161587,25000000,,success,1,0,,,8573826
pilot_1790486476823,mint_N1000_c3,0,2026-09-27T05:30:28.710Z,zkSyncTestnet,300,sepolia.era.zksync.dev,mint,1000,3,620,0xf6d6d6bfacb24f056bc10fbcef3c81c5c71c5f94219ea38e0fad5da99980cce1,550906.069125,552864.2435,1958.1743749999441,161581,25000000,,success,1,0,,,8573827
pilot_1790486476823,mint_N1000_c3,0,2026-09-27T05:30:28.951Z,zkSyncTestnet,300,sepolia.era.zksync.dev,mint,1000,3,621,0xf0f18cf64da39492abe6073a0845fa3962703e460bdb8fa5392ed1427886ff4f,551138.952208,553105.567875,1966.6156669999473,161587,25000000,,success,1,0,,,8573828
pilot_1790486476823,mint_N1000_c3,0,2026-09-27T05:30:30.176Z,zkSyncTestnet,300,sepolia.era.zksync.dev,mint,1000,3,622,0xe944a8d5959ed935024eaadcd054eaf775880fbc047a5e1000479cf7359f72fb,551244.179291,554330.422125,3086.2428340000333,161587,25000000,,success,1,0,,,8573829
pilot_1790486476823,mint_N1000_c3,0,2026-09-27T05:30:30.711Z,zkSyncTestnet,300,sepolia.era.zksync.dev,mint,1000,3,623,0xb0350ccfcb1aaed0b970e96f2ef08f7a37b4f14b64aefa4a4e3cd463a239c6e8,552864.3385,554865.330708,2000.9922080000397,161581,25000000,,success,1,0,,,8573830
pilot_1790486476823,mint_N1000_c3,0,2026-09-27T05:30:32.076Z,zkSyncTestnet,300,sepolia.era.zksync.dev,mint,1000,3,625,0x0168b7fdccefbab5a6ca30ef32092a9b0ed7cfa2cfc050eb7ea1c8dd59b1e817,554330.522375,556230.557291,1900.0349160000915,161587,25000000,,success,1,0,,,8573832
pilot_1790486476823,mint_N1000_c3,0,2026-09-27T05:30:32.224Z,zkSyncTestnet,300,sepolia.era.zksync.dev,mint,1000,3,624,0x4f263d947f1b38af3f6c050a3e057d493f8ab5b9580772807799cbf1c15b5db7,553105.6525,556378.067,3272.4145000000717,161587,25000000,,success,1,0,,,8573831
pilot_1790486476823,mint_N1000_c3,0,2026-09-27T05:30:32.550Z,zkSyncTestnet,300,sepolia.era.zksync.dev,mint,1000,3,626,0x66e03132481a5a84d846dd69ea1360ff89cac97046c7ddf5e129c8a1a6287458,554865.444833,556704.315,1838.8701669999864,161581,25000000,,success,1,0,,,8573833
pilot_1790486476823,mint_N1000_c3,0,2026-09-27T05:30:34.090Z,zkSyncTestnet,300,sepolia.era.zksync.dev,mint,1000,3,627,0xaf251da42fa88d69a8c2c69bca05e6a22eb8d0615f08848a530bcb12ba4bc7b1,556230.661791,558244.221166,2013.5593749999534,161587,25000000,,success,1,0,,,8573834
pilot_1790486476823,mint_N1000_c3,0,2026-09-27T05:30:34.107Z,zkSyncTestnet,300,sepolia.era.zksync.dev,mint,1000,3,628,0x3e44f95e356f2ad132a17d1e55c2e527647bc669b2af881ee8b1bce4ea0f302e,556378.167541,558261.30075,1883.1332090001088,161581,25000000,,success,1,0,,,8573835
pilot_1790486476823,mint_N1000_c3,0,2026-09-27T05:30:34.386Z,zkSyncTestnet,300,sepolia.era.zksync.dev,mint,1000,3,629,0x877acfcaaec4de97af2766ea832ab251ad1d545d9c80be879e24f766c3c3827e,556704.367791,558540.063583,1835.6957919999259,161581,25000000,,success,1,0,,,8573835
pilot_1790486476823,mint_N1000_c3,0,2026-09-27T05:30:35.998Z,zkSyncTestnet,300,sepolia.era.zksync.dev,mint,1000,3,630,0xf86eb51e5c4c7ebd78d9d60e0110e31b243ba0b3ecb54b188381c03ab9bde976,558244.292875,560152.74025,1908.4473749999888,161581,25000000,,success,1,0,,,8573837
pilot_1790486476823,mint_N1000_c3,0,2026-09-27T05:30:36.021Z,zkSyncTestnet,300,sepolia.era.zksync.dev,mint,1000,3,631,0xc39b7206bbe1c0bf3e257b0c101c6bd94c57fd18ae0a167bcf876b9d8a4348bb,558261.365416,560175.424,1914.058583999984,161587,25000000,,success,1,0,,,8573838
pilot_1790486476823,mint_N1000_c3,0,2026-09-27T05:30:36.263Z,zkSyncTestnet,300,sepolia.era.zksync.dev,mint,1000,3,632,0x4fb923526e3297bad00ffc9e7d1b2adbb3d61ce09df574a02a4433e77ce3bc65,558540.171333,560417.588708,1877.4173750000773,161587,25000000,,success,1,0,,,8573838
pilot_1790486476823,mint_N1000_c3,0,2026-09-27T05:30:37.850Z,zkSyncTestnet,300,sepolia.era.zksync.dev,mint,1000,3,633,0xb90ea5781caa4403bf851c1fc293d3dd23864341ee9c9c1dc9390e17f4db9d49,560152.843291,562004.929,1852.0857090000063,161581,25000000,,success,1,0,,,8573839
pilot_1790486476823,mint_N1000_c3,0,2026-09-27T05:30:37.888Z,zkSyncTestnet,300,sepolia.era.zksync.dev,mint,1000,3,634,0x587deb6ccf6fd8cd400994b9ce91737ed406a29eea4290fe31c378a27b1bd403,560175.469833,562042.494166,1867.0243330000667,161581,25000000,,success,1,0,,,8573840
pilot_1790486476823,mint_N1000_c3,0,2026-09-27T05:30:38.124Z,zkSyncTestnet,300,sepolia.era.zksync.dev,mint,1000,3,635,0xaa1b40748f706318f8b5547793c44a810cd523b30e7765a1b228f67d15ac5930,560417.633,562278.539375,1860.9063750000205,161581,25000000,,success,1,0,,,8573840
pilot_1790486476823,mint_N1000_c3,0,2026-09-27T05:30:39.864Z,zkSyncTestnet,300,sepolia.era.zksync.dev,mint,1000,3,636,0xe6043da8357fc83e21c2897a566c9aa6e00a4e61ebc6e1fe519d06e9b7403166,562005.044708,564018.024416,2012.9797079999698,161581,25000000,,success,1,0,,,8573841
pilot_1790486476823,mint_N1000_c3,0,2026-09-27T05:30:39.869Z,zkSyncTestnet,300,sepolia.era.zksync.dev,mint,1000,3,637,0xd8bc8990c5044c1a8fef62696618866304772d1f0db503bf5c5d893640432a27,562042.533666,564023.993,1981.4593340000138,161581,25000000,,success,1,0,,,8573842
pilot_1790486476823,mint_N1000_c3,0,2026-09-27T05:30:39.997Z,zkSyncTestnet,300,sepolia.era.zksync.dev,mint,1000,3,638,0x81d50063a179e6a62e23e0450ae4ed722efb317d4e271c82e05c718634524e73,562278.628916,564151.685625,1873.0567090000259,161587,25000000,,success,1,0,,,8573842
pilot_1790486476823,mint_N1000_c3,0,2026-09-27T05:30:41.667Z,zkSyncTestnet,300,sepolia.era.zksync.dev,mint,1000,3,640,0x42efbeed4e563e460d91d31e70ffedaee4cf624a6fa9608dc9d2efee775a1589,564024.015166,565821.64825,1797.6330839999719,161581,25000000,,success,1,0,,,8573844
pilot_1790486476823,mint_N1000_c3,0,2026-09-27T05:30:41.728Z,zkSyncTestnet,300,sepolia.era.zksync.dev,mint,1000,3,639,0xac73799ad273aea5a99738b4ee4f8ad17e29bef6353fb4e3fd2912bbe73f48df,564018.120708,565882.818083,1864.6973749999888,161581,25000000,,success,1,0,,,8573843
pilot_1790486476823,mint_N1000_c3,0,2026-09-27T05:30:41.958Z,zkSyncTestnet,300,sepolia.era.zksync.dev,mint,1000,3,641,0x87a094a456d9358110d5e5ef2587c0f75f0595f5907592b20f4372c9e0c0c9e5,564151.782833,566112.113125,1960.330292000086,161587,25000000,,success,1,0,,,8573844
pilot_1790486476823,mint_N1000_c3,0,2026-09-27T05:30:43.589Z,zkSyncTestnet,300,sepolia.era.zksync.dev,mint,1000,3,642,0xb95de8f98f266df10398a34f0bef16de4a83f0eafd1bd6f925253fcbf59a0bb0,565821.7505,567743.629625,1921.8791249999776,161581,25000000,,success,1,0,,,8573845
pilot_1790486476823,mint_N1000_c3,0,2026-09-27T05:30:43.628Z,zkSyncTestnet,300,sepolia.era.zksync.dev,mint,1000,3,643,0x76c9115d7b92ca6ffd8a1d4221b8046a83944e5cd50252a931a9b3359fa24425,565882.882125,567782.411333,1899.5292080000509,161587,25000000,,success,1,0,,,8573846
pilot_1790486476823,mint_N1000_c3,0,2026-09-27T05:30:43.838Z,zkSyncTestnet,300,sepolia.era.zksync.dev,mint,1000,3,644,0x0f63bfcf1499858ccfba08c18d37c20e7b5e6e2c4c3f4dc55b55c406cfaa9fbe,566112.166583,567992.133041,1879.9664580000099,161581,25000000,,success,1,0,,,8573846
pilot_1790486476823,mint_N1000_c3,0,2026-09-27T05:30:45.421Z,zkSyncTestnet,300,sepolia.era.zksync.dev,mint,1000,3,645,0xda86c4147d578ca95473be34cdfdb5f40ef5e58557d5fad3de7727f2971d695f,567743.762333,569575.65725,1831.8949170000851,161587,25000000,,success,1,0,,,8573847
pilot_1790486476823,mint_N1000_c3,0,2026-09-27T05:30:45.643Z,zkSyncTestnet,300,sepolia.era.zksync.dev,mint,1000,3,646,0x9134e358af562467757fbd381b1deb94f7ab85351f0a92575d39b746af30e50f,567782.553916,569797.876625,2015.3227090000873,161581,25000000,,success,1,0,,,8573848
pilot_1790486476823,mint_N1000_c3,0,2026-09-27T05:30:46.931Z,zkSyncTestnet,300,sepolia.era.zksync.dev,mint,1000,3,647,0xd3971b4dd391885a3c1157f1f35c333213a38bb88d697460c111eb78205251ef,567992.213916,571085.6025,3093.3885840000585,161587,25000000,,success,1,0,,,8573849
pilot_1790486476823,mint_N1000_c3,0,2026-09-27T05:30:47.319Z,zkSyncTestnet,300,sepolia.era.zksync.dev,mint,1000,3,648,0x6967bf20375918ed25404c45e92c7948fee4dea11092ec9c1fa15ab96c5f7f96,569575.712583,571473.559333,1897.846750000026,161587,25000000,,success,1,0,,,8573850
pilot_1790486476823,mint_N1000_c3,0,2026-09-27T05:30:47.522Z,zkSyncTestnet,300,sepolia.era.zksync.dev,mint,1000,3,649,0x0ab0ef02f728e9ffde93346f18bd6a8a3bb6e5aa06dbab339980a76843fe8b7d,569797.985208,571676.125375,1878.1401669998886,161468,25000000,,success,1,0,,,8573851
pilot_1790486476823,mint_N1000_c3,0,2026-09-27T05:30:48.906Z,zkSyncTestnet,300,sepolia.era.zksync.dev,mint,1000,3,650,0x36240e6ce802b3f15d3239cfd00e4674dc0a037e417be732e194ab3a35f4c2d5,571085.705375,573060.08225,1974.376874999958,161581,25000000,,success,1,0,,,8573852
pilot_1790486476823,mint_N1000_c3,0,2026-09-27T05:30:49.336Z,zkSyncTestnet,300,sepolia.era.zksync.dev,mint,1000,3,651,0xd47745a414bd614c97487f17bf4df5ef08311539734316ef2d2e36bd8ba19f82,571473.65375,573490.462958,2016.8092079999624,161587,25000000,,success,1,0,,,8573853
pilot_1790486476823,mint_N1000_c3,0,2026-09-27T05:30:50.591Z,zkSyncTestnet,300,sepolia.era.zksync.dev,mint,1000,3,652,0xa6e62ce3781048cb6347a952f1c67fd1e8dd67f2155be384046363f4d54e3929,571676.196666,574745.14725,3068.950584000093,161587,25000000,,success,1,0,,,8573854
pilot_1790486476823,mint_N1000_c3,0,2026-09-27T05:30:50.869Z,zkSyncTestnet,300,sepolia.era.zksync.dev,mint,1000,3,653,0x5ccf9ca7bafa5497652768d8ddeef8ff0b9f8fa0e6dc5941bd6cae606b9740db,573060.176916,575023.644125,1963.467209000024,161581,25000000,,success,1,0,,,8573855
pilot_1790486476823,mint_N1000_c3,0,2026-09-27T05:30:51.243Z,zkSyncTestnet,300,sepolia.era.zksync.dev,mint,1000,3,654,0xb5bbdfcaed92534b2e332f9ab31fd657fe26bc7976ef2a1c14e6ac229e6865c2,573490.562083,575397.331708,1906.7696250000736,161581,25000000,,success,1,0,,,8573856
pilot_1790486476823,mint_N1000_c3,0,2026-09-27T05:30:52.459Z,zkSyncTestnet,300,sepolia.era.zksync.dev,mint,1000,3,655,0x930b236a900f5520791e6056096ec93f327bb975223162e4819b98ddaf267e21,574745.24325,576613.059791,1867.81654099992,161587,25000000,,success,1,0,,,8573857
pilot_1790486476823,mint_N1000_c3,0,2026-09-27T05:30:52.702Z,zkSyncTestnet,300,sepolia.era.zksync.dev,mint,1000,3,656,0x91c5ede6d22a6bcce2add94d8cc383ddc69519a121303b2240c8a455a81ea512,575023.748416,576856.372375,1832.6239589999896,161587,25000000,,success,1,0,,,8573858
pilot_1790486476823,mint_N1000_c3,0,2026-09-27T05:30:53.247Z,zkSyncTestnet,300,sepolia.era.zksync.dev,mint,1000,3,657,0x99968f0b38cca2799e573d1a73ce7fca51dcc5b019c3c0590011e64f0884c992,575397.439541,577401.706708,2004.2671669999836,161587,25000000,,success,1,0,,,8573859
pilot_1790486476823,mint_N1000_c3,0,2026-09-27T05:30:54.323Z,zkSyncTestnet,300,sepolia.era.zksync.dev,mint,1000,3,658,0x6e75df9aeb97dca339cf0cac43f4d48bd33e400a9252161bd97209f640d5e605,576613.141541,578477.30325,1864.1617090000072,161581,25000000,,success,1,0,,,8573860
pilot_1790486476823,mint_N1000_c3,0,2026-09-27T05:30:54.643Z,zkSyncTestnet,300,sepolia.era.zksync.dev,mint,1000,3,659,0xe4dc35e7ff595d153bb87bffc67d3cc85b8091182f2f93a7ff2026ee51d60a70,576856.489541,578797.512666,1941.0231250000652,161587,25000000,,success,1,0,,,8573860
pilot_1790486476823,mint_N1000_c3,0,2026-09-27T05:30:55.129Z,zkSyncTestnet,300,sepolia.era.zksync.dev,mint,1000,3,660,0x548f929fd8e81bfc6c537e1e12ec2dafea68652ace913c2b23507c858adb9ba4,577401.759041,579283.460083,1881.7010419999715,161581,25000000,,success,1,0,,,8573861
pilot_1790486476823,mint_N1000_c3,0,2026-09-27T05:30:56.635Z,zkSyncTestnet,300,sepolia.era.zksync.dev,mint,1000,3,662,0x83e055fd35eb0a47970a4730c5f0b11c9cfc192d1501bd324aeefccc0bd2ed35,578797.632125,580789.413708,1991.7815829999745,161581,25000000,,success,1,0,,,8573862
pilot_1790486476823,mint_N1000_c3,0,2026-09-27T05:30:56.641Z,zkSyncTestnet,300,sepolia.era.zksync.dev,mint,1000,3,661,0x35be68e8f017f711854e379eb5de0989f7e13e427e46f2dddb092998b7ff0939,578477.377291,580795.010541,2317.6332500000717,161587,25000000,,success,1,0,,,8573862
pilot_1790486476823,mint_N1000_c3,0,2026-09-27T05:30:57.009Z,zkSyncTestnet,300,sepolia.era.zksync.dev,mint,1000,3,663,0xc025586bb4391aaa5572c41c7014dc772557269c8b5fbe29256167ceb161acd8,579283.564458,581163.589458,1880.0250000000233,161587,25000000,,success,1,0,,,8573863
pilot_1790486476823,mint_N1000_c3,0,2026-09-27T05:30:59.259Z,zkSyncTestnet,300,sepolia.era.zksync.dev,mint,1000,3,664,0x67878a75beda2092b356cf39285b72ac4f0ae3e07bfbc3f840635829c12e09a8,580789.517666,583413.871625,2624.353958999971,161581,25000000,,success,1,0,,,8573866
pilot_1790486476823,mint_N1000_c3,0,2026-09-27T05:31:00.004Z,zkSyncTestnet,300,sepolia.era.zksync.dev,mint,1000,3,666,0xa630b0d5f884ee5b2502aef1349ca614fbf00e922118e32be0d8a6f4e58db414,581163.696125,584158.457416,2994.7612909999443,161587,25000000,,success,1,0,,,8573867
pilot_1790486476823,mint_N1000_c3,0,2026-09-27T05:31:00.834Z,zkSyncTestnet,300,sepolia.era.zksync.dev,mint,1000,3,665,0x287a1ddbf21240d179b7f090a2829ad71b2db59733ce036f36be0f7109e1a7cb,580795.032833,584988.420083,4193.387250000029,161587,25000000,,success,1,0,,,8573867
pilot_1790486476823,mint_N1000_c3,0,2026-09-27T05:31:01.125Z,zkSyncTestnet,300,sepolia.era.zksync.dev,mint,1000,3,667,0x819fd0e0a89ca24999516cab5cc36558eca9281379b128cebdc0eabf9370b74d,583413.989,585279.412166,1865.4231660000514,161587,25000000,,success,1,0,,,8573868
pilot_1790486476823,mint_N1000_c3,0,2026-09-27T05:31:01.931Z,zkSyncTestnet,300,sepolia.era.zksync.dev,mint,1000,3,668,0x1ff55ed968a33ae44e81c063b5361028555ff741ae28dc41c9f704fbfa8ae90a,584158.551416,586085.615,1927.0635839999886,161581,25000000,,success,1,0,,,8573870
pilot_1790486476823,mint_N1000_c3,0,2026-09-27T05:31:02.930Z,zkSyncTestnet,300,sepolia.era.zksync.dev,mint,1000,3,669,0x06f6f51b33a0a0ef73e45efa8037505b793f4fc673d0ea34bd83a923f3e913e6,584988.526875,587084.582583,2096.0557079999708,161581,25000000,,success,1,0,,,8573871
pilot_1790486476823,mint_N1000_c3,0,2026-09-27T05:31:03.033Z,zkSyncTestnet,300,sepolia.era.zksync.dev,mint,1000,3,670,0x8a449d08d0b6dfa1d8f5d071c20aed1709fc1caab70ac3f53c88a5c6ec324ac4,585279.510958,587187.682416,1908.1714580000844,161581,25000000,,success,1,0,,,8573872
pilot_1790486476823,mint_N1000_c3,0,2026-09-27T05:31:03.822Z,zkSyncTestnet,300,sepolia.era.zksync.dev,mint,1000,3,671,0x1b6749fa77992dab89959a7cbf9f3cc0a600ac996517632158daf778c90bc5e0,586085.726041,587976.725125,1890.99908400001,161581,25000000,,success,1,0,,,8573874
pilot_1790486476823,mint_N1000_c3,0,2026-09-27T05:31:04.827Z,zkSyncTestnet,300,sepolia.era.zksync.dev,mint,1000,3,672,0xac27e0afc3aeb781c2149b0b0051da33035886b5c365065e9ebdf7617a103a67,587084.684916,588981.037125,1896.3522090000333,161581,25000000,,success,1,0,,,8573876
pilot_1790486476823,mint_N1000_c3,0,2026-09-27T05:31:05.038Z,zkSyncTestnet,300,sepolia.era.zksync.dev,mint,1000,3,673,0x0c98d2832c8fb347790fafbab7a56ba8c059c592abc33c9376aadb4973fc26f1,587187.755583,589192.458375,2004.7027920000255,161587,25000000,,success,1,0,,,8573877
pilot_1790486476823,mint_N1000_c3,0,2026-09-27T05:31:06.599Z,zkSyncTestnet,300,sepolia.era.zksync.dev,mint,1000,3,674,0x06d8799b256119fc291d7f07ece654e004eb6325fd9b921d9bc8db6dc2a2964a,587976.824541,590753.17825,2776.3537090000464,161581,25000000,,success,1,0,,,8573879
pilot_1790486476823,mint_N1000_c3,0,2026-09-27T05:31:06.865Z,zkSyncTestnet,300,sepolia.era.zksync.dev,mint,1000,3,675,0xadb808044ed23c7e73736c11c669e8aca9a89d3e83f9f7468819ecafe2c4d7bb,588981.1255,591019.387208,2038.2617079999764,161587,25000000,,success,1,0,,,8573879
pilot_1790486476823,mint_N1000_c3,0,2026-09-27T05:31:09.055Z,zkSyncTestnet,300,sepolia.era.zksync.dev,mint,1000,3,676,0x70dddb1f5d66f9c1515613b3d8dfb87e84ebd3772390dac4fab60f947d841add,589192.546708,593209.039625,4016.492916999967,161581,25000000,,success,1,0,,,8573880
pilot_1790486476823,mint_N1000_c3,0,2026-09-27T05:31:10.359Z,zkSyncTestnet,300,sepolia.era.zksync.dev,mint,1000,3,677,0xa271aa3c6e94ed83f28309fe4202ed0232e0d2ce2f13b64f89cb12dc0eaafd9e,590753.288208,594513.232333,3759.944125000038,161581,25000000,,success,1,0,,,8573883
pilot_1790486476823,mint_N1000_c3,0,2026-09-27T05:31:10.658Z,zkSyncTestnet,300,sepolia.era.zksync.dev,mint,1000,3,678,0x60b8fd3e0edbb046b8702bf092521dc45a422c042f053f5df4a4836c48a44e26,591019.436625,594812.042916,3792.606291000033,161587,25000000,,success,1,0,,,8573883
pilot_1790486476823,mint_N1000_c3,0,2026-09-27T05:31:12.116Z,zkSyncTestnet,300,sepolia.era.zksync.dev,mint,1000,3,679,0x12160c5bb9f90b03eac99f4e3268d840f735ecf01dda15050d9cece62e2b14b2,593209.110666,596270.833208,3061.722542000003,161587,25000000,,success,1,0,,,8573884
pilot_1790486476823,mint_N1000_c3,0,2026-09-27T05:31:13.413Z,zkSyncTestnet,300,sepolia.era.zksync.dev,mint,1000,3,681,0x8b23cbf8bc2e877732142bd8fd3582613b330de73230b31c3a60daeb25699fe9,594812.152833,597567.375625,2755.222792000044,161587,25000000,,success,1,0,,,8573886
pilot_1790486476823,mint_N1000_c3,0,2026-09-27T05:31:13.419Z,zkSyncTestnet,300,sepolia.era.zksync.dev,mint,1000,3,680,0xe1894c35b1bdfa617f0c159cfeacd1a13d68cdf08965452592d760b9abe69647,594513.330333,597573.50275,3060.172416999936,161587,25000000,,success,1,0,,,8573885
pilot_1790486476823,mint_N1000_c3,0,2026-09-27T05:31:14.075Z,zkSyncTestnet,300,sepolia.era.zksync.dev,mint,1000,3,682,0x0c388794332a7899f30258cabd7f662c710e50b3f79fb41dfbd5bd6424021c8e,596270.885666,598229.901625,1959.0159590000985,161581,25000000,,success,1,0,,,8573887
pilot_1790486476823,mint_N1000_c3,0,2026-09-27T05:31:15.318Z,zkSyncTestnet,300,sepolia.era.zksync.dev,mint,1000,3,683,0x8dfe711316b208fc6a752d92dfc44ffb687b121a2e5377b804c4ade2ac3b92d0,597567.474875,599472.33525,1904.8603750000475,161581,25000000,,success,1,0,,,8573888
pilot_1790486476823,mint_N1000_c3,0,2026-09-27T05:31:16.561Z,zkSyncTestnet,300,sepolia.era.zksync.dev,mint,1000,3,684,0xc1f86e42e7c4f727f3ddd5b068beac5f2c6c5be1d3ba769ff1a70ab5cc4431e7,597573.532083,600715.227083,3141.694999999949,161581,25000000,,success,1,0,,,8573889
pilot_1790486476823,mint_N1000_c3,0,2026-09-27T05:31:17.605Z,zkSyncTestnet,300,sepolia.era.zksync.dev,mint,1000,3,686,0xa41a43489149f23130cc01c3db9fd43230f75e7b5795354475ffec3e108145f8,599472.435958,601759.163291,2286.72733299993,161587,25000000,,success,1,0,,,8573891
pilot_1790486476823,mint_N1000_c3,0,2026-09-27T05:31:17.610Z,zkSyncTestnet,300,sepolia.era.zksync.dev,mint,1000,3,685,0x54542c6e3ec2e3aec84d4e1690683270bcc8a0e42216e15cb922b74792e34ee4,598230.025166,601763.929541,3533.904375000042,161587,25000000,,success,1,0,,,8573890
pilot_1790486476823,mint_N1000_c3,0,2026-09-27T05:31:19.334Z,zkSyncTestnet,300,sepolia.era.zksync.dev,mint,1000,3,687,0x349599fe77bdaa5cb3963bd1650a58b94f5f5deea91659512ac4aba191ecb743,600715.328,603488.7835,2773.45550000004,161587,25000000,,success,1,0,,,8573892
pilot_1790486476823,mint_N1000_c3,0,2026-09-27T05:31:21.314Z,zkSyncTestnet,300,sepolia.era.zksync.dev,mint,1000,3,689,0xaac5ca2e5c3035cc933f6e8201d0589809e0e2ffce103e6d4c57c61180096cfa,601763.954166,605468.054,3704.0998339999933,161587,25000000,,success,1,0,,,8573894
pilot_1790486476823,mint_N1000_c3,0,2026-09-27T05:31:21.570Z,zkSyncTestnet,300,sepolia.era.zksync.dev,mint,1000,3,688,0xd2f7978dd7d355fab1b552f8bff9a962af2a09997137897636a471c2824fc924,601759.234416,605724.188,3964.9535840000026,161581,25000000,,success,1,0,,,8573894
pilot_1790486476823,mint_N1000_c3,0,2026-09-27T05:31:21.798Z,zkSyncTestnet,300,sepolia.era.zksync.dev,mint,1000,3,690,0x2a5b212386c890fe8a8d53aa410688b392d0d0dbd8955ef8d68802350a91ea24,603488.876125,605952.009875,2463.1337500000373,161581,25000000,,success,1,0,,,8573895
pilot_1790486476823,mint_N1000_c3,0,2026-09-27T05:31:24.268Z,zkSyncTestnet,300,sepolia.era.zksync.dev,mint,1000,3,691,0x107caf9c48463bf3a8eb7dc8d02e04ac49ad1127d2de7d80c98a15b48821c212,605468.162083,608422.282041,2954.119958000025,161587,25000000,,success,1,0,,,8573896
pilot_1790486476823,mint_N1000_c3,0,2026-09-27T05:31:26.000Z,zkSyncTestnet,300,sepolia.era.zksync.dev,mint,1000,3,693,0xb17c04e46ed2679e76c56be56480fe77eed6efc6f83b602a08cae1b844313dea,605952.062833,610154.269958,4202.207125000074,161587,25000000,,success,1,0,,,8573897
pilot_1790486476823,mint_N1000_c3,0,2026-09-27T05:31:26.055Z,zkSyncTestnet,300,sepolia.era.zksync.dev,mint,1000,3,692,0x030b68ae59f7512ae8701d071063e29742c4dd917d70394770e944b5f1ad540f,605724.272541,610209.590291,4485.317749999929,161587,25000000,,success,1,0,,,8573897
pilot_1790486476823,mint_N1000_c3,0,2026-09-27T05:31:29.004Z,zkSyncTestnet,300,sepolia.era.zksync.dev,mint,1000,3,694,0xac14464009531985f701690bf8b3e6c6ae1edd4b53d9a06380cfae71231fe7c2,608422.406083,613158.356916,4735.95083300001,161581,25000000,,success,1,0,,,8573898
pilot_1790486476823,mint_N1000_c3,0,2026-09-27T05:31:29.502Z,zkSyncTestnet,300,sepolia.era.zksync.dev,mint,1000,3,695,0x15508e017de75a38e13f6f5b601551eb441b92cde0312d7020299675c5ece63c,610154.369083,613655.877333,3501.5082499999553,161587,25000000,,success,1,0,,,8573899
pilot_1790486476823,mint_N1000_c3,0,2026-09-27T05:31:30.474Z,zkSyncTestnet,300,sepolia.era.zksync.dev,mint,1000,3,696,0xf9e544757b8a291b9fa97236c02fca2b003dfc416d43583027dc3fec752457ca,610209.649125,614628.780125,4419.131000000052,161581,25000000,,success,1,0,,,8573900
pilot_1790486476823,mint_N1000_c3,0,2026-09-27T05:31:32.977Z,zkSyncTestnet,300,sepolia.era.zksync.dev,mint,1000,3,698,0x7b5b53201f99dbe8cb083fc61678c9fd6eee77be4f5c1ef37111ceb6321a1316,613655.995958,617131.153,3475.1570420000935,161581,25000000,,success,1,0,,,8573903
pilot_1790486476823,mint_N1000_c3,0,2026-09-27T05:31:33.115Z,zkSyncTestnet,300,sepolia.era.zksync.dev,mint,1000,3,697,0xa157fc962eb4064bc53b959262f090d9f1d47f8c36917d2bc8a0c311c8b9b5ba,613158.451333,617269.620208,4111.168874999974,161581,25000000,,success,1,0,,,8573903
pilot_1790486476823,mint_N1000_c3,0,2026-09-27T05:31:33.335Z,zkSyncTestnet,300,sepolia.era.zksync.dev,mint,1000,3,699,0x5809e64f000ba6beb64110ba07a42869fba7414713de289bb8b735a161c05eea,614628.865416,617488.963291,2860.0978749999776,161587,25000000,,success,1,0,,,8573903
pilot_1790486476823,mint_N1000_c3,0,2026-09-27T05:31:38.585Z,zkSyncTestnet,300,sepolia.era.zksync.dev,mint,1000,3,700,0x0fef150609ba452bbdb4315fc15b0e9099270467d6498ed3b4937bd815ec7ec9,617131.275375,622739.20275,5607.927375000087,161581,25000000,,success,1,0,,,8573905
pilot_1790486476823,mint_N1000_c3,0,2026-09-27T05:31:38.832Z,zkSyncTestnet,300,sepolia.era.zksync.dev,mint,1000,3,701,0x9f730df8f4d01e5ac4b1a47bad8294313d3bd56fca4c3c40eaa5c53f6c6e7978,617269.698291,622985.978,5716.279709000024,161587,25000000,,success,1,0,,,8573905
pilot_1790486476823,mint_N1000_c3,0,2026-09-27T05:31:38.872Z,zkSyncTestnet,300,sepolia.era.zksync.dev,mint,1000,3,702,0xf60ee992735cbf19748fcbfe70542e7fbc5bd85a6b3bfdb081edd50025a16308,617489.037208,623026.524916,5537.487708000001,161581,25000000,,success,1,0,,,8573905
pilot_1790486476823,mint_N1000_c3,0,2026-09-27T05:31:43.296Z,zkSyncTestnet,300,sepolia.era.zksync.dev,mint,1000,3,703,0x4bca12efb8312cce0575f65f9261d9bbbe6bfe67de7b100694a9cf5a6d8767fe,622739.310833,627450.066083,4710.755250000046,161587,25000000,,success,1,0,,,8573906
pilot_1790486476823,mint_N1000_c3,0,2026-09-27T05:31:44.570Z,zkSyncTestnet,300,sepolia.era.zksync.dev,mint,1000,3,704,0x32476b813d791a59e1414c09a2b2907f3be6071399ef1f30f78beb1855beb420,622986.075041,628723.930333,5737.855291999993,161587,25000000,,success,1,0,,,8573907
pilot_1790486476823,mint_N1000_c3,0,2026-09-27T05:31:45.753Z,zkSyncTestnet,300,sepolia.era.zksync.dev,mint,1000,3,705,0x666208333bca382824ab737ee13fab4b6044cbaf88a38522657da65feb34c7a6,623026.582416,629906.86675,6880.284334000084,161587,25000000,,success,1,0,,,8573907
pilot_1790486476823,mint_N1000_c3,0,2026-09-27T05:31:46.047Z,zkSyncTestnet,300,sepolia.era.zksync.dev,mint,1000,3,706,0xead286c7f92d75472336397f473e2f2179880f62b92ef8d11b369baacdf4dfb0,627450.163458,630201.753458,2751.5899999999674,161581,25000000,,success,1,0,,,8573909
pilot_1790486476823,mint_N1000_c3,0,2026-09-27T05:31:47.208Z,zkSyncTestnet,300,sepolia.era.zksync.dev,mint,1000,3,707,0x79bd199cd832afe6a12cb0a476f62e94b380df346f828a046bf34040cde6c6c7,628724.028083,631362.637208,2638.609124999959,161587,25000000,,success,1,0,,,8573910
pilot_1790486476823,mint_N1000_c3,0,2026-09-27T05:31:47.662Z,zkSyncTestnet,300,sepolia.era.zksync.dev,mint,1000,3,708,0xc9f8349730a98b5365acd99f624eecbec287e4bc983cd356cfede7f4e9111a87,629906.976083,631816.111125,1909.1350420000963,161587,25000000,,success,1,0,,,8573911
pilot_1790486476823,mint_N1000_c3,0,2026-09-27T05:31:48.015Z,zkSyncTestnet,300,sepolia.era.zksync.dev,mint,1000,3,709,0x597ec9ee645d205bcccf89a84bfdb0cae0d74d0c43042c2eb8bb4a5bfcae4298,630201.840041,632169.297833,1967.4577919999138,161581,25000000,,success,1,0,,,8573912
pilot_1790486476823,mint_N1000_c3,0,2026-09-27T05:31:50.162Z,zkSyncTestnet,300,sepolia.era.zksync.dev,mint,1000,3,710,0xfcf81c50771ceb33d8c651f177d7451f2eaf0b31dbd145f6ef583b6220434138,631362.733541,634316.294625,2953.561083999928,161587,25000000,,success,1,0,,,8573913
pilot_1790486476823,mint_N1000_c3,0,2026-09-27T05:31:50.450Z,zkSyncTestnet,300,sepolia.era.zksync.dev,mint,1000,3,711,0xa40e614958fa04ddd5e9c1e581cdb3bac34ea285b9525fd9f8e5d9a2d40ccf8b,631816.208166,634604.2425,2788.0343340000836,161587,25000000,,success,1,0,,,8573913
pilot_1790486476823,mint_N1000_c3,0,2026-09-27T05:31:50.715Z,zkSyncTestnet,300,sepolia.era.zksync.dev,mint,1000,3,712,0xf41b2e752c22149c82d7dcaf9bead543f00fb53423c4b6c8c28433b2e47e677a,632169.385,634869.423208,2700.0382080000127,161581,25000000,,success,1,0,,,8573914
pilot_1790486476823,mint_N1000_c3,0,2026-09-27T05:31:53.110Z,zkSyncTestnet,300,sepolia.era.zksync.dev,mint,1000,3,713,0x004f492498cbc66c403afabf0ec392accda6102950be2bd0cf357b43a4457e47,634316.395583,637264.097375,2947.701791999978,161587,25000000,,success,1,0,,,8573915
pilot_1790486476823,mint_N1000_c3,0,2026-09-27T05:31:53.569Z,zkSyncTestnet,300,sepolia.era.zksync.dev,mint,1000,3,714,0xa0ad2e29483be460ecf33d9eac602bb8ad7e909efe9a166d29d78d486389bcd1,634604.33575,637723.663375,3119.3276250000345,161462,25000000,,success,1,0,,,8573916
pilot_1790486476823,mint_N1000_c3,0,2026-09-27T05:31:56.237Z,zkSyncTestnet,300,sepolia.era.zksync.dev,mint,1000,3,715,0xddabaea4effeb8545f09f7f1c181bdf94148ec147b01feec8e59e1222c6a58f5,634869.514583,640391.720333,5522.205749999965,161587,25000000,,success,1,0,,,8573916
pilot_1790486476823,mint_N1000_c3,0,2026-09-27T05:31:57.773Z,zkSyncTestnet,300,sepolia.era.zksync.dev,mint,1000,3,716,0x4c2474f47d74b9f912862ab1700f3294450ed5ca641b0d60faf289a40337f1f7,637264.198,641927.681583,4663.483583000023,161587,25000000,,success,1,0,,,8573918
pilot_1790486476823,mint_N1000_c3,0,2026-09-27T05:31:59.276Z,zkSyncTestnet,300,sepolia.era.zksync.dev,mint,1000,3,717,0x31d040a5ebd01c098257cc7685eabeb452d76383a7939caf0a54df68777c1ed9,637723.746041,643430.300791,5706.55475000001,161587,25000000,,success,1,0,,,8573919
pilot_1790486476823,mint_N1000_c3,0,2026-09-27T05:32:00.071Z,zkSyncTestnet,300,sepolia.era.zksync.dev,mint,1000,3,718,0xef2feb4faa09670ef51f5f33e4ca86b46e3f6de2406d66e40efb657794928811,640391.818583,644225.629208,3833.810625000042,161587,25000000,,success,1,0,,,8573920
pilot_1790486476823,mint_N1000_c3,0,2026-09-27T05:32:00.469Z,zkSyncTestnet,300,sepolia.era.zksync.dev,mint,1000,3,719,0x1d724e4aa7b660ddbf7f05f1a64ad071a3753413d1f5754775ac16adb475506d,641927.786416,644623.004916,2695.218499999959,161587,25000000,,success,1,0,,,8573921
pilot_1790486476823,mint_N1000_c3,0,2026-09-27T05:32:04.121Z,zkSyncTestnet,300,sepolia.era.zksync.dev,mint,1000,3,720,0x25182a30a94dae2c934facccb873b1d32f3f774a59f165d29b28581755b42266,643430.403208,648274.911291,4844.508082999964,161581,25000000,,success,1,0,,,8573922
pilot_1790486476823,mint_N1000_c3,0,2026-09-27T05:32:04.356Z,zkSyncTestnet,300,sepolia.era.zksync.dev,mint,1000,3,721,0xc8d26f5eed79105041242fbc192a5698027da64e3259b2c14a683dd37d88299a,644225.712958,648510.228375,4284.51541699993,161581,25000000,,success,1,0,,,8573923
pilot_1790486476823,mint_N1000_c3,0,2026-09-27T05:32:04.618Z,zkSyncTestnet,300,sepolia.era.zksync.dev,mint,1000,3,722,0x0dcee8501a93bc97aa9bce6ea8c350fc596c54be9ce0ebb12748a22eec9e2f61,644623.098916,648772.710833,4149.611917000031,161587,25000000,,success,1,0,,,8573924
pilot_1790486476823,mint_N1000_c3,0,2026-09-27T05:32:06.086Z,zkSyncTestnet,300,sepolia.era.zksync.dev,mint,1000,3,723,0xe05d402a99801e7cb7af006f83779881365705841464eaf25317005c66d72408,648275.005,650239.823916,1964.8189159999602,161587,25000000,,success,1,0,,,8573925
pilot_1790486476823,mint_N1000_c3,0,2026-09-27T05:32:08.275Z,zkSyncTestnet,300,sepolia.era.zksync.dev,mint,1000,3,724,0xff6ea471839357e4bd1eee387afe9e8f94e515ceda70c3971777ee789a685a8d,648510.283125,652429.6575,3919.374375000014,161581,25000000,,success,1,0,,,8573926
pilot_1790486476823,mint_N1000_c3,0,2026-09-27T05:32:08.323Z,zkSyncTestnet,300,sepolia.era.zksync.dev,mint,1000,3,725,0xfcbe6b0051bd89266f85cdcd27d26cfa366e9f4d1ab230b9ba15173a985bba73,648772.773708,652477.369208,3704.595500000054,161581,25000000,,success,1,0,,,8573927
pilot_1790486476823,mint_N1000_c3,0,2026-09-27T05:32:09.570Z,zkSyncTestnet,300,sepolia.era.zksync.dev,mint,1000,3,726,0xa3d1aa4266efed8bcfbe68384835fbc66f4e8a24de97d35a770866bb552ea99b,650240.075416,653723.865291,3483.7898750000168,161587,25000000,,success,1,0,,,8573928
pilot_1790486476823,mint_N1000_c3,0,2026-09-27T05:32:11.973Z,zkSyncTestnet,300,sepolia.era.zksync.dev,mint,1000,3,728,0xf8a8f2f560086b9ae0c1eb6ce0e92771b46c7609ef8ef0f40bc6c9ea1e368f43,652477.41575,656127.558583,3650.1428329999326,161587,25000000,,success,1,0,,,8573929
pilot_1790486476823,mint_N1000_c3,0,2026-09-27T05:32:11.979Z,zkSyncTestnet,300,sepolia.era.zksync.dev,mint,1000,3,727,0xfeaa95166d2a60427336b9a59633a3ea9e036f8095e541237c8ee17bba960d0f,652429.763125,656133.169791,3703.406665999908,161581,25000000,,success,1,0,,,8573929
pilot_1790486476823,mint_N1000_c3,0,2026-09-27T05:32:12.660Z,zkSyncTestnet,300,sepolia.era.zksync.dev,mint,1000,3,729,0xec858ea64181eefa76225a6f604f45521783eda8ff83b1f937ba6538b6e17176,653723.994291,656814.415625,3090.4213340000715,161587,25000000,,success,1,0,,,8573930
pilot_1790486476823,mint_N1000_c3,0,2026-09-27T05:32:14.978Z,zkSyncTestnet,300,sepolia.era.zksync.dev,mint,1000,3,730,0xb1f11d99dc3aa72b1a9e08e66628ddf50ebe65acf697d84cf625941f6e5b9eca,656127.672791,659132.756916,3005.084125000052,161581,25000000,,success,1,0,,,8573931
pilot_1790486476823,mint_N1000_c3,0,2026-09-27T05:32:15.277Z,zkSyncTestnet,300,sepolia.era.zksync.dev,mint,1000,3,731,0x449baabeb8393b63c95757ee204dce8346fbd0bc7097cbeaca70752bde9b3086,656133.19575,659431.142625,3297.9468750000233,161587,25000000,,success,1,0,,,8573932
pilot_1790486476823,mint_N1000_c3,0,2026-09-27T05:32:17.479Z,zkSyncTestnet,300,sepolia.era.zksync.dev,mint,1000,3,732,0x4e6678fe12b6e499f7c42a28e8fb884587681989e2de40890d7e113e962d94e8,656814.527166,661633.038416,4818.511249999981,161587,25000000,,success,1,0,,,8573934
pilot_1790486476823,mint_N1000_c3,0,2026-09-27T05:32:19.727Z,zkSyncTestnet,300,sepolia.era.zksync.dev,mint,1000,3,733,0x447ddf2796f053bffc1fe1e3f6d296fcbdd97d8863ee54176da90524c6e42bb6,659132.854416,663880.96325,4748.1088340000715,161581,25000000,,success,1,0,,,8573935
pilot_1790486476823,mint_N1000_c3,0,2026-09-27T05:32:20.530Z,zkSyncTestnet,300,sepolia.era.zksync.dev,mint,1000,3,734,0x4aead9280ee25bd16b524cda5e2d680106a68b2ff1686b6c0be9104d02fa55e6,659431.223458,664684.396041,5253.172583000036,161587,25000000,,success,1,0,,,8573935
pilot_1790486476823,mint_N1000_c3,0,2026-09-27T05:32:21.823Z,zkSyncTestnet,300,sepolia.era.zksync.dev,mint,1000,3,735,0x2c74bb6010a65764ba7b7e91a095960b1f3f7426526f55d1f93746eda8023e6e,661633.095333,665977.635375,4344.540042000008,161587,25000000,,success,1,0,,,8573936
pilot_1790486476823,mint_N1000_c3,0,2026-09-27T05:32:22.726Z,zkSyncTestnet,300,sepolia.era.zksync.dev,mint,1000,3,736,0x3c78549293166544dc7eca5df6987fbe4828ea8542c0ac9fe01e9d31b28366c9,663881.062916,666880.040958,2998.9780419999734,161587,25000000,,success,1,0,,,8573937
pilot_1790486476823,mint_N1000_c3,0,2026-09-27T05:32:24.295Z,zkSyncTestnet,300,sepolia.era.zksync.dev,mint,1000,3,737,0xd650fbe39d9dd208b6a263c2d7252a98a5556ac45c9d97042a3bed2140197d0f,664684.512916,668449.203833,3764.690917000058,161581,25000000,,success,1,0,,,8573938
pilot_1790486476823,mint_N1000_c3,0,2026-09-27T05:32:25.425Z,zkSyncTestnet,300,sepolia.era.zksync.dev,mint,1000,3,738,0x20b686f8dc299415721c8cfac1fea3f872f629e7df107b6ed44d7763e8f653dc,665977.708958,669579.013833,3601.3048750000307,161587,25000000,,success,1,0,,,8573940
pilot_1790486476823,mint_N1000_c3,0,2026-09-27T05:32:25.665Z,zkSyncTestnet,300,sepolia.era.zksync.dev,mint,1000,3,739,0x648530710209846e318fab5fac487dfe8156b5f956e8b2aa82d1e26c49c9746f,666880.114208,669819.253166,2939.138957999996,161581,25000000,,success,1,0,,,8573941
pilot_1790486476823,mint_N1000_c3,0,2026-09-27T05:32:27.131Z,zkSyncTestnet,300,sepolia.era.zksync.dev,mint,1000,3,740,0xbbcfb4e66aba928c47bc4db870fc17ef7b90bb5b86b5bee0fdb03f16c01355c5,668449.331333,671284.819791,2835.488458000007,161581,25000000,,success,1,0,,,8573942
pilot_1790486476823,mint_N1000_c3,0,2026-09-27T05:32:27.862Z,zkSyncTestnet,300,sepolia.era.zksync.dev,mint,1000,3,741,0xd1511123c3a027bea9fb6f8f127cfe39a218bd0e97b024f7822d3aa039ff6d1d,669579.121833,672016.086166,2436.964333000011,161587,25000000,,success,1,0,,,8573943
pilot_1790486476823,mint_N1000_c3,0,2026-09-27T05:32:29.532Z,zkSyncTestnet,300,sepolia.era.zksync.dev,mint,1000,3,742,0x7d7d754fc31bb5dc935efb852b0e413e8547095550d62a1592185c5f49bf4ee0,669819.341125,673685.812708,3866.4715829999186,161581,25000000,,success,1,0,,,8573944
pilot_1790486476823,mint_N1000_c3,0,2026-09-27T05:32:31.009Z,zkSyncTestnet,300,sepolia.era.zksync.dev,mint,1000,3,743,0xb38a95c361c5f3be35d832408ee1f620d473278f99fa4b0f615b5038146d2f96,671284.906,675163.196166,3878.2901660000207,161587,25000000,,success,1,0,,,8573945
pilot_1790486476823,mint_N1000_c3,0,2026-09-27T05:32:32.292Z,zkSyncTestnet,300,sepolia.era.zksync.dev,mint,1000,3,745,0xfde6f46dace3b6c3ad2f2f46b91bfe150c5a8ec2549b4acac4dcfac6e5a6426c,673685.922083,676446.054083,2760.1320000000997,161581,25000000,,success,1,0,,,8573947
pilot_1790486476823,mint_N1000_c3,0,2026-09-27T05:32:32.726Z,zkSyncTestnet,300,sepolia.era.zksync.dev,mint,1000,3,744,0x3e311609b174f83e8871cee0d2b764046c4bb7f167c05a4532d63e17376d9bf7,672016.195541,676880.166875,4863.971334000002,161587,25000000,,success,1,0,,,8573946
pilot_1790486476823,mint_N1000_c3,0,2026-09-27T05:32:32.847Z,zkSyncTestnet,300,sepolia.era.zksync.dev,mint,1000,3,746,0x3e790c62665af08ab1a36f806d0face85e1c50645bf86ef393b81f98cc77fbed,675163.310958,677001.379666,1838.0687080000062,161587,25000000,,success,1,0,,,8573948
pilot_1790486476823,mint_N1000_c3,0,2026-09-27T05:32:35.264Z,zkSyncTestnet,300,sepolia.era.zksync.dev,mint,1000,3,747,0xc8ab51851bbb8a21fc37725d9a5b9a69af8b658ca6eb63c1a47d7c98efa912fe,676446.164333,679418.132625,2971.968292000005,161587,25000000,,success,1,0,,,8573949
pilot_1790486476823,mint_N1000_c3,0,2026-09-27T05:32:35.999Z,zkSyncTestnet,300,sepolia.era.zksync.dev,mint,1000,3,748,0x25193bd6b72d745f7fe8d6121cad81dd62b50e6b86ccd69581a6c58721b69820,676880.273,680153.565625,3273.292625000002,161587,25000000,,success,1,0,,,8573950
pilot_1790486476823,mint_N1000_c3,0,2026-09-27T05:32:37.292Z,zkSyncTestnet,300,sepolia.era.zksync.dev,mint,1000,3,749,0xf7b0c761885129bfc7564bc5c0e0af3f15bb51bb2bcad3e5028181e48a008941,677001.438125,681446.65175,4445.213624999975,161587,25000000,,success,1,0,,,8573951
pilot_1790486476823,mint_N1000_c3,0,2026-09-27T05:32:38.346Z,zkSyncTestnet,300,sepolia.era.zksync.dev,mint,1000,3,750,0x0dc670894973f45293758b86025eb7720501a37105c4816067e789da64ae042d,679418.250541,682500.510375,3082.2598339999095,161587,25000000,,success,1,0,,,8573952
pilot_1790486476823,mint_N1000_c3,0,2026-09-27T05:32:39.184Z,zkSyncTestnet,300,sepolia.era.zksync.dev,mint,1000,3,752,0xe4e1af79485d67905e6f66ae39c1661b668c288082e47a5ce5e7da0dc2be8238,681446.693125,683338.326208,1891.6330829999642,161581,25000000,,success,1,0,,,8573953
pilot_1790486476823,mint_N1000_c3,0,2026-09-27T05:32:39.219Z,zkSyncTestnet,300,sepolia.era.zksync.dev,mint,1000,3,751,0x65347cc98c2c36134a05261dc85a95a167dff79b6b480dc7da46798e64c5d988,680153.617875,683373.14075,3219.522875000024,161587,25000000,,success,1,0,,,8573953
pilot_1790486476823,mint_N1000_c3,0,2026-09-27T05:32:40.443Z,zkSyncTestnet,300,sepolia.era.zksync.dev,mint,1000,3,753,0x6caf75a5e66f5ee23306af7d62011c26566cc654b3f3cb8cbd0a003b3ddde73b,682500.617291,684597.077833,2096.4605420000153,161581,25000000,,success,1,0,,,8573954
pilot_1790486476823,mint_N1000_c3,0,2026-09-27T05:32:41.051Z,zkSyncTestnet,300,sepolia.era.zksync.dev,mint,1000,3,754,0xa03c20691657079b7c1a35c88e20cbc9ba3a47ad42f0b8c3e3602325f4f0d96f,683338.425,685205.2295,1866.8044999999693,161587,25000000,,success,1,0,,,8573955
pilot_1790486476823,mint_N1000_c3,0,2026-09-27T05:32:42.303Z,zkSyncTestnet,300,sepolia.era.zksync.dev,mint,1000,3,755,0x15b1d90d96d54b64b98f42df667c8e339a1d0062e78e395139d268aba84f6fed,683373.209916,686457.501416,3084.291499999934,161587,25000000,,success,1,0,,,8573956
pilot_1790486476823,mint_N1000_c3,0,2026-09-27T05:32:44.015Z,zkSyncTestnet,300,sepolia.era.zksync.dev,mint,1000,3,757,0x14fbc5e6931e38c6faf9faf05e4a333d3d4f857517bbe513fc7ccb51f6fcb0c1,685205.285541,688169.669625,2964.3840840000194,161581,25000000,,success,1,0,,,8573958
pilot_1790486476823,mint_N1000_c3,0,2026-09-27T05:32:44.188Z,zkSyncTestnet,300,sepolia.era.zksync.dev,mint,1000,3,756,0xbda1dd0a020b88268221778066424e22976d54d174600f536bdd3c2d3087fc65,684597.172916,688342.104875,3744.9319589999504,161581,25000000,,success,1,0,,,8573957
pilot_1790486476823,mint_N1000_c3,0,2026-09-27T05:32:46.731Z,zkSyncTestnet,300,sepolia.era.zksync.dev,mint,1000,3,758,0xcd1c0503d64caeec3944686e753e7052839949930134a9867ef322c40494828e,686457.597166,690884.786958,4427.18979199999,161587,25000000,,success,1,0,,,8573959
pilot_1790486476823,mint_N1000_c3,0,2026-09-27T05:32:47.521Z,zkSyncTestnet,300,sepolia.era.zksync.dev,mint,1000,3,759,0xa4c1f95cd112a54422f4c3e64cbb444c0d96b5c0a19e76d8e94ae304882e8df2,688169.770875,691674.732958,3504.9620829999913,161587,25000000,,success,1,0,,,8573960
pilot_1790486476823,mint_N1000_c3,0,2026-09-27T05:32:49.069Z,zkSyncTestnet,300,sepolia.era.zksync.dev,mint,1000,3,760,0xdfe7d3ab0dd740f0b65f50aeb3c0bbb68c1815770a0dcf98109360346086b567,688342.1925,693223.631958,4881.439458000008,161581,25000000,,success,1,0,,,8573961
pilot_1790486476823,mint_N1000_c3,0,2026-09-27T05:32:50.404Z,zkSyncTestnet,300,sepolia.era.zksync.dev,mint,1000,3,761,0xa912f9be234e45598100ecf6e2d53103f42ba2d9265e806cf6d4d289dd4f1048,690884.869125,694558.358083,3673.488958000089,161581,25000000,,success,1,0,,,8573962
pilot_1790486476823,mint_N1000_c3,0,2026-09-27T05:32:50.460Z,zkSyncTestnet,300,sepolia.era.zksync.dev,mint,1000,3,762,0xca53a89cc2310c25cb26f739581c61308366c657abcbaccf0b15b72868a1c92a,691674.798,694614.1795,2939.3815000000177,161587,25000000,,success,1,0,,,8573962
pilot_1790486476823,mint_N1000_c3,0,2026-09-27T05:32:51.886Z,zkSyncTestnet,300,sepolia.era.zksync.dev,mint,1000,3,763,0xebeacc6f79e11427f7ec359fe1a2f1fb7e0083891fbed422f8a12276479927d4,693223.728583,696040.166958,2816.438375000027,161581,25000000,,success,1,0,,,8573963
pilot_1790486476823,mint_N1000_c3,0,2026-09-27T05:32:52.331Z,zkSyncTestnet,300,sepolia.era.zksync.dev,mint,1000,3,764,0x4297450cff756e38efea85ec01884b6e2ff269fdc91331bc18d130d2aeda4d8d,694558.469125,696485.644708,1927.175583000062,161581,25000000,,success,1,0,,,8573964
pilot_1790486476823,mint_N1000_c3,0,2026-09-27T05:32:52.503Z,zkSyncTestnet,300,sepolia.era.zksync.dev,mint,1000,3,765,0xa245769098c25d5fac1e6309bbc257d73a53747e57ae7d7423a2bb7bc26787a4,694614.237583,696657.147208,2042.9096249999711,161581,25000000,,success,1,0,,,8573965
pilot_1790486476823,mint_N1000_c3,0,2026-09-27T05:32:53.883Z,zkSyncTestnet,300,sepolia.era.zksync.dev,mint,1000,3,766,0x3781e33d97a03c3807c9ea106123e2abe8e6798cd29d063dc3e440912b66259b,696040.337791,698036.932291,1996.5945000000065,161587,25000000,,success,1,0,,,8573966
pilot_1790486476823,mint_N1000_c3,0,2026-09-27T05:32:54.373Z,zkSyncTestnet,300,sepolia.era.zksync.dev,mint,1000,3,767,0x0e2e31df0d9a711380b21114687cf3db3fa2dd307cf63125362f155fec76d39a,696485.745708,698526.699708,2040.9539999999106,161581,25000000,,success,1,0,,,8573967
pilot_1790486476823,mint_N1000_c3,0,2026-09-27T05:32:54.417Z,zkSyncTestnet,300,sepolia.era.zksync.dev,mint,1000,3,768,0x8dd00b1c1cce344717ea6ce7ba87bc0e540dbdab38364d1e35a6f8de8fe4607c,696657.228708,698571.169833,1913.941125000012,161587,25000000,,success,1,0,,,8573968
pilot_1790486476823,mint_N1000_c3,0,2026-09-27T05:32:55.913Z,zkSyncTestnet,300,sepolia.era.zksync.dev,mint,1000,3,769,0xe1c39b335acf70ad6031ff12a427bef2b75c6487f1701ec2e4dc07cf4049658f,698036.974166,700067.03275,2030.058583999984,161587,25000000,,success,1,0,,,8573969
pilot_1790486476823,mint_N1000_c3,0,2026-09-27T05:32:56.246Z,zkSyncTestnet,300,sepolia.era.zksync.dev,mint,1000,3,770,0xcdec33ed435ee96d24172f6cf0e2fa7d2e8e6b6c2c885e0766f3e8dbb9e9ec47,698526.790708,700399.734333,1872.9436250000726,161587,25000000,,success,1,0,,,8573970
pilot_1790486476823,mint_N1000_c3,0,2026-09-27T05:32:58.108Z,zkSyncTestnet,300,sepolia.era.zksync.dev,mint,1000,3,771,0xa1956fa7963bad3c6de733df27f3607838f0e25e8a055c697757a328dbc56792,698571.234,702262.419125,3691.18512499996,161581,25000000,,success,1,0,,,8573971
pilot_1790486476823,mint_N1000_c3,0,2026-09-27T05:32:59.113Z,zkSyncTestnet,300,sepolia.era.zksync.dev,mint,1000,3,772,0xd562297de2512f1e80c1dfcf7ba74b7e9abc480a523f4bc0173a038780a42ca0,700067.127,703267.49825,3200.3712499999674,161587,25000000,,success,1,0,,,8573972
pilot_1790486476823,mint_N1000_c3,0,2026-09-27T05:32:59.606Z,zkSyncTestnet,300,sepolia.era.zksync.dev,mint,1000,3,773,0x8c509bc6c996ed3ef8a2cc3be868e54984a2d8d25e2dd0090f480cfde910c961,700399.83575,703759.725416,3359.889666000032,161581,25000000,,success,1,0,,,8573973
pilot_1790486476823,mint_N1000_c3,0,2026-09-27T05:33:00.747Z,zkSyncTestnet,300,sepolia.era.zksync.dev,mint,1000,3,774,0x56f42f3006e3f6cd21628bd614ee459cfacd8f240d41a909d9070294b1642677,702262.583166,704901.156833,2638.573667000048,161581,25000000,,success,1,0,,,8573974
pilot_1790486476823,mint_N1000_c3,0,2026-09-27T05:33:02.028Z,zkSyncTestnet,300,sepolia.era.zksync.dev,mint,1000,3,775,0xd3384376055049f41a2fba55123c9fe59d1f30b878c0305b35f6b4e8026222d8,703267.585541,706182.325833,2914.7402920000022,161581,25000000,,success,1,0,,,8573975
pilot_1790486476823,mint_N1000_c3,0,2026-09-27T05:33:02.852Z,zkSyncTestnet,300,sepolia.era.zksync.dev,mint,1000,3,776,0xd754c80fb16591d894fee18c078a74ca7d92e7bcdd186b09e6c1c6e0afbdb082,703759.819083,707005.801541,3245.9824580000713,161587,25000000,,success,1,0,,,8573976
pilot_1790486476823,mint_N1000_c3,0,2026-09-27T05:33:03.926Z,zkSyncTestnet,300,sepolia.era.zksync.dev,mint,1000,3,778,0x1543fc56f3d110b088abfb947421d33ff7f440b679585f3ada56aca6b14fa904,706182.422,708080.166708,1897.7447079999838,161581,25000000,,success,1,0,,,8573977
pilot_1790486476823,mint_N1000_c3,0,2026-09-27T05:33:04.036Z,zkSyncTestnet,300,sepolia.era.zksync.dev,mint,1000,3,777,0x99902c3dd0ebe92bc26b1f80840ecbf38b16a6fe1f4262506b19e63334ba4983,704901.253958,708189.697583,3288.4436249999562,161587,25000000,,success,1,0,,,8573977
pilot_1790486476823,mint_N1000_c3,0,2026-09-27T05:33:04.854Z,zkSyncTestnet,300,sepolia.era.zksync.dev,mint,1000,3,779,0x4668c981cfce03b62cb1dcb64ab2472ef8437d3cbd9a2b4e52cb789a91155aba,707005.887833,709007.983208,2002.095374999917,161587,25000000,,success,1,0,,,8573978
pilot_1790486476823,mint_N1000_c3,0,2026-09-27T05:33:06.654Z,zkSyncTestnet,300,sepolia.era.zksync.dev,mint,1000,3,781,0xd23edca6fab6de4ef429a3c976329b2d70e2c9981b6294a2cdbf56ad672cd284,708189.764958,710807.839666,2618.074707999942,161581,25000000,,success,1,0,,,8573979
pilot_1790486476823,mint_N1000_c3,0,2026-09-27T05:33:06.690Z,zkSyncTestnet,300,sepolia.era.zksync.dev,mint,1000,3,782,0xdd7fb214aa4ff1a7f1ec82806f2b9dd9e01d7ed2d19a10ab1c513830faec27da,709008.0295,710844.221208,1836.1917080000276,161587,25000000,,success,1,0,,,8573979
pilot_1790486476823,mint_N1000_c3,0,2026-09-27T05:33:07.414Z,zkSyncTestnet,300,sepolia.era.zksync.dev,mint,1000,3,780,0x8df9b47bbd7c036e08fe8dd62a557ae4ed0043c45899e18c9de3bb3bddefe9fb,708080.217166,711567.639333,3487.4221670000115,161587,25000000,,success,1,0,,,8573979
pilot_1790486476823,mint_N1000_c3,0,2026-09-27T05:33:09.867Z,zkSyncTestnet,300,sepolia.era.zksync.dev,mint,1000,3,783,0x37f5eef94a2f85a11219e4dc2c63aad1fd0dc549401ec4b644a32dab5f8fc3cc,710807.943875,714020.68525,3212.7413749999832,161581,25000000,,success,1,0,,,8573980
pilot_1790486476823,mint_N1000_c3,0,2026-09-27T05:33:10.462Z,zkSyncTestnet,300,sepolia.era.zksync.dev,mint,1000,3,784,0xfe8d2448ca55c0435ecd4c7135db3f4bbb3481c45f935f5f6364e075f81212b0,710844.265541,714616.079458,3771.8139170000795,161587,25000000,,success,1,0,,,8573981
pilot_1790486476823,mint_N1000_c3,0,2026-09-27T05:33:11.629Z,zkSyncTestnet,300,sepolia.era.zksync.dev,mint,1000,3,785,0x2a502671e7a82fbd00ee4a788eec3437e987337ab194cb10a74171751b7a5226,711567.746583,715782.920125,4215.173542000004,161581,25000000,,success,1,0,,,8573982
pilot_1790486476823,mint_N1000_c3,0,2026-09-27T05:33:11.896Z,zkSyncTestnet,300,sepolia.era.zksync.dev,mint,1000,3,786,0xcd510de4f5f9709ae8132380711091758550b733e1b8b8f14062d381ef18c7c4,714020.786416,716050.609875,2029.8234589999774,161581,25000000,,success,1,0,,,8573983
pilot_1790486476823,mint_N1000_c3,0,2026-09-27T05:33:13.026Z,zkSyncTestnet,300,sepolia.era.zksync.dev,mint,1000,3,787,0xb0052fed3bb368ab5809bd735d9771bfb8a38e341dd9f13bf86750f48e98da48,714616.137583,717180.186666,2564.049083000049,161581,25000000,,success,1,0,,,8573984
pilot_1790486476823,mint_N1000_c3,0,2026-09-27T05:33:13.996Z,zkSyncTestnet,300,sepolia.era.zksync.dev,mint,1000,3,788,0x2bb0f15411ad758ddb1529ffad6043b636f93fdfec15c447a24145fe82b7f4ca,715783.029333,718150.058041,2367.0287080000853,161587,25000000,,success,1,0,,,8573985
pilot_1790486476823,mint_N1000_c3,0,2026-09-27T05:33:15.044Z,zkSyncTestnet,300,sepolia.era.zksync.dev,mint,1000,3,789,0x9768b55269f4720f8cdfea82799ba85f6ead9f9f358eeae9672032cf64b52306,716050.686708,719198.58875,3147.9020419999724,161587,25000000,,success,1,0,,,8573986
pilot_1790486476823,mint_N1000_c3,0,2026-09-27T05:33:15.788Z,zkSyncTestnet,300,sepolia.era.zksync.dev,mint,1000,3,790,0xa342e102ef26095497d26f1d98268c2c6c72e3a98360a214f1535b6247604181,717180.328375,719942.559666,2762.2312909999164,161581,25000000,,success,1,0,,,8573987
pilot_1790486476823,mint_N1000_c3,0,2026-09-27T05:33:16.829Z,zkSyncTestnet,300,sepolia.era.zksync.dev,mint,1000,3,791,0x6ca184325b568ccb5995ea2dda1351d86730c596c050a02b65e9e952711a2842,718150.162208,720983.202458,2833.0402500000782,161587,25000000,,success,1,0,,,8573987
pilot_1790486476823,mint_N1000_c3,0,2026-09-27T05:33:18.713Z,zkSyncTestnet,300,sepolia.era.zksync.dev,mint,1000,3,792,0x661d8ad73d7bb833ef3293e84146131ed1f22348c802fe82dede9c20ecc0631d,719198.676208,722866.948166,3668.2719579999102,161581,25000000,,success,1,0,,,8573988
pilot_1790486476823,mint_N1000_c3,0,2026-09-27T05:33:19.241Z,zkSyncTestnet,300,sepolia.era.zksync.dev,mint,1000,3,793,0x27fed158ea7adb8fe67109a05083ae7a0d6374891013b8c5294cc985388e9383,719942.64275,723395.475916,3452.8331659999676,161581,25000000,,success,1,0,,,8573989
pilot_1790486476823,mint_N1000_c3,0,2026-09-27T05:33:19.544Z,zkSyncTestnet,300,sepolia.era.zksync.dev,mint,1000,3,794,0x638bab42af8d27110e50b21987001dfdef26cc807d0f358a63d7d0011b0debcb,720983.307333,723697.725958,2714.4186250000494,161581,25000000,,success,1,0,,,8573990
pilot_1790486476823,mint_N1000_c3,0,2026-09-27T05:33:21.424Z,zkSyncTestnet,300,sepolia.era.zksync.dev,mint,1000,3,795,0x082bf3386a0ef58be9dc82c0d1d9b65512eb8dbd4671cead9991a9172d0a6000,722867.024125,725577.843625,2710.8194999999832,161581,25000000,,success,1,0,,,8573991
pilot_1790486476823,mint_N1000_c3,0,2026-09-27T05:33:21.705Z,zkSyncTestnet,300,sepolia.era.zksync.dev,mint,1000,3,796,0x840cf81b7cecc0e9df1581b9985b177f4763117a1faab5213c9e8425e5b460d3,723395.572375,725859.358,2463.7856250000186,161587,25000000,,success,1,0,,,8573992
pilot_1790486476823,mint_N1000_c3,0,2026-09-27T05:33:22.385Z,zkSyncTestnet,300,sepolia.era.zksync.dev,mint,1000,3,797,0x427e130c50c26c5438bc9bae433c7eb72015da58c56c87d4a7a48c3117aa5dd0,723697.774458,726539.113875,2841.3394170000684,161581,25000000,,success,1,0,,,8573993
pilot_1790486476823,mint_N1000_c3,0,2026-09-27T05:33:23.435Z,zkSyncTestnet,300,sepolia.era.zksync.dev,mint,1000,3,798,0xc49ae7aab5a60dafcbdbca0f575dab5d97cd3a6506a4bddfa12e5629d4372199,725577.937,727589.273,2011.3360000000102,161581,25000000,,success,1,0,,,8573994
pilot_1790486476823,mint_N1000_c3,0,2026-09-27T05:33:23.704Z,zkSyncTestnet,300,sepolia.era.zksync.dev,mint,1000,3,799,0xb73902c5fa9104f95443e0842584a7dea6f2650fed012698bdfa5112bec01640,725859.43125,727857.785958,1998.3547079999698,161581,25000000,,success,1,0,,,8573994
pilot_1790486476823,mint_N1000_c3,0,2026-09-27T05:33:24.299Z,zkSyncTestnet,300,sepolia.era.zksync.dev,mint,1000,3,800,0xf9b84132fa597f6cd9f7986c20c8dc7b2a65c679fd6c09468999cd9c3af7c2ad,726539.214958,728453.120625,1913.9056669999845,161581,25000000,,success,1,0,,,8573995
pilot_1790486476823,mint_N1000_c3,0,2026-09-27T05:33:25.346Z,zkSyncTestnet,300,sepolia.era.zksync.dev,mint,1000,3,801,0xbe39912307b5cc1effcc2efcdf462bf7e67e95f094cc9185a932ac09c7c055c3,727589.37575,729499.842458,1910.4667080000509,161581,25000000,,success,1,0,,,8573996
pilot_1790486476823,mint_N1000_c3,0,2026-09-27T05:33:25.572Z,zkSyncTestnet,300,sepolia.era.zksync.dev,mint,1000,3,802,0x763ea72a28f676d97a237e36ca53bbc3354dcf51133d8df6b1442d1cb9fe2100,727857.883166,729726.07975,1868.1965840000194,161587,25000000,,success,1,0,,,8573996
pilot_1790486476823,mint_N1000_c3,0,2026-09-27T05:33:26.191Z,zkSyncTestnet,300,sepolia.era.zksync.dev,mint,1000,3,803,0x239830ff75396f03380cf7605947fc4a9790c48660b2220846f4cf80cb3a469a,728453.222583,730345.547875,1892.3252920000814,161581,25000000,,success,1,0,,,8573997
pilot_1790486476823,mint_N1000_c3,0,2026-09-27T05:33:27.446Z,zkSyncTestnet,300,sepolia.era.zksync.dev,mint,1000,3,804,0x1f87262124346675aca05739315c5e4c82533df060444af7f642f616de18de04,729499.928291,731600.373208,2100.4449170000153,161581,25000000,,success,1,0,,,8573998
pilot_1790486476823,mint_N1000_c3,0,2026-09-27T05:33:29.433Z,zkSyncTestnet,300,sepolia.era.zksync.dev,mint,1000,3,807,0x0de05b87036b52ce0d81c0b909d69182f2ed03d2c1f18b27d716dd599632ffae,731600.47475,733586.858208,1986.3834579999093,161587,25000000,,success,1,0,,,8573999
pilot_1790486476823,mint_N1000_c3,0,2026-09-27T05:33:29.531Z,zkSyncTestnet,300,sepolia.era.zksync.dev,mint,1000,3,806,0xac3e4e945cc950dbc68b062b8a9c455f56f186f9957c46eb6e2038052f8a34cf,730345.62975,733684.912041,3339.2822910000104,161468,25000000,,success,1,0,,,8573999
pilot_1790486476823,mint_N1000_c3,0,2026-09-27T05:33:29.793Z,zkSyncTestnet,300,sepolia.era.zksync.dev,mint,1000,3,805,0x715d197213c30433ac9cc95cc4db323857ac0c6f3b4254b786160b9dd1e54d5f,729726.13325,733947.052541,4220.919290999998,161587,25000000,,success,1,0,,,8573999
pilot_1790486476823,mint_N1000_c3,0,2026-09-27T05:33:31.367Z,zkSyncTestnet,300,sepolia.era.zksync.dev,mint,1000,3,809,0x79a39a96321b498035ee6d7fb0abeafd52fb4bcb47c0b465f11880aaba4c0fa4,733684.97925,735520.9975,1836.018250000081,161581,25000000,,success,1,0,,,8574000
pilot_1790486476823,mint_N1000_c3,0,2026-09-27T05:33:31.555Z,zkSyncTestnet,300,sepolia.era.zksync.dev,mint,1000,3,808,0x4fadc5a69827145274f5fdfd7dc46ab9a7307cefef6ad74424606a2f0aaabb6f,733586.952166,735709.104291,2122.1521250000224,161581,25000000,,success,1,0,,,8574000
pilot_1790486476823,mint_N1000_c3,0,2026-09-27T05:33:31.677Z,zkSyncTestnet,300,sepolia.era.zksync.dev,mint,1000,3,810,0xbef944f5358fe0a1b9eaccfd330795028b9e0d60d481e3c512020a3ad2de66cf,733947.133208,735830.615791,1883.4825829999754,161587,25000000,,success,1,0,,,8574000
pilot_1790486476823,mint_N1000_c3,0,2026-09-27T05:33:33.213Z,zkSyncTestnet,300,sepolia.era.zksync.dev,mint,1000,3,811,0xfa3e633e9d6575428fafaeef796549745817219c2bfd7e50088d8005778f036f,735521.102125,737366.89325,1845.7911249999888,161587,25000000,,success,1,0,,,8574001
pilot_1790486476823,mint_N1000_c3,0,2026-09-27T05:33:35.224Z,zkSyncTestnet,300,sepolia.era.zksync.dev,mint,1000,3,812,0xc6090fade4e7c2e91c1a9a89e05d9fe0f0bfb9dc2240704bc031ad68677fa698,735709.180208,739377.810625,3668.6304170000367,161581,25000000,,success,1,0,,,8574002
pilot_1790486476823,mint_N1000_c3,0,2026-09-27T05:33:36.029Z,zkSyncTestnet,300,sepolia.era.zksync.dev,mint,1000,3,813,0x40afb2d9aadeca9bcc2a0ebe75409aa175bc2c63f3e8bb99b7a46997db7bacd0,735830.692375,740182.564333,4351.871958000003,161587,25000000,,success,1,0,,,8574002
pilot_1790486476823,mint_N1000_c3,0,2026-09-27T05:33:36.301Z,zkSyncTestnet,300,sepolia.era.zksync.dev,mint,1000,3,814,0x9097eb048c7d26d528d7f2e0317b314cb9a72490332a270b1f0ffd8963e32315,737366.986875,740455.44975,3088.4628750000848,161581,25000000,,success,1,0,,,8574003
pilot_1790486476823,mint_N1000_c3,0,2026-09-27T05:33:38.197Z,zkSyncTestnet,300,sepolia.era.zksync.dev,mint,1000,3,815,0x4ce4c5947076c8a4662f66eba34af9c62dbdbcdc4fe89575dcd5e0e45b132820,739377.9185,742351.337125,2973.418624999933,161587,25000000,,success,1,0,,,8574004
pilot_1790486476823,mint_N1000_c3,0,2026-09-27T05:33:39.685Z,zkSyncTestnet,300,sepolia.era.zksync.dev,mint,1000,3,816,0x845ff6f74cc6d384980b6ff834668bfd90cb8482a18fcf06404993ddafce8c3a,740182.664208,743839.523375,3656.859167000046,161587,25000000,,success,1,0,,,8574005
pilot_1790486476823,mint_N1000_c3,0,2026-09-27T05:33:39.948Z,zkSyncTestnet,300,sepolia.era.zksync.dev,mint,1000,3,817,0x1b62f20cba5f8ff43231f94f7b9b60d3f06a326173aae4bbc0560abc688cc14b,740455.548375,744102.413833,3646.8654579999857,161581,25000000,,success,1,0,,,8574005
pilot_1790486476823,mint_N1000_c3,0,2026-09-27T05:33:40.210Z,zkSyncTestnet,300,sepolia.era.zksync.dev,mint,1000,3,818,0xc7e4ed163eb79874c65b3be0f3dcdc5c25007f28e446766907ff60a5b138da02,742351.437,744363.9425,2012.5054999999702,161587,25000000,,success,1,0,,,8574006
pilot_1790486476823,mint_N1000_c3,0,2026-09-27T05:33:41.586Z,zkSyncTestnet,300,sepolia.era.zksync.dev,mint,1000,3,819,0x8966de9af3841a18b46e9a29d0992d2d7afb695ca256f9e714f0fa507361189b,743839.626541,745739.654208,1900.0276670000749,161587,25000000,,success,1,0,,,8574007
pilot_1790486476823,mint_N1000_c3,0,2026-09-27T05:33:41.786Z,zkSyncTestnet,300,sepolia.era.zksync.dev,mint,1000,3,820,0xd7ff265059aa4af0284e959082926593260bf66d60de3cf2194e223e33cc90b4,744102.485791,745940.162208,1837.6764170000097,161462,25000000,,success,1,0,,,8574008
pilot_1790486476823,mint_N1000_c3,0,2026-09-27T05:33:42.084Z,zkSyncTestnet,300,sepolia.era.zksync.dev,mint,1000,3,821,0x239ab685beba646567ccb5924cdcf3907928f909791e75e3003533073b8e71df,744364.045041,746237.978041,1873.9329999999609,161587,25000000,,success,1,0,,,8574009
pilot_1790486476823,mint_N1000_c3,0,2026-09-27T05:33:44.403Z,zkSyncTestnet,300,sepolia.era.zksync.dev,mint,1000,3,822,0x09dc8c15933b9c2b993b392597d2a97f79c13b00f6f631ad6d45b4999b142151,745739.736666,748557.312875,2817.5762089999625,161581,25000000,,success,1,0,,,8574010
pilot_1790486476823,mint_N1000_c3,0,2026-09-27T05:33:44.439Z,zkSyncTestnet,300,sepolia.era.zksync.dev,mint,1000,3,823,0x05f1b2a6fdcb12173ce84a132bdb2dd9683d037ad4e5fb898b69dd97eb6fa2ba,745940.270625,748592.672625,2652.402000000002,161587,25000000,,success,1,0,,,8574011
pilot_1790486476823,mint_N1000_c3,0,2026-09-27T05:33:44.662Z,zkSyncTestnet,300,sepolia.era.zksync.dev,mint,1000,3,824,0x8e21530030642b8f2d501ca559defa40f0a52da0771fad47ade11ab18a1a8ada,746238.06275,748815.648791,2577.586040999973,161581,25000000,,success,1,0,,,8574011
pilot_1790486476823,mint_N1000_c3,0,2026-09-27T05:33:48.360Z,zkSyncTestnet,300,sepolia.era.zksync.dev,mint,1000,3,827,0x5aa927f281a92a895b5a9387dc5d7ab081c22f696edb81a49fab4fd2a9526e76,748815.745208,752513.758833,3698.0136250000214,161587,25000000,,success,1,0,,,8574013
pilot_1790486476823,mint_N1000_c3,0,2026-09-27T05:33:48.595Z,zkSyncTestnet,300,sepolia.era.zksync.dev,mint,1000,3,825,0xa6c838ae05194b619ddb3756d378a90e92e3a9a9ad291f15bb0ae472e3e98188,748557.441375,752748.920041,4191.478665999952,161587,25000000,,success,1,0,,,8574012
pilot_1790486476823,mint_N1000_c3,0,2026-09-27T05:33:49.149Z,zkSyncTestnet,300,sepolia.era.zksync.dev,mint,1000,3,826,0x98954d7b7cc187c4c53b4dac57178a18e111219a0ca10604a86dd0ba947f0be0,748592.720791,753302.988125,4710.267333999975,161581,25000000,,success,1,0,,,8574013
pilot_1790486476823,mint_N1000_c3,0,2026-09-27T05:33:51.895Z,zkSyncTestnet,300,sepolia.era.zksync.dev,mint,1000,3,828,0x17f135ec5f3b97de66bae334acbdc818d341a2465a351613210621606e08a260,752513.838125,756049.36575,3535.527624999988,161581,25000000,,success,1,0,,,8574014
pilot_1790486476823,mint_N1000_c3,0,2026-09-27T05:33:53.007Z,zkSyncTestnet,300,sepolia.era.zksync.dev,mint,1000,3,829,0x13db0003b148aad4b74144b0abdff2c98442fab03525d42c30d11b6a13c48cea,752748.988291,757160.971583,4411.983292000019,161581,25000000,,success,1,0,,,8574015
pilot_1790486476823,mint_N1000_c3,0,2026-09-27T05:33:54.073Z,zkSyncTestnet,300,sepolia.era.zksync.dev,mint,1000,3,830,0x12822869c5a3eec1d5abccce9f96ee952cdfc27f42f8b24666cea6a8c2b20927,753303.094333,758227.009833,4923.915500000003,161581,25000000,,success,1,0,,,8574015
pilot_1790486476823,mint_N1000_c3,0,2026-09-27T05:33:54.091Z,zkSyncTestnet,300,sepolia.era.zksync.dev,mint,1000,3,831,0x36528a69b19f0de6b3eb691dc29505464def487b2de9ba19687c1ccf66f589af,756049.452791,758245.410666,2195.9578749999637,161587,25000000,,success,1,0,,,8574016
pilot_1790486476823,mint_N1000_c3,0,2026-09-27T05:33:56.047Z,zkSyncTestnet,300,sepolia.era.zksync.dev,mint,1000,3,832,0x9ea1857e3d9f6120525528f93879d7a41db5293a93a16887c5ecbdaecc5ddc70,757161.029916,760200.965041,3039.9351250000764,161587,25000000,,success,1,0,,,8574017
pilot_1790486476823,mint_N1000_c3,0,2026-09-27T05:33:56.337Z,zkSyncTestnet,300,sepolia.era.zksync.dev,mint,1000,3,833,0xf1346a835ff76e6c0078a4ed9af2fbfaf26198659ec042a526c30ece402470bc,758227.113916,760490.677416,2263.5635000000475,161581,25000000,,success,1,0,,,8574017
pilot_1790486476823,mint_N1000_c3,0,2026-09-27T05:33:56.986Z,zkSyncTestnet,300,sepolia.era.zksync.dev,mint,1000,3,834,0x4beea4d2816b8253b1d3c4e2898f7245e4d8bf9741f3dcf1e55b9787649c8e57,758245.470958,761140.3915,2894.920541999978,161587,25000000,,success,1,0,,,8574018
pilot_1790486476823,mint_N1000_c3,0,2026-09-27T05:33:58.646Z,zkSyncTestnet,300,sepolia.era.zksync.dev,mint,1000,3,835,0x09e0367d8f12ec4c031f19da2dfbb1a68ad02f91d1d6e454c0d236acb75ac58e,760201.072958,762799.700291,2598.627332999953,161581,25000000,,success,1,0,,,8574019
pilot_1790486476823,mint_N1000_c3,0,2026-09-27T05:33:59.139Z,zkSyncTestnet,300,sepolia.era.zksync.dev,mint,1000,3,836,0x17ab6c7af19cee90236adba93f7d725ef13b590c36a46009c97b390424e2e1fb,760490.777541,763292.624166,2801.8466250000056,161581,25000000,,success,1,0,,,8574020
pilot_1790486476823,mint_N1000_c3,0,2026-09-27T05:33:59.876Z,zkSyncTestnet,300,sepolia.era.zksync.dev,mint,1000,3,837,0xd1e5a5ace1e375c0dc881f9b529033c72b78a5fa297053907ab9adc20c5f53b9,761140.476208,764030.091166,2889.61495800002,161587,25000000,,success,1,0,,,8574021
pilot_1790486476823,mint_N1000_c3,0,2026-09-27T05:34:01.467Z,zkSyncTestnet,300,sepolia.era.zksync.dev,mint,1000,3,838,0xdc17f6d969ee5c67da45b37aefeedc5cbc8a61ba5994f1d77f53139662cfc2e1,762799.812375,765621.030958,2821.218583000009,161587,25000000,,success,1,0,,,8574022
pilot_1790486476823,mint_N1000_c3,0,2026-09-27T05:34:03.015Z,zkSyncTestnet,300,sepolia.era.zksync.dev,mint,1000,3,839,0x91dbbb2be803d20d257f98c71ee602bb503b94fb8d9c1bf70e672373aee21b4b,763292.728125,767168.858041,3876.129915999947,161581,25000000,,success,1,0,,,8574023
pilot_1790486476823,mint_N1000_c3,0,2026-09-27T05:34:05.076Z,zkSyncTestnet,300,sepolia.era.zksync.dev,mint,1000,3,840,0x6cba7f9a2d3a887feaf52410f2288fe074155fc2f3d4ce88bc600e7b4325ee77,764030.17775,769229.750583,5199.572832999984,161587,25000000,,success,1,0,,,8574024
pilot_1790486476823,mint_N1000_c3,0,2026-09-27T05:34:05.136Z,zkSyncTestnet,300,sepolia.era.zksync.dev,mint,1000,3,841,0x5f782376cb5f66b0f20c52e418b5d8af44f64c3eb8f5491355cf75b9947364b1,765621.141375,769289.667666,3668.5262909999583,161581,25000000,,success,1,0,,,8574025
pilot_1790486476823,mint_N1000_c3,0,2026-09-27T05:34:05.778Z,zkSyncTestnet,300,sepolia.era.zksync.dev,mint,1000,3,842,0x8e8c8373e3101bb4c9af348cf6d4b2ade51cbd0894983babf75337ae2547294a,767168.965375,769932.429458,2763.46408299997,161587,25000000,,success,1,0,,,8574026
pilot_1790486476823,mint_N1000_c3,0,2026-09-27T05:34:07.027Z,zkSyncTestnet,300,sepolia.era.zksync.dev,mint,1000,3,843,0xc125755ae33ce54dbcca3c29cfa46082d2b84ee870a75c7ab3c457306333ebb3,769229.864333,771181.249083,1951.3847499999683,161581,25000000,,success,1,0,,,8574027
pilot_1790486476823,mint_N1000_c3,0,2026-09-27T05:34:07.757Z,zkSyncTestnet,300,sepolia.era.zksync.dev,mint,1000,3,845,0x8a878b72e636a80e3c4d410444a39c4ead41669a185e3ce4e918d6936597cdcf,769932.540125,771910.649458,1978.109332999913,161587,25000000,,success,1,0,,,8574028
pilot_1790486476823,mint_N1000_c3,0,2026-09-27T05:34:07.834Z,zkSyncTestnet,300,sepolia.era.zksync.dev,mint,1000,3,844,0x164c0970c48780ebb4b1d7da2b42689575d945a08c42dc68d4d98d661ffbcabe,769289.729958,771988.037833,2698.3078749999404,161581,25000000,,success,1,0,,,8574028
pilot_1790486476823,mint_N1000_c3,0,2026-09-27T05:34:10.778Z,zkSyncTestnet,300,sepolia.era.zksync.dev,mint,1000,3,846,0xa7d31482a20cfcffdc333783d7ecb1bc0e6deab4bf62e23ccd1267b88bc519c1,771181.331708,774931.490666,3750.1589580000145,161581,25000000,,success,1,0,,,8574029
pilot_1790486476823,mint_N1000_c3,0,2026-09-27T05:34:10.955Z,zkSyncTestnet,300,sepolia.era.zksync.dev,mint,1000,3,848,0x6a8d4a8c12090b771a532d90b34316ad5a0a338a39dcfffb5e566fdc8019f13b,771988.08675,775109.408,3121.3212500000373,161587,25000000,,success,1,0,,,8574030
pilot_1790486476823,mint_N1000_c3,0,2026-09-27T05:34:11.235Z,zkSyncTestnet,300,sepolia.era.zksync.dev,mint,1000,3,847,0x5b093f383bd13164b32d60b48a46a57da7f787e5cbd666e456c397f807c721a9,771910.757583,775388.5125,3477.7549169999547,161587,25000000,,success,1,0,,,8574030
pilot_1790486476823,mint_N1000_c3,0,2026-09-27T05:34:13.763Z,zkSyncTestnet,300,sepolia.era.zksync.dev,mint,1000,3,849,0x80192796ea69643ec392a4c720c58b0db1c37741d39f6fe989eae826b7a2e5fe,774931.581583,777916.851416,2985.2698330000276,161581,25000000,,success,1,0,,,8574031
pilot_1790486476823,mint_N1000_c3,0,2026-09-27T05:34:15.327Z,zkSyncTestnet,300,sepolia.era.zksync.dev,mint,1000,3,851,0x716a2a0631e56a05c84348bfeb07cf017dda1b9a8bc8bdd37a0454e206688bca,775388.58625,779480.6395,4092.053249999997,161581,25000000,,success,1,0,,,8574032
pilot_1790486476823,mint_N1000_c3,0,2026-09-27T05:34:15.556Z,zkSyncTestnet,300,sepolia.era.zksync.dev,mint,1000,3,850,0x71ca6de2cd5a86dc28dcfbce8cf7d8826a6d1f673f1842b8c03b9af142b912f2,775109.459583,779710.053708,4600.594124999945,161581,25000000,,success,1,0,,,8574032
pilot_1790486476823,mint_N1000_c3,0,2026-09-27T05:34:15.638Z,zkSyncTestnet,300,sepolia.era.zksync.dev,mint,1000,3,852,0xe996953f07e34baa8b57ceca844ab2d4301dadcc667a614a63041cd7197fa307,777916.938625,779792.383916,1875.4452910000691,161587,25000000,,success,1,0,,,8574033
pilot_1790486476823,mint_N1000_c3,0,2026-09-27T05:34:17.205Z,zkSyncTestnet,300,sepolia.era.zksync.dev,mint,1000,3,853,0xe2128058cb55a2f79741f2c85b6987116e8e2813699efd705e3b8905cde66f35,779480.691541,781358.727416,1878.0358749999432,161581,25000000,,success,1,0,,,8574034
pilot_1790486476823,mint_N1000_c3,0,2026-09-27T05:34:17.517Z,zkSyncTestnet,300,sepolia.era.zksync.dev,mint,1000,3,854,0x3edfae84e65f4d788e46adf9572a889ea73a91b5a6b032ba806630238237e5ba,779710.161708,781671.226666,1961.0649579999736,161581,25000000,,success,1,0,,,8574035
pilot_1790486476823,mint_N1000_c3,0,2026-09-27T05:34:18.746Z,zkSyncTestnet,300,sepolia.era.zksync.dev,mint,1000,3,855,0xb837e78315eb41432c659ac4cc689a4913add98556d2d47719db16010e489b0b,779792.4755,782899.724291,3107.2487910001073,161581,25000000,,success,1,0,,,8574036
pilot_1790486476823,mint_N1000_c3,0,2026-09-27T05:34:19.053Z,zkSyncTestnet,300,sepolia.era.zksync.dev,mint,1000,3,856,0x69adf9b93df374b7a5dda269c40db538212bd5fae25ff35e00a85e69f55af9d1,781358.837791,783206.692,1847.854209000012,161587,25000000,,success,1,0,,,8574037
pilot_1790486476823,mint_N1000_c3,0,2026-09-27T05:34:19.523Z,zkSyncTestnet,300,sepolia.era.zksync.dev,mint,1000,3,857,0x1afd5c27f4a1ed93841fd37e80a5aa99803ebe78deab7d32163f8ce9488dcf1d,781671.306125,783677.357708,2006.0515829999931,161587,25000000,,success,1,0,,,8574038
pilot_1790486476823,mint_N1000_c3,0,2026-09-27T05:34:20.670Z,zkSyncTestnet,300,sepolia.era.zksync.dev,mint,1000,3,858,0xba714568c3a8f4cd0e09a084741a11e71ea68ca12f0b1f279ec510afaa720331,782899.846583,784824.185,1924.3384170000209,161581,25000000,,success,1,0,,,8574039
pilot_1790486476823,mint_N1000_c3,0,2026-09-27T05:34:20.907Z,zkSyncTestnet,300,sepolia.era.zksync.dev,mint,1000,3,859,0xdca1428665cd3640370e3bca6b280800a13217a80330d91df3ffb8d340b9bfb7,783206.794583,785060.997541,1854.202958000009,161587,25000000,,success,1,0,,,8574040
pilot_1790486476823,mint_N1000_c3,0,2026-09-27T05:34:21.485Z,zkSyncTestnet,300,sepolia.era.zksync.dev,mint,1000,3,860,0x99887a91f707e765c155f5a345e55c8c0c641d7760ada7528a012896bfb72802,783677.407291,785639.235375,1961.828084000037,161581,25000000,,success,1,0,,,8574041
pilot_1790486476823,mint_N1000_c3,0,2026-09-27T05:34:22.694Z,zkSyncTestnet,300,sepolia.era.zksync.dev,mint,1000,3,861,0x37da982d5d33c4aa397879b65288721e20f31daf4c70892dd645971ad6105fdc,784824.287541,786847.871708,2023.5841669999063,161587,25000000,,success,1,0,,,8574042
pilot_1790486476823,mint_N1000_c3,0,2026-09-27T05:34:22.976Z,zkSyncTestnet,300,sepolia.era.zksync.dev,mint,1000,3,862,0xdb05a20ac0829f0a1211601dbe4c9f142f53df99774ebb6dd59233d44036c331,785061.072375,787129.495708,2068.4233330000425,161587,25000000,,success,1,0,,,8574042
pilot_1790486476823,mint_N1000_c3,0,2026-09-27T05:34:23.447Z,zkSyncTestnet,300,sepolia.era.zksync.dev,mint,1000,3,863,0x717853aace877d94484e500cb39866a29d862ae277163cc3dc4e9c096a48b4f8,785639.3535,787600.524291,1961.1707910000114,161587,25000000,,success,1,0,,,8574043
pilot_1790486476823,mint_N1000_c3,0,2026-09-27T05:34:24.566Z,zkSyncTestnet,300,sepolia.era.zksync.dev,mint,1000,3,864,0xb4f2c2db03af3f19d9ebc91e9eb52c8bfe61f7e9b249808f6fde899dcb923588,786847.9595,788719.85825,1871.8987500000512,161581,25000000,,success,1,0,,,8574046
pilot_1790486476823,mint_N1000_c3,0,2026-09-27T05:34:24.822Z,zkSyncTestnet,300,sepolia.era.zksync.dev,mint,1000,3,865,0x3a2df5dee1a27cc1d49ea1b357610c1dcbf907c4de4cd46140f6f51c281306e2,787129.571291,788975.546458,1845.9751669999678,161587,25000000,,success,1,0,,,8574047
pilot_1790486476823,mint_N1000_c3,0,2026-09-27T05:34:25.421Z,zkSyncTestnet,300,sepolia.era.zksync.dev,mint,1000,3,866,0x3eeeca18cc88588268f3bd54deeff02935a3d97244f16c9e1494b6f2c061579d,787600.619041,789574.601583,1973.9825420000125,161587,25000000,,success,1,0,,,8574048
pilot_1790486476823,mint_N1000_c3,0,2026-09-27T05:34:26.432Z,zkSyncTestnet,300,sepolia.era.zksync.dev,mint,1000,3,867,0x273c9036c89a6989360426c4e97591b28624ab5b74a8bb28308a2c9d6d476f54,788719.975208,790585.668666,1865.6934579999652,161581,25000000,,success,1,0,,,8574049
pilot_1790486476823,mint_N1000_c3,0,2026-09-27T05:34:26.692Z,zkSyncTestnet,300,sepolia.era.zksync.dev,mint,1000,3,868,0x05baa73b2b02e1a2b94199dc1ab4c34bcbabd9c1141d21e609a889c6d50212ae,788975.589708,790845.9765,1870.386792000034,161587,25000000,,success,1,0,,,8574049
pilot_1790486476823,mint_N1000_c3,0,2026-09-27T05:34:27.395Z,zkSyncTestnet,300,sepolia.era.zksync.dev,mint,1000,3,869,0x4ace9adb7132e366afd1f93c18af44b0ba66529dbcffc961cff90cd61022d5bb,789574.690791,791548.633541,1973.9427499999292,161587,25000000,,success,1,0,,,8574050
pilot_1790486476823,mint_N1000_c3,0,2026-09-27T05:34:29.738Z,zkSyncTestnet,300,sepolia.era.zksync.dev,mint,1000,3,870,0x4be9da572552ae64f647f3012993aeb2d66341f80e527ede2ee10b5fdf3d41fe,790585.734375,793891.852625,3306.1182500000577,161581,25000000,,success,1,0,,,8574051
pilot_1790486476823,mint_N1000_c3,0,2026-09-27T05:34:29.777Z,zkSyncTestnet,300,sepolia.era.zksync.dev,mint,1000,3,871,0x16b18d342f7d7a6c0f3ad51515865ed7abb6b778a4312cae22b7b917f5853d0a,790846.063791,793931.008625,3084.9448339999653,161587,25000000,,success,1,0,,,8574052
pilot_1790486476823,mint_N1000_c3,0,2026-09-27T05:34:31.066Z,zkSyncTestnet,300,sepolia.era.zksync.dev,mint,1000,3,872,0x5a2091903976337528dd19e98c0046f93797ecf3d33c65e0a2e3848c610cae99,791548.745583,795219.572375,3670.826791999978,161468,25000000,,success,1,0,,,8574053
pilot_1790486476823,mint_N1000_c3,0,2026-09-27T05:34:33.390Z,zkSyncTestnet,300,sepolia.era.zksync.dev,mint,1000,3,874,0x33a96a4997ff4737fba366adae5698db4b18fa2abb3bcbf0c2f6f605f6f92f15,793931.050791,797543.971375,3612.9205839999486,161587,25000000,,success,1,0,,,8574054
pilot_1790486476823,mint_N1000_c3,0,2026-09-27T05:34:33.684Z,zkSyncTestnet,300,sepolia.era.zksync.dev,mint,1000,3,873,0x071325a9245e6f07cd6537999002ce6375a9fa0695d3db04ae9b8ac2c2a1ad05,793891.939083,797837.498541,3945.5594580000034,161581,25000000,,success,1,0,,,8574054
pilot_1790486476823,mint_N1000_c3,0,2026-09-27T05:34:33.929Z,zkSyncTestnet,300,sepolia.era.zksync.dev,mint,1000,3,875,0x982b7719f2eb879efa86ae43a18a95b0acc8e346eac026c3d866e7ee47299d55,795219.667625,798082.59475,2862.9271250000456,161587,25000000,,success,1,0,,,8574055
pilot_1790486476823,mint_N1000_c3,0,2026-09-27T05:34:36.395Z,zkSyncTestnet,300,sepolia.era.zksync.dev,mint,1000,3,876,0x8748d20f23f834f9e1758f700e48e542c03125331ca0b5dfcff78901b40bb3f7,797544.07225,800548.617333,3004.5450829999754,161587,25000000,,success,1,0,,,8574057
pilot_1790486476823,mint_N1000_c3,0,2026-09-27T05:34:36.660Z,zkSyncTestnet,300,sepolia.era.zksync.dev,mint,1000,3,877,0xa421391d76e59eb51c656044ad0816f635d598b2ceb6f97215ba9f6eaf480175,797837.583416,800813.615833,2976.0324170000385,161581,25000000,,success,1,0,,,8574057
pilot_1790486476823,mint_N1000_c3,0,2026-09-27T05:34:36.663Z,zkSyncTestnet,300,sepolia.era.zksync.dev,mint,1000,3,878,0x8448144e1818e1ba4232165e9878155395d607b1d1586edb9a30207bea37a7fa,798082.675125,800817.283958,2734.608833000064,161581,25000000,,success,1,0,,,8574058
pilot_1790486476823,mint_N1000_c3,0,2026-09-27T05:34:39.172Z,zkSyncTestnet,300,sepolia.era.zksync.dev,mint,1000,3,879,0x772513204865291c689c47fbb99782b0197a468cd7bd23fd7e56d83282910cb1,800548.742708,803326.306541,2777.563833000022,161587,25000000,,success,1,0,,,8574059
pilot_1790486476823,mint_N1000_c3,0,2026-09-27T05:34:40.366Z,zkSyncTestnet,300,sepolia.era.zksync.dev,mint,1000,3,880,0xde2594116e71f6d4afc21d3914d35d05361c2cc64e34e4dbe7e2d87ebda34c72,800813.66775,804519.7655,3706.097749999957,161587,25000000,,success,1,0,,,8574060
pilot_1790486476823,mint_N1000_c3,0,2026-09-27T05:34:41.169Z,zkSyncTestnet,300,sepolia.era.zksync.dev,mint,1000,3,881,0xdd571567037018d82aed64d5b233d92c7c38810c35d1934f7f658a8fa07de626,800817.303708,805322.717041,4505.413333000033,161587,25000000,,success,1,0,,,8574061
pilot_1790486476823,mint_N1000_c3,0,2026-09-27T05:34:41.247Z,zkSyncTestnet,300,sepolia.era.zksync.dev,mint,1000,3,882,0xc3c3989b1ea64dbe656c29bb029f26923ddc77c27efd28826f672c92c8d7e7f7,803326.398041,805400.874583,2074.4765419999603,161581,25000000,,success,1,0,,,8574061
pilot_1790486476823,mint_N1000_c3,0,2026-09-27T05:34:43.117Z,zkSyncTestnet,300,sepolia.era.zksync.dev,mint,1000,3,884,0x90123d3e3f54df8cf61d577e286be197145521ea2be0a09e39eb5af9f1cc064a,805322.824,807270.456375,1947.6323749999283,161581,25000000,,success,1,0,,,8574062
pilot_1790486476823,mint_N1000_c3,0,2026-09-27T05:34:43.645Z,zkSyncTestnet,300,sepolia.era.zksync.dev,mint,1000,3,883,0x7e8a68abf6225dea854f2b9b654167d52a7b1c909db8c063beb3aa8416dc2a90,804519.848333,807799.255833,3279.407499999972,161587,25000000,,success,1,0,,,8574062
pilot_1790486476823,mint_N1000_c3,0,2026-09-27T05:34:44.692Z,zkSyncTestnet,300,sepolia.era.zksync.dev,mint,1000,3,885,0xf06bf3d8fba3eabeb87024a6279378f9b54c2dd7764ab7459c09f8d1fd7d6a09,805400.962416,808845.568791,3444.6063750000903,161587,25000000,,success,1,0,,,8574063
pilot_1790486476823,mint_N1000_c3,0,2026-09-27T05:34:45.038Z,zkSyncTestnet,300,sepolia.era.zksync.dev,mint,1000,3,886,0x4d8c5209aaf4ab066ab0085894d75847ae752accda45e728f3c45a40c6051b62,807270.528333,809191.915916,1921.3875830000034,161581,25000000,,success,1,0,,,8574064
pilot_1790486476823,mint_N1000_c3,0,2026-09-27T05:34:46.353Z,zkSyncTestnet,300,sepolia.era.zksync.dev,mint,1000,3,887,0x9583e040310bc065016a58cf8b98aa1f9219654f5672600b7a7998cc81332f04,807799.360125,810506.94075,2707.580624999944,161587,25000000,,success,1,0,,,8574065
pilot_1790486476823,mint_N1000_c3,0,2026-09-27T05:34:46.620Z,zkSyncTestnet,300,sepolia.era.zksync.dev,mint,1000,3,888,0xc27f1b3c4b50d23ee3f891a8d1fa52b4ca14b859fb3af4644ff7fa61d7e54293,808845.668541,810773.780208,1928.1116669999901,161581,25000000,,success,1,0,,,8574066
pilot_1790486476823,mint_N1000_c3,0,2026-09-27T05:34:47.085Z,zkSyncTestnet,300,sepolia.era.zksync.dev,mint,1000,3,889,0x71af74ad68f26f914b5c8c3e40c53fc2dcb23f3599909978487600735a173faf,809192.004041,811238.621,2046.6169590000063,161587,25000000,,success,1,0,,,8574067
pilot_1790486476823,mint_N1000_c3,0,2026-09-27T05:34:48.238Z,zkSyncTestnet,300,sepolia.era.zksync.dev,mint,1000,3,890,0xcd173c5a10a81c8c78b0d45b6a9732e1985f5217a2d2497bfebe26a10eb69fd9,810507.055291,812391.550583,1884.4952919998905,161587,25000000,,success,1,0,,,8574068
pilot_1790486476823,mint_N1000_c3,0,2026-09-27T05:34:48.637Z,zkSyncTestnet,300,sepolia.era.zksync.dev,mint,1000,3,891,0xd5a586d7a983f3cb917b2a4c271d16e6183b0faf5a120592e26a7a819e2668d9,810773.852625,812790.9,2017.0473749999655,161581,25000000,,success,1,0,,,8574069
pilot_1790486476823,mint_N1000_c3,0,2026-09-27T05:34:48.944Z,zkSyncTestnet,300,sepolia.era.zksync.dev,mint,1000,3,892,0x823a594f09462ed3b61d16309d9f4d059b9aa18fe06b998c3af787d7c60656eb,811238.719,813098.265708,1859.546708000009,161581,25000000,,success,1,0,,,8574070
pilot_1790486476823,mint_N1000_c3,0,2026-09-27T05:34:50.987Z,zkSyncTestnet,300,sepolia.era.zksync.dev,mint,1000,3,893,0x3dbe56a84fc226b8af116faaf3a6921ae1035037ae1c654b3fc4aa756cae4423,812391.655875,815140.378958,2748.7230829999316,161581,25000000,,success,1,0,,,8574071
pilot_1790486476823,mint_N1000_c3,0,2026-09-27T05:34:51.510Z,zkSyncTestnet,300,sepolia.era.zksync.dev,mint,1000,3,894,0x49c0c175b8dbf8df5e5f30648f6613b9dcb100a7ff0bf9d756d1c4de268d596b,812791.007708,815663.5495,2872.5417919999454,161587,25000000,,success,1,0,,,8574072
pilot_1790486476823,mint_N1000_c3,0,2026-09-27T05:34:52.587Z,zkSyncTestnet,300,sepolia.era.zksync.dev,mint,1000,3,895,0xd05d4e68dd3483aab076c5eaa3a051a0c07c68d48f84cb61f47b742e5d3047b0,813098.354666,816741.124583,3642.7699169999687,161587,25000000,,success,1,0,,,8574073
pilot_1790486476823,mint_N1000_c3,0,2026-09-27T05:34:52.921Z,zkSyncTestnet,300,sepolia.era.zksync.dev,mint,1000,3,896,0xac700b619edd0f09c2356985dfd7bbac035206c18ef0284a06b47a18d74b95fe,815140.485458,817075.17325,1934.6877920000115,161587,25000000,,success,1,0,,,8574074
pilot_1790486476823,mint_N1000_c3,0,2026-09-27T05:34:53.373Z,zkSyncTestnet,300,sepolia.era.zksync.dev,mint,1000,3,897,0x2c354d6f3f7cb6eed172170b5829f5a01ee177dff0b3297a1a033349779c7315,815663.655458,817526.750041,1863.09458299994,161587,25000000,,success,1,0,,,8574075
pilot_1790486476823,mint_N1000_c3,0,2026-09-27T05:34:54.911Z,zkSyncTestnet,300,sepolia.era.zksync.dev,mint,1000,3,899,0x81490da5a98511d975a660c5ec421b4370341b23d719fcb43f892d86cff4c7c3,817075.267541,819064.523083,1989.2555419999408,161587,25000000,,success,1,0,,,8574076
pilot_1790486476823,mint_N1000_c3,0,2026-09-27T05:34:54.916Z,zkSyncTestnet,300,sepolia.era.zksync.dev,mint,1000,3,898,0xc26f1c42754bf9fdd68bc3c55233df6615cf03e08c3d75f9c564f413691f6838,816741.220375,819069.932666,2328.7122909999453,161587,25000000,,success,1,0,,,8574076
pilot_1790486476823,mint_N1000_c3,0,2026-09-27T05:34:55.204Z,zkSyncTestnet,300,sepolia.era.zksync.dev,mint,1000,3,900,0xced13bd5056c64bdb8dbe896ca0cfe80991dcf1edf8293420116c4f0a55ce56e,817526.857,819357.553291,1830.6962910000002,161581,25000000,,success,1,0,,,8574077
pilot_1790486476823,mint_N1000_c3,0,2026-09-27T05:34:57.536Z,zkSyncTestnet,300,sepolia.era.zksync.dev,mint,1000,3,901,0x56e8608eb4732dbd3de7a02ca3046d97cfeb72980fd6f6fbf836d8447c4653ed,819064.628916,821690.221333,2625.592416999978,161587,25000000,,success,1,0,,,8574078
pilot_1790486476823,mint_N1000_c3,0,2026-09-27T05:34:58.853Z,zkSyncTestnet,300,sepolia.era.zksync.dev,mint,1000,3,902,0x7637c332201c5a915d0d030d41189925e58daae9a6732b0d5898c46cbf0d3bf4,819069.952166,823006.99175,3937.039584000013,161587,25000000,,success,1,0,,,8574079
pilot_1790486476823,mint_N1000_c3,0,2026-09-27T05:34:59.080Z,zkSyncTestnet,300,sepolia.era.zksync.dev,mint,1000,3,903,0x63d4d11d9d85f4d53d4551139bdc2a030f6e96aa91f1d733b1352f7180fdd96a,819357.6505,823233.679625,3876.029125000001,161581,25000000,,success,1,0,,,8574079
pilot_1790486476823,mint_N1000_c3,0,2026-09-27T05:34:59.420Z,zkSyncTestnet,300,sepolia.era.zksync.dev,mint,1000,3,904,0xe961a5135ebf2f470468f259aa157405616a2bef5e47a97a00bc0a1d0d4fef3c,821690.31775,823573.687125,1883.3693750000093,161581,25000000,,success,1,0,,,8574080
pilot_1790486476823,mint_N1000_c3,0,2026-09-27T05:35:01.688Z,zkSyncTestnet,300,sepolia.era.zksync.dev,mint,1000,3,905,0x40dcf197ecd6c972b4c9796d3e7605151eed56cd4f3cfea0b150f2896aadc725,823007.08525,825841.850458,2834.765207999968,161581,25000000,,success,1,0,,,8574081
pilot_1790486476823,mint_N1000_c3,0,2026-09-27T05:35:01.995Z,zkSyncTestnet,300,sepolia.era.zksync.dev,mint,1000,3,906,0x356e2dd740252bdb6ad474b6d5fad3e70eba6bdf5bf3fb02a5807d6487c41a0d,823233.796041,826149.210416,2915.414374999935,161587,25000000,,success,1,0,,,8574082
pilot_1790486476823,mint_N1000_c3,0,2026-09-27T05:35:02.001Z,zkSyncTestnet,300,sepolia.era.zksync.dev,mint,1000,3,907,0x40769656e9723275dcd8b6050dd093ab4c2bf288eac60e5cf58a9cbc259692d3,823573.783083,826155.155541,2581.372457999969,161587,25000000,,success,1,0,,,8574083
pilot_1790486476823,mint_N1000_c3,0,2026-09-27T05:35:04.680Z,zkSyncTestnet,300,sepolia.era.zksync.dev,mint,1000,3,908,0x856ba13a226b234822e899f6941f3161b51c99357b0a6094ce8775f54b5fdc2b,825841.9435,828833.331875,2991.3883749999804,161587,25000000,,success,1,0,,,8574084
pilot_1790486476823,mint_N1000_c3,0,2026-09-27T05:35:04.685Z,zkSyncTestnet,300,sepolia.era.zksync.dev,mint,1000,3,909,0xfe9ac6e769412b599bf579ac1ee4201ae868cb882a628da98641b0268b228cd3,826149.304833,828839.125958,2689.8211250000168,161581,25000000,,success,1,0,,,8574085
pilot_1790486476823,mint_N1000_c3,0,2026-09-27T05:35:04.980Z,zkSyncTestnet,300,sepolia.era.zksync.dev,mint,1000,3,910,0x8f4d3c6a5d7096eb2d2d8d596418abbb6ed68e8eacf10e62a1a1203987e04d3c,826155.177625,829133.397833,2978.2202080000425,161587,25000000,,success,1,0,,,8574086
pilot_1790486476823,mint_N1000_c3,0,2026-09-27T05:35:06.525Z,zkSyncTestnet,300,sepolia.era.zksync.dev,mint,1000,3,911,0xa6586cabb08f7bdea3ba5c6aa75fca00962d478fdd78b22188fd6c82810d1877,828833.444041,830679.297541,1845.8534999999683,161581,25000000,,success,1,0,,,8574087
pilot_1790486476823,mint_N1000_c3,0,2026-09-27T05:35:06.960Z,zkSyncTestnet,300,sepolia.era.zksync.dev,mint,1000,3,912,0xe93106314717e224349d728b588ce6b91d8a5a9e7a8da9d7a94cd3153fae576e,828839.147208,831114.248708,2275.101500000106,161581,25000000,,success,1,0,,,8574088
pilot_1790486476823,mint_N1000_c3,0,2026-09-27T05:35:06.993Z,zkSyncTestnet,300,sepolia.era.zksync.dev,mint,1000,3,913,0x26272541409f6c566d3c1816c9a784ca572e0998ddb7e75e0000c37539e546a2,829133.4575,831146.616708,2013.159207999939,161581,25000000,,success,1,0,,,8574088
pilot_1790486476823,mint_N1000_c3,0,2026-09-27T05:35:09.337Z,zkSyncTestnet,300,sepolia.era.zksync.dev,mint,1000,3,914,0x1f75c8082d6b7f28f0057fe62a1730c8f434e80e71f3135413f9001957875e1a,830679.399666,833491.139791,2811.740125000011,161581,25000000,,success,1,0,,,8574089
pilot_1790486476823,mint_N1000_c3,0,2026-09-27T05:35:09.469Z,zkSyncTestnet,300,sepolia.era.zksync.dev,mint,1000,3,915,0xc1cf0329c94048b6105f9990c77399f3973d922d13391784368eaab76c081869,831114.348833,833622.7685,2508.419666999951,161581,25000000,,success,1,0,,,8574090
pilot_1790486476823,mint_N1000_c3,0,2026-09-27T05:35:09.860Z,zkSyncTestnet,300,sepolia.era.zksync.dev,mint,1000,3,916,0x94fe3f436afb33a5882aca3f013ab238642903ff1a0c3df788f942bfe38d12a8,831146.664875,834014.065625,2867.40075000003,161587,25000000,,success,1,0,,,8574091
pilot_1790486476823,mint_N1000_c3,0,2026-09-27T05:35:11.187Z,zkSyncTestnet,300,sepolia.era.zksync.dev,mint,1000,3,917,0x910c957378a1466b15a8beffc21b686750ec16c5f277bb2dd3f09298a8777245,833491.27675,835340.97125,1849.6944999999832,161587,25000000,,success,1,0,,,8574092
pilot_1790486476823,mint_N1000_c3,0,2026-09-27T05:35:11.433Z,zkSyncTestnet,300,sepolia.era.zksync.dev,mint,1000,3,918,0x0bcecadcb4e23b3ee657ab34e56d7efb8f65535d1ecfdc5d8984ae58fc2471a8,833622.8355,835587.18925,1964.3537500000093,161581,25000000,,success,1,0,,,8574093
pilot_1790486476823,mint_N1000_c3,0,2026-09-27T05:35:11.700Z,zkSyncTestnet,300,sepolia.era.zksync.dev,mint,1000,3,919,0xdf97a2c979893071330b24f5b9a1fdbb3665ecfeca99f2fb6fd128caab2cde9e,834014.164208,835854.294541,1840.1303330000956,161587,25000000,,success,1,0,,,8574094
pilot_1790486476823,mint_N1000_c3,0,2026-09-27T05:35:13.415Z,zkSyncTestnet,300,sepolia.era.zksync.dev,mint,1000,3,920,0x4e199deef409daad9e1cb8ef44504ebfbee085ca06c27965d2f7d7eda34fc5de,835341.065791,837568.666166,2227.6003749999218,161581,25000000,,success,1,0,,,8574095
pilot_1790486476823,mint_N1000_c3,0,2026-09-27T05:35:14.305Z,zkSyncTestnet,300,sepolia.era.zksync.dev,mint,1000,3,921,0x150f5b1f9f9896f191ca3d133544314f9dfc1c505917719664495445a6101bec,835587.299291,838458.529208,2871.229917000048,161581,25000000,,success,1,0,,,8574096
pilot_1790486476823,mint_N1000_c3,0,2026-09-27T05:35:15.859Z,zkSyncTestnet,300,sepolia.era.zksync.dev,mint,1000,3,922,0x7d2f25563b9c96d51403224770261d5d24e9c5a31f1b17fcafa174b0f4ee45db,835854.402583,840013.062125,4158.659542000038,161581,25000000,,success,1,0,,,8574097
pilot_1790486476823,mint_N1000_c3,0,2026-09-27T05:35:16.179Z,zkSyncTestnet,300,sepolia.era.zksync.dev,mint,1000,3,923,0x8f8491191a2026b5aea1619b136b4b7c69a7965f8e9b801395372a61dd7983c1,837568.757666,840332.70575,2763.948083999916,161581,25000000,,success,1,0,,,8574098
pilot_1790486476823,mint_N1000_c3,0,2026-09-27T05:35:16.442Z,zkSyncTestnet,300,sepolia.era.zksync.dev,mint,1000,3,924,0xcd8a88db3233aa49d956bd0e506739a93e6c72a59c03f0bb8eda61a1bd4a4eca,838458.638125,840595.894666,2137.2565409999806,161587,25000000,,success,1,0,,,8574099
pilot_1790486476823,mint_N1000_c3,0,2026-09-27T05:35:18.052Z,zkSyncTestnet,300,sepolia.era.zksync.dev,mint,1000,3,926,0x2dd33b5cdab159b2212c15de5db66d5f32c5b43d6b7377662218885faada98a7,840332.814041,842205.884083,1873.0700420000358,161581,25000000,,success,1,0,,,8574101
pilot_1790486476823,mint_N1000_c3,0,2026-09-27T05:35:18.327Z,zkSyncTestnet,300,sepolia.era.zksync.dev,mint,1000,3,927,0x021dd98e75bb780a401eb63853b19d6f4af2fc004e95f83f18ebd169c3083425,840595.940166,842480.293125,1884.3529589999234,161581,25000000,,success,1,0,,,8574102
pilot_1790486476823,mint_N1000_c3,0,2026-09-27T05:35:18.573Z,zkSyncTestnet,300,sepolia.era.zksync.dev,mint,1000,3,925,0x0c272581c4f8059145c5a5c00163108be64c3e84cf78924d5a1f41ddef893b25,840013.181166,842727.274583,2714.0934170000255,161587,25000000,,success,1,0,,,8574100
pilot_1790486476823,mint_N1000_c3,0,2026-09-27T05:35:20.059Z,zkSyncTestnet,300,sepolia.era.zksync.dev,mint,1000,3,928,0x98e9ef3cdac7ac621c54194a855a7fc001f9b6053a4deda6926d7afcb922c82b,842205.997375,844212.970625,2006.9732499999227,161587,25000000,,success,1,0,,,8574103
pilot_1790486476823,mint_N1000_c3,0,2026-09-27T05:35:20.134Z,zkSyncTestnet,300,sepolia.era.zksync.dev,mint,1000,3,929,0x9ccc8446b52e1630c6b48fdc6f230408d25c36719979c4c2de81006d8ce39dfa,842480.386416,844287.738125,1807.3517090000678,161581,25000000,,success,1,0,,,8574104
pilot_1790486476823,mint_N1000_c3,0,2026-09-27T05:35:21.294Z,zkSyncTestnet,300,sepolia.era.zksync.dev,mint,1000,3,930,0xcd6911d0c9e7f6dd921cffcefe6871ca9e7ec1b775e38ec552c4fa96063147c3,842727.390083,845447.374625,2719.9845420001075,161581,25000000,,success,1,0,,,8574104
pilot_1790486476823,mint_N1000_c3,0,2026-09-27T05:35:24.823Z,zkSyncTestnet,300,sepolia.era.zksync.dev,mint,1000,3,931,0xceda8280668a450076560761b8d3c40cb5d4fcb1723d9692630ec67ea91833bd,844213.083833,848977.028833,4763.944999999949,161581,25000000,,success,1,0,,,8574105
pilot_1790486476823,mint_N1000_c3,0,2026-09-27T05:35:24.887Z,zkSyncTestnet,300,sepolia.era.zksync.dev,mint,1000,3,933,0x4d29ce06c6e4a72869276fdaafd434e423e0eed382018bb6f46a06908ef05188,845447.471166,849040.681458,3593.2102919999743,161581,25000000,,success,1,0,,,8574106
pilot_1790486476823,mint_N1000_c3,0,2026-09-27T05:35:25.317Z,zkSyncTestnet,300,sepolia.era.zksync.dev,mint,1000,3,932,0xdf7e52b90570335fb9dcc8df27c17a666704b0fb158e3b048a9688448af6373f,844287.828291,849470.997791,5183.16949999996,161587,25000000,,success,1,0,,,8574106
pilot_1790486476823,mint_N1000_c3,0,2026-09-27T05:35:26.682Z,zkSyncTestnet,300,sepolia.era.zksync.dev,mint,1000,3,934,0x88b972712695f50014da75ba5740dc4f3bc191c8cb291f2285c6005293f7cc73,848977.134041,850835.715916,1858.5818749999162,161581,25000000,,success,1,0,,,8574107
pilot_1790486476823,mint_N1000_c3,0,2026-09-27T05:35:28.211Z,zkSyncTestnet,300,sepolia.era.zksync.dev,mint,1000,3,936,0x0ff154783698e48ff499c41b8fa3b6c6b6cc24d91cbffbe4f63b005d9b3192c4,849471.131625,852364.973625,2893.841999999946,161587,25000000,,success,1,0,,,8574109
pilot_1790486476823,mint_N1000_c3,0,2026-09-27T05:35:28.734Z,zkSyncTestnet,300,sepolia.era.zksync.dev,mint,1000,3,937,0x5902abdf53a3962c7cf398a2f55284ca9dc06a0d85a7e0405b958d07cfb39c92,850835.812916,852887.282833,2051.469916999922,161581,25000000,,success,1,0,,,8574110
pilot_1790486476823,mint_N1000_c3,0,2026-09-27T05:35:28.739Z,zkSyncTestnet,300,sepolia.era.zksync.dev,mint,1000,3,935,0xeb30d91c8e7738a91f908598ae4cb4ec5639641c0cbdf67cf53d3b9915061dc6,849040.740375,852892.554583,3851.814207999967,161587,25000000,,success,1,0,,,8574108
pilot_1790486476823,mint_N1000_c3,0,2026-09-27T05:35:30.460Z,zkSyncTestnet,300,sepolia.era.zksync.dev,mint,1000,3,938,0xa6bc548658315b9c3419b2e08b84078d16cae0f7b2b0084a814bf1cf5cff48c1,852365.055,854614.2435,2249.188499999931,161587,25000000,,success,1,0,,,8574111
pilot_1790486476823,mint_N1000_c3,0,2026-09-27T05:35:30.605Z,zkSyncTestnet,300,sepolia.era.zksync.dev,mint,1000,3,939,0x9f5ae3c78ba8ab977ad99fb80b2df736752736f4638fa31b5b381b8739c82919,852887.377416,854758.724125,1871.3467089999467,161587,25000000,,success,1,0,,,8574112
pilot_1790486476823,mint_N1000_c3,0,2026-09-27T05:35:31.877Z,zkSyncTestnet,300,sepolia.era.zksync.dev,mint,1000,3,940,0xcf04fdde3f4d3bd45eb73fe3d1565cc81ecd77ca939439a58ac10ef8903f00ee,852892.574083,856031.035916,3138.4618330000667,161587,25000000,,success,1,0,,,8574113
pilot_1790486476823,mint_N1000_c3,0,2026-09-27T05:35:32.397Z,zkSyncTestnet,300,sepolia.era.zksync.dev,mint,1000,3,941,0x502bbaa86bd3e93aad25ca79a8025e3b8f077c8c33f94f474e2364a2d8c7ba90,854614.348791,856550.753,1936.4042090000585,161587,25000000,,success,1,0,,,8574114
pilot_1790486476823,mint_N1000_c3,0,2026-09-27T05:35:33.232Z,zkSyncTestnet,300,sepolia.era.zksync.dev,mint,1000,3,942,0xbc748990b5bc02ccee086461b2b91127ab160da266065dfe38d98b00aa220c82,854758.804,857386.0965,2627.2924999999814,161587,25000000,,success,1,0,,,8574115
pilot_1790486476823,mint_N1000_c3,0,2026-09-27T05:35:33.720Z,zkSyncTestnet,300,sepolia.era.zksync.dev,mint,1000,3,943,0xe3236308eff5e2ff6b258d09a10f9fbd4390cdf0e5bc518f68b29e8ebe6a6364,856031.121,857873.981791,1842.8607909999555,161587,25000000,,success,1,0,,,8574116
pilot_1790486476823,mint_N1000_c3,0,2026-09-27T05:35:34.309Z,zkSyncTestnet,300,sepolia.era.zksync.dev,mint,1000,3,944,0xf86c198dd208dca8592c35d0dfa1ba0ca3755a5d1eb4bb241c13a4813afdc980,856550.813291,858463.225458,1912.4121670000022,161587,25000000,,success,1,0,,,8574117
pilot_1790486476823,mint_N1000_c3,0,2026-09-27T05:35:35.909Z,zkSyncTestnet,300,sepolia.era.zksync.dev,mint,1000,3,945,0x86aac5c8ee94de249c2a70045ce65d3f5a18a254504eabc928ba1b4949a5683c,857386.202333,860062.528625,2676.3262920000125,161587,25000000,,success,1,0,,,8574118
pilot_1790486476823,mint_N1000_c3,0,2026-09-27T05:35:38.429Z,zkSyncTestnet,300,sepolia.era.zksync.dev,mint,1000,3,946,0x9e0e6b7ab48611e01f07c64b2cbde72c013b882a4611ffa66096f194e8d2fe09,857874.055875,862582.698708,4708.642833000049,161581,25000000,,success,1,0,,,8574120
pilot_1790486476823,mint_N1000_c3,0,2026-09-27T05:35:38.692Z,zkSyncTestnet,300,sepolia.era.zksync.dev,mint,1000,3,947,0x2c7664e8d4a64e96f696dd0a4fdb03c1f9c7d96b5e53805db222c10f8e85c925,858463.30175,862845.356625,4382.054875000031,161581,25000000,,success,1,0,,,8574121
pilot_1790486476823,mint_N1000_c3,0,2026-09-27T05:35:39.227Z,zkSyncTestnet,300,sepolia.era.zksync.dev,mint,1000,3,948,0x90d086cf19b925e47a3a202dcfcc95dcedb85205b50e810962206a48e07b4052,860062.637208,863380.806958,3318.169750000001,161587,25000000,,success,1,0,,,8574122
pilot_1790486476823,mint_N1000_c3,0,2026-09-27T05:35:40.320Z,zkSyncTestnet,300,sepolia.era.zksync.dev,mint,1000,3,949,0xbee9af8bf1157bbcf2d57bfbed6c557e2e5ab8b699849ee31f884445c118d342,862582.796375,864473.972833,1891.1764579999726,161581,25000000,,success,1,0,,,8574123
pilot_1790486476823,mint_N1000_c3,0,2026-09-27T05:35:40.581Z,zkSyncTestnet,300,sepolia.era.zksync.dev,mint,1000,3,950,0xbf355a388f32ebe61d2586bac63a61c71839cf278fb7e462741bd085f0c430c2,862845.44825,864734.267333,1888.8190829999512,161581,25000000,,success,1,0,,,8574123
pilot_1790486476823,mint_N1000_c3,0,2026-09-27T05:35:41.124Z,zkSyncTestnet,300,sepolia.era.zksync.dev,mint,1000,3,951,0x0a6d8e1bdb732827b5bd51cbc39e3bea7789235149f10db7037a46bd534dd104,863380.910833,865277.871291,1896.9604580000741,161587,25000000,,success,1,0,,,8574124
pilot_1790486476823,mint_N1000_c3,0,2026-09-27T05:35:42.366Z,zkSyncTestnet,300,sepolia.era.zksync.dev,mint,1000,3,952,0xf04f157cda00a3112cdd42a09c71ea416ab74f32245091f75cf0f7a75626485b,864474.076291,866519.656208,2045.5799170000246,161587,25000000,,success,1,0,,,8574125
pilot_1790486476823,mint_N1000_c3,0,2026-09-27T05:35:43.961Z,zkSyncTestnet,300,sepolia.era.zksync.dev,mint,1000,3,953,0x528fb75a096e0e6b886570ef2fed1d42ea998885e989ec440abd8a0bde6dbcb5,864734.344875,868114.913583,3380.568708000006,161581,25000000,,success,1,0,,,8574126
pilot_1790486476823,mint_N1000_c3,0,2026-09-27T05:35:47.315Z,zkSyncTestnet,300,sepolia.era.zksync.dev,mint,1000,3,955,0x5ba28d25da860a92b7bbbce3e8e16a5647bdd70a3cddaeeb99e30af1e72c21fa,866519.767,871468.3245,4948.557499999995,161587,25000000,,success,1,0,,,8574127
pilot_1790486476823,mint_N1000_c3,0,2026-09-27T05:35:47.607Z,zkSyncTestnet,300,sepolia.era.zksync.dev,mint,1000,3,954,0x772b53fa0ca6c92ac37b2d3cbd624fed8284e2d66102ba8d39fd6e22c529c277,865277.979875,871760.572,6482.592125000083,161581,25000000,,success,1,0,,,8574127
pilot_1790486476823,mint_N1000_c3,0,2026-09-27T05:35:47.969Z,zkSyncTestnet,300,sepolia.era.zksync.dev,mint,1000,3,956,0x25d0cebd0d04c22e08a5aa33ef7d0844aa83b7127614627f0b8cd562b2c058d5,868115.007166,872122.849541,4007.8423750000075,161581,25000000,,success,1,0,,,8574128
pilot_1790486476823,mint_N1000_c3,0,2026-09-27T05:35:49.788Z,zkSyncTestnet,300,sepolia.era.zksync.dev,mint,1000,3,957,0xefbd1fba70a12a1782a8f8457f7658fc5b60f526036e136821e7e375d66a1d45,871468.412666,873941.307791,2472.895125000039,161581,25000000,,success,1,0,,,8574129
pilot_1790486476823,mint_N1000_c3,0,2026-09-27T05:35:50.317Z,zkSyncTestnet,300,sepolia.era.zksync.dev,mint,1000,3,958,0x37738581a6c60b38ceeeb5554d486a4c027935b1939f5dfe698438445a8ce5a6,871760.657541,874470.959083,2710.3015419999138,161587,25000000,,success,1,0,,,8574130
pilot_1790486476823,mint_N1000_c3,0,2026-09-27T05:35:51.532Z,zkSyncTestnet,300,sepolia.era.zksync.dev,mint,1000,3,959,0xb49234c8a4e4feec178549b079f73d047df16808ba30ac770729b8223626c4ee,872122.950083,875685.591875,3562.6417920000385,161587,25000000,,success,1,0,,,8574131
pilot_1790486476823,mint_N1000_c3,0,2026-09-27T05:35:51.862Z,zkSyncTestnet,300,sepolia.era.zksync.dev,mint,1000,3,960,0x7a6dbfbf3110ae9ebc0165f12a0adf30907bb8ff0874a953d8269541f06c733c,873941.426791,876015.708416,2074.2816250000615,161587,25000000,,success,1,0,,,8574132
pilot_1790486476823,mint_N1000_c3,0,2026-09-27T05:35:54.155Z,zkSyncTestnet,300,sepolia.era.zksync.dev,mint,1000,3,961,0x33f42ba77aabd87fb5feab770250c73d5a3ea651ff52153ef00b773a21611a02,874471.066875,878308.4405,3837.3736250000075,161581,25000000,,success,1,0,,,8574133
pilot_1790486476823,mint_N1000_c3,0,2026-09-27T05:35:55.470Z,zkSyncTestnet,300,sepolia.era.zksync.dev,mint,1000,3,963,0x23ae6f319604fc2e8cc13b76dae467ba9b7cc57e02a96b31e166e9b26cdb201e,876015.811875,879624.165916,3608.3540410000132,161587,25000000,,success,1,0,,,8574135
pilot_1790486476823,mint_N1000_c3,0,2026-09-27T05:35:55.725Z,zkSyncTestnet,300,sepolia.era.zksync.dev,mint,1000,3,962,0x930996a06193d6ca052f5d1cd10c642e46564ca8a99f66c5d4e914cbc221ba76,875685.67775,879878.73875,4193.060999999987,161581,25000000,,success,1,0,,,8574135
pilot_1790486476823,mint_N1000_c3,0,2026-09-27T05:35:56.053Z,zkSyncTestnet,300,sepolia.era.zksync.dev,mint,1000,3,964,0xdc49910d32d616533be086bf29427659a5ae1b7d5024a9bb8772b2cf6e97e6c7,878308.533291,880206.453625,1897.9203339999076,161587,25000000,,success,1,0,,,8574136
pilot_1790486476823,mint_N1000_c3,0,2026-09-27T05:35:57.368Z,zkSyncTestnet,300,sepolia.era.zksync.dev,mint,1000,3,965,0x245ae502efdaa66f3134204d19fbd545fd1a09391069dd58938449e8ffffee5c,879624.278583,881522.157291,1897.878708000062,161587,25000000,,success,1,0,,,8574137
pilot_1790486476823,mint_N1000_c3,0,2026-09-27T05:35:58.521Z,zkSyncTestnet,300,sepolia.era.zksync.dev,mint,1000,3,966,0xc549cf3ceb668643a0c6128c662db01b6ce8bae5b0ca343ce0dc2e36471a778d,879878.824458,882674.3765,2795.5520419999957,161587,25000000,,success,1,0,,,8574138
pilot_1790486476823,mint_N1000_c3,0,2026-09-27T05:35:59.514Z,zkSyncTestnet,300,sepolia.era.zksync.dev,mint,1000,3,967,0xbad7972f101d4b949b8f8aa58781622dcb240ce3fa6098871b9c7da1fc7477fd,880206.522041,883667.27325,3460.751209000009,161587,25000000,,success,1,0,,,8574139
pilot_1790486476823,mint_N1000_c3,0,2026-09-27T05:35:59.930Z,zkSyncTestnet,300,sepolia.era.zksync.dev,mint,1000,3,968,0x4cbde77c4edc5ae0a751dc98b8a8781874788a29a2437898edcbe42a1c1eefc0,881522.234875,884083.550083,2561.3152080000145,161587,25000000,,success,1,0,,,8574140
pilot_1790486476823,mint_N1000_c3,0,2026-09-27T05:36:00.571Z,zkSyncTestnet,300,sepolia.era.zksync.dev,mint,1000,3,969,0x7ada0e13704df3ee55c0ee58ec323dab59ad08e83e9fadf8d22857aa3d66e86d,882674.466458,884725.129416,2050.6629579999717,161581,25000000,,success,1,0,,,8574141
pilot_1790486476823,mint_N1000_c3,0,2026-09-27T05:36:02.316Z,zkSyncTestnet,300,sepolia.era.zksync.dev,mint,1000,3,970,0xc7652d7531001758859c9a1344afb0c92ebe8b0cb8fd6a620ee69ec24aa5f7a0,883667.38675,886470.136583,2802.749833000009,161468,25000000,,success,1,0,,,8574142
pilot_1790486476823,mint_N1000_c3,0,2026-09-27T05:36:02.627Z,zkSyncTestnet,300,sepolia.era.zksync.dev,mint,1000,3,971,0x2fbf25575ebafd2fc7764d4b81742d645d381f9d6cc09df8a0d9068e954228cc,884083.638083,886780.999416,2697.361333000008,161581,25000000,,success,1,0,,,8574143
pilot_1790486476823,mint_N1000_c3,0,2026-09-27T05:36:03.865Z,zkSyncTestnet,300,sepolia.era.zksync.dev,mint,1000,3,972,0x4da6a0dcceef9f111de8d46ec9e4d7f064adc8519ef50a3a533e51adb0b79065,884725.276208,888018.572833,3293.296624999959,161581,25000000,,success,1,0,,,8574144
pilot_1790486476823,mint_N1000_c3,0,2026-09-27T05:36:04.386Z,zkSyncTestnet,300,sepolia.era.zksync.dev,mint,1000,3,973,0x87905a7e6b2a1e9d7337776be11012bae873461e7dd1ca5cc9a88ea544e6071a,886470.241875,888539.529333,2069.287458000006,161587,25000000,,success,1,0,,,8574145
pilot_1790486476823,mint_N1000_c3,0,2026-09-27T05:36:04.533Z,zkSyncTestnet,300,sepolia.era.zksync.dev,mint,1000,3,974,0x09665d0c7a59ea7e90ec5795fb75a97eaedaee34f8874f5034609d5cced82ffb,886781.095416,888686.945375,1905.8499590000138,161581,25000000,,success,1,0,,,8574146
pilot_1790486476823,mint_N1000_c3,0,2026-09-27T05:36:06.200Z,zkSyncTestnet,300,sepolia.era.zksync.dev,mint,1000,3,975,0x280685b07f3984620da181e37ecec9ca09167ae23c4481014ec7bb9ac2200b44,888018.65325,890353.37975,2334.7264999999898,161581,25000000,,success,1,0,,,8574147
pilot_1790486476823,mint_N1000_c3,0,2026-09-27T05:36:06.269Z,zkSyncTestnet,300,sepolia.era.zksync.dev,mint,1000,3,976,0x8f0c6102646e4a3fc0c146ef2d426e3c09565ada0390082167fb7ce46f4df9e4,888539.610958,890422.979833,1883.3688750000438,161581,25000000,,success,1,0,,,8574147
pilot_1790486476823,mint_N1000_c3,0,2026-09-27T05:36:06.482Z,zkSyncTestnet,300,sepolia.era.zksync.dev,mint,1000,3,977,0xb1c1020464ab8af8168902de0025d95c8e53db5876b589bebaed767f83e69858,888687.008625,890635.976291,1948.9676660000114,161581,25000000,,success,1,0,,,8574148
pilot_1790486476823,mint_N1000_c3,0,2026-09-27T05:36:08.319Z,zkSyncTestnet,300,sepolia.era.zksync.dev,mint,1000,3,978,0x2c91b71d66ea42276dfdd4066d0e9cd1cb6c46a0d7760fe6e57571d8eb42c893,890353.493791,892472.930083,2119.4362919999985,161587,25000000,,success,1,0,,,8574149
pilot_1790486476823,mint_N1000_c3,0,2026-09-27T05:36:08.580Z,zkSyncTestnet,300,sepolia.era.zksync.dev,mint,1000,3,979,0x04a9eb1a92fb13b5032501c1ae749dae1c9c550ba1df1dca645ebebed8bf4d65,890423.037916,892733.615708,2310.5777920000255,161581,25000000,,success,1,0,,,8574150
pilot_1790486476823,mint_N1000_c3,0,2026-09-27T05:36:09.193Z,zkSyncTestnet,300,sepolia.era.zksync.dev,mint,1000,3,980,0xf16987acf9310618e5d755e40efde9c081b2d0f0f39885a30f0465d78a571e17,890636.036625,893346.912833,2710.8762080000015,161581,25000000,,success,1,0,,,8574151
pilot_1790486476823,mint_N1000_c3,0,2026-09-27T05:36:10.160Z,zkSyncTestnet,300,sepolia.era.zksync.dev,mint,1000,3,981,0x5ebdbed09dc2341d099e5c6dcab9460bc4d6cee8e20f38017d029978d2d7b7ae,892473.04225,894313.542833,1840.500582999899,161587,25000000,,success,1,0,,,8574152
pilot_1790486476823,mint_N1000_c3,0,2026-09-27T05:36:10.403Z,zkSyncTestnet,300,sepolia.era.zksync.dev,mint,1000,3,982,0x6b56bf7612dac9428d270a1d8741afe45ff2a5c1292ff06f657eee28764e0225,892733.685583,894557.015041,1823.329458000022,161587,25000000,,success,1,0,,,8574152
pilot_1790486476823,mint_N1000_c3,0,2026-09-27T05:36:11.204Z,zkSyncTestnet,300,sepolia.era.zksync.dev,mint,1000,3,983,0x2dbd67ecd89288456bf8113d0e99b4bf41abf222b44094829973bac3ff32368e,893347.00225,895357.624958,2010.6227080000099,161581,25000000,,success,1,0,,,8574153
pilot_1790486476823,mint_N1000_c3,0,2026-09-27T05:36:11.999Z,zkSyncTestnet,300,sepolia.era.zksync.dev,mint,1000,3,984,0x649f888b5d4f8c50596514a7b4cd8104d5524ca22dbb7e0ca9558109389be3f6,894313.646333,896152.677375,1839.0310419999296,161587,25000000,,success,1,0,,,8574154
pilot_1790486476823,mint_N1000_c3,0,2026-09-27T05:36:12.293Z,zkSyncTestnet,300,sepolia.era.zksync.dev,mint,1000,3,985,0xe512c293b2bd25db77f8c26395ac3dfdb49f7413e0e7963fe2a758eeb14ad7e4,894557.102458,896446.242916,1889.140458000009,161468,25000000,,success,1,0,,,8574155
pilot_1790486476823,mint_N1000_c3,0,2026-09-27T05:36:13.082Z,zkSyncTestnet,300,sepolia.era.zksync.dev,mint,1000,3,986,0x35d5fb897014053cd1a47fb422a63b93a13daa9471d0b030f380a5d21acfbbb8,895357.735916,897236.145458,1878.4095420000376,161581,25000000,,success,1,0,,,8574156
pilot_1790486476823,mint_N1000_c3,0,2026-09-27T05:36:13.911Z,zkSyncTestnet,300,sepolia.era.zksync.dev,mint,1000,3,987,0x77777d798f47f60e0747d462e2ba3ce743d5df4cdcb50da76f8d6a3750e87263,896152.730291,898064.565708,1911.8354169999948,161587,25000000,,success,1,0,,,8574157
pilot_1790486476823,mint_N1000_c3,0,2026-09-27T05:36:14.156Z,zkSyncTestnet,300,sepolia.era.zksync.dev,mint,1000,3,988,0x1a94ba8a38924257a4163e82cfae10be15a8e34b8029da1916c337d4f1ae3e44,896446.290416,898310.053708,1863.763292000047,161581,25000000,,success,1,0,,,8574158
pilot_1790486476823,mint_N1000_c3,0,2026-09-27T05:36:15.098Z,zkSyncTestnet,300,sepolia.era.zksync.dev,mint,1000,3,989,0x5eb9ea369497ea17173249135ea4b28e58913feaabaac141e3dd0ad024f81cff,897236.197583,899251.167333,2014.9697500000475,161581,25000000,,success,1,0,,,8574159
pilot_1790486476823,mint_N1000_c3,0,2026-09-27T05:36:16.497Z,zkSyncTestnet,300,sepolia.era.zksync.dev,mint,1000,3,990,0xd76bc22272a2385f981375664816cffdd3102a00b5876c138b061438c0d8280a,898064.67575,900650.345916,2585.670165999909,161581,25000000,,success,1,0,,,8574160
pilot_1790486476823,mint_N1000_c3,0,2026-09-27T05:36:17.607Z,zkSyncTestnet,300,sepolia.era.zksync.dev,mint,1000,3,991,0xcb6e2104a5e14725d865629cee919449450941171b76db7892f64eca717936ac,898310.158416,901760.139666,3449.98125000007,161581,25000000,,success,1,0,,,8574161
pilot_1790486476823,mint_N1000_c3,0,2026-09-27T05:36:17.830Z,zkSyncTestnet,300,sepolia.era.zksync.dev,mint,1000,3,992,0x920f48238609bc20783fdcd6e5c4bf0240b9c23699c3633ea57e98a77ef3f398,899251.257541,901983.975416,2732.717874999973,161587,25000000,,success,1,0,,,8574161
pilot_1790486476823,mint_N1000_c3,0,2026-09-27T05:36:19.593Z,zkSyncTestnet,300,sepolia.era.zksync.dev,mint,1000,3,993,0xfaf3dab87b4e37205b38e1c21f0e737b87f6ea99375660c9cea1d95e6e8ce629,900650.452,903747.082958,3096.630957999965,161581,25000000,,success,1,0,,,8574162
pilot_1790486476823,mint_N1000_c3,0,2026-09-27T05:36:19.661Z,zkSyncTestnet,300,sepolia.era.zksync.dev,mint,1000,3,994,0x9abac8977170b512cf53abd921f24067f466e52cbe8ad50434569f7d9e400ae4,901760.233541,903814.52125,2054.2877089999383,161581,25000000,,success,1,0,,,8574162
pilot_1790486476823,mint_N1000_c3,0,2026-09-27T05:36:19.836Z,zkSyncTestnet,300,sepolia.era.zksync.dev,mint,1000,3,995,0x6ba2c15e703546563e12078e06ac2039f7aec88ac22121d0549d6011140eaacd,901984.069708,903989.35025,2005.280541999964,161587,25000000,,success,1,0,,,8574163
pilot_1790486476823,mint_N1000_c3,0,2026-09-27T05:36:21.487Z,zkSyncTestnet,300,sepolia.era.zksync.dev,mint,1000,3,996,0x154543550e8ec79cf112aae2ad3457da17a7b43d1d093e0a725c1ce2dee65b12,903747.161666,905641.104875,1893.9432089999318,161581,25000000,,success,1,0,,,8574164
pilot_1790486476823,mint_N1000_c3,0,2026-09-27T05:36:21.684Z,zkSyncTestnet,300,sepolia.era.zksync.dev,mint,1000,3,997,0x829c7f70d4743797bd3fa34d7efbf1f306f0aae7c404a04e8a339d9aac7ac207,903814.596666,905837.321916,2022.7252500000177,161587,25000000,,success,1,0,,,8574165
pilot_1790486476823,mint_N1000_c3,0,2026-09-27T05:36:21.766Z,zkSyncTestnet,300,sepolia.era.zksync.dev,mint,1000,3,998,0x7e2a5acfb066bc378ac3292c53caa1885d778ae978827955bd748a9a780a5ede,903989.416375,905919.141125,1929.7247499999357,161587,25000000,,success,1,0,,,8574165
pilot_1790486476823,mint_N1000_c3,0,2026-09-27T05:36:23.531Z,zkSyncTestnet,300,sepolia.era.zksync.dev,mint,1000,3,999,0x131836fa63590554231ca73a71b3a0aa2a33bfde18825de27452687208c0a26e,905641.202083,907684.752791,2043.550707999966,161587,25000000,,success,1,0,,,8574166
pilot_1790486476823,mint_N1000_c3,0,2026-09-27T05:36:23.780Z,zkSyncTestnet,300,sepolia.era.zksync.dev,mint,1000,3,1000,0x817e80296d6ff539be010db7b3e2906f906641ec7947bd8c0523dfdc006450f1,905837.381166,907933.331541,2095.950375000015,161587,25000000,,success,1,0,,,8574167
pilot_1790486476823,mint_N1000_c3,0,2026-09-27T05:36:25.069Z,zkSyncTestnet,300,sepolia.era.zksync.dev,mint,1000,3,1001,0x1c90a6407ff4e82826452f2cc130013e1c2f3b323346bd8c2fc4ae303968ff9c,905919.20875,909222.291166,3303.082415999961,161587,25000000,,success,1,0,,,8574168
pilot_1790486476823,mint_N1000_c3,0,2026-09-27T05:36:25.472Z,zkSyncTestnet,300,sepolia.era.zksync.dev,mint,1000,3,1002,0x652819b76734616a6462fbec15c64d0a8a724ba999a2299d42bc966a9fd43bfc,907684.841416,909625.6445,1940.8030840000138,161581,25000000,,success,1,0,,,8574169
pilot_1790486476823,mint_N1000_c3,0,2026-09-27T05:36:25.655Z,zkSyncTestnet,300,sepolia.era.zksync.dev,mint,1000,3,1003,0x43125f83880c7405bddf21ef555a476f501483e280dc1b14eeb6775560bb2397,907933.37175,909808.651416,1875.2796659999294,161587,25000000,,success,1,0,,,8574170
pilot_1790486476823,mint_N1000_c3,0,2026-09-27T05:36:27.023Z,zkSyncTestnet,300,sepolia.era.zksync.dev,mint,1000,3,1004,0x51df2c829112269342f1037bf214fa289082557eb6e70a5a753605d5266c6985,909222.384916,911176.548708,1954.1637920000358,161587,25000000,,success,1,0,,,8574172
pilot_1790486476823,mint_N1000_c3,0,2026-09-27T05:36:27.459Z,zkSyncTestnet,300,sepolia.era.zksync.dev,mint,1000,3,1005,0xd3145adc8a6e6985be727957328b43f5206d9c06603d920edb83d1a4ec2bc74f,909625.728125,911612.661125,1986.9329999999609,161581,25000000,,success,1,0,,,8574173
pilot_1790486476823,mint_N1000_c3,0,2026-09-27T05:36:27.556Z,zkSyncTestnet,300,sepolia.era.zksync.dev,mint,1000,3,1006,0x5e0ecef0339336c92a3e09e1cc9098bbfc9fceaef8d092f034f1b9dad861ff1a,909808.711041,911710.01725,1901.3062090000603,161587,25000000,,success,1,0,,,8574174
pilot_1790486476823,mint_N1000_c3,0,2026-09-27T05:36:29.793Z,zkSyncTestnet,300,sepolia.era.zksync.dev,mint,1000,3,1007,0xdbf145c05ec31c7fd8f8c35f6d61ecc8a4401c8a290f08430fff747d1f1bbb76,911176.649625,913946.629458,2769.9798329999903,161587,25000000,,success,1,0,,,8574175
pilot_1790486476823,mint_N1000_c3,0,2026-09-27T05:36:30.969Z,zkSyncTestnet,300,sepolia.era.zksync.dev,mint,1000,3,1009,0x02de4d6b1da5bd6dc0a6c97da1d3f9ed86547a7bb3724c39f24af6a43b74b7a9,911710.079708,915123.0885,3413.008792000008,161587,25000000,,success,1,0,,,8574176
pilot_1790486476823,mint_N1000_c3,0,2026-09-27T05:36:31.235Z,zkSyncTestnet,300,sepolia.era.zksync.dev,mint,1000,3,1008,0x0819a8738cc1bbc6e63b49c32714bdcb0169e46c88b2e5a1193023d8f396a1b4,911612.777541,915388.526625,3775.74908400001,161587,25000000,,success,1,0,,,8574176
pilot_1790486476823,mint_N1000_c3,0,2026-09-27T05:36:32.987Z,zkSyncTestnet,300,sepolia.era.zksync.dev,mint,1000,3,1010,0x5f21390de56577438c32f74ee26bbe954d764ab18054151435900e83f3f5513c,913946.738625,917140.537291,3193.798666000017,161581,25000000,,success,1,0,,,8574177
pilot_1790486476823,mint_N1000_c3,0,2026-09-27T05:36:33.814Z,zkSyncTestnet,300,sepolia.era.zksync.dev,mint,1000,3,1012,0xe3ba7059af156f30184a1d12e22b90d48802e57bd40f5e3bc7851277385f08b8,915388.620958,917967.834875,2579.2139169999864,161587,25000000,,success,1,0,,,8574178
pilot_1790486476823,mint_N1000_c3,0,2026-09-27T05:36:35.131Z,zkSyncTestnet,300,sepolia.era.zksync.dev,mint,1000,3,1011,0x2c5518706479e72de3bc9987642a2e7f485f38524c1394e6b04cf11e9c95af1b,915123.188916,919284.412,4161.223084000056,161587,25000000,,success,1,0,,,8574178
pilot_1790486476823,mint_N1000_c3,0,2026-09-27T05:36:35.848Z,zkSyncTestnet,300,sepolia.era.zksync.dev,mint,1000,3,1014,0xd2e0b1e6c79e13918b29b35020abc41cb54bd77ac63b3a426c864b708327f35d,917967.940416,920001.40325,2033.4628340000054,161587,25000000,,success,1,0,,,8574179
pilot_1790486476823,mint_N1000_c3,0,2026-09-27T05:36:35.853Z,zkSyncTestnet,300,sepolia.era.zksync.dev,mint,1000,3,1013,0xbd5711ebb3bb25aa51b2b6e98a8867a6735c499bcac23293918bf019c66b31e8,917140.631708,920006.49675,2865.8650420000777,161581,25000000,,success,1,0,,,8574179
pilot_1790486476823,mint_N1000_c3,0,2026-09-27T05:36:37.134Z,zkSyncTestnet,300,sepolia.era.zksync.dev,mint,1000,3,1015,0xfa86c4871975a94c8a0b34ad4f3aa1e7d7eed62581cb6b68a5e2ea507be8fa00,919284.508125,921287.236333,2002.7282079999568,161581,25000000,,success,1,0,,,8574180
pilot_1790486476823,mint_N1000_c3,0,2026-09-27T05:36:37.750Z,zkSyncTestnet,300,sepolia.era.zksync.dev,mint,1000,3,1016,0xd81b4923c085ecb63d3af9c996af1f992ab0f86a71e5bddc43e33a0554949366,920001.50325,921903.263458,1901.7602080000797,161587,25000000,,success,1,0,,,8574181
pilot_1790486476823,mint_N1000_c3,0,2026-09-27T05:36:38.991Z,zkSyncTestnet,300,sepolia.era.zksync.dev,mint,1000,3,1017,0x4e9f441d1809468ab7220a3d402038d3dc3509df6a33c2ca9969c4196ddd859b,920006.518041,923145.072958,3138.5549170000013,161581,25000000,,success,1,0,,,8574182
pilot_1790486476823,mint_N1000_c3,0,2026-09-27T05:36:40.040Z,zkSyncTestnet,300,sepolia.era.zksync.dev,mint,1000,3,1018,0xd384ddcdf59801162439e44703de5faab23c5e5812e3b3213b407abc78f24322,921287.305166,924193.477791,2906.1726250000065,161587,25000000,,success,1,0,,,8574183
pilot_1790486476823,mint_N1000_c3,0,2026-09-27T05:36:41.404Z,zkSyncTestnet,300,sepolia.era.zksync.dev,mint,1000,3,1019,0xb0afc7804a579c29d66a07da2afc045f0e6d5de23029ad2da4d3f7c5cc7ef1e1,921903.362208,925557.416166,3654.0539579999167,161587,25000000,,success,1,0,,,8574184
pilot_1790486476823,mint_N1000_c3,0,2026-09-27T05:36:41.911Z,zkSyncTestnet,300,sepolia.era.zksync.dev,mint,1000,3,1021,0x8922b5fe3456c1b097387841631912ce01d9c4d30ae5e6cd113406faea7138a8,924193.590791,926065.0065,1871.4157089999644,161587,25000000,,success,1,0,,,8574185
pilot_1790486476823,mint_N1000_c3,0,2026-09-27T05:36:42.135Z,zkSyncTestnet,300,sepolia.era.zksync.dev,mint,1000,3,1020,0x106633c71bdb05934eb0dbcfa15f84375bdb6da627e0b70776139d3b759c4e6e,923145.177541,926288.8455,3143.6679590001004,161587,25000000,,success,1,0,,,8574185
pilot_1790486476823,mint_N1000_c3,0,2026-09-27T05:36:43.802Z,zkSyncTestnet,300,sepolia.era.zksync.dev,mint,1000,3,1023,0x573b780ff3e66015835ddbea358907a25657e174bc7f1735462ec607c55ba765,926065.113125,927955.882166,1890.769040999934,161581,25000000,,success,1,0,,,8574186
pilot_1790486476823,mint_N1000_c3,0,2026-09-27T05:36:43.947Z,zkSyncTestnet,300,sepolia.era.zksync.dev,mint,1000,3,1022,0x0d3ca5d75a3ffe8ce7c3a1e4a826786a19c1b85404d616b3673804988a79f047,925557.518583,928100.69075,2543.172166999895,161587,25000000,,success,1,0,,,8574186
pilot_1790486476823,mint_N1000_c3,0,2026-09-27T05:36:44.003Z,zkSyncTestnet,300,sepolia.era.zksync.dev,mint,1000,3,1024,0x1ebb7b0b3dadedd8afa3015e5a07c7bc9cf3ac3ffbfbd11e13c1965c5deeadab,926288.945458,928156.600375,1867.6549170000944,161581,25000000,,success,1,0,,,8574186
pilot_1790486476823,mint_N1000_c3,0,2026-09-27T05:36:46.752Z,zkSyncTestnet,300,sepolia.era.zksync.dev,mint,1000,3,1025,0x08bea731661435e52ea89e2b3cacb68b7e00130111c46a9016dc08b47ef6277a,927955.994625,930905.953125,2949.9584999999497,161581,25000000,,success,1,0,,,8574187
pilot_1790486476823,mint_N1000_c3,0,2026-09-27T05:36:48.427Z,zkSyncTestnet,300,sepolia.era.zksync.dev,mint,1000,3,1026,0xa2433352f0aef1ae8600cad231d1e9f6db892c584683c45b03a34b8b0f037ae0,928100.764166,932580.988875,4480.224709000089,161581,25000000,,success,1,0,,,8574188
pilot_1790486476823,mint_N1000_c3,0,2026-09-27T05:36:48.664Z,zkSyncTestnet,300,sepolia.era.zksync.dev,mint,1000,3,1027,0x9c6761a583b4d252d6b03262f4d24591e3ded9670ab92e054abd882d1ea64f36,928156.642166,932817.585875,4660.943709000014,161581,25000000,,success,1,0,,,8574188
pilot_1790486476823,mint_N1000_c3,0,2026-09-27T05:36:50.000Z,zkSyncTestnet,300,sepolia.era.zksync.dev,mint,1000,3,1028,0xac43ef8a30ab9fc79817a9ecbc512a874fed11f4a1491a5391dd4b7b8bf63777,930906.061041,934153.838708,3247.777667000075,161587,25000000,,success,1,0,,,8574189
pilot_1790486476823,mint_N1000_c3,0,2026-09-27T05:36:50.593Z,zkSyncTestnet,300,sepolia.era.zksync.dev,mint,1000,3,1030,0x7341d8c980c15156ef913f8d81246c1a26e0231860b6534fdb6a6725768278cd,932817.675583,934746.974833,1929.29925000004,161587,25000000,,success,1,0,,,8574191
pilot_1790486476823,mint_N1000_c3,0,2026-09-27T05:36:51.050Z,zkSyncTestnet,300,sepolia.era.zksync.dev,mint,1000,3,1029,0x90a805c36ea7bbd9a320af47f3d12881e7eae4e86d7cf974334bee5058dfec27,932581.089041,935203.293791,2622.2047500000335,161581,25000000,,success,1,0,,,8574190
pilot_1790486476823,mint_N1000_c3,0,2026-09-27T05:36:51.961Z,zkSyncTestnet,300,sepolia.era.zksync.dev,mint,1000,3,1031,0xc8b5407990841b8549d765f8f474f63e47344815b22a5d44694c7e67d4d5c8e0,934153.92775,936114.09775,1960.1699999999255,161581,25000000,,success,1,0,,,8574192
pilot_1790486476823,mint_N1000_c3,0,2026-09-27T05:36:52.444Z,zkSyncTestnet,300,sepolia.era.zksync.dev,mint,1000,3,1032,0xa2f07593990b7e67302a0216e4ea3b0848c048793530c229768bebd1776cbf79,934747.081458,936597.83025,1850.7487919999985,161587,25000000,,success,1,0,,,8574193
pilot_1790486476823,mint_N1000_c3,0,2026-09-27T05:36:52.973Z,zkSyncTestnet,300,sepolia.era.zksync.dev,mint,1000,3,1033,0xb0a6f1947e6c62bd5a514443379c6aa0771fbb56ef5b9f8d46d48553bea56140,935203.346208,937126.940208,1923.594000000041,161581,25000000,,success,1,0,,,8574194
pilot_1790486476823,mint_N1000_c3,0,2026-09-27T05:36:53.900Z,zkSyncTestnet,300,sepolia.era.zksync.dev,mint,1000,3,1034,0xf7142eb2d600035526e62f066adb2183fabedcb920c47f7f1801cac59df1e5e4,936114.189916,938053.23775,1939.0478339999681,161587,25000000,,success,1,0,,,8574195
pilot_1790486476823,mint_N1000_c3,0,2026-09-27T05:36:54.284Z,zkSyncTestnet,300,sepolia.era.zksync.dev,mint,1000,3,1035,0x6c6408950ac4b92d48d29f373ceee5ec779a08eb2b5d3ed596d3a06fe753605d,936598.011458,938437.624291,1839.6128329999046,161581,25000000,,success,1,0,,,8574195
pilot_1790486476823,mint_N1000_c3,0,2026-09-27T05:36:55.859Z,zkSyncTestnet,300,sepolia.era.zksync.dev,mint,1000,3,1036,0x20279388885cd52f166d4cd7f86a0c74dda8f663b2b1d543f94a23ae22bbb5a0,937127.132458,940012.940416,2885.8079579999903,161587,25000000,,success,1,0,,,8574196
pilot_1790486476823,mint_N1000_c3,0,2026-09-27T05:36:57.425Z,zkSyncTestnet,300,sepolia.era.zksync.dev,mint,1000,3,1037,0xfec153fa7d49defe762ae81df99acff4a0e7607a7d49d97485d953695a477067,938053.3435,941578.690875,3525.347375000012,161581,25000000,,success,1,0,,,8574197
pilot_1790486476823,mint_N1000_c3,0,2026-09-27T05:36:57.910Z,zkSyncTestnet,300,sepolia.era.zksync.dev,mint,1000,3,1038,0xe63a04fdc57dbed103a44668a51cc4bf65a46f7d49b97087e87e40df70c54726,938437.715416,942063.091333,3625.3759169999976,161587,25000000,,success,1,0,,,8574198
pilot_1790486476823,mint_N1000_c3,0,2026-09-27T05:36:58.392Z,zkSyncTestnet,300,sepolia.era.zksync.dev,mint,1000,3,1039,0x8855ef07c2afc16b9d4de5ee24443ffa581433bce8b9f121d00b71d16112d584,940013.00125,942545.777208,2532.775957999984,161587,25000000,,success,1,0,,,8574199
pilot_1790486476823,mint_N1000_c3,0,2026-09-27T05:37:00.221Z,zkSyncTestnet,300,sepolia.era.zksync.dev,mint,1000,3,1040,0xa87b623ecb0c48f420fcf143bf3202373bd6235e3c34ed29eb6a9ba0ae674c0b,941578.778958,944374.190666,2795.4117079999996,161581,25000000,,success,1,0,,,8574200
pilot_1790486476823,mint_N1000_c3,0,2026-09-27T05:37:00.731Z,zkSyncTestnet,300,sepolia.era.zksync.dev,mint,1000,3,1041,0x1668897fedfb31931a86f0803ff1f3666d051cd59e9233fe42f3306fc289c005,942063.161166,944884.407333,2821.246167000034,161581,25000000,,success,1,0,,,8574201
pilot_1790486476823,mint_N1000_c3,0,2026-09-27T05:37:01.272Z,zkSyncTestnet,300,sepolia.era.zksync.dev,mint,1000,3,1042,0x83c1241ab0add92362e53fe52100c59de39a3044339606222c1396c5fee5aad5,942545.878166,945425.8155,2879.9373340000166,161587,25000000,,success,1,0,,,8574202
pilot_1790486476823,mint_N1000_c3,0,2026-09-27T05:37:02.096Z,zkSyncTestnet,300,sepolia.era.zksync.dev,mint,1000,3,1043,0xbb71732b4a2154745df485886da0b638395c80ce2633daf6654b0a0885df9312,944374.243416,946249.284416,1875.0409999999683,161587,25000000,,success,1,0,,,8574203
pilot_1790486476823,mint_N1000_c3,0,2026-09-27T05:37:02.647Z,zkSyncTestnet,300,sepolia.era.zksync.dev,mint,1000,3,1044,0x535e767b4dd2ce8417bfbae8836c01baf8f4dceb102a0daf550e0054e2e62ef5,944884.50475,946800.830958,1916.3262080000713,161581,25000000,,success,1,0,,,8574204
pilot_1790486476823,mint_N1000_c3,0,2026-09-27T05:37:04.004Z,zkSyncTestnet,300,sepolia.era.zksync.dev,mint,1000,3,1046,0x5748ea8ba944955e4ee77a184437a0fd8e6235ca4242a5dbc77dcb4bab39df4e,946249.3705,948157.076583,1907.7060830000555,161587,25000000,,success,1,0,,,8574206
pilot_1790486476823,mint_N1000_c3,0,2026-09-27T05:37:04.378Z,zkSyncTestnet,300,sepolia.era.zksync.dev,mint,1000,3,1045,0x33f9a83792043e57553bb201e4d7b693b3f837f15200d3f46c6249ccfd3fe9c4,945425.927791,948531.774208,3105.8464170000516,161581,25000000,,success,1,0,,,8574206
pilot_1790486476823,mint_N1000_c3,0,2026-09-27T05:37:04.533Z,zkSyncTestnet,300,sepolia.era.zksync.dev,mint,1000,3,1047,0x3b8f29ad5912f69279306c47611ca91dcf2fb7f7f3a1382010dbc58de866bac4,946800.937583,948686.70925,1885.7716669999063,161587,25000000,,success,1,0,,,8574207
pilot_1790486476823,mint_N1000_c3,0,2026-09-27T05:37:06.798Z,zkSyncTestnet,300,sepolia.era.zksync.dev,mint,1000,3,1048,0xb9d9eac4c01bc21e3ce8bc35e021fd041988036cfcaaed944dc38cb1ce033972,948157.174916,950951.574541,2794.399624999962,161581,25000000,,success,1,0,,,8574208
pilot_1790486476823,mint_N1000_c3,0,2026-09-27T05:37:07.036Z,zkSyncTestnet,300,sepolia.era.zksync.dev,mint,1000,3,1049,0x4dbcd7ce262393a7609fc93cb4892b45c999100f2f26f20e5f82e2d009edf06a,948531.855291,951189.49625,2657.640958999982,161587,25000000,,success,1,0,,,8574209
pilot_1790486476823,mint_N1000_c3,0,2026-09-27T05:37:08.357Z,zkSyncTestnet,300,sepolia.era.zksync.dev,mint,1000,3,1050,0x611fab42cb0753d06e6d71a91787a6c3227feee2f6eaf85b0dbce7faa8a79fd9,948686.769416,952510.021875,3823.252458999981,161587,25000000,,success,1,0,,,8574210
pilot_1790486476823,mint_N1000_c3,0,2026-09-27T05:37:10.278Z,zkSyncTestnet,300,sepolia.era.zksync.dev,mint,1000,3,1051,0xc850922009f8020dc14415fc66a1a7d5f0f5d85ea70bff19acad76de77fec792,950951.683291,954431.063666,3479.380375000066,161587,25000000,,success,1,0,,,8574211
pilot_1790486476823,mint_N1000_c3,0,2026-09-27T05:37:11.758Z,zkSyncTestnet,300,sepolia.era.zksync.dev,mint,1000,3,1052,0x42c1116a0c6bff8aee0df930bc08aae896bfb5ad5669b87afc3934ffb803159c,951189.599416,955911.131083,4721.531667000032,161581,25000000,,success,1,0,,,8574212
pilot_1790486476823,mint_N1000_c3,0,2026-09-27T05:37:12.025Z,zkSyncTestnet,300,sepolia.era.zksync.dev,mint,1000,3,1053,0xa431f85f43ca94e8a2d4fa2d0e170b53c39a78e92ed9eb13105361cd910a53e0,952510.119416,956178.898583,3668.7791669999715,161587,25000000,,success,1,0,,,8574212
pilot_1790486476823,mint_N1000_c3,0,2026-09-27T05:37:13.600Z,zkSyncTestnet,300,sepolia.era.zksync.dev,mint,1000,3,1054,0x2f11e091e2fa4589e0ed61d758ecea8ca111f7d02c784f2c2127153e21e4f35d,954431.161708,957753.636375,3322.4746670000022,161587,25000000,,success,1,0,,,8574213
pilot_1790486476823,mint_N1000_c3,0,2026-09-27T05:37:13.641Z,zkSyncTestnet,300,sepolia.era.zksync.dev,mint,1000,3,1055,0xe5ef777626d44ef2150cc43dac24b71e6c0f1a88b8fcab64116a20151dc5fabf,955911.234416,957794.295625,1883.061209000065,161581,25000000,,success,1,0,,,8574214
pilot_1790486476823,mint_N1000_c3,0,2026-09-27T05:37:13.845Z,zkSyncTestnet,300,sepolia.era.zksync.dev,mint,1000,3,1056,0x7e068c492c0c100ee177b7bdcd24105a028c130098ba663f0d4106729f644524,956178.995625,957998.690291,1819.6946659999667,161581,25000000,,success,1,0,,,8574215
pilot_1790486476823,mint_N1000_c3,0,2026-09-27T05:37:15.479Z,zkSyncTestnet,300,sepolia.era.zksync.dev,mint,1000,3,1058,0x69c2124f579cb5d7dc055d8acd11ab6ae4c1ebc3ded4f1c527beed5fa483ce53,957794.352875,959632.725291,1838.3724159999983,161587,25000000,,success,1,0,,,8574217
pilot_1790486476823,mint_N1000_c3,0,2026-09-27T05:37:15.485Z,zkSyncTestnet,300,sepolia.era.zksync.dev,mint,1000,3,1057,0x91850fe347a87a8dd14c3db079d1b1adf45cc4247dbb794556bde58c723da4b8,957753.79525,959638.251291,1884.456041000085,161587,25000000,,success,1,0,,,8574216
pilot_1790486476823,mint_N1000_c3,0,2026-09-27T05:37:15.776Z,zkSyncTestnet,300,sepolia.era.zksync.dev,mint,1000,3,1059,0xa8a712482aec764bd7878bbe9cb1dc03855cb44d4b39349ba66e574b17c34fd0,957998.786,959929.688291,1930.9022910000058,161587,25000000,,success,1,0,,,8574217
pilot_1790486476823,mint_N1000_c3,0,2026-09-27T05:37:17.368Z,zkSyncTestnet,300,sepolia.era.zksync.dev,mint,1000,3,1060,0xb606ed92501f9c6a524eac6e0003228628d74b2c654b574af00374f6a14b1aec,959632.810875,961521.019833,1888.208958000061,161581,25000000,,success,1,0,,,8574218
pilot_1790486476823,mint_N1000_c3,0,2026-09-27T05:37:18.372Z,zkSyncTestnet,300,sepolia.era.zksync.dev,mint,1000,3,1061,0x08d370c96500a8da26329b8123ca7bbee6ebf83869061755eada4d661faa0ca8,959638.272125,962525.727625,2887.45550000004,161581,25000000,,success,1,0,,,8574219
pilot_1790486476823,mint_N1000_c3,0,2026-09-27T05:37:19.654Z,zkSyncTestnet,300,sepolia.era.zksync.dev,mint,1000,3,1062,0x003275ed53070d5a753341cc0e5fa24e0952ca5907f7221322e370367fe5c124,959929.779875,963807.137625,3877.3577499999665,161587,25000000,,success,1,0,,,8574220
pilot_1790486476823,mint_N1000_c3,0,2026-09-27T05:37:20.218Z,zkSyncTestnet,300,sepolia.era.zksync.dev,mint,1000,3,1063,0xdc682fbbd54d71edfdc3e9ebf50997a8ea32191ffa1a6f807436e02dd521e134,961521.077833,964371.462958,2850.38512500003,161587,25000000,,success,1,0,,,8574221
pilot_1790486476823,mint_N1000_c3,0,2026-09-27T05:37:20.948Z,zkSyncTestnet,300,sepolia.era.zksync.dev,mint,1000,3,1064,0xe19f6750d8860df241712416cbd2618aa1cd1adcb4d7a9ce754947fb30fa3487,962525.823375,965101.178541,2575.355165999965,161462,25000000,,success,1,0,,,8574222
pilot_1790486476823,mint_N1000_c3,0,2026-09-27T05:37:22.420Z,zkSyncTestnet,300,sepolia.era.zksync.dev,mint,1000,3,1065,0x5cd91155a5ec70e40956e76a6fa9e5440fb56cf87814983ef8162233a0ca7a48,963807.243458,966573.411875,2766.168416999979,161581,25000000,,success,1,0,,,8574223
pilot_1790486476823,mint_N1000_c3,0,2026-09-27T05:37:24.151Z,zkSyncTestnet,300,sepolia.era.zksync.dev,mint,1000,3,1066,0xd3e0a8d42bcc390d4472b77c19ce2f4671d840175c2b78e57fe6192aad06ade1,964371.551083,968304.327083,3932.7759999999544,161587,25000000,,success,1,0,,,8574224
pilot_1790486476823,mint_N1000_c3,0,2026-09-27T05:37:26.189Z,zkSyncTestnet,300,sepolia.era.zksync.dev,mint,1000,3,1067,0x5e3612875a0126cb83892b4d52c05c989fc4173138a27f601d12321b1cf170a6,965101.28525,970342.286083,5241.000833000056,161581,25000000,,success,1,0,,,8574225
pilot_1790486476823,mint_N1000_c3,0,2026-09-27T05:37:27.247Z,zkSyncTestnet,300,sepolia.era.zksync.dev,mint,1000,3,1069,0xf5f9ca5578ccd8b42b2859fb29b1d48b383a529a25df6213f6fdad48fdb8b891,968304.426166,971400.576458,3096.150292000035,161581,25000000,,success,1,0,,,8574227
pilot_1790486476823,mint_N1000_c3,0,2026-09-27T05:37:27.455Z,zkSyncTestnet,300,sepolia.era.zksync.dev,mint,1000,3,1068,0x18d831f7794281c9a8062ec92d03084b40698b1d5b62294545daa2dac4be44c5,966573.5055,971608.523041,5035.017541000037,161587,25000000,,success,1,0,,,8574226
pilot_1790486476823,mint_N1000_c3,0,2026-09-27T05:37:29.855Z,zkSyncTestnet,300,sepolia.era.zksync.dev,mint,1000,3,1070,0x0746181af4902388f4fba7d877b84a0c20199847693f91d7edd80a5fe528ebe9,970342.38875,974008.171041,3665.7822910000104,161581,25000000,,success,1,0,,,8574228
pilot_1790486476823,mint_N1000_c3,0,2026-09-27T05:37:30.904Z,zkSyncTestnet,300,sepolia.era.zksync.dev,mint,1000,3,1072,0x4a098ea5239a5204929f1d1170f2d7009483153382f435d52cefc51635776fb1,971608.638666,975057.257708,3448.619042000035,161587,25000000,,success,1,0,,,8574229
pilot_1790486476823,mint_N1000_c3,0,2026-09-27T05:37:31.136Z,zkSyncTestnet,300,sepolia.era.zksync.dev,mint,1000,3,1071,0x1189102b3fd7221a7b1277cf132f8df0ae9d6d9f76b8e1dc328477f8105c1cf7,971400.667666,975289.755583,3889.0879170000553,161587,25000000,,success,1,0,,,8574229
pilot_1790486476823,mint_N1000_c3,0,2026-09-27T05:37:31.804Z,zkSyncTestnet,300,sepolia.era.zksync.dev,mint,1000,3,1073,0x9fd4a4f998a0ba70b98af385b39c838c6703a20b54ef11eeb818e677e53b78f3,974008.257833,975956.953833,1948.6959999999963,161581,25000000,,success,1,0,,,8574230
pilot_1790486476823,mint_N1000_c3,0,2026-09-27T05:37:34.275Z,zkSyncTestnet,300,sepolia.era.zksync.dev,mint,1000,3,1074,0x98c97165f875b3617eec06fe12229c420c8104a2b75e4bef4e8347083a9fcb3c,975057.38925,978428.196958,3370.8077079999493,161587,25000000,,success,1,0,,,8574231
pilot_1790486476823,mint_N1000_c3,0,2026-09-27T05:37:34.420Z,zkSyncTestnet,300,sepolia.era.zksync.dev,mint,1000,3,1076,0x222dae947e153a4a3eab29bd53ff9da084e90a2f6cc6a681a432a2a2cad271fd,975957.033875,978573.797625,2616.763750000042,161587,25000000,,success,1,0,,,8574232
pilot_1790486476823,mint_N1000_c3,0,2026-09-27T05:37:34.565Z,zkSyncTestnet,300,sepolia.era.zksync.dev,mint,1000,3,1075,0x827594e546b1823b8d63395d627898fdded36eb7e3d30ed38d69ee09063ece41,975289.860208,978718.575125,3428.7149169999175,161581,25000000,,success,1,0,,,8574232
pilot_1790486476823,mint_N1000_c3,0,2026-09-27T05:37:36.230Z,zkSyncTestnet,300,sepolia.era.zksync.dev,mint,1000,3,1077,0xab1e1e4720f34bd95fa94fa86965205cc5d017384a95c6e8c17b8763eec1cc18,978428.292666,980383.06275,1954.7700840000762,161587,25000000,,success,1,0,,,8574233
pilot_1790486476823,mint_N1000_c3,0,2026-09-27T05:37:36.419Z,zkSyncTestnet,300,sepolia.era.zksync.dev,mint,1000,3,1078,0x885d20903c441e25893f738715826a4bf435bfc615051540d1da6fc9e9bac99f,978573.895791,980572.175958,1998.280167000019,161581,25000000,,success,1,0,,,8574234
pilot_1790486476823,mint_N1000_c3,0,2026-09-27T05:37:37.721Z,zkSyncTestnet,300,sepolia.era.zksync.dev,mint,1000,3,1079,0x6b7ecee69651604b38adce5c514807a88e2c3e20cc0fdc2483202ca6bba148e1,978718.631083,981874.838666,3156.2075830000686,161581,25000000,,success,1,0,,,8574235
pilot_1790486476823,mint_N1000_c3,0,2026-09-27T05:37:38.244Z,zkSyncTestnet,300,sepolia.era.zksync.dev,mint,1000,3,1080,0xee8f1fe2e7b25c113d42f3b529f62642fbe8bc4d91e0ce844ea18757d1433d25,980383.193375,982397.916375,2014.7229999999981,161587,25000000,,success,1,0,,,8574236
pilot_1790486476823,mint_N1000_c3,0,2026-09-27T05:37:38.330Z,zkSyncTestnet,300,sepolia.era.zksync.dev,mint,1000,3,1081,0xc3df097cad2b5325bfb28ea24e29ea09960f64acd099d80eda96b2b76fce9a08,980572.3445,982482.928875,1910.5843749999767,161587,25000000,,success,1,0,,,8574237
pilot_1790486476823,mint_N1000_c3,0,2026-09-27T05:37:40.620Z,zkSyncTestnet,300,sepolia.era.zksync.dev,mint,1000,3,1082,0x5b7f944cc45d2304d923cce26af4e54703fd88efc99f9c25ecfcde81905a9eb0,981874.9465,984772.960583,2898.0140830000164,161587,25000000,,success,1,0,,,8574238
pilot_1790486476823,mint_N1000_c3,0,2026-09-27T05:37:41.651Z,zkSyncTestnet,300,sepolia.era.zksync.dev,mint,1000,3,1083,0x5b12cd3fd219324ac4682846db0e1c3ea269e1b57f659302a6d2886a1a98a28b,982398.015208,985804.770708,3406.7555000000866,161581,25000000,,success,1,0,,,8574239
pilot_1790486476823,mint_N1000_c3,0,2026-09-27T05:37:41.914Z,zkSyncTestnet,300,sepolia.era.zksync.dev,mint,1000,3,1084,0xa9743766d02d94d5c24652517baeccf6129591a331a68769afbaf122a0cc13a7,982483.026333,986066.936958,3583.910624999902,161581,25000000,,success,1,0,,,8574239
pilot_1790486476823,mint_N1000_c3,0,2026-09-27T05:37:43.246Z,zkSyncTestnet,300,sepolia.era.zksync.dev,mint,1000,3,1085,0x3d82748bcfc7801aede27e560d4b6a77d0829fd3044a2ae1b90a4fc86a66c15e,984773.064958,987399.512625,2626.4476670000004,161587,25000000,,success,1,0,,,8574240
pilot_1790486476823,mint_N1000_c3,0,2026-09-27T05:37:45.064Z,zkSyncTestnet,300,sepolia.era.zksync.dev,mint,1000,3,1086,0xcad9435853895411ce17f9e2f3590f81a5b74d9dc6355297524d59393ccf1f87,985804.878333,989217.852416,3412.974082999979,161587,25000000,,success,1,0,,,8574241
pilot_1790486476823,mint_N1000_c3,0,2026-09-27T05:37:46.628Z,zkSyncTestnet,300,sepolia.era.zksync.dev,mint,1000,3,1087,0x58e66f81b98bf324fb03ac35be9b8feceb7b891fc12b29adbea45c12ae93564b,986066.992333,990781.064916,4714.072583000059,161587,25000000,,success,1,0,,,8574242
pilot_1790486476823,mint_N1000_c3,0,2026-09-27T05:37:46.727Z,zkSyncTestnet,300,sepolia.era.zksync.dev,mint,1000,3,1088,0x91d74ad1744b3f816b8b9801c3fddb85a62213a5f43348b79694cdff389859c2,987399.554291,990880.010416,3480.456125000026,161587,25000000,,success,1,0,,,8574243
pilot_1790486476823,mint_N1000_c3,0,2026-09-27T05:37:49.774Z,zkSyncTestnet,300,sepolia.era.zksync.dev,mint,1000,3,1089,0x3b875a7a5258d1c2696fe3dccf484396f4994684c44a708def9c75d6e17c6e17,989217.959041,993927.125333,4709.16629199998,161581,25000000,,success,1,0,,,8574244
pilot_1790486476823,mint_N1000_c3,0,2026-09-27T05:37:50.008Z,zkSyncTestnet,300,sepolia.era.zksync.dev,mint,1000,3,1091,0x0704f7a64a0cca83be4b7be50a36ae8f2a8293b54d6b211d80b0587011b5f5b3,990880.080583,994161.22225,3281.141667000018,161581,25000000,,success,1,0,,,8574245
pilot_1790486476823,mint_N1000_c3,0,2026-09-27T05:37:50.824Z,zkSyncTestnet,300,sepolia.era.zksync.dev,mint,1000,3,1090,0xc0eeca9219ce376894756f8383651c335ed5169f8397d9078d02c51af91f404a,990781.148166,994976.954625,4195.806458999985,161581,25000000,,success,1,0,,,8574245
pilot_1790486476823,mint_N1000_c3,0,2026-09-27T05:37:51.630Z,zkSyncTestnet,300,sepolia.era.zksync.dev,mint,1000,3,1092,0x870aedf41d96f6407884560907a2a6b5ceb92704dcd75835facf81eeb6f64e08,993927.233875,995783.276416,1856.0425409999443,161587,25000000,,success,1,0,,,8574246
pilot_1790486476823,mint_N1000_c3,0,2026-09-27T05:37:51.921Z,zkSyncTestnet,300,sepolia.era.zksync.dev,mint,1000,3,1093,0xaf26e29b380aa35c283705ba69f2153932f4868542e70cbed9acdd2eb3ceffba,994161.310791,996073.991458,1912.6806670000078,161587,25000000,,success,1,0,,,8574247
pilot_1790486476823,mint_N1000_c3,0,2026-09-27T05:37:52.707Z,zkSyncTestnet,300,sepolia.era.zksync.dev,mint,1000,3,1094,0x94c35a7cf5cd3ff80c56a9a2a2d758b0d2a28966d0400935c5973960e2fe0459,994977.0445,996860.843791,1883.799291000003,161581,25000000,,success,1,0,,,8574248
pilot_1790486476823,mint_N1000_c3,0,2026-09-27T05:37:55.259Z,zkSyncTestnet,300,sepolia.era.zksync.dev,mint,1000,3,1095,0x70d32ab0e4c5116d8cb713e727b7d798af52b0c55ffcc4b333b941a3fa6dd62a,995783.390916,999412.760291,3629.3693750000093,161587,25000000,,success,1,0,,,8574249
pilot_1790486476823,mint_N1000_c3,0,2026-09-27T05:37:55.547Z,zkSyncTestnet,300,sepolia.era.zksync.dev,mint,1000,3,1096,0x43726e60f5b8244133f425d3245691ab2104914aae0716907b6ff163d5488695,996074.084458,999700.266333,3626.1818750000093,161587,25000000,,success,1,0,,,8574250
pilot_1790486476823,mint_N1000_c3,0,2026-09-27T05:37:57.113Z,zkSyncTestnet,300,sepolia.era.zksync.dev,mint,1000,3,1097,0xcde33f5ad7d4c1713beddbe3cef2c98bd534fe1083b16d09187503fb70bf345e,996860.950125,1001266.04575,4405.0956250000745,161587,25000000,,success,1,0,,,8574251
pilot_1790486476823,mint_N1000_c3,0,2026-09-27T05:37:57.906Z,zkSyncTestnet,300,sepolia.era.zksync.dev,mint,1000,3,1098,0xff8a864d25b8df2ca996d80c20eddda2f7cb4a744652fa4ada50a598e6b26e0c,999412.86225,1002059.137333,2646.275082999957,161581,25000000,,success,1,0,,,8574252
pilot_1790486476823,mint_N1000_c3,0,2026-09-27T05:37:59.257Z,zkSyncTestnet,300,sepolia.era.zksync.dev,mint,1000,3,1100,0x60c1fb64302ca009404985b940ac9a86e5e58af30906ef47074a1102d42600dd,1001266.1355,1003410.0475,2143.912000000011,161581,25000000,,success,1,0,,,8574254
pilot_1790486476823,mint_N1000_c3,0,2026-09-27T05:37:59.261Z,zkSyncTestnet,300,sepolia.era.zksync.dev,mint,1000,3,1099,0x3a6444e20a12f9806bb3af5b7078d03097b2ca372a37bd00ec1ea11d00f2619b,999700.333666,1003414.852291,3714.5186249999097,161587,25000000,,success,1,0,,,8574253
pilot_1790486476823,mint_N1000_c3,0,2026-09-27T05:38:01.906Z,zkSyncTestnet,300,sepolia.era.zksync.dev,mint,1000,3,1101,0x8ed881196cf1b7cf7e19eec1b6906a2d204dc3e42e9bf4c7fda89271aed089de,1002059.241958,1006059.521166,4000.279208000051,161587,25000000,,success,1,0,,,8574255
pilot_1790486476823,mint_N1000_c3,0,2026-09-27T05:38:02.135Z,zkSyncTestnet,300,sepolia.era.zksync.dev,mint,1000,3,1102,0x2fcbb50aa278d92b9e8ae2df43e79e56b1a64203c15b263ed61fedaf8dfe0bc8,1003410.120416,1006288.335708,2878.215291999979,161581,25000000,,success,1,0,,,8574256
pilot_1790486476823,mint_N1000_c3,0,2026-09-27T05:38:02.976Z,zkSyncTestnet,300,sepolia.era.zksync.dev,mint,1000,3,1103,0x9a486912ddfe000e9370f66e02bd6d56ea3ddd5241db36e2206e1acd67e7b140,1003414.8705,1007129.076541,3714.206041000085,161587,25000000,,success,1,0,,,8574257
pilot_1790486476823,mint_N1000_c3,0,2026-09-27T05:38:05.550Z,zkSyncTestnet,300,sepolia.era.zksync.dev,mint,1000,3,1104,0x493d67af29e19b86bce2be04ffd1464abfb2cfe22aca9c82ed76d2b8e59cf1b8,1006059.615791,1009703.066541,3643.4507500000764,161581,25000000,,success,1,0,,,8574258
pilot_1790486476823,mint_N1000_c3,0,2026-09-27T05:38:06.704Z,zkSyncTestnet,300,sepolia.era.zksync.dev,mint,1000,3,1105,0xe2b88684c5b1b4a1b0acaf6b93e6c5eb5b77b988a57dbfaec33291bd8d1b016f,1006288.4085,1010857.853958,4569.445457999944,161581,25000000,,success,1,0,,,8574259
pilot_1790486476823,mint_N1000_c3,0,2026-09-27T05:38:07.433Z,zkSyncTestnet,300,sepolia.era.zksync.dev,mint,1000,3,1107,0x0f1876e390d7646cc37618f35085190ed2bf0005cd4eee4e3f773390a4f34245,1009703.170666,1011586.430541,1883.2598749999888,161581,25000000,,success,1,0,,,8574260
pilot_1790486476823,mint_N1000_c3,0,2026-09-27T05:38:07.440Z,zkSyncTestnet,300,sepolia.era.zksync.dev,mint,1000,3,1106,0xb6e79845c217048254359c02096907773ee1924e2dfdab21536e460db483d768,1007129.17625,1011593.087875,4463.91162499995,161581,25000000,,success,1,0,,,8574260
pilot_1790486476823,mint_N1000_c3,0,2026-09-27T05:38:09.983Z,zkSyncTestnet,300,sepolia.era.zksync.dev,mint,1000,3,1108,0x61d49fb39808e1ee87accefb1db056a89c31551fa65855b59de5789f1ac05c8e,1010857.906166,1014136.496,3278.5898340001004,161581,25000000,,success,1,0,,,8574261
pilot_1790486476823,mint_N1000_c3,0,2026-09-27T05:38:09.989Z,zkSyncTestnet,300,sepolia.era.zksync.dev,mint,1000,3,1109,0x863b831d450e7276a1e77b619e48cd357d1e3b0888cfe1f28655975e5efbf76e,1011586.519208,1014142.105375,2555.5861670000013,161581,25000000,,success,1,0,,,8574261
pilot_1790486476823,mint_N1000_c3,0,2026-09-27T05:38:12.576Z,zkSyncTestnet,300,sepolia.era.zksync.dev,mint,1000,3,1110,0xe085db0563328c67eb3799fb1a89c43d1d8e4de066fa8b728a69c8c6dfa44ba0,1011593.138041,1016728.942458,5135.804417000036,161587,25000000,,success,1,0,,,8574262
pilot_1790486476823,mint_N1000_c3,0,2026-09-27T05:38:12.886Z,zkSyncTestnet,300,sepolia.era.zksync.dev,mint,1000,3,1112,0x1692cee73321f027adba2967ef6373ab461425138dd92fb9ab3bba7962fa3885,1014142.12675,1017039.3575,2897.230749999988,161587,25000000,,success,1,0,,,8574264
pilot_1790486476823,mint_N1000_c3,0,2026-09-27T05:38:13.567Z,zkSyncTestnet,300,sepolia.era.zksync.dev,mint,1000,3,1111,0x43e58c6ad813372fdd24a67a285eacdd18ccd7bd6dc509747d03dee1b327ae8b,1014136.580458,1017720.616875,3584.0364169999957,161587,25000000,,success,1,0,,,8574263
pilot_1790486476823,mint_N1000_c3,0,2026-09-27T05:38:15.249Z,zkSyncTestnet,300,sepolia.era.zksync.dev,mint,1000,3,1113,0x0bafe0c032b58c152966c39594e5c1a9590c7ed6f440df2ee58b6053f1dcd737,1016729.035291,1019402.003791,2672.968499999959,161587,25000000,,success,1,0,,,8574265
pilot_1790486476823,mint_N1000_c3,0,2026-09-27T05:38:15.807Z,zkSyncTestnet,300,sepolia.era.zksync.dev,mint,1000,3,1114,0xd66557cb2add4789b8d6e8bc4f4011fff52d273c227c7703ecdf2b87ff679515,1017039.433416,1019960.601541,2921.1681249999674,161581,25000000,,success,1,0,,,8574266
pilot_1790486476823,mint_N1000_c3,0,2026-09-27T05:38:16.330Z,zkSyncTestnet,300,sepolia.era.zksync.dev,mint,1000,3,1115,0x38d9ed73aeb763af24e314d12dc603ade83537cdb33d5bf39ec9b3f5cb8f18ac,1017720.694291,1020483.547666,2762.853374999948,161581,25000000,,success,1,0,,,8574267
pilot_1790486476823,mint_N1000_c3,0,2026-09-27T05:38:17.163Z,zkSyncTestnet,300,sepolia.era.zksync.dev,mint,1000,3,1116,0xa17a2eb30a46890db0c7225edfc4dba0a9b1f3743032d9e197f781410614f007,1019402.057083,1021315.877291,1913.8202080000192,161587,25000000,,success,1,0,,,8574268
pilot_1790486476823,mint_N1000_c3,0,2026-09-27T05:38:17.838Z,zkSyncTestnet,300,sepolia.era.zksync.dev,mint,1000,3,1117,0xde7c9ac24f1b58eba34508ddb9bcd26fb1a33ac2b539d905e7d3787c9d195505,1019960.711916,1021991.761083,2031.0491669999901,161587,25000000,,success,1,0,,,8574269
pilot_1790486476823,mint_N1000_c3,0,2026-09-27T05:38:18.342Z,zkSyncTestnet,300,sepolia.era.zksync.dev,mint,1000,3,1118,0x524abb63d555ce9af4c3664d26f7affcb5a25222e43a59a67606d1112cc99966,1020483.654,1022495.110875,2011.4568750000326,161587,25000000,,success,1,0,,,8574270
pilot_1790486476823,mint_N1000_c3,0,2026-09-27T05:38:19.149Z,zkSyncTestnet,300,sepolia.era.zksync.dev,mint,1000,3,1119,0xd343e25a3025a200dc289438697ea62d349a71c47be9d65d4914f1f0cfcd36e6,1021315.975333,1023301.84075,1985.8654170000227,161581,25000000,,success,1,0,,,8574271
pilot_1790486476823,mint_N1000_c3,0,2026-09-27T05:38:20.709Z,zkSyncTestnet,300,sepolia.era.zksync.dev,mint,1000,3,1120,0xcd855624ebc008ff7009fe2b688b7a2faee3dde98c3c57ff044e93a600babd48,1021991.866,1024862.776416,2870.9104159999406,161581,25000000,,success,1,0,,,8574272
pilot_1790486476823,mint_N1000_c3,0,2026-09-27T05:38:21.515Z,zkSyncTestnet,300,sepolia.era.zksync.dev,mint,1000,3,1121,0xfa16e8bc1a8bcf763dad7b1da05314f1d7185c71bb69582ad5b9d46d7f01a49b,1022495.209083,1025667.888333,3172.6792500000447,161581,25000000,,success,1,0,,,8574273
pilot_1790486476823,mint_N1000_c3,0,2026-09-27T05:38:21.838Z,zkSyncTestnet,300,sepolia.era.zksync.dev,mint,1000,3,1122,0x03d067ae8a4530ee2340bbc925f8cb48e4cd0e846c4bc7c202503aa5fdb6ed2b,1023301.911875,1025991.028041,2689.1161660000216,161581,25000000,,success,1,0,,,8574274
pilot_1790486476823,mint_N1000_c3,0,2026-09-27T05:38:22.649Z,zkSyncTestnet,300,sepolia.era.zksync.dev,mint,1000,3,1123,0xf7724d2ccf3e71d14fd4ed52fa88636e74950cd683b2271dd2d440949cfe53d7,1024862.874291,1026801.847166,1938.972875000094,161587,25000000,,success,1,0,,,8574275
pilot_1790486476823,mint_N1000_c3,0,2026-09-27T05:38:23.467Z,zkSyncTestnet,300,sepolia.era.zksync.dev,mint,1000,3,1124,0x0a5ea99ac9274149ea24a610a18d87692adf787415c1a21068573ee9da7f6280,1025668.0065,1027620.585791,1952.579291000031,161587,25000000,,success,1,0,,,8574276
pilot_1790486476823,mint_N1000_c3,0,2026-09-27T05:38:28.238Z,zkSyncTestnet,300,sepolia.era.zksync.dev,mint,1000,3,1125,0xee9321e592852ae3eab4e2ca9b24750b8d091b0685480663b58cc4277582e9ba,1025991.117583,1032391.119958,6400.00237500004,161581,25000000,,success,1,0,,,8574278
pilot_1790486476823,mint_N1000_c3,0,2026-09-27T05:38:28.774Z,zkSyncTestnet,300,sepolia.era.zksync.dev,mint,1000,3,1126,0x62f20d3871b49d074609d023b824ed090b3f2db821620bbd3509230da25c7faa,1026801.945791,1032927.617125,6125.671333999955,161581,25000000,,success,1,0,,,8574279
pilot_1790486476823,mint_N1000_c3,0,2026-09-27T05:38:29.292Z,zkSyncTestnet,300,sepolia.era.zksync.dev,mint,1000,3,1127,0xf12721b4e367d450de0e3a8c897680f19aa11bfb5101ced127b3d1162c6f9073,1027620.67575,1033445.106041,5824.430290999939,161581,25000000,,success,1,0,,,8574280
pilot_1790486476823,mint_N1000_c3,0,2026-09-27T05:38:31.198Z,zkSyncTestnet,300,sepolia.era.zksync.dev,mint,1000,3,1128,0x813c2546cea56b6551bfd15f9d149b2833c1d771f73ef954416b9e5501501a02,1032391.193708,1035351.656041,2960.4623330000322,161581,25000000,,success,1,0,,,8574281
pilot_1790486476823,mint_N1000_c3,0,2026-09-27T05:38:31.204Z,zkSyncTestnet,300,sepolia.era.zksync.dev,mint,1000,3,1129,0x0f0a2c762d9b8368ca5aead0ce0990a184e60484330bbb61a4314a2978fcd927,1032927.693625,1035357.103125,2429.409500000067,161587,25000000,,success,1,0,,,8574282
pilot_1790486476823,mint_N1000_c3,0,2026-09-27T05:38:31.474Z,zkSyncTestnet,300,sepolia.era.zksync.dev,mint,1000,3,1130,0x91131c07a39d5ac06d671c042e2a50273e72a50058660b21d12a7ff82525a2d0,1033445.205791,1035627.014458,2181.8086669999175,161581,25000000,,success,1,0,,,8574282
pilot_1790486476823,mint_N1000_c3,0,2026-09-27T05:38:33.295Z,zkSyncTestnet,300,sepolia.era.zksync.dev,mint,1000,3,1131,0x6b5a4fa8ed707d7dd96aca841998cea0d6489487d17545b2c6f3e9bad30c91a6,1035351.740416,1037448.490208,2096.7497919999296,161587,25000000,,success,1,0,,,8574283
pilot_1790486476823,mint_N1000_c3,0,2026-09-27T05:38:33.615Z,zkSyncTestnet,300,sepolia.era.zksync.dev,mint,1000,3,1132,0x257a32ce69c63419795fad56897896fad968b01ed4a57d19a6aa1f87bcfe4224,1035357.125041,1037768.517708,2411.3926670000656,161587,25000000,,success,1,0,,,8574284
pilot_1790486476823,mint_N1000_c3,0,2026-09-27T05:38:35.095Z,zkSyncTestnet,300,sepolia.era.zksync.dev,mint,1000,3,1133,0xb582f20c914ec883de420468ccb40b10a2c2f29c5d2b1530d84d14aec5d05eea,1035627.083125,1039248.652916,3621.569790999987,161587,25000000,,success,1,0,,,8574285
pilot_1790486476823,mint_N1000_c3,0,2026-09-27T05:38:36.441Z,zkSyncTestnet,300,sepolia.era.zksync.dev,mint,1000,3,1134,0xd02566db6ecb4684064d78a1d3b2da11c53f371b228e71431d9cb21dc88a8ad0,1037448.584166,1040594.734458,3146.150292000035,161587,25000000,,success,1,0,,,8574286
pilot_1790486476823,mint_N1000_c3,0,2026-09-27T05:38:38.087Z,zkSyncTestnet,300,sepolia.era.zksync.dev,mint,1000,3,1135,0x3ddb8dd6ae22e6064fa6e8a45c9cc6694ccab8cce17499ba68f2d522f4c9b34f,1037768.603708,1042239.946416,4471.342707999982,161587,25000000,,success,1,0,,,8574287
pilot_1790486476823,mint_N1000_c3,0,2026-09-27T05:38:38.343Z,zkSyncTestnet,300,sepolia.era.zksync.dev,mint,1000,3,1137,0x4ec912aea85e4c795e142d160fb85301bd332d3f2cbe637d724e609a06433baa,1040594.859291,1042496.608208,1901.748917000019,161462,25000000,,success,1,0,,,8574287
pilot_1790486476823,mint_N1000_c3,0,2026-09-27T05:38:39.061Z,zkSyncTestnet,300,sepolia.era.zksync.dev,mint,1000,3,1136,0xa8d3aaff45423f18c5fdeab1b8f0eb9207ec26489a7e1163418125211768bca0,1039248.751083,1043214.250333,3965.4992499999935,161587,25000000,,success,1,0,,,8574287
pilot_1790486476823,mint_N1000_c3,0,2026-09-27T05:38:41.340Z,zkSyncTestnet,300,sepolia.era.zksync.dev,mint,1000,3,1138,0x31dac4ac1a7c3a88eada191ace0d5207fc68d431a1dea712ef8e89a4f678806b,1042240.055375,1045493.496875,3253.441499999957,161587,25000000,,success,1,0,,,8574288
pilot_1790486476823,mint_N1000_c3,0,2026-09-27T05:38:41.954Z,zkSyncTestnet,300,sepolia.era.zksync.dev,mint,1000,3,1139,0x9073e36ef3200f918d115e51017ea5ee79ab1a6c3b22fcab94318adc6fc12a04,1042496.680166,1046107.007791,3610.327624999918,161587,25000000,,success,1,0,,,8574289
pilot_1790486476823,mint_N1000_c3,0,2026-09-27T05:38:43.249Z,zkSyncTestnet,300,sepolia.era.zksync.dev,mint,1000,3,1140,0xda9d836a0391054ef8eeb8dd09781028178c1a15d0fb8f5d6ab47e7a13dd79fc,1043214.312041,1047402.308041,4187.996000000043,161581,25000000,,success,1,0,,,8574290
pilot_1790486476823,mint_N1000_c3,0,2026-09-27T05:38:44.097Z,zkSyncTestnet,300,sepolia.era.zksync.dev,mint,1000,3,1141,0x244f123984215e4d7030a629c4c0b2da32c12ef7c484b378610656fa2c24161d,1045493.602708,1048250.246833,2756.6441249999916,161581,25000000,,success,1,0,,,8574291
pilot_1790486476823,mint_N1000_c3,0,2026-09-27T05:38:45.130Z,zkSyncTestnet,300,sepolia.era.zksync.dev,mint,1000,3,1142,0x37dfd39bfdd5df3854bed4f8fc1b771d2c148b80860676bb99c28818806e583c,1046107.195541,1049282.821041,3175.625500000082,161581,25000000,,success,1,0,,,8574292
pilot_1790486476823,mint_N1000_c3,0,2026-09-27T05:38:46.793Z,zkSyncTestnet,300,sepolia.era.zksync.dev,mint,1000,3,1143,0xe95af47ef3b4479cf298ef84423bc4a507e8539df7fb87d460321c4d8eb26e1c,1047402.404333,1050946.419291,3544.01495800016,161587,25000000,,success,1,0,,,8574293
pilot_1790486476823,mint_N1000_c3,0,2026-09-27T05:38:49.340Z,zkSyncTestnet,300,sepolia.era.zksync.dev,mint,1000,3,1144,0x4fe6df2baab98bc9efcdd0f66b1f12ed9ac947afe4affdcd94bcd4606e3ac519,1048250.3575,1053492.92275,5242.565249999869,161581,25000000,,success,1,0,,,8574294
pilot_1790486476823,mint_N1000_c3,0,2026-09-27T05:38:50.352Z,zkSyncTestnet,300,sepolia.era.zksync.dev,mint,1000,3,1146,0x019a4fdda8893f895e28aecd6fb8a4ca06c1e32e34d9fa9471f973e6990c1228,1050946.520083,1054504.788625,3558.2685420000926,161587,25000000,,success,1,0,,,8574295
pilot_1790486476823,mint_N1000_c3,0,2026-09-27T05:38:50.821Z,zkSyncTestnet,300,sepolia.era.zksync.dev,mint,1000,3,1145,0xafa3e3a07d0d964189376612b887f628886cebf61eb38a6ba2e658e1e6b18b12,1049282.904208,1054974.113916,5691.209707999835,161581,25000000,,success,1,0,,,8574295
pilot_1790486476823,mint_N1000_c3,0,2026-09-27T05:38:51.900Z,zkSyncTestnet,300,sepolia.era.zksync.dev,mint,1000,3,1147,0x27a49c9d0c4db753d5e68eba82a4e71fee140934d9804a75c205697c23f2b316,1053493.028041,1056052.749291,2559.721249999944,161581,25000000,,success,1,0,,,8574296
pilot_1790486476823,mint_N1000_c3,0,2026-09-27T05:38:53.025Z,zkSyncTestnet,300,sepolia.era.zksync.dev,mint,1000,3,1148,0x7a02b781780dddc787c02a6d3626544ab454fef6d222f908e2509f83be2257da,1054504.902291,1057178.372666,2673.4703750000335,161581,25000000,,success,1,0,,,8574297
pilot_1790486476823,mint_N1000_c3,0,2026-09-27T05:38:54.069Z,zkSyncTestnet,300,sepolia.era.zksync.dev,mint,1000,3,1149,0xb6bb0236a25b4767ba3ac4456baa1181a33e0b3c2dc4026cd8c6c164080727c1,1054974.197416,1058222.510041,3248.3126250000205,161587,25000000,,success,1,0,,,8574298
pilot_1790486476823,mint_N1000_c3,0,2026-09-27T05:38:55.834Z,zkSyncTestnet,300,sepolia.era.zksync.dev,mint,1000,3,1150,0x7897384a05b14904036afd5deeb4d95afa2711e61509d41d1a450d2011b88036,1056052.84925,1059986.922,3934.0727500000503,161581,25000000,,success,1,0,,,8574299
pilot_1790486476823,mint_N1000_c3,0,2026-09-27T05:38:55.875Z,zkSyncTestnet,300,sepolia.era.zksync.dev,mint,1000,3,1151,0xe46a13737736097a34429f9f5f594c3bdfe980b6b6f039e532b56aeba326f87b,1057178.464208,1060027.743583,2849.2793749999255,161581,25000000,,success,1,0,,,8574300
pilot_1790486476823,mint_N1000_c3,0,2026-09-27T05:38:57.741Z,zkSyncTestnet,300,sepolia.era.zksync.dev,mint,1000,3,1153,0x4f7064328805cd5c82432d09d89a66d8f4b27ebcf54b8e8e42fef81891a886ac,1059987.027791,1061893.94875,1906.92095900001,161581,25000000,,success,1,0,,,8574302
pilot_1790486476823,mint_N1000_c3,0,2026-09-27T05:38:58.054Z,zkSyncTestnet,300,sepolia.era.zksync.dev,mint,1000,3,1152,0xb040b1b051cda5710a541df47802d145eb11dd77b636b9758c4c82f392472056,1058222.589958,1062207.020208,3984.430249999976,161581,25000000,,success,1,0,,,8574301
pilot_1790486476823,mint_N1000_c3,0,2026-09-27T05:38:59.247Z,zkSyncTestnet,300,sepolia.era.zksync.dev,mint,1000,3,1154,0x8fe9aa65fe195039af7d22cbe428ec710d63bf86128c1049f7920af5894d84a3,1060027.806041,1063399.930791,3372.124749999959,161587,25000000,,success,1,0,,,8574303
pilot_1790486476823,mint_N1000_c3,0,2026-09-27T05:38:59.607Z,zkSyncTestnet,300,sepolia.era.zksync.dev,mint,1000,3,1155,0x160025eb21aa33bc17fea872f1c6678089d2b75b24e81fef592831a84458fef4,1061894.052291,1063760.339333,1866.2870419998653,161581,25000000,,success,1,0,,,8574304
pilot_1790486476823,mint_N1000_c3,0,2026-09-27T05:39:00.847Z,zkSyncTestnet,300,sepolia.era.zksync.dev,mint,1000,3,1156,0x76b58a65b4e240fcfadc8f776881c24c41247dbe9342732258d53469819262ae,1062207.109083,1064999.794083,2792.684999999823,161587,25000000,,success,1,0,,,8574305
pilot_1790486476823,mint_N1000_c3,0,2026-09-27T05:39:01.634Z,zkSyncTestnet,300,sepolia.era.zksync.dev,mint,1000,3,1157,0xb3a3e3677e82e86ebd57dff569a93774a26334020580b946c4e9c18747827403,1063400.005,1065787.003416,2386.998416000046,161581,25000000,,success,1,0,,,8574306
pilot_1790486476823,mint_N1000_c3,0,2026-09-27T05:39:02.254Z,zkSyncTestnet,300,sepolia.era.zksync.dev,mint,1000,3,1158,0x8b6fb706276784272e52dca9d976de09e2599d9f08aaed64e87c7f03ef43fab4,1063760.428708,1066406.787208,2646.3584999998566,161587,25000000,,success,1,0,,,8574307
pilot_1790486476823,mint_N1000_c3,0,2026-09-27T05:39:02.670Z,zkSyncTestnet,300,sepolia.era.zksync.dev,mint,1000,3,1159,0xa15eb643a405511b7b5a552f18179c97ee2125c2261a86d7885a022a748a73f4,1064999.866416,1066823.041375,1823.1749589999672,161581,25000000,,success,1,0,,,8574308
pilot_1790486476823,mint_N1000_c3,0,2026-09-27T05:39:03.568Z,zkSyncTestnet,300,sepolia.era.zksync.dev,mint,1000,3,1160,0x1a5f87150742aa809d13b85855232924a0f0fdaf71adf0adfa477af92355a73d,1065787.096791,1067721.570958,1934.4741669998039,161587,25000000,,success,1,0,,,8574309
pilot_1790486476823,mint_N1000_c3,0,2026-09-27T05:39:05.986Z,zkSyncTestnet,300,sepolia.era.zksync.dev,mint,1000,3,1162,0x8c938e156de5f962c69ee92226c399c8efff80dd1a93a81fa92f622a1a7df3a1,1066823.136916,1070138.954166,3315.81725000008,161581,25000000,,success,1,0,,,8574311
pilot_1790486476823,mint_N1000_c3,0,2026-09-27T05:39:05.991Z,zkSyncTestnet,300,sepolia.era.zksync.dev,mint,1000,3,1161,0x36ad0c0b76e02cb5f9bef529d2a34d540af3b1e55bc346b2b81ede06198019e3,1066406.9015,1070144.01775,3737.1162500001956,161581,25000000,,success,1,0,,,8574311
pilot_1790486476823,mint_N1000_c3,0,2026-09-27T05:39:06.633Z,zkSyncTestnet,300,sepolia.era.zksync.dev,mint,1000,3,1163,0xd3f484f70593d790b5ef970b548cd75cfa4a94d4f09cdd9343834aa3e8d01562,1067721.678125,1070785.836333,3064.158208000008,161581,25000000,,success,1,0,,,8574312
pilot_1790486476823,mint_N1000_c3,0,2026-09-27T05:39:07.938Z,zkSyncTestnet,300,sepolia.era.zksync.dev,mint,1000,3,1164,0xde6d89fa1e8350aca8292cf6eabd937ea4b9b0cb945f107b06cfeb48974482cc,1070139.046791,1072091.375333,1952.3285419999156,161587,25000000,,success,1,0,,,8574313
pilot_1790486476823,mint_N1000_c3,0,2026-09-27T05:39:10.015Z,zkSyncTestnet,300,sepolia.era.zksync.dev,mint,1000,3,1165,0x90f0bfb470e0a246dfa29792ca7666d503a10a9e4f6a7179dd7757f9fac95467,1070144.038666,1074167.984083,4023.9454170002136,161581,25000000,,success,1,0,,,8574314
pilot_1790486476823,mint_N1000_c3,0,2026-09-27T05:39:10.023Z,zkSyncTestnet,300,sepolia.era.zksync.dev,mint,1000,3,1166,0x7d31a5b7bb95cf89e05e3f29da13f540d3898372a5abbfe85b65e9c291164a9d,1070785.934833,1074175.870166,3389.9353330000304,161581,25000000,,success,1,0,,,8574315
pilot_1790486476823,mint_N1000_c3,0,2026-09-27T05:39:11.244Z,zkSyncTestnet,300,sepolia.era.zksync.dev,mint,1000,3,1167,0x29836786ac3d77214f2996129eb804d5efcfa840d2ee5489432e98bc4396964e,1072091.455708,1075396.932291,3305.476582999807,161581,25000000,,success,1,0,,,8574316
pilot_1790486476823,mint_N1000_c3,0,2026-09-27T05:39:12.622Z,zkSyncTestnet,300,sepolia.era.zksync.dev,mint,1000,3,1168,0x006899082306554cadcb1d0acaeb59bdf6b7060c2f9b7b88288c3f1c0bf6dc43,1074168.095916,1076774.811958,2606.716042000102,161587,25000000,,success,1,0,,,8574317
pilot_1790486476823,mint_N1000_c3,0,2026-09-27T05:39:13.180Z,zkSyncTestnet,300,sepolia.era.zksync.dev,mint,1000,3,1170,0x886afe073e32de9eb92ecd56d324016e3446b1d949e9b4536ada9dac52309965,1075397.036625,1077332.857083,1935.8204580000602,161587,25000000,,success,1,0,,,8574318
pilot_1790486476823,mint_N1000_c3,0,2026-09-27T05:39:13.816Z,zkSyncTestnet,300,sepolia.era.zksync.dev,mint,1000,3,1169,0x6358f9352949d59ea713637fe620e8ebcacf8d388bd9b0917cddf6b8e3a78400,1074175.892875,1077968.973916,3793.081041000085,161581,25000000,,success,1,0,,,8574318
pilot_1790486476823,mint_N1000_c3,0,2026-09-27T05:39:14.485Z,zkSyncTestnet,300,sepolia.era.zksync.dev,mint,1000,3,1171,0x31955cf27ac5f466800e70dfaa31ed7e4edc3bd676e5d23f3d204e372ef2077f,1076774.87125,1078637.849375,1862.9781249999069,161581,25000000,,success,1,0,,,8574319
pilot_1790486476823,mint_N1000_c3,0,2026-09-27T05:39:15.239Z,zkSyncTestnet,300,sepolia.era.zksync.dev,mint,1000,3,1172,0x515daed3a0c423b0c9f2afd56121e87c32a89395678372b93f7e09b796b5bec7,1077332.910708,1079392.394625,2059.483917000005,161581,25000000,,success,1,0,,,8574320
pilot_1790486476823,mint_N1000_c3,0,2026-09-27T05:39:16.923Z,zkSyncTestnet,300,sepolia.era.zksync.dev,mint,1000,3,1173,0xb1ad6ab0658973bb380b3f0b7d8c74e5625e4039009921905024a80b80318a06,1077969.061208,1081076.241791,3107.1805829999503,161587,25000000,,success,1,0,,,8574321
pilot_1790486476823,mint_N1000_c3,0,2026-09-27T05:39:17.923Z,zkSyncTestnet,300,sepolia.era.zksync.dev,mint,1000,3,1174,0x9ecfc88d4dce6f9dd8218963326ec0d67f94ccb52081f469fb99120d4bbd5fd2,1078637.935583,1082076.37225,3438.4366669999436,161587,25000000,,success,1,0,,,8574322
pilot_1790486476823,mint_N1000_c3,0,2026-09-27T05:39:18.178Z,zkSyncTestnet,300,sepolia.era.zksync.dev,mint,1000,3,1175,0x5606aa9ea48fcfc942c54345255043df9f5e6eddb40e3b59fd1495309b7834a2,1079392.485541,1082330.836333,2938.35079200007,161581,25000000,,success,1,0,,,8574323
pilot_1790486476823,mint_N1000_c3,0,2026-09-27T05:39:19.476Z,zkSyncTestnet,300,sepolia.era.zksync.dev,mint,1000,3,1176,0xe92b51f936ad27b167539777944df2bf8c10a7da9e505d6a8a806fe934ecd0b7,1081076.342125,1083629.265416,2552.923291000072,161468,25000000,,success,1,0,,,8574324
pilot_1790486476823,mint_N1000_c3,0,2026-09-27T05:39:19.751Z,zkSyncTestnet,300,sepolia.era.zksync.dev,mint,1000,3,1177,0x4da14d3d88d2493d6bb1a13dcce3d0c4356fd8d593af2f707991a2ceed730c41,1082076.480041,1083904.616458,1828.136416999856,161587,25000000,,success,1,0,,,8574325
pilot_1790486476823,mint_N1000_c3,0,2026-09-27T05:39:20.498Z,zkSyncTestnet,300,sepolia.era.zksync.dev,mint,1000,3,1178,0xb422c49fa75ea0996a7bc1291d83432d0e5785dd2387710950837b4e6ef7d36b,1082330.928958,1084650.985041,2320.0560830000322,161587,25000000,,success,1,0,,,8574326
pilot_1790486476823,mint_N1000_c3,0,2026-09-27T05:39:22.046Z,zkSyncTestnet,300,sepolia.era.zksync.dev,mint,1000,3,1179,0x2e1aff8ce15a4f5485845495cacca42be5b024283c00117a02643e30ea68735a,1083629.368541,1086198.849666,2569.481125000166,161587,25000000,,success,1,0,,,8574327
pilot_1790486476823,mint_N1000_c3,0,2026-09-27T05:39:22.584Z,zkSyncTestnet,300,sepolia.era.zksync.dev,mint,1000,3,1180,0x5a406888d5d9d062061f4c2717fc8e7ca8b850e1ba752a0955c624fd101491b0,1083904.720291,1086737.321625,2832.6013340000063,161581,25000000,,success,1,0,,,8574328
pilot_1790486476823,mint_N1000_c3,0,2026-09-27T05:39:23.119Z,zkSyncTestnet,300,sepolia.era.zksync.dev,mint,1000,3,1181,0xf9d7054ee502ae2cc8c0422a68907d22d2ab827a15eeb01fcafa56d055fe8eff,1084651.086458,1087271.947375,2620.8609170001,161581,25000000,,success,1,0,,,8574329
pilot_1790486476823,mint_N1000_c3,0,2026-09-27T05:39:23.895Z,zkSyncTestnet,300,sepolia.era.zksync.dev,mint,1000,3,1182,0xfb9741568b1b1b04569124c220bbf2398b9a9aa8e59763875cdecd339561ff7c,1086198.928041,1088048.115166,1849.1871250001714,161581,25000000,,success,1,0,,,8574330
pilot_1790486476823,mint_N1000_c3,0,2026-09-27T05:39:24.447Z,zkSyncTestnet,300,sepolia.era.zksync.dev,mint,1000,3,1183,0x6bc2725e7f3371a39a3b604eddf3d08f1d524f8f7a1cb78513d5279582512f8f,1086737.428291,1088599.754,1862.325708999997,161587,25000000,,success,1,0,,,8574331
pilot_1790486476823,mint_N1000_c3,0,2026-09-27T05:39:25.050Z,zkSyncTestnet,300,sepolia.era.zksync.dev,mint,1000,3,1184,0x8612c2f5f10b95abc30bb43610b3bf77c1215e4ad19bfccda61edf6ed9af8341,1087271.996833,1089202.671416,1930.6745829998981,161587,25000000,,success,1,0,,,8574332
pilot_1790486476823,mint_N1000_c3,0,2026-09-27T05:40:09.222Z,zkSyncTestnet,300,sepolia.era.zksync.dev,mint,1000,3,1185,0x170a51dcd4417a2c7bd54b3fb93a51669e96163dba4c65bb0102936f74260cd2,1088048.188208,1133390.958666,45342.77045800001,219988,25000000,,success,1,0,,,8574334
pilot_1790486476823,mint_N1000_c3,0,2026-09-27T05:40:09.794Z,zkSyncTestnet,300,sepolia.era.zksync.dev,mint,1000,3,1187,0xbcaf63295bebe58e7a645dc7cc9a123b2d405ec07825a2c18d5b3b2a9da89337,1089202.771666,1133962.997583,44760.22591700009,161769,25000000,,success,1,0,,,8574335
pilot_1790486476823,mint_N1000_c3,0,2026-09-27T05:40:10.528Z,zkSyncTestnet,300,sepolia.era.zksync.dev,mint,1000,3,1186,0xef3ecdf92b30d995fdf105af5a101a19fa1e8b80e9cf758222327fa191a04464,1088599.838583,1134697.418375,46097.57979199989,161769,25000000,,success,1,0,,,8574335
pilot_1790486476823,mint_N1000_c3,0,2026-09-27T05:40:11.319Z,zkSyncTestnet,300,sepolia.era.zksync.dev,mint,1000,3,1188,0xc36f193a1717f36c1aff3f6c12d8402b4d7e737c4f96c536ae24533c84b4be47,1133391.086375,1135488.966208,2097.8798330000136,161775,25000000,,success,1,0,,,8574336
pilot_1790486476823,mint_N1000_c3,0,2026-09-27T05:40:11.642Z,zkSyncTestnet,300,sepolia.era.zksync.dev,mint,1000,3,1189,0xa37433c03fbd11c48962da124d72b583c7d92e05b8c523ca166677f55d8bbc12,1133963.106791,1135812.453791,1849.3469999998342,161775,25000000,,success,1,0,,,8574337
pilot_1790486476823,mint_N1000_c3,0,2026-09-27T05:40:14.788Z,zkSyncTestnet,300,sepolia.era.zksync.dev,mint,1000,3,1190,0xbff12cb29c1a427f9101cf41fb36b2b9b83c9ef685f26499e4c7236a5fda97b8,1134697.483458,1138958.922291,4261.438832999906,161769,25000000,,success,1,0,,,8574338
pilot_1790486476823,mint_N1000_c3,0,2026-09-27T05:40:15.102Z,zkSyncTestnet,300,sepolia.era.zksync.dev,mint,1000,3,1191,0x692ca569a57249fad8fd02a0f10058622e05b8560ea7d3f1a842440a7956a7b0,1135489.053958,1139273.252833,3784.198875000002,161775,25000000,,success,1,0,,,8574339
pilot_1790486476823,mint_N1000_c3,0,2026-09-27T05:40:16.350Z,zkSyncTestnet,300,sepolia.era.zksync.dev,mint,1000,3,1192,0x17c8f66de82b917b22bd55f8b49a5ca606273859ec57a4f0e671c2f1b7387318,1135812.515791,1140522.036,4709.52020899998,161769,25000000,,success,1,0,,,8574340
pilot_1790486476823,mint_N1000_c3,0,2026-09-27T05:40:17.360Z,zkSyncTestnet,300,sepolia.era.zksync.dev,mint,1000,3,1194,0xac38985872c18da4ffa8d2a7b96ea27ad69ecc7f0207d5756a699d515fe5a0ef,1139273.349333,1141531.680458,2258.331125000026,161775,25000000,,success,1,0,,,8574342
pilot_1790486476823,mint_N1000_c3,0,2026-09-27T05:40:17.678Z,zkSyncTestnet,300,sepolia.era.zksync.dev,mint,1000,3,1193,0xbf758cea2629fad2aadf19c7c511af6c9503724db5fc6e6228404bcdc9c93d7c,1138959.064083,1141850.423833,2891.3597500000615,161769,25000000,,success,1,0,,,8574341
pilot_1790486476823,mint_N1000_c3,0,2026-09-27T05:40:21.570Z,zkSyncTestnet,300,sepolia.era.zksync.dev,mint,1000,3,1195,0x4d3181662b35d09389f6efd1cadfdf9c128583e259e5c1785060d80dbd3bc6bf,1140522.107416,1145743.411541,5221.304125000024,161769,25000000,,success,1,0,,,8574343
pilot_1790486476823,mint_N1000_c3,0,2026-09-27T05:40:22.184Z,zkSyncTestnet,300,sepolia.era.zksync.dev,mint,1000,3,1197,0x5dc0ee350ec7521fae7c76f4b593fd0b76cfea80bdb66682cdcfafe288a97935,1141850.522125,1146357.472666,4506.950541000115,161775,25000000,,success,1,0,,,8574344
pilot_1790486476823,mint_N1000_c3,0,2026-09-27T05:40:22.891Z,zkSyncTestnet,300,sepolia.era.zksync.dev,mint,1000,3,1196,0x69aec879a841ade45e6019463cbc58766ee82f6e1e83fa1e3139b6d2f95cbdb1,1141531.77475,1147064.543416,5532.768665999873,161775,25000000,,success,1,0,,,8574344
pilot_1790486476823,mint_N1000_c3,0,2026-09-27T05:40:24.742Z,zkSyncTestnet,300,sepolia.era.zksync.dev,mint,1000,3,1198,0xc6b1f0145e1f00af1a4de412530309f8be969f5eaa8a2db9ed202e89eaa59350,1145743.504541,1148916.0665,3172.5619590000715,161769,25000000,,success,1,0,,,8574345
pilot_1790486476823,mint_N1000_c3,0,2026-09-27T05:40:26.013Z,zkSyncTestnet,300,sepolia.era.zksync.dev,mint,1000,3,1199,0xadf41a512e43ccae3a30288e8ad9e4d1a0ee1e3ebe42490e725249429456413d,1146357.56025,1150186.69475,3829.1344999999274,161769,25000000,,success,1,0,,,8574345
pilot_1790486476823,mint_N1000_c3,0,2026-09-27T05:40:26.326Z,zkSyncTestnet,300,sepolia.era.zksync.dev,mint,1000,3,1200,0x0b74d745cb99f966146a74f883b8c04d4e4b941492af59fe471a9da239817ef1,1147064.616208,1150500.578708,3435.962499999907,161769,25000000,,success,1,0,,,8574346
pilot_1790486476823,mint_N1000_c3,0,2026-09-27T05:40:27.569Z,zkSyncTestnet,300,sepolia.era.zksync.dev,mint,1000,3,1201,0x4c0eb888c85e881ad5d68fa0f5214802d573353c0273e5ecfaf36460e0018d03,1148916.154166,1151743.423,2827.2688339999877,161656,25000000,,success,1,0,,,8574348
pilot_1790486476823,mint_N1000_c3,0,2026-09-27T05:40:27.905Z,zkSyncTestnet,300,sepolia.era.zksync.dev,mint,1000,3,1202,0x92848a92efb287baba667672c487168b2e1f49084389219786b37d6ba4dc6d0f,1150186.776291,1152079.075958,1892.299667000072,161769,25000000,,success,1,0,,,8574349
pilot_1790486476823,mint_N1000_c3,0,2026-09-27T05:40:28.214Z,zkSyncTestnet,300,sepolia.era.zksync.dev,mint,1000,3,1203,0x2a907494319302c890421bd34c6f8f9f9950f4979a20adc6b627610ea98591d4,1150500.674541,1152388.517041,1887.842500000028,161775,25000000,,success,1,0,,,8574350
pilot_1790486476823,mint_N1000_c3,0,2026-09-27T05:40:30.422Z,zkSyncTestnet,300,sepolia.era.zksync.dev,mint,1000,3,1204,0x943b284cef32b72453586b28d4705b1402c1f91e390bdba4148cc305e08c34e4,1151743.507125,1154596.503041,2852.9959160001017,161769,25000000,,success,1,0,,,8574352
pilot_1790486476823,mint_N1000_c3,0,2026-09-27T05:40:32.535Z,zkSyncTestnet,300,sepolia.era.zksync.dev,mint,1000,3,1205,0xa334bef8aa36d73e2136bb027779b0d99d33bac9177faca435f5eb10dc191410,1152079.127541,1156710.082375,4630.954833999975,161656,25000000,,success,1,0,,,8574355
pilot_1790486476823,mint_N1000_c3,0,2026-09-27T05:40:32.540Z,zkSyncTestnet,300,sepolia.era.zksync.dev,mint,1000,3,1207,0x6bad62d586f2b8948b316d84c734976e06beaaabe02df296151a7e73b69882d5,1154596.596708,1156714.493625,2117.8969169999473,161769,25000000,,success,1,0,,,8574356
pilot_1790486476823,mint_N1000_c3,0,2026-09-27T05:40:32.805Z,zkSyncTestnet,300,sepolia.era.zksync.dev,mint,1000,3,1206,0xcb376259a91e9c8d87eb330c78ec03d4a4a50d0696eb25f0f4a95d7b91939fbb,1152388.565291,1156980.386875,4591.821584000019,161769,25000000,,success,1,0,,,8574356
pilot_1790486476823,mint_N1000_c3,0,2026-09-27T05:40:34.454Z,zkSyncTestnet,300,sepolia.era.zksync.dev,mint,1000,3,1208,0x03fea20f6b6b0e4b33c3976fcfd4cfe5547f915a80dc65c2d1a5e4827427b1c1,1156710.131333,1158628.824291,1918.6929579998832,161656,25000000,,success,1,0,,,8574357
pilot_1790486476823,mint_N1000_c3,0,2026-09-27T05:40:34.460Z,zkSyncTestnet,300,sepolia.era.zksync.dev,mint,1000,3,1209,0xff9f7e36cc8b7108f6f8575044e70e2bc1ecf03a025c2742f48c2421dc7cd85a,1156714.510916,1158635.166708,1920.655792000005,161769,25000000,,success,1,0,,,8574357
pilot_1790486476823,mint_N1000_c3,0,2026-09-27T05:40:34.686Z,zkSyncTestnet,300,sepolia.era.zksync.dev,mint,1000,3,1210,0x5a7eaf36d3f96b450d0071e22a027197ba6988c0806956adbf86003dcb972e74,1156980.455333,1158861.399458,1880.9441249999218,161769,25000000,,success,1,0,,,8574357
pilot_1790486476823,mint_N1000_c3,0,2026-09-27T05:40:39.105Z,zkSyncTestnet,300,sepolia.era.zksync.dev,mint,1000,3,1211,0x5cbf812ae43f5d5e8a003c92fe0a836773b77a0e183e813420960f1759f4a389,1158628.93375,1163280.217833,4651.284082999919,161769,25000000,,success,1,0,,,8574360
pilot_1790486476823,mint_N1000_c3,0,2026-09-27T05:40:40.152Z,zkSyncTestnet,300,sepolia.era.zksync.dev,mint,1000,3,1212,0x90a9fbc885ff7b69a9bcc3adf5217a4c6306e8762ee708b871b6f9c160c83c06,1158635.190791,1164327.423666,5692.232874999987,161769,25000000,,success,1,0,,,8574361
pilot_1790486476823,mint_N1000_c3,0,2026-09-27T05:40:40.224Z,zkSyncTestnet,300,sepolia.era.zksync.dev,mint,1000,3,1213,0xfea600132edd76f51e1ad79a2d47f71c1040da03fd139964a57fc592cef6cba2,1158861.457916,1164399.192875,5537.734959000023,161769,25000000,,success,1,0,,,8574361
pilot_1790486476823,mint_N1000_c3,0,2026-09-27T05:40:42.304Z,zkSyncTestnet,300,sepolia.era.zksync.dev,mint,1000,3,1214,0x49173613b7b323016512b623c0ba7d2990280ddaae602dec18f5efedb40c1719,1163280.32225,1166479.992,3199.6697500001173,161775,25000000,,success,1,0,,,8574363
pilot_1790486476823,mint_N1000_c3,0,2026-09-27T05:40:42.600Z,zkSyncTestnet,300,sepolia.era.zksync.dev,mint,1000,3,1215,0x6f5fa521ca4b76931f767a4f46df4e154e8540cbd5a89136142bfe35b6700682,1164327.514833,1166776.049625,2448.534791999962,161769,25000000,,success,1,0,,,8574363
pilot_1790486476823,mint_N1000_c3,0,2026-09-27T05:40:42.889Z,zkSyncTestnet,300,sepolia.era.zksync.dev,mint,1000,3,1216,0xce5390b18c902d62bba0a8e8123c8b0d3d194f7e2b31c511a0d728bc93286aa9,1164399.266708,1167065.23975,2665.9730419998523,161769,25000000,,success,1,0,,,8574364
pilot_1790486476823,mint_N1000_c3,0,2026-09-27T05:40:44.347Z,zkSyncTestnet,300,sepolia.era.zksync.dev,mint,1000,3,1217,0x7aa3a7be2d6229ab0e45610293a082cf2252353add3a43f92785fdf031f78b04,1166480.114375,1168522.810583,2042.696208000183,161775,25000000,,success,1,0,,,8574365
pilot_1790486476823,mint_N1000_c3,0,2026-09-27T05:40:44.474Z,zkSyncTestnet,300,sepolia.era.zksync.dev,mint,1000,3,1218,0xc64e00617eae83bed994e2df312cb83484a7e16fe5a1cfa7c1ee22befaa1148a,1166776.127291,1168649.955791,1873.8285000000615,161775,25000000,,success,1,0,,,8574366
pilot_1790486476823,mint_N1000_c3,0,2026-09-27T05:40:46.168Z,zkSyncTestnet,300,sepolia.era.zksync.dev,mint,1000,3,1219,0x2415fae457509f8e3baefb529401c5ad111bee33d88f1c4b5cde13917f1b6f1a,1167065.340958,1170343.661625,3278.320667000022,161775,25000000,,success,1,0,,,8574368
pilot_1790486476823,mint_N1000_c3,0,2026-09-27T05:40:47.006Z,zkSyncTestnet,300,sepolia.era.zksync.dev,mint,1000,3,1221,0x2321a8a09fed20c8b07163eb005fb64d46ee8908414e47e057f7cd4a8595cea5,1168650.01125,1171181.938125,2531.926875000121,161769,25000000,,success,1,0,,,8574370
pilot_1790486476823,mint_N1000_c3,0,2026-09-27T05:40:47.014Z,zkSyncTestnet,300,sepolia.era.zksync.dev,mint,1000,3,1220,0xd34d86e46551d46908e2b7a0a6f70d9d6ed5cec776d23e8b12617e452cef3cae,1168522.902291,1171190.12175,2667.2194590000436,161775,25000000,,success,1,0,,,8574369
pilot_1790486476823,mint_N1000_c3,0,2026-09-27T05:40:48.148Z,zkSyncTestnet,300,sepolia.era.zksync.dev,mint,1000,3,1222,0xfdae4a0f6f9f837ec8e8c9d22575c292a2989a9d74d3ac24b712951295b93340,1170343.758916,1172324.189708,1980.4307920001447,161769,25000000,,success,1,0,,,8574371
pilot_1790486476823,mint_N1000_c3,0,2026-09-27T05:40:49.625Z,zkSyncTestnet,300,sepolia.era.zksync.dev,mint,1000,3,1223,0xe8a32303143faa305e649d6f34fcab0143306785a7101f0254d31c48c362f0a4,1171182.033541,1173801.440708,2619.4071669999976,161656,25000000,,success,1,0,,,8574372
pilot_1790486476823,mint_N1000_c3,0,2026-09-27T05:40:50.113Z,zkSyncTestnet,300,sepolia.era.zksync.dev,mint,1000,3,1225,0x20f787d8b5089ff8c19674d805da24e3a316d262823af567941e7ced26e69106,1172324.277708,1174289.38475,1965.1070419999305,161769,25000000,,success,1,0,,,8574373
pilot_1790486476823,mint_N1000_c3,0,2026-09-27T05:40:51.387Z,zkSyncTestnet,300,sepolia.era.zksync.dev,mint,1000,3,1224,0x7ce0eb744e7a82f0530f3c8b9f5a22d25b1cb6bc2ceb76ba8805ab5034073016,1171190.158416,1175563.418791,4373.260375000071,161769,25000000,,success,1,0,,,8574373
pilot_1790486476823,mint_N1000_c3,0,2026-09-27T05:40:52.538Z,zkSyncTestnet,300,sepolia.era.zksync.dev,mint,1000,3,1226,0xdeb17cc3348eca92c0b72d4f6e2f55eff7171436264f05fb7e885328ccf7369b,1173801.498,1176714.686416,2913.18841599999,161775,25000000,,success,1,0,,,8574374
pilot_1790486476823,mint_N1000_c3,0,2026-09-27T05:40:54.303Z,zkSyncTestnet,300,sepolia.era.zksync.dev,mint,1000,3,1227,0x504e5d632b444d9f56f73f2952cd6112f7515af5b5340cb621460414fb935a0d,1174289.483,1178479.199416,4189.716415999923,161769,25000000,,success,1,0,,,8574375
pilot_1790486476823,mint_N1000_c3,0,2026-09-27T05:40:54.362Z,zkSyncTestnet,300,sepolia.era.zksync.dev,mint,1000,3,1228,0x7077cb2c4da7aabcd40da377199a37b76757bf3071775b1110476ab67d240f5a,1175563.522916,1178537.9285,2974.405583999818,161775,25000000,,success,1,0,,,8574376
pilot_1790486476823,mint_N1000_c3,0,2026-09-27T05:40:55.268Z,zkSyncTestnet,300,sepolia.era.zksync.dev,mint,1000,3,1229,0x21eb532af357b82d1842ef594aca4d6eaf08a18450ccaf8b6b33442424d165e7,1176714.814708,1179444.064916,2729.250207999954,161769,25000000,,success,1,0,,,8574377
pilot_1790486476823,mint_N1000_c3,0,2026-09-27T05:40:56.967Z,zkSyncTestnet,300,sepolia.era.zksync.dev,mint,1000,3,1230,0x941f430cadefb570e472a64981c6ceb925b8965d281fd6f16c93d4037c986d15,1178479.324791,1181143.898541,2664.5737499999814,161775,25000000,,success,1,0,,,8574378
pilot_1790486476823,mint_N1000_c3,0,2026-09-27T05:40:57.079Z,zkSyncTestnet,300,sepolia.era.zksync.dev,mint,1000,3,1231,0x9e04a3982b0c140a9e0bf3a66526569bc440f9fcd6f5cd49d5337b4d4e80bd2f,1178537.990625,1181255.259041,2717.2684159998316,161775,25000000,,success,1,0,,,8574379
pilot_1790486476823,mint_N1000_c3,0,2026-09-27T05:40:57.191Z,zkSyncTestnet,300,sepolia.era.zksync.dev,mint,1000,3,1232,0xcc4e0ffa80d1f8f0ef3daee9bd3205000dc6291214b5661b3211d76812b33d5e,1179444.157833,1181366.959041,1922.8012080001645,161769,25000000,,success,1,0,,,8574379
pilot_1790486476823,mint_N1000_c3,0,2026-09-27T05:40:58.875Z,zkSyncTestnet,300,sepolia.era.zksync.dev,mint,1000,3,1233,0xa5db6d2c38e7590833473e8bd423f6cf5cf12244f4a74929f6834b693412e681,1181143.959,1183051.261916,1907.3029159998987,161769,25000000,,success,1,0,,,8574380
pilot_1790486476823,mint_N1000_c3,0,2026-09-27T05:40:59.042Z,zkSyncTestnet,300,sepolia.era.zksync.dev,mint,1000,3,1234,0x96f4be2addad9b75baf473ec0caf3c0456278c92b2d548686a0be0b2ff02971f,1181255.325666,1183217.9715,1962.6458340000827,161775,25000000,,success,1,0,,,8574381
pilot_1790486476823,mint_N1000_c3,0,2026-09-27T05:40:59.285Z,zkSyncTestnet,300,sepolia.era.zksync.dev,mint,1000,3,1235,0x9ecda7f9d8fdf4e1a132d72e4ebf80018c809645ffe5623dbdd7ae8df6a50d5d,1181367.049875,1183461.795333,2094.745457999874,161775,25000000,,success,1,0,,,8574382
pilot_1790486476823,mint_N1000_c3,0,2026-09-27T05:41:00.933Z,zkSyncTestnet,300,sepolia.era.zksync.dev,mint,1000,3,1236,0xd99e9360fbeb28509af8ab2726ea29b5018ac8e40dc4e32bb794ed61853f1271,1183051.384875,1185109.2765,2057.891624999931,161769,25000000,,success,1,0,,,8574383
pilot_1790486476823,mint_N1000_c3,0,2026-09-27T05:41:01.980Z,zkSyncTestnet,300,sepolia.era.zksync.dev,mint,1000,3,1237,0x5af59a66349432ba96401226666751754f69e648c789c135939b7a47bee7f8ec,1183218.048666,1186156.804875,2938.7562090000138,161769,25000000,,success,1,0,,,8574384
pilot_1790486476823,mint_N1000_c3,0,2026-09-27T05:41:02.223Z,zkSyncTestnet,300,sepolia.era.zksync.dev,mint,1000,3,1238,0x4c700245ba50934e2b5d02399449da971f39d2dc2c80bafbc0fc4e9599516cb5,1183461.880958,1186399.267041,2937.3860830001067,161775,25000000,,success,1,0,,,8574384
pilot_1790486476823,mint_N1000_c3,0,2026-09-27T05:41:02.986Z,zkSyncTestnet,300,sepolia.era.zksync.dev,mint,1000,3,1239,0x04118fcd1410d1b7c8d66e574d95391b7005795f3b8fe79c4e0419b9304fbca2,1185109.369541,1187162.177125,2052.80758399982,161775,25000000,,success,1,0,,,8574386
pilot_1790486476823,mint_N1000_c3,0,2026-09-27T05:41:03.897Z,zkSyncTestnet,300,sepolia.era.zksync.dev,mint,1000,3,1240,0xde303f6103e7abb950fe240e2b79f962176c67a5200be5111b4301141e7d2018,1186156.912208,1188073.955958,1917.0437499999534,161775,25000000,,success,1,0,,,8574387
pilot_1790486476823,mint_N1000_c3,0,2026-09-27T05:41:04.078Z,zkSyncTestnet,300,sepolia.era.zksync.dev,mint,1000,3,1241,0x1e0e2e58267a43f5edf676a5c02082648556f96aaae5d9df9fe4e190ff89fdb5,1186399.349083,1188254.943541,1855.5944579998031,161775,25000000,,success,1,0,,,8574388
pilot_1790486476823,mint_N1000_c3,0,2026-09-27T05:41:04.875Z,zkSyncTestnet,300,sepolia.era.zksync.dev,mint,1000,3,1242,0x9bbcb3b4f9c1124f9caadb0e44aab54871ff43e0dd82f15263fe39b02af1a82f,1187162.326458,1189051.511416,1889.184957999969,161769,25000000,,success,1,0,,,8574389
pilot_1790486476823,mint_N1000_c3,0,2026-09-27T05:41:06.676Z,zkSyncTestnet,300,sepolia.era.zksync.dev,mint,1000,3,1243,0x41ad2cb059a12498a5a0da1d6e530ce5198ce5c98253cdc535eccb6424138c4a,1188074.05225,1190852.401833,2778.3495829999447,161769,25000000,,success,1,0,,,8574390
pilot_1790486476823,mint_N1000_c3,0,2026-09-27T05:41:06.955Z,zkSyncTestnet,300,sepolia.era.zksync.dev,mint,1000,3,1244,0xd8386b787fa9d9282dcd60544fb743ad59191797a910d9c940015783ed047e3a,1188255.00975,1191132.010666,2877.00091599999,161775,25000000,,success,1,0,,,8574391
pilot_1790486476823,mint_N1000_c3,0,2026-09-27T05:41:08.629Z,zkSyncTestnet,300,sepolia.era.zksync.dev,mint,1000,3,1246,0xf785a76c5b79f9b7ba7ad59dd66921658d47c9702f9901b3ee47bf7539b3d107,1190852.509291,1192805.736916,1953.2276250000577,161769,25000000,,success,1,0,,,8574393
pilot_1790486476823,mint_N1000_c3,0,2026-09-27T05:41:08.780Z,zkSyncTestnet,300,sepolia.era.zksync.dev,mint,1000,3,1245,0xb43789a2fc88e8bf22f4238ae795e2e2c62643d216d7bdf164bdd3acd8572183,1189051.596708,1192957.110625,3905.513917000033,161775,25000000,,success,1,0,,,8574392
pilot_1790486476823,mint_N1000_c3,0,2026-09-27T05:41:10.837Z,zkSyncTestnet,300,sepolia.era.zksync.dev,mint,1000,3,1247,0x9a9dd3f28e7f811ccc04f896115e69905fd4830bb3715228674abf089aa7baf6,1191132.1115,1195013.563541,3881.452040999895,161775,25000000,,success,1,0,,,8574394
pilot_1790486476823,mint_N1000_c3,0,2026-09-27T05:41:11.670Z,zkSyncTestnet,300,sepolia.era.zksync.dev,mint,1000,3,1249,0xc5241cc085473b880b884337da9a5787cae7d69d0137105a598496c9b093c743,1192957.1665,1195846.357708,2889.191208000062,161775,25000000,,success,1,0,,,8574395
pilot_1790486476823,mint_N1000_c3,0,2026-09-27T05:41:11.691Z,zkSyncTestnet,300,sepolia.era.zksync.dev,mint,1000,3,1248,0x31001d97726a441b2db857737bba10e7cb6c78fe16ac035dd966881787925119,1192805.850291,1195867.841291,3061.9909999999218,161769,25000000,,success,1,0,,,8574395
pilot_1790486476823,mint_N1000_c3,0,2026-09-27T05:41:12.698Z,zkSyncTestnet,300,sepolia.era.zksync.dev,mint,1000,3,1250,0x1e368eb38f6632c33399b017a4273aed8a0ccfaf8ddf2066916fe483dad5e592,1195013.673208,1196874.348583,1860.675375000108,161769,25000000,,success,1,0,,,8574396
pilot_1790486476823,mint_N1000_c3,0,2026-09-27T05:41:13.554Z,zkSyncTestnet,300,sepolia.era.zksync.dev,mint,1000,3,1251,0x86376eb0b566fd8ce5ed5a991972e150179b00d991d6da707095f74ac3b3fcf4,1195846.458375,1197730.532541,1884.0741660001222,161775,25000000,,success,1,0,,,8574397
pilot_1790486476823,mint_N1000_c3,0,2026-09-27T05:41:15.505Z,zkSyncTestnet,300,sepolia.era.zksync.dev,mint,1000,3,1252,0x4fb5d0cc2825afc9b1c2874e28c0a02f26f42b2b054d6d4ac646bc20d1fe1f40,1195867.903208,1199682.214875,3814.3116670001764,161841,25000000,,success,1,0,,,8574398
pilot_1790486476823,mint_N1000_c3,0,2026-09-27T05:41:15.513Z,zkSyncTestnet,300,sepolia.era.zksync.dev,mint,1000,3,1253,0x2f6b766d1cdad279b820ae2bf5351d24290ce1dfb3691cb12a1225ab38fd8630,1196874.409291,1199689.402375,2814.993083999958,161847,25000000,,success,1,0,,,8574399
pilot_1790486476823,mint_N1000_c3,0,2026-09-27T05:41:17.108Z,zkSyncTestnet,300,sepolia.era.zksync.dev,mint,1000,3,1254,0x7d6e6823418fe696fe7fa3372f41c4de667e7f9a60a1c6f1c905b13d575b9076,1197730.621166,1201284.467958,3553.846792000113,161841,25000000,,success,1,0,,,8574400
pilot_1790486476823,mint_N1000_c3,0,2026-09-27T05:41:18.156Z,zkSyncTestnet,300,sepolia.era.zksync.dev,mint,1000,3,1255,0xa156dbc076a9636eb1c2900360defb6f076ce437aae035271070be2c3c8266f1,1199682.324291,1202333.066583,2650.742291999981,161775,25000000,,success,1,0,,,8574401
pilot_1790486476823,mint_N1000_c3,0,2026-09-27T05:41:18.189Z,zkSyncTestnet,300,sepolia.era.zksync.dev,mint,1000,3,1256,0xd45161d025bff6e760b26bdb27a8610a4bcdb589223a2668749fb1e0ff116c7d,1199689.44925,1202366.2365,2676.787250000052,161769,25000000,,success,1,0,,,8574401
pilot_1790486476823,mint_N1000_c3,0,2026-09-27T05:41:20.002Z,zkSyncTestnet,300,sepolia.era.zksync.dev,mint,1000,3,1257,0x5289c4ee70f01b9226ba1aacef9c7f31bb44046388b70d149b68c15e666e078a,1201284.569458,1204178.966833,2894.397375000175,161775,25000000,,success,1,0,,,8574402
pilot_1790486476823,mint_N1000_c3,0,2026-09-27T05:41:21.644Z,zkSyncTestnet,300,sepolia.era.zksync.dev,mint,1000,3,1259,0x84fc9a68ffaab2349760b4bab9454d227b4c598ce240456b0253a6aae2c52c01,1202366.27925,1205820.37425,3454.095000000205,161769,25000000,,success,1,0,,,8574404
pilot_1790486476823,mint_N1000_c3,0,2026-09-27T05:41:21.684Z,zkSyncTestnet,300,sepolia.era.zksync.dev,mint,1000,3,1258,0x160fbb5c392e8953e1e08799e12139838629682730ec48350dea43939ea1ff6b,1202333.177375,1205860.605291,3527.4279160001315,161769,25000000,,success,1,0,,,8574403
pilot_1790486476823,mint_N1000_c3,0,2026-09-27T05:41:21.880Z,zkSyncTestnet,300,sepolia.era.zksync.dev,mint,1000,3,1260,0xc0996b26826f36ab8c18125d571ad3228f57734bc24692185d28d3ba57e0fc7f,1204179.070458,1206056.852083,1877.7816249998286,161775,25000000,,success,1,0,,,8574404
pilot_1790486476823,mint_N1000_c3,0,2026-09-27T05:41:24.544Z,zkSyncTestnet,300,sepolia.era.zksync.dev,mint,1000,3,1261,0xf33c2c4b370a0b5836c5438214165eff830608ddb53f04b4da7853ca27ed0615,1205820.472208,1208721.016541,2900.544332999969,161769,25000000,,success,1,0,,,8574405
pilot_1790486476823,mint_N1000_c3,0,2026-09-27T05:41:25.260Z,zkSyncTestnet,300,sepolia.era.zksync.dev,mint,1000,3,1263,0x5aa79e67f7706dc301fe5440025c7e209bb10d961f8eceb0a5b3a50be329f6ce,1206056.913083,1209436.983791,3380.0707079998683,161775,25000000,,success,1,0,,,8574406
pilot_1790486476823,mint_N1000_c3,0,2026-09-27T05:41:25.840Z,zkSyncTestnet,300,sepolia.era.zksync.dev,mint,1000,3,1262,0x8df872c56ea09990ceb5c45ae213900720ae7dc99d046f9c6946f3b48b6e0034,1205860.654625,1210016.834291,4156.179665999953,161769,25000000,,success,1,0,,,8574406
pilot_1790486476823,mint_N1000_c3,0,2026-09-27T05:41:27.073Z,zkSyncTestnet,300,sepolia.era.zksync.dev,mint,1000,3,1264,0x2305af8c7d69c2bde6f546cde02d15f99e2f5b1c20941f58f6c84a71e4aa7875,1208721.107833,1211249.677041,2528.569208000088,161775,25000000,,success,1,0,,,8574407
pilot_1790486476823,mint_N1000_c3,0,2026-09-27T05:41:27.119Z,zkSyncTestnet,300,sepolia.era.zksync.dev,mint,1000,3,1265,0x18cd127b5d70836bff88983d6992a1a13ea2c39b7afa35de86952c5bb4ab8cc3,1209437.082583,1211295.622041,1858.5394580001011,161775,25000000,,success,1,0,,,8574407
pilot_1790486476823,mint_N1000_c3,0,2026-09-27T05:41:27.707Z,zkSyncTestnet,300,sepolia.era.zksync.dev,mint,1000,3,1266,0x70c0ae5653fdc3c86355de30eb7d9e89c6fbc1ba176ec5f4170d0dc0e2b71e3a,1210016.930458,1211883.826916,1866.8964580001775,161769,25000000,,success,1,0,,,8574408
pilot_1790486476823,mint_N1000_c3,0,2026-09-27T05:41:29.007Z,zkSyncTestnet,300,sepolia.era.zksync.dev,mint,1000,3,1267,0x4721dcfef0e41c1d84a2b66038510c94a8f86d839c05840e6a8eac9326a7b128,1211249.777166,1213183.610291,1933.8331249998882,161775,25000000,,success,1,0,,,8574409
pilot_1790486476823,mint_N1000_c3,0,2026-09-27T05:41:29.684Z,zkSyncTestnet,300,sepolia.era.zksync.dev,mint,1000,3,1268,0x16b11e2db5be4db88fe655ce13e3d4f09311d44522a2f982475b601b848be6d6,1211295.710958,1213861.324333,2565.613374999957,161769,25000000,,success,1,0,,,8574410
pilot_1790486476823,mint_N1000_c3,0,2026-09-27T05:41:29.690Z,zkSyncTestnet,300,sepolia.era.zksync.dev,mint,1000,3,1269,0xfa218a7fcbff2fd2893bd28d39a882885a1f9966eb176f1784ad2930241453c6,1211883.927125,1213866.645625,1982.718499999959,161775,25000000,,success,1,0,,,8574410
pilot_1790486476823,mint_N1000_c3,0,2026-09-27T05:41:33.131Z,zkSyncTestnet,300,sepolia.era.zksync.dev,mint,1000,3,1270,0xaa63b05a2a3aa5fe28106cdbe2569c954d9fe6a077692f84afc977c9e83b584a,1213183.691166,1217308.223125,4124.531959000044,161769,25000000,,success,1,0,,,8574411
pilot_1790486476823,mint_N1000_c3,0,2026-09-27T05:41:34.676Z,zkSyncTestnet,300,sepolia.era.zksync.dev,mint,1000,3,1271,0xde2394213b47ca11371a8ebf58c3f3aabb67312ed498aa3efd3f739c5ccfd513,1213861.409916,1218853.256833,4991.8469170001335,161769,25000000,,success,1,0,,,8574412
pilot_1790486476823,mint_N1000_c3,0,2026-09-27T05:41:35.732Z,zkSyncTestnet,300,sepolia.era.zksync.dev,mint,1000,3,1273,0xad157fcf2b2a65f638424e772e9c54203811987f98c24d9410e67959991d21cc,1217308.314416,1219909.170833,2600.856417000061,161769,25000000,,success,1,0,,,8574413
pilot_1790486476823,mint_N1000_c3,0,2026-09-27T05:41:36.267Z,zkSyncTestnet,300,sepolia.era.zksync.dev,mint,1000,3,1272,0x176f7df73f1c54ce35577c86b2d9ad02d1031748b4a476ec56bf7d87467f8f8d,1213866.683208,1220444.311541,6577.628333000001,161769,25000000,,success,1,0,,,8574412
pilot_1790486476823,mint_N1000_c3,0,2026-09-27T05:41:38.128Z,zkSyncTestnet,300,sepolia.era.zksync.dev,mint,1000,3,1274,0x1806cff26a0e82bed785f04a11b6f4967003c872c10b2aa8ebdaa20e0381022a,1218853.311916,1222304.409333,3451.0974169999827,161775,25000000,,success,1,0,,,8574414
pilot_1790486476823,mint_N1000_c3,0,2026-09-27T05:41:39.927Z,zkSyncTestnet,300,sepolia.era.zksync.dev,mint,1000,3,1276,0x0d21633514a7cf11045a2278b93d4f69d544de04fcaabbf09b8adfc26660d68b,1220444.404041,1224103.961541,3659.5575000001118,161769,25000000,,success,1,0,,,8574416
pilot_1790486476823,mint_N1000_c3,0,2026-09-27T05:41:39.933Z,zkSyncTestnet,300,sepolia.era.zksync.dev,mint,1000,3,1275,0x86b37a0253f9a0f18a9d935634806bcfa6388de680b2688a7ca983264c990c9c,1219909.266041,1224109.695125,4200.429084000178,161775,25000000,,success,1,0,,,8574415
pilot_1790486476823,mint_N1000_c3,0,2026-09-27T05:41:42.545Z,zkSyncTestnet,300,sepolia.era.zksync.dev,mint,1000,3,1278,0xc5cb05c940a7625064404e2ba2765b77c615ec81e1f294234b2e76de6ec7d3a7,1224104.089291,1226721.46675,2617.3774589998648,161769,25000000,,success,1,0,,,8574417
pilot_1790486476823,mint_N1000_c3,0,2026-09-27T05:41:42.659Z,zkSyncTestnet,300,sepolia.era.zksync.dev,mint,1000,3,1277,0x8525bfbe314439a16408dc2981ab9708761f690c3e84b41f00356e5cb1dfe1ce,1222304.5085,1226835.878291,4531.369790999917,161769,25000000,,success,1,0,,,8574417
pilot_1790486476823,mint_N1000_c3,0,2026-09-27T05:41:43.896Z,zkSyncTestnet,300,sepolia.era.zksync.dev,mint,1000,3,1279,0xd0347c8f7030f8bbe1be2c9dbbeb4cb1fde774ddbfeae75a4a6feba383fb1f56,1224109.735583,1228073.1585,3963.422917000018,161769,25000000,,success,1,0,,,8574418
pilot_1790486476823,mint_N1000_c3,0,2026-09-27T05:41:46.819Z,zkSyncTestnet,300,sepolia.era.zksync.dev,mint,1000,3,1282,0x0995e3df6d1896ad3be5fdb1862b3dc5df65a1245b40c7ef47c446ed57b528a4,1228073.270875,1230996.28825,2923.017375000054,161775,25000000,,success,1,0,,,8574420
pilot_1790486476823,mint_N1000_c3,0,2026-09-27T05:41:46.824Z,zkSyncTestnet,300,sepolia.era.zksync.dev,mint,1000,3,1280,0xb88a9aac22cb8f13002b100defbcb3d50d833328e1b26d65ee3891ae2c49b07c,1226721.569,1231000.616208,4279.047208000207,161775,25000000,,success,1,0,,,8574419
pilot_1790486476823,mint_N1000_c3,0,2026-09-27T05:41:47.009Z,zkSyncTestnet,300,sepolia.era.zksync.dev,mint,1000,3,1281,0x31ef84883129a07492a33b8be935e835281ff370fb393427b5d79a85056b7a6f,1226835.931458,1231186.066541,4350.135082999943,161775,25000000,,success,1,0,,,8574420
pilot_1790486476823,mint_N1000_c3,0,2026-09-27T05:41:51.147Z,zkSyncTestnet,300,sepolia.era.zksync.dev,mint,1000,3,1283,0x8e89bd9c42a547aef8889f751064a3348f4fda28a2733d8c3673711df1eab8bf,1230996.353333,1235323.970666,4327.617332999827,161775,25000000,,success,1,0,,,8574421
pilot_1790486476823,mint_N1000_c3,0,2026-09-27T05:41:51.254Z,zkSyncTestnet,300,sepolia.era.zksync.dev,mint,1000,3,1285,0x5416a842a323ec55ad4df552a31bee2a875555fdd520d17a9af7cdbab8ed0caa,1231186.155375,1235431.0485,4244.893124999944,161775,25000000,,success,1,0,,,8574421
pilot_1790486476823,mint_N1000_c3,0,2026-09-27T05:41:52.226Z,zkSyncTestnet,300,sepolia.era.zksync.dev,mint,1000,3,1284,0xb503f99735fb8cb1aa0122d20009bf6a44599447bcf88deca7c0a553bbe01d52,1231000.638,1236402.865208,5402.227207999909,161775,25000000,,success,1,0,,,8574421
pilot_1790486476823,mint_N1000_c3,0,2026-09-27T05:41:53.049Z,zkSyncTestnet,300,sepolia.era.zksync.dev,mint,1000,3,1286,0xd5cafa8efd09bd2fe83d52a95db5d3147ae93ac260224380195831c1c23032b0,1235324.064083,1237226.213291,1902.1492080001626,161769,25000000,,success,1,0,,,8574422
pilot_1790486476823,mint_N1000_c3,0,2026-09-27T05:41:53.236Z,zkSyncTestnet,300,sepolia.era.zksync.dev,mint,1000,3,1287,0xdaeb28ca27e8525c2f224c5a210e753db298fe3183e2c55ab4eb42dd8371c765,1235431.124458,1237412.629041,1981.5045829999726,161775,25000000,,success,1,0,,,8574423
pilot_1790486476823,mint_N1000_c3,0,2026-09-27T05:41:55.118Z,zkSyncTestnet,300,sepolia.era.zksync.dev,mint,1000,3,1289,0x9645ce24c806e89c93763d80283cb761a837e3224bfb6affa6c81de7f12caf85,1237226.305125,1239294.607833,2068.3027079999447,161769,25000000,,success,1,0,,,8574424
pilot_1790486476823,mint_N1000_c3,0,2026-09-27T05:41:56.185Z,zkSyncTestnet,300,sepolia.era.zksync.dev,mint,1000,3,1288,0x1bb8b49259b53a1fd9069c5cb38e3978651832936f0d8e932a5eed3b4955114a,1236402.961125,1240362.422625,3959.461499999976,161769,25000000,,success,1,0,,,8574424
pilot_1790486476823,mint_N1000_c3,0,2026-09-27T05:41:58.202Z,zkSyncTestnet,300,sepolia.era.zksync.dev,mint,1000,3,1290,0xb3ab10294a46f78054c36753d3ba0dd626f14a22881e0a0b73c2f5fad46f6e3d,1237412.734291,1242378.836541,4966.102249999996,161769,25000000,,success,1,0,,,8574425
pilot_1790486476823,mint_N1000_c3,0,2026-09-27T05:41:58.748Z,zkSyncTestnet,300,sepolia.era.zksync.dev,mint,1000,3,1291,0x25d15bf458c78a6ad0da2799d0ec194376878ec71bf135e5c80f504b29b52f42,1239294.7035,1242924.705416,3630.001915999921,161775,25000000,,success,1,0,,,8574426
pilot_1790486476823,mint_N1000_c3,0,2026-09-27T05:41:59.000Z,zkSyncTestnet,300,sepolia.era.zksync.dev,mint,1000,3,1292,0xc1ce8ac4c54b1c471840f3d7138fa7c8dd564d11a1a9107a6e70cf071cff398e,1240362.486,1243176.717583,2814.231582999928,161769,25000000,,success,1,0,,,8574427
pilot_1790486476823,mint_N1000_c3,0,2026-09-27T05:42:00.876Z,zkSyncTestnet,300,sepolia.era.zksync.dev,mint,1000,3,1293,0x45fcffa600d479ae1fdf3014d383d61a1c481785bf6d4526d936341600efe46a,1242378.9205,1245052.941833,2674.021332999924,161775,25000000,,success,1,0,,,8574428
pilot_1790486476823,mint_N1000_c3,0,2026-09-27T05:42:02.648Z,zkSyncTestnet,300,sepolia.era.zksync.dev,mint,1000,3,1294,0xa573b6bf0b5545e7cf57b1976bdd2ac366e776de0300573d70c7b4083d03596a,1242924.82475,1246825.083416,3900.258666000096,161769,25000000,,success,1,0,,,8574429
pilot_1790486476823,mint_N1000_c3,0,2026-09-27T05:42:03.258Z,zkSyncTestnet,300,sepolia.era.zksync.dev,mint,1000,3,1295,0x0a1b40c4aabfb1a5ff9b8c1a160af34648185bb296391be566d08b1fadd40dda,1243176.793833,1247434.875291,4258.081458000001,161769,25000000,,success,1,0,,,8574430
pilot_1790486476823,mint_N1000_c3,0,2026-09-27T05:42:03.708Z,zkSyncTestnet,300,sepolia.era.zksync.dev,mint,1000,3,1296,0x2920680b044eeb5e49e1a2cffa58bef289978b20b8665f1faac68e06b76ba9ff,1245053.04325,1247885.213208,2832.1699579998385,161769,25000000,,success,1,0,,,8574431
pilot_1790486476823,mint_N1000_c3,0,2026-09-27T05:42:04.557Z,zkSyncTestnet,300,sepolia.era.zksync.dev,mint,1000,3,1297,0x685d28ec9e41d743e194e9883c5019e1c4e571978a571131c2f1f7b464a44fed,1246825.1835,1248734.2655,1909.0819999999367,161769,25000000,,success,1,0,,,8574432
pilot_1790486476823,mint_N1000_c3,0,2026-09-27T05:42:05.258Z,zkSyncTestnet,300,sepolia.era.zksync.dev,mint,1000,3,1298,0x458334697ff50730dc9fdbf2d9e50947f60af648e21118af47ecedcbf5998ca7,1247434.953041,1249435.202291,2000.249249999877,161775,25000000,,success,1,0,,,8574433
pilot_1790486476823,mint_N1000_c3,0,2026-09-27T05:42:05.611Z,zkSyncTestnet,300,sepolia.era.zksync.dev,mint,1000,3,1299,0x42290ed42215d28a9373678e548b6c24c9f17e3bf7beedd08464c87b4ba10315,1247885.330166,1249787.678541,1902.3483750000596,161769,25000000,,success,1,0,,,8574434
pilot_1790486476823,mint_N1000_c3,0,2026-09-27T05:42:06.461Z,zkSyncTestnet,300,sepolia.era.zksync.dev,mint,1000,3,1300,0xf0140cf11bd506cc7cf181719738e5e28bdfb0944052cdf0976b429487ede6ae,1248734.353875,1250637.614333,1903.2604580000043,161769,25000000,,success,1,0,,,8574435
pilot_1790486476823,mint_N1000_c3,0,2026-09-27T05:42:07.202Z,zkSyncTestnet,300,sepolia.era.zksync.dev,mint,1000,3,1301,0x914189cb328f6880a537d6e53444a6be5f5d73cea821a722d3be1c0d299f2a4d,1249435.252416,1251379.1155,1943.8630840000696,161775,25000000,,success,1,0,,,8574436
pilot_1790486476823,mint_N1000_c3,0,2026-09-27T05:42:07.515Z,zkSyncTestnet,300,sepolia.era.zksync.dev,mint,1000,3,1302,0x2be2b14114e85ddf83763db8bcabcd776f333352ce94bf2295b7858baff796fb,1249787.749875,1251692.076541,1904.3266660000663,161775,25000000,,success,1,0,,,8574437
pilot_1790486476823,mint_N1000_c3,0,2026-09-27T05:42:08.476Z,zkSyncTestnet,300,sepolia.era.zksync.dev,mint,1000,3,1303,0x81fe14b096646bb65ac54a71da052113486a30eb6bf3e98cfe146656af46b40b,1250637.7105,1252652.900458,2015.1899579998571,161775,25000000,,success,1,0,,,8574438
pilot_1790486476823,mint_N1000_c3,0,2026-09-27T05:42:09.756Z,zkSyncTestnet,300,sepolia.era.zksync.dev,mint,1000,3,1305,0xb3d57c08c59275806a5385c8b5a496c0715d2c509bbcdf4de8470716c27271b4,1251692.184208,1253932.904625,2240.7204169998877,161769,25000000,,success,1,0,,,8574440
pilot_1790486476823,mint_N1000_c3,0,2026-09-27T05:42:09.969Z,zkSyncTestnet,300,sepolia.era.zksync.dev,mint,1000,3,1304,0x2f425a7b2ce7938c53024767158ef6739fb30771eb0db8e0c6751231a54a3517,1251379.208041,1254146.267416,2767.0593749999534,161775,25000000,,success,1,0,,,8574439
pilot_1790486476823,mint_N1000_c3,0,2026-09-27T05:42:11.100Z,zkSyncTestnet,300,sepolia.era.zksync.dev,mint,1000,3,1306,0x3b7d8232bf0974bc34c40bcbd36f9135a236912740bd9c3ed3fdb1729fa03a23,1252652.975875,1255277.042125,2624.066249999916,161775,25000000,,success,1,0,,,8574441
pilot_1790486476823,mint_N1000_c3,0,2026-09-27T05:42:11.629Z,zkSyncTestnet,300,sepolia.era.zksync.dev,mint,1000,3,1307,0x7857a67ee2738cfd34ce7f7598fa0697aa9124a73065a10c481349cb51e14e90,1253933.006458,1255805.629416,1872.6229580000509,161775,25000000,,success,1,0,,,8574442
pilot_1790486476823,mint_N1000_c3,0,2026-09-27T05:42:11.932Z,zkSyncTestnet,300,sepolia.era.zksync.dev,mint,1000,3,1308,0x69cdbdd397872ec5352767414a1d71d3e0b8f51e5653898d3dda53f2942ba61d,1254146.324125,1256109.378833,1963.0547080000397,161769,25000000,,success,1,0,,,8574443
pilot_1790486476823,mint_N1000_c3,0,2026-09-27T05:42:13.452Z,zkSyncTestnet,300,sepolia.era.zksync.dev,mint,1000,3,1309,0xb07a3d21ec76f6a7f01ee28cfd3e1f04f4e28406705c6725bc42e2e79bc3b06e,1255277.087333,1257629.497625,2352.410292000044,161769,25000000,,success,1,0,,,8574444
pilot_1790486476823,mint_N1000_c3,0,2026-09-27T05:42:13.458Z,zkSyncTestnet,300,sepolia.era.zksync.dev,mint,1000,3,1310,0xd27606c8daccddf1bcc8aeba6fe64a75cab836e306643981c7a21d9fa3dcf429,1255805.745291,1257635.293875,1829.5485839999747,161775,25000000,,success,1,0,,,8574444
pilot_1790486476823,mint_N1000_c3,0,2026-09-27T05:42:13.935Z,zkSyncTestnet,300,sepolia.era.zksync.dev,mint,1000,3,1311,0x8dce479e88a2e5ee7d5a88b26df81b24faf05f6145a53f0c88a163196681bc89,1256109.470958,1258112.410166,2002.939207999967,161769,25000000,,success,1,0,,,8574445
pilot_1790486476823,mint_N1000_c3,0,2026-09-27T05:42:15.504Z,zkSyncTestnet,300,sepolia.era.zksync.dev,mint,1000,3,1312,0x35bd6a9d0d2906b41a7d56f67ff47e2dc9ed5eea2dd11e0e155205ba9b29bc0a,1257629.597916,1259680.879791,2051.2818749998696,161775,25000000,,success,1,0,,,8574446
pilot_1790486476823,mint_N1000_c3,0,2026-09-27T05:42:15.778Z,zkSyncTestnet,300,sepolia.era.zksync.dev,mint,1000,3,1313,0xce933bee27f07bf351cef77d6637f00c08efc4abc0c4fe4cf46eb7eda8e3e2b5,1257635.335416,1259955.211333,2319.8759169999976,161775,25000000,,success,1,0,,,8574447
pilot_1790486476823,mint_N1000_c3,0,2026-09-27T05:42:15.851Z,zkSyncTestnet,300,sepolia.era.zksync.dev,mint,1000,3,1314,0x8c9e7feb680eb17acead77f43c36479826f7858368ced3152c9c3bdf71d8040d,1258112.504,1260028.091833,1915.5878330001142,161775,25000000,,success,1,0,,,8574447
pilot_1790486476823,mint_N1000_c3,0,2026-09-27T05:42:18.222Z,zkSyncTestnet,300,sepolia.era.zksync.dev,mint,1000,3,1316,0x1458d94154eb42e693f00bad197a6fbf11dfc1113b1a55ed4b676a79568228ba,1259955.32275,1262399.362416,2444.039666000055,161769,25000000,,success,1,0,,,8574449
pilot_1790486476823,mint_N1000_c3,0,2026-09-27T05:42:18.272Z,zkSyncTestnet,300,sepolia.era.zksync.dev,mint,1000,3,1315,0x277a4bfcfab03f4b010f322b6e7bc5171ac03bf3aed92979e44e7c6a8e70d136,1259680.969958,1262449.296125,2768.326167000225,161775,25000000,,success,1,0,,,8574448
pilot_1790486476823,mint_N1000_c3,0,2026-09-27T05:42:19.559Z,zkSyncTestnet,300,sepolia.era.zksync.dev,mint,1000,3,1317,0x0765531b5536c14b95c8080380b52c9dc45814150fe4e6c78ed9304bbd4fbd36,1260028.167166,1263736.264791,3708.0976249999367,161769,25000000,,success,1,0,,,8574450
pilot_1790486476823,mint_N1000_c3,0,2026-09-27T05:42:21.796Z,zkSyncTestnet,300,sepolia.era.zksync.dev,mint,1000,3,1318,0x258626a4306da18a0e4f231fad88f8fc2bcf06ffee9b25b7c4f4370aeec7e7a3,1262399.463875,1265973.492625,3574.028750000056,161769,25000000,,success,1,0,,,8574451
pilot_1790486476823,mint_N1000_c3,0,2026-09-27T05:42:22.443Z,zkSyncTestnet,300,sepolia.era.zksync.dev,mint,1000,3,1320,0x93a630b1bcd012e84c2cff8bf7a9bab8e1e14691b9bdbd4ec13c7d904c46f10d,1263736.333708,1266620.061291,2883.7275830002036,161775,25000000,,success,1,0,,,8574452
pilot_1790486476823,mint_N1000_c3,0,2026-09-27T05:42:22.876Z,zkSyncTestnet,300,sepolia.era.zksync.dev,mint,1000,3,1319,0x108a7f15acd26e83c149acd41b5ed80d5ce6906e90ad955bdc1a4dd9f4bbc000,1262449.351833,1267053.155708,4603.803874999983,161775,25000000,,success,1,0,,,8574451
pilot_1790486476823,mint_N1000_c3,0,2026-09-27T05:42:23.706Z,zkSyncTestnet,300,sepolia.era.zksync.dev,mint,1000,3,1321,0x1ce43b19aaf75dcf8177292c119b7c0cff2489009e730c828a18c0b97d0f7fff,1265973.550041,1267882.690833,1909.1407920001075,161769,25000000,,success,1,0,,,8574453
pilot_1790486476823,mint_N1000_c3,0,2026-09-27T05:42:25.207Z,zkSyncTestnet,300,sepolia.era.zksync.dev,mint,1000,3,1322,0x4a67b37952e6484a5463851c5cc768e692f291b9d88776f922ce71f3c7ad8c7d,1266620.155708,1269383.664333,2763.5086250000168,161775,25000000,,success,1,0,,,8574454
pilot_1790486476823,mint_N1000_c3,0,2026-09-27T05:42:25.994Z,zkSyncTestnet,300,sepolia.era.zksync.dev,mint,1000,3,1323,0x70496043cfdaea5bc6d8e42367119db8122dfaf6d31f8ab489141ca7caf3f646,1267053.248875,1270171.425291,3118.1764159998856,161769,25000000,,success,1,0,,,8574455
pilot_1790486476823,mint_N1000_c3,0,2026-09-27T05:42:26.329Z,zkSyncTestnet,300,sepolia.era.zksync.dev,mint,1000,3,1324,0x8df0257be4bc815a639d8982cd4042fa1fa4bafa7010af98de7223623f3fcfa5,1267882.751708,1270506.522833,2623.77112499997,161775,25000000,,success,1,0,,,8574456
pilot_1790486476823,mint_N1000_c3,0,2026-09-27T05:42:27.417Z,zkSyncTestnet,300,sepolia.era.zksync.dev,mint,1000,3,1325,0x6d91698bf771ec0a1c7ca413203417280416f1a1c33e46855b15ad6acb317fa0,1269383.768458,1271594.274833,2210.5063750001136,161769,25000000,,success,1,0,,,8574457
pilot_1790486476823,mint_N1000_c3,0,2026-09-27T05:42:28.616Z,zkSyncTestnet,300,sepolia.era.zksync.dev,mint,1000,3,1326,0x5268dafc30d1fb2d1983ceb3660894d85971f20a8c75fa0e5bbb2e6d0159a16e,1270171.516416,1272792.731666,2621.215250000125,161769,25000000,,success,1,0,,,8574458
pilot_1790486476823,mint_N1000_c3,0,2026-09-27T05:42:29.143Z,zkSyncTestnet,300,sepolia.era.zksync.dev,mint,1000,3,1327,0xb1e8d6bf40a358027241009b67586d5346138e5d8e96e033e5944c26bed54bd6,1270506.62,1273320.0405,2813.4204999997746,161769,25000000,,success,1,0,,,8574459
pilot_1790486476823,mint_N1000_c3,0,2026-09-27T05:42:29.419Z,zkSyncTestnet,300,sepolia.era.zksync.dev,mint,1000,3,1328,0xf9865cd4be498f022939c9d81fbf17e41db640fc882c98072af3b737630e01b4,1271594.366666,1273596.347541,2001.980874999892,161775,25000000,,success,1,0,,,8574460
pilot_1790486476823,mint_N1000_c3,0,2026-09-27T05:42:31.104Z,zkSyncTestnet,300,sepolia.era.zksync.dev,mint,1000,3,1330,0x9427093c3f5966d685572e1bc72b23c569edb0befa8b91e2e75285939bb444df,1273320.130416,1275281.495208,1961.3647920000367,161775,25000000,,success,1,0,,,8574462
pilot_1790486476823,mint_N1000_c3,0,2026-09-27T05:42:31.594Z,zkSyncTestnet,300,sepolia.era.zksync.dev,mint,1000,3,1329,0x997e04af43d2f03623718b5d315e41c6bf73bd6c4a201ea0a137cb9ec8dac8ba,1272792.794125,1275770.7025,2977.9083749998827,161769,25000000,,success,1,0,,,8574461
pilot_1790486476823,mint_N1000_c3,0,2026-09-27T05:42:32.868Z,zkSyncTestnet,300,sepolia.era.zksync.dev,mint,1000,3,1331,0xc3811d23910690f052bb2ae2cfa83706a5068d7c315fbbe0bbd264ecedc662a5,1273596.445416,1277045.488833,3449.043416999979,161769,25000000,,success,1,0,,,8574463
pilot_1790486476823,mint_N1000_c3,0,2026-09-27T05:42:33.054Z,zkSyncTestnet,300,sepolia.era.zksync.dev,mint,1000,3,1332,0x15b26c867c568af6610d76c4675994580e9aa5455f9583ba149438d04038f28d,1275281.610458,1277231.222208,1949.6117499999236,161775,25000000,,success,1,0,,,8574463
pilot_1790486476823,mint_N1000_c3,0,2026-09-27T05:42:35.694Z,zkSyncTestnet,300,sepolia.era.zksync.dev,mint,1000,3,1333,0x44c11379bd51ca07887e92dcf7dd1ebde24849b114db78961c1c721b7c18f1c1,1275770.799833,1279871.489583,4100.689750000136,161769,25000000,,success,1,0,,,8574464
pilot_1790486476823,mint_N1000_c3,0,2026-09-27T05:42:35.701Z,zkSyncTestnet,300,sepolia.era.zksync.dev,mint,1000,3,1334,0x929216f11ca7fd22ef12bcb2e6beeead59a20ca08ce69480a4638d1718e36318,1277045.590916,1279877.826583,2832.235666999826,161769,25000000,,success,1,0,,,8574464
pilot_1790486476823,mint_N1000_c3,0,2026-09-27T05:42:37.002Z,zkSyncTestnet,300,sepolia.era.zksync.dev,mint,1000,3,1335,0xcedb4f855af9e8d766434d6ae93fe93f9115caf0549bdb24f022bccda4625d19,1277231.309791,1281178.703416,3947.3936249997932,161775,25000000,,success,1,0,,,8574465
pilot_1790486476823,mint_N1000_c3,0,2026-09-27T05:42:40.418Z,zkSyncTestnet,300,sepolia.era.zksync.dev,mint,1000,3,1336,0x4c8728bb0bfdb5a115e5636596dec7b4af403718385001d6b1ae16abd89c17d6,1279871.596916,1284595.652,4724.055084000109,161769,25000000,,success,1,0,,,8574466
pilot_1790486476823,mint_N1000_c3,0,2026-09-27T05:42:40.933Z,zkSyncTestnet,300,sepolia.era.zksync.dev,mint,1000,3,1338,0x891d514bfa45b250b8c9289e07fdd9d49f2cb1a35f841b2b8597e9672a7b9bf2,1281178.807291,1285109.884958,3931.077667000005,161775,25000000,,success,1,0,,,8574467
pilot_1790486476823,mint_N1000_c3,0,2026-09-27T05:42:41.525Z,zkSyncTestnet,300,sepolia.era.zksync.dev,mint,1000,3,1337,0xd6934c9b9ef1f795a7f31a3bc92c5f11047d3efd12f93a919f97c9c0e0644b05,1279877.860208,1285701.707958,5823.847749999957,161769,25000000,,success,1,0,,,8574467
pilot_1790486476823,mint_N1000_c3,0,2026-09-27T05:42:43.707Z,zkSyncTestnet,300,sepolia.era.zksync.dev,mint,1000,3,1340,0x8dc728a81023c5f4cfe3f3439180d21511b45b43f9eee20369e75976503dd47c,1285109.99175,1287883.967416,2773.975666000042,161775,25000000,,success,1,0,,,8574468
pilot_1790486476823,mint_N1000_c3,0,2026-09-27T05:42:43.940Z,zkSyncTestnet,300,sepolia.era.zksync.dev,mint,1000,3,1339,0xf20782e7c10e9df2f59b8d01bf3a2e5797dcde6512cb590641887d6c28392bf5,1284595.704625,1288117.624041,3521.9194159999024,161775,25000000,,success,1,0,,,8574468
pilot_1790486476823,mint_N1000_c3,0,2026-09-27T05:42:45.219Z,zkSyncTestnet,300,sepolia.era.zksync.dev,mint,1000,3,1341,0x2fc6864d916fbcda435b9a2ef01f06f4d528f588432c39cc0248a9916a321624,1285701.788875,1289395.830166,3694.041290999856,161769,25000000,,success,1,0,,,8574469
pilot_1790486476823,mint_N1000_c3,0,2026-09-27T05:42:45.682Z,zkSyncTestnet,300,sepolia.era.zksync.dev,mint,1000,3,1342,0xc3c4f302976d08133a0b6cdc222a627063c378769822ffec6a3f0b8618c6f3fb,1287884.090333,1289859.21225,1975.1219170000404,161775,25000000,,success,1,0,,,8574470
pilot_1790486476823,mint_N1000_c3,0,2026-09-27T05:42:47.232Z,zkSyncTestnet,300,sepolia.era.zksync.dev,mint,1000,3,1344,0x3118a8ad0a1078a2183198d646523193ee2b77da4350a5f6e5d88990f02aca2e,1289395.932083,1291409.055708,2013.1236250000075,161775,25000000,,success,1,0,,,8574471
pilot_1790486476823,mint_N1000_c3,0,2026-09-27T05:42:47.261Z,zkSyncTestnet,300,sepolia.era.zksync.dev,mint,1000,3,1343,0x96fabd536fb62aa7cfb9f21c2b5f32d18bf0747abc0af92c63677f24a1c86cf8,1288117.724125,1291438.45675,3320.732624999946,161769,25000000,,success,1,0,,,8574471
pilot_1790486476823,mint_N1000_c3,0,2026-09-27T05:42:47.576Z,zkSyncTestnet,300,sepolia.era.zksync.dev,mint,1000,3,1345,0x07107c5c973686d77dddd1d530dcdf5c9be7d0c78a63089a0ac45e88d2e810c6,1289859.324041,1291753.266666,1893.9426249999087,161775,25000000,,success,1,0,,,8574472
pilot_1790486476823,mint_N1000_c3,0,2026-09-27T05:42:49.177Z,zkSyncTestnet,300,sepolia.era.zksync.dev,mint,1000,3,1346,0x6a9d145827780e047eea371e8ef7eea373d7278b278319e9ca5e572d36507c4d,1291409.158958,1293354.237166,1945.0782080001663,161769,25000000,,success,1,0,,,8574474
pilot_1790486476823,mint_N1000_c3,0,2026-09-27T05:42:50.274Z,zkSyncTestnet,300,sepolia.era.zksync.dev,mint,1000,3,1348,0xc379a7435c488aab97e9dd5b0aa860b5ca71026bdec153c6a0a09506bde22dbe,1291753.343958,1294450.760125,2697.416167000076,161769,25000000,,success,1,0,,,8574474
pilot_1790486476823,mint_N1000_c3,0,2026-09-27T05:42:50.279Z,zkSyncTestnet,300,sepolia.era.zksync.dev,mint,1000,3,1347,0xc6704d7194277fbc887e699b9013ba07b4f43609bf2085034adb5c6efb7a9d1e,1291438.502416,1294456.543708,3018.0412920000963,161769,25000000,,success,1,0,,,8574474
pilot_1790486476823,mint_N1000_c3,0,2026-09-27T05:42:52.727Z,zkSyncTestnet,300,sepolia.era.zksync.dev,mint,1000,3,1349,0x2b8f08bf2907c1772e636b955f92b054e5252c7ebc2b6c731ab19b1f7393f44c,1293354.334333,1296903.699791,3549.3654579999857,161769,25000000,,success,1,0,,,8574476
pilot_1790486476823,mint_N1000_c3,0,2026-09-27T05:42:53.291Z,zkSyncTestnet,300,sepolia.era.zksync.dev,mint,1000,3,1350,0x8ec71485ea97daf6cfe0dff36918fe0a9c15d18d7d9a799fcc457f739eb8fa34,1294450.854833,1297467.891875,3017.0370419998653,161775,25000000,,success,1,0,,,8574477
pilot_1790486476823,mint_N1000_c3,0,2026-09-27T05:42:53.536Z,zkSyncTestnet,300,sepolia.era.zksync.dev,mint,1000,3,1351,0x5cdc8ea383612d17c068785dfc2ba497c5e88f88386075b0e27067932e14608f,1294456.580625,1297713.102791,3256.5221659999806,161769,25000000,,success,1,0,,,8574477
pilot_1790486476823,mint_N1000_c3,0,2026-09-27T05:42:55.645Z,zkSyncTestnet,300,sepolia.era.zksync.dev,mint,1000,3,1352,0x00be3a302f30d768c2f63d62c711af78993129594ced1fd5ba6dc1d0963a5d97,1296903.792083,1299822.222833,2918.430749999825,161769,25000000,,success,1,0,,,8574478
pilot_1790486476823,mint_N1000_c3,0,2026-09-27T05:42:56.190Z,zkSyncTestnet,300,sepolia.era.zksync.dev,mint,1000,3,1353,0x1b90a27c2d52fe1f105ae1c6e06f61978eedbdc4be485dd9cf6fc8eda3ff77ec,1297467.999791,1300366.9015,2898.9017089998815,161769,25000000,,success,1,0,,,8574479
pilot_1790486476823,mint_N1000_c3,0,2026-09-27T05:42:58.498Z,zkSyncTestnet,300,sepolia.era.zksync.dev,mint,1000,3,1354,0xa511040d578d617730532bf7b0f83839592e2b42788db6156c767c00bd11d2b5,1297713.184583,1302674.830041,4961.645458000014,161769,25000000,,success,1,0,,,8574480
pilot_1790486476823,mint_N1000_c3,0,2026-09-27T05:42:59.666Z,zkSyncTestnet,300,sepolia.era.zksync.dev,mint,1000,3,1355,0x715b4d91554efe269fee15bdd91d0b59f4cab0fff63a0dd0eabc09cdc3412dfa,1299822.346958,1303843.629458,4021.282499999972,161775,25000000,,success,1,0,,,8574481
pilot_1790486476823,mint_N1000_c3,0,2026-09-27T05:43:00.493Z,zkSyncTestnet,300,sepolia.era.zksync.dev,mint,1000,3,1357,0x288cb627a9fe28bb17b3dc334a34fe68c38e53e0918823e6d2994ffd0187a065,1302674.910041,1304669.90325,1994.9932089999784,161775,25000000,,success,1,0,,,8574482
pilot_1790486476823,mint_N1000_c3,0,2026-09-27T05:43:00.913Z,zkSyncTestnet,300,sepolia.era.zksync.dev,mint,1000,3,1356,0xf7dbcdb2869d7d24b127cfbb7507b4f702032689971002705708be239a22a833,1300367.015791,1305090.448625,4723.432833999861,161769,25000000,,success,1,0,,,8574481
pilot_1790486476823,mint_N1000_c3,0,2026-09-27T05:43:02.167Z,zkSyncTestnet,300,sepolia.era.zksync.dev,mint,1000,3,1358,0xd0e93d557fe58b95ef94a0d3c8cb5de2590bd9ba37e3ff5c63dbbaa2764c81d5,1303843.709541,1306344.522583,2500.813041999936,161775,25000000,,success,1,0,,,8574483
pilot_1790486476823,mint_N1000_c3,0,2026-09-27T05:43:03.222Z,zkSyncTestnet,300,sepolia.era.zksync.dev,mint,1000,3,1359,0x1c449336953fe6f6b7e5b21590c723707baa93e7c749fb68f07a9a347c0c398f,1304670.007666,1307399.388708,2729.381042000139,161769,25000000,,success,1,0,,,8574484
pilot_1790486476823,mint_N1000_c3,0,2026-09-27T05:43:03.463Z,zkSyncTestnet,300,sepolia.era.zksync.dev,mint,1000,3,1360,0x707798ed50af7e86ff7eabba6b488f5389411bd03fe48e72821a637a81f9931e,1305090.560125,1307640.136916,2549.576790999854,161769,25000000,,success,1,0,,,8574485
pilot_1790486476823,mint_N1000_c3,0,2026-09-27T05:43:04.084Z,zkSyncTestnet,300,sepolia.era.zksync.dev,mint,1000,3,1361,0x6d09e7aa6a6d5125ceb746f7fd93589d0188f428ee77c3418b1d0650449494da,1306344.621333,1308261.672125,1917.0507920000236,161775,25000000,,success,1,0,,,8574486
pilot_1790486476823,mint_N1000_c3,0,2026-09-27T05:43:06.687Z,zkSyncTestnet,300,sepolia.era.zksync.dev,mint,1000,3,1362,0x36398975071c21b62e322618e2afc24237ba9336c7ff9df1fc3b6e168db4e507,1307399.504333,1310864.198208,3464.6938750001136,161775,25000000,,success,1,0,,,8574487
pilot_1790486476823,mint_N1000_c3,0,2026-09-27T05:43:06.945Z,zkSyncTestnet,300,sepolia.era.zksync.dev,mint,1000,3,1364,0xc538400f445a5402024ab2f46ecdbba94f0863e0332a43cba2b2455c3413e973,1308261.765541,1311122.210166,2860.4446250000037,161769,25000000,,success,1,0,,,8574488
pilot_1790486476823,mint_N1000_c3,0,2026-09-27T05:43:07.414Z,zkSyncTestnet,300,sepolia.era.zksync.dev,mint,1000,3,1363,0x06a8dd80b17d60c6c19f3b01f02fdb47760aef582b5aaf9880f31993244592f5,1307640.221625,1311591.157,3950.9353749998845,161775,25000000,,success,1,0,,,8574488
pilot_1790486476823,mint_N1000_c3,0,2026-09-27T05:43:08.551Z,zkSyncTestnet,300,sepolia.era.zksync.dev,mint,1000,3,1365,0x16cb5b7060da3348be5c0e9e291267df0f98bb5a164ed01d2664700e0d9f6329,1310864.286041,1312728.556166,1864.2701250000391,161769,25000000,,success,1,0,,,8574489
pilot_1790486476823,mint_N1000_c3,0,2026-09-27T05:43:10.936Z,zkSyncTestnet,300,sepolia.era.zksync.dev,mint,1000,3,1366,0xcffdc4aae5f38dbf93955669d4138c4a4fc6d4399910815bb979904b8604a1f0,1311122.329916,1315113.032541,3990.702625000151,161775,25000000,,success,1,0,,,8574490
pilot_1790486476823,mint_N1000_c3,0,2026-09-27T05:43:12.280Z,zkSyncTestnet,300,sepolia.era.zksync.dev,mint,1000,3,1368,0x41d92a0bce228c8ea40f80dea3c4207102a8fc9e0ac8e32a17f8985a23e6acc0,1312728.658166,1316457.254833,3728.5966670000926,161775,25000000,,success,1,0,,,8574492
pilot_1790486476823,mint_N1000_c3,0,2026-09-27T05:43:12.523Z,zkSyncTestnet,300,sepolia.era.zksync.dev,mint,1000,3,1367,0x5ab91e8eb8255861f378a0d32a64bab44eb0c2b14c02d2eb9f3c4c45b9e79c1b,1311591.270125,1316700.027083,5108.756957999896,161769,25000000,,success,1,0,,,8574491
pilot_1790486476823,mint_N1000_c3,0,2026-09-27T05:43:12.935Z,zkSyncTestnet,300,sepolia.era.zksync.dev,mint,1000,3,1369,0x47c851a5960540beafce55277b15722f87e8dfdad37019dd058486a8af953007,1315113.137583,1317112.65675,1999.519167000195,161769,25000000,,success,1,0,,,8574493
pilot_1790486476823,mint_N1000_c3,0,2026-09-27T05:43:14.235Z,zkSyncTestnet,300,sepolia.era.zksync.dev,mint,1000,3,1370,0x7f9d653af10972df001a6acdcd434aef6c209348e59b0736dd51566a6e7c6886,1316457.35475,1318412.219916,1954.8651660000905,161769,25000000,,success,1,0,,,8574494
pilot_1790486476823,mint_N1000_c3,0,2026-09-27T05:43:15.497Z,zkSyncTestnet,300,sepolia.era.zksync.dev,mint,1000,3,1371,0xef9851c72af39129c82fd855009edf18c103384fa3f456688cdfa20d37df4a15,1316700.075833,1319674.422208,2974.3463749999646,161769,25000000,,success,1,0,,,8574495
pilot_1790486476823,mint_N1000_c3,0,2026-09-27T05:43:16.593Z,zkSyncTestnet,300,sepolia.era.zksync.dev,mint,1000,3,1372,0xc905555e4004949cf6a065d446887917b48b6a9d9b61452304ca74433ea7be6a,1317112.743291,1320770.179375,3657.436084000161,161769,25000000,,success,1,0,,,8574496
pilot_1790486476823,mint_N1000_c3,0,2026-09-27T05:43:17.696Z,zkSyncTestnet,300,sepolia.era.zksync.dev,mint,1000,3,1374,0x77796470708d7440e1fe7fe805a7f8dcdc529c4c625b2d94bc984a50263e9a99,1319674.526166,1321873.747375,2199.2212090000976,161769,25000000,,success,1,0,,,8574498
pilot_1790486476823,mint_N1000_c3,0,2026-09-27T05:43:17.951Z,zkSyncTestnet,300,sepolia.era.zksync.dev,mint,1000,3,1373,0xb417dc7556742d70c130af903c0eb0f0917010f914f887365ef8c9296a51fb95,1318412.338583,1322128.461166,3716.1225829999894,161769,25000000,,success,1,0,,,8574497
pilot_1790486476823,mint_N1000_c3,0,2026-09-27T05:43:19.469Z,zkSyncTestnet,300,sepolia.era.zksync.dev,mint,1000,3,1375,0x52e99fb09a6f84bbc9b87b18a1e47dcaff00e46b8d03cdcc1cb927d6d8ead8d2,1320770.285958,1323646.544708,2876.2587500000373,161775,25000000,,success,1,0,,,8574499
pilot_1790486476823,mint_N1000_c3,0,2026-09-27T05:43:19.741Z,zkSyncTestnet,300,sepolia.era.zksync.dev,mint,1000,3,1376,0x03deb585d6d4984bb756d8fa24d2e5bd9cb40ec94b0d2b8d75dd82303882cbd5,1321873.832958,1323918.060916,2044.2279580000322,161769,25000000,,success,1,0,,,8574500
pilot_1790486476823,mint_N1000_c3,0,2026-09-27T05:43:22.086Z,zkSyncTestnet,300,sepolia.era.zksync.dev,mint,1000,3,1377,0x3a25c3aac27e5fd766a32b6fdb423b9acf26f9e2c4fd321a6662718ef2f032a2,1322128.543833,1326263.2815,4134.737667000154,161769,25000000,,success,1,0,,,8574501
pilot_1790486476823,mint_N1000_c3,0,2026-09-27T05:43:22.925Z,zkSyncTestnet,300,sepolia.era.zksync.dev,mint,1000,3,1378,0x9bdc0b729ca813815181d51fc91e66c30610a01dc83c8560dd71458921aa3788,1323646.639541,1327102.263625,3455.62408400001,161769,25000000,,success,1,0,,,8574502
pilot_1790486476823,mint_N1000_c3,0,2026-09-27T05:43:23.181Z,zkSyncTestnet,300,sepolia.era.zksync.dev,mint,1000,3,1379,0x7a4a6739f6e2eb0ecef4d66f76322b0de16dc79da74e239a5f0413c4d6a0c771,1323918.154708,1327358.1835,3440.028792000143,161769,25000000,,success,1,0,,,8574503
pilot_1790486476823,mint_N1000_c3,0,2026-09-27T05:43:25.757Z,zkSyncTestnet,300,sepolia.era.zksync.dev,mint,1000,3,1380,0xd59e7003c863657fc37f9d7f7c0a9229805be72248890829708818715003ac8c,1326263.362,1329934.544208,3671.182207999984,161775,25000000,,success,1,0,,,8574504
pilot_1790486476823,mint_N1000_c3,0,2026-09-27T05:43:27.330Z,zkSyncTestnet,300,sepolia.era.zksync.dev,mint,1000,3,1381,0x9885bd87794d4266f8dd5b26d22bf03d2505c2db316e1cf8e0dd15050a433811,1327102.351833,1331507.739958,4405.388124999823,161775,25000000,,success,1,0,,,8574505
pilot_1790486476823,mint_N1000_c3,0,2026-09-27T05:43:27.564Z,zkSyncTestnet,300,sepolia.era.zksync.dev,mint,1000,3,1382,0x2d50d1c2133dd2f7510ec01776a6160bbda5b3e37563affce6388582ff3d7819,1327358.278,1331740.837708,4382.559708000161,161775,25000000,,success,1,0,,,8574505
pilot_1790486476823,mint_N1000_c3,0,2026-09-27T05:43:28.902Z,zkSyncTestnet,300,sepolia.era.zksync.dev,mint,1000,3,1383,0xacb72166f1f21b8e21ec5e79635ef290d636d3ef40b05154ed632e48eb1d92bd,1329934.640125,1333079.764166,3145.1240410001483,161775,25000000,,success,1,0,,,8574506
pilot_1790486476823,mint_N1000_c3,0,2026-09-27T05:43:29.952Z,zkSyncTestnet,300,sepolia.era.zksync.dev,mint,1000,3,1384,0xb5cd4794aa9bfc8ffd74cd410adab8afaa25c22c87654057b94e230a2026b080,1331507.841125,1334129.258166,2621.417040999979,161775,25000000,,success,1,0,,,8574507
pilot_1790486476823,mint_N1000_c3,0,2026-09-27T05:43:30.061Z,zkSyncTestnet,300,sepolia.era.zksync.dev,mint,1000,3,1385,0xdcfd8d86ed43e5cb16484ef282d7a1d947dbecaa0eadc41fbdbc458b5a8fd6ca,1331740.949125,1334238.417333,2497.468208000064,161769,25000000,,success,1,0,,,8574507
pilot_1790486476823,mint_N1000_c3,0,2026-09-27T05:43:30.775Z,zkSyncTestnet,300,sepolia.era.zksync.dev,mint,1000,3,1386,0x14ba366edfea7ff7e2e206ac3607161cf80793f508ff1b5a641eadfac9178ecd,1333079.863791,1334952.358666,1872.4948749998584,161775,25000000,,success,1,0,,,8574508
pilot_1790486476823,mint_N1000_c3,0,2026-09-27T05:43:33.143Z,zkSyncTestnet,300,sepolia.era.zksync.dev,mint,1000,3,1388,0x5bc56bc0d2e3622cab8706ac64d4bcc641a586058236b4e0ad962d1eacd8dcc6,1334238.476583,1337320.748708,3082.2721249999013,161769,25000000,,success,1,0,,,8574509
pilot_1790486476823,mint_N1000_c3,0,2026-09-27T05:43:33.381Z,zkSyncTestnet,300,sepolia.era.zksync.dev,mint,1000,3,1387,0xc4ab71131b995f7878356edd45298f245c9010fecb35449e857a1da66d9636a7,1334129.362791,1337558.624458,3429.26166700013,161769,25000000,,success,1,0,,,8574509
pilot_1790486476823,mint_N1000_c3,0,2026-09-27T05:43:33.436Z,zkSyncTestnet,300,sepolia.era.zksync.dev,mint,1000,3,1389,0x7c3d01ee05db077193ef322707082c2452f0231d251d1642fb7b4d08962ff8fe,1334952.448916,1337613.141583,2660.6926669999957,161769,25000000,,success,1,0,,,8574510
pilot_1790486476823,mint_N1000_c3,0,2026-09-27T05:43:35.814Z,zkSyncTestnet,300,sepolia.era.zksync.dev,mint,1000,3,1390,0x080a51d8dc9bd8f420b0a88df7ca6b97c1860089a4e59cf79bb657ca68dbc8bd,1337320.829958,1339991.136541,2670.306583000114,161769,25000000,,success,1,0,,,8574511
pilot_1790486476823,mint_N1000_c3,0,2026-09-27T05:43:36.118Z,zkSyncTestnet,300,sepolia.era.zksync.dev,mint,1000,3,1391,0xc9da1500aeb7d3876f571ce7ea5219e9151ed2bafad3ad0a16213c2b186bb37d,1337558.685916,1340295.586833,2736.9009169999044,161775,25000000,,success,1,0,,,8574512
pilot_1790486476823,mint_N1000_c3,0,2026-09-27T05:43:37.324Z,zkSyncTestnet,300,sepolia.era.zksync.dev,mint,1000,3,1392,0xca92e17b64539aad6975050b49019e3ccedf895f71e0f79f794ae3a2c6381086,1337613.200833,1341501.826791,3888.625958000077,161775,25000000,,success,1,0,,,8574513
pilot_1790486476823,mint_N1000_c3,0,2026-09-27T05:43:37.892Z,zkSyncTestnet,300,sepolia.era.zksync.dev,mint,1000,3,1393,0xf96c4fd4403c975a72c7f37b111f0663d450a4b6ff515aae8912cbf78707dd93,1339991.247375,1342069.659541,2078.412165999878,161775,25000000,,success,1,0,,,8574514
pilot_1790486476823,mint_N1000_c3,0,2026-09-27T05:43:38.751Z,zkSyncTestnet,300,sepolia.era.zksync.dev,mint,1000,3,1394,0x9d58956ddadf8b1222dd76562a933f543e7f7d9394b45469c9bc22890358db88,1340311.239666,1342928.809083,2617.5694170000497,161769,25000000,,success,1,0,,,8574515
pilot_1790486476823,mint_N1000_c3,0,2026-09-27T05:43:40.158Z,zkSyncTestnet,300,sepolia.era.zksync.dev,mint,1000,3,1395,0xdc6efd181ee2569741ce1661ab99c7ee0f223e7c8e9d375e22d9be8786065a9a,1341501.998875,1344335.184916,2833.1860410000663,161769,25000000,,success,1,0,,,8574516
pilot_1790486476823,mint_N1000_c3,0,2026-09-27T05:43:41.143Z,zkSyncTestnet,300,sepolia.era.zksync.dev,mint,1000,3,1396,0xb52133a769347a9d755a3ae7546e45e014f6a323faa90853da52675274544259,1342069.745666,1345320.309916,3250.564250000054,161775,25000000,,success,1,0,,,8574517
pilot_1790486476823,mint_N1000_c3,0,2026-09-27T05:43:41.723Z,zkSyncTestnet,300,sepolia.era.zksync.dev,mint,1000,3,1397,0x181c0c3ee63cc51a76519b483abe3f628c0cef9b9a4f23bddc4f63da888425e9,1342928.902958,1345900.313625,2971.410666999873,161769,25000000,,success,1,0,,,8574518
pilot_1790486476823,mint_N1000_c3,0,2026-09-27T05:43:42.787Z,zkSyncTestnet,300,sepolia.era.zksync.dev,mint,1000,3,1398,0xa20937d8a94a3dba8aca8f585a41e750565796cbb8b86f5f1339f4f4931f3475,1344335.293541,1346964.326541,2629.033000000054,161775,25000000,,success,1,0,,,8574519
pilot_1790486476823,mint_N1000_c3,0,2026-09-27T05:43:43.058Z,zkSyncTestnet,300,sepolia.era.zksync.dev,mint,1000,3,1399,0x95ea1d1f73117e6c99e6e71c65f1c1ffb397453982a9795d80e4be4ed06d1778,1345320.374375,1347235.23725,1914.862875000108,161769,25000000,,success,1,0,,,8574519
pilot_1790486476823,mint_N1000_c3,0,2026-09-27T05:43:43.676Z,zkSyncTestnet,300,sepolia.era.zksync.dev,mint,1000,3,1400,0x2bd47ae35e2e89f72d8cf4a1ee2d71766b92be011187f1a728e37095cef9d85d,1345900.406458,1347853.191541,1952.7850830000825,161769,25000000,,success,1,0,,,8574520
pilot_1790486476823,mint_N1000_c3,0,2026-09-27T05:43:45.943Z,zkSyncTestnet,300,sepolia.era.zksync.dev,mint,1000,3,1401,0x7f8710417c4619dd61fabb512c73eedfad50fb52100bff5479d80d7b4e95e301,1346964.40875,1350120.619541,3156.210791000165,161775,25000000,,success,1,0,,,8574521
pilot_1790486476823,mint_N1000_c3,0,2026-09-27T05:43:46.455Z,zkSyncTestnet,300,sepolia.era.zksync.dev,mint,1000,3,1403,0x28252a51a245e091d7e69896c06aa5bffcf3eafb0792068690da5e2393babdf2,1347853.290666,1350632.660208,2779.369542000117,161769,25000000,,success,1,0,,,8574522
pilot_1790486476823,mint_N1000_c3,0,2026-09-27T05:43:46.730Z,zkSyncTestnet,300,sepolia.era.zksync.dev,mint,1000,3,1402,0xe64457c486af989dd540831cea4f80a982b84455ff5507c95bf8b72c7c015bec,1347235.308375,1350907.271708,3671.9633329999633,161769,25000000,,success,1,0,,,8574522
pilot_1790486476823,mint_N1000_c3,0,2026-09-27T05:43:49.370Z,zkSyncTestnet,300,sepolia.era.zksync.dev,mint,1000,3,1404,0x98296230dfbc114e6c41a7ed16d4090bae8d3de7edf70c4379475614789a5e74,1350120.707833,1353547.261083,3426.5532500001136,161769,25000000,,success,1,0,,,8574523
pilot_1790486476823,mint_N1000_c3,0,2026-09-27T05:43:49.871Z,zkSyncTestnet,300,sepolia.era.zksync.dev,mint,1000,3,1405,0x937b0cf213c324d54c11f1664350a2ede41aa9c3648668d5f0de277270271fdb,1350632.741791,1354048.756041,3416.0142500000075,161775,25000000,,success,1,0,,,8574523
pilot_1790486476823,mint_N1000_c3,0,2026-09-27T05:43:50.212Z,zkSyncTestnet,300,sepolia.era.zksync.dev,mint,1000,3,1406,0x408e7bbda79e53eee2a48fb1f9ad29a676ae3d2975d15876ea917fcf4ffd6e36,1350907.366833,1354388.986291,3481.619457999943,161769,25000000,,success,1,0,,,8574524
pilot_1790486476823,mint_N1000_c3,0,2026-09-27T05:43:51.990Z,zkSyncTestnet,300,sepolia.era.zksync.dev,mint,1000,3,1407,0xf7d806493906b5860ee703f4347520e827172152ead50532242d2ee5aad4e69e,1353547.357791,1356167.454291,2620.096499999985,161775,25000000,,success,1,0,,,8574525
pilot_1790486476823,mint_N1000_c3,0,2026-09-27T05:43:53.282Z,zkSyncTestnet,300,sepolia.era.zksync.dev,mint,1000,3,1408,0x0740f537f90719181900a8311d4b0bc0241d91ab9a3ee9d497329cda91abf4c2,1354048.851583,1357459.31225,3410.4606669999193,161769,25000000,,success,1,0,,,8574526
pilot_1790486476823,mint_N1000_c3,0,2026-09-27T05:43:53.538Z,zkSyncTestnet,300,sepolia.era.zksync.dev,mint,1000,3,1409,0xec2b603eb028e5ac7ea7ba4d41864189230aa2c89aa6b0b1b035c8a35f6454b2,1354389.068333,1357715.003791,3325.935458000051,161769,25000000,,success,1,0,,,8574527
pilot_1790486476823,mint_N1000_c3,0,2026-09-27T05:43:55.643Z,zkSyncTestnet,300,sepolia.era.zksync.dev,mint,1000,3,1410,0x411a47cc674e0c9cadc80f69e2f08584d40d23c6cac15823920ef8fc50907793,1356167.537166,1359820.560708,3653.023541999981,161769,25000000,,success,1,0,,,8574528
pilot_1790486476823,mint_N1000_c3,0,2026-09-27T05:43:57.044Z,zkSyncTestnet,300,sepolia.era.zksync.dev,mint,1000,3,1411,0x07e5923c6fa6ccd51644d0caf25d02173eb9b1d237e741ce3171e4fe4cd370ff,1357459.436708,1361221.075291,3761.638583000051,161769,25000000,,success,1,0,,,8574529
pilot_1790486476823,mint_N1000_c3,0,2026-09-27T05:43:58.257Z,zkSyncTestnet,300,sepolia.era.zksync.dev,mint,1000,3,1412,0x3441b35e662e8cc0894fb07b2313a79c6b1f44df324ba83d1750b252e0b04e12,1357715.09675,1362434.436583,4719.339832999976,161775,25000000,,success,1,0,,,8574530
pilot_1790486476823,mint_N1000_c3,0,2026-09-27T05:44:01.934Z,zkSyncTestnet,300,sepolia.era.zksync.dev,mint,1000,3,1413,0x56004f5c8ca639919065961e5025c0e9ecbe22ffce115b3b92e80c6cae6b34fa,1359820.673625,1366111.173916,6290.5002909998875,161769,25000000,,success,1,0,,,8574531
pilot_1790486476823,mint_N1000_c3,0,2026-09-27T05:44:01.987Z,zkSyncTestnet,300,sepolia.era.zksync.dev,mint,1000,3,1414,0x43098b595394c2bb325d7384d5eaac31f5bdeffdfc8f3978ea66bb20d642d74f,1361221.175041,1366164.71875,4943.543709000107,161775,25000000,,success,1,0,,,8574531
pilot_1790486476823,mint_N1000_c3,0,2026-09-27T05:44:02.511Z,zkSyncTestnet,300,sepolia.era.zksync.dev,mint,1000,3,1415,0x0d52b81d74c7da27dfff976beb2c7a451be239b08d0498f90ca720a1e6c1d331,1362434.49475,1366688.231875,4253.737124999985,161769,25000000,,success,1,0,,,8574532
pilot_1790486476823,mint_N1000_c3,0,2026-09-27T05:44:03.809Z,zkSyncTestnet,300,sepolia.era.zksync.dev,mint,1000,3,1416,0xdd4acf50f68c73569fc3edccbbc1964fc914d8b85ae7d9f8df12a6371de15454,1366111.367708,1367986.333208,1874.9655000001658,161769,25000000,,success,1,0,,,8574533
pilot_1790486476823,mint_N1000_c3,0,2026-09-27T05:44:05.081Z,zkSyncTestnet,300,sepolia.era.zksync.dev,mint,1000,3,1417,0x8cf8500c90aad99bb856d0973c0adff6b3062abbc8c8fbeceee1375600d71708,1366164.788208,1369258.116541,3093.328333000187,161769,25000000,,success,1,0,,,8574534
pilot_1790486476823,mint_N1000_c3,0,2026-09-27T05:44:06.350Z,zkSyncTestnet,300,sepolia.era.zksync.dev,mint,1000,3,1418,0x2ebffb1b66eec6de766985231bd3e6d80d52f68bcfba45415582a83388443140,1366688.281291,1370527.71825,3839.4369589998387,161769,25000000,,success,1,0,,,8574536
pilot_1790486476823,mint_N1000_c3,0,2026-09-27T05:44:07.929Z,zkSyncTestnet,300,sepolia.era.zksync.dev,mint,1000,3,1419,0xd35b6b38b64da532d493600e69996a095537ff9c04427b4fc267f6132562aa70,1367986.439333,1372106.724333,4120.284999999916,161769,25000000,,success,1,0,,,8574537
pilot_1790486476823,mint_N1000_c3,0,2026-09-27T05:44:08.806Z,zkSyncTestnet,300,sepolia.era.zksync.dev,mint,1000,3,1420,0x66fe174c182fa16dbe9177ee26eaa071083dccc870af40eb0ab8aadfdb7f7591,1369258.2195,1372983.185666,3724.9661660001148,161769,25000000,,success,1,0,,,8574538
pilot_1790486476823,mint_N1000_c3,0,2026-09-27T05:44:10.124Z,zkSyncTestnet,300,sepolia.era.zksync.dev,mint,1000,3,1421,0x96b346001a0cf2da90f80cdc03272291d0cdcd9dfb2074a85eaf14aa14c901cf,1370527.803916,1374301.256958,3773.4530419998337,161769,25000000,,success,1,0,,,8574539
pilot_1790486476823,mint_N1000_c3,0,2026-09-27T05:44:10.128Z,zkSyncTestnet,300,sepolia.era.zksync.dev,mint,1000,3,1422,0x23ba00651d266afe034045f0d2c71b6eaf6a21f7ece9d119dd3f2f92c7dabf51,1372106.817666,1374305.1555,2198.337834000122,161775,25000000,,success,1,0,,,8574540
pilot_1790486476823,mint_N1000_c3,0,2026-09-27T05:44:12.115Z,zkSyncTestnet,300,sepolia.era.zksync.dev,mint,1000,3,1423,0x6852b58f16f0886ba124d4190ce2ffc2d9816d0b17068d55f49cc35d622d66f1,1372983.274125,1376292.975625,3309.7014999999665,161656,25000000,,success,1,0,,,8574541
pilot_1790486476823,mint_N1000_c3,0,2026-09-27T05:44:13.617Z,zkSyncTestnet,300,sepolia.era.zksync.dev,mint,1000,3,1425,0x691d93d11fb41d1c5f5a88a465ce2036ca5764aefe6a64f3473c81738e3a4b58,1374305.172875,1377794.659666,3489.486791000003,161769,25000000,,success,1,0,,,8574542
pilot_1790486476823,mint_N1000_c3,0,2026-09-27T05:44:13.852Z,zkSyncTestnet,300,sepolia.era.zksync.dev,mint,1000,3,1424,0x6b456eaf09b0efa51067aee36165320600d9f07d43f2652eb4e10486b5a6b064,1374301.319958,1378029.252125,3727.9321670001373,161775,25000000,,success,1,0,,,8574542
pilot_1790486476823,mint_N1000_c3,0,2026-09-27T05:44:14.079Z,zkSyncTestnet,300,sepolia.era.zksync.dev,mint,1000,3,1426,0x6d44b317520c65383334d11ce65f8e13095dc9ec1a9eb391ae904743074d314e,1376293.081041,1378256.542041,1963.4609999998938,161775,25000000,,success,1,0,,,8574543
pilot_1790486476823,mint_N1000_c3,0,2026-09-27T05:44:16.372Z,zkSyncTestnet,300,sepolia.era.zksync.dev,mint,1000,3,1427,0x4a8b41b9167b69f7f4e589935eebadbb99f80d600a5055ece752ec689c80f655,1377794.761958,1380549.744791,2754.9828329999,161769,25000000,,success,1,0,,,8574544
pilot_1790486476823,mint_N1000_c3,0,2026-09-27T05:44:16.382Z,zkSyncTestnet,300,sepolia.era.zksync.dev,mint,1000,3,1428,0x16c4bfbf36abcc9ae522844325a9434873210e61ad549848205ab400963383fe,1378029.330875,1380559.868625,2530.5377499999013,161769,25000000,,success,1,0,,,8574545
pilot_1790486476823,mint_N1000_c3,0,2026-09-27T05:44:17.391Z,zkSyncTestnet,300,sepolia.era.zksync.dev,mint,1000,3,1429,0xb584dd8e52bfe9db840d8b15800d34f614839d2498f80dfe8b74cb9ba401086b,1378256.626458,1381568.586583,3311.9601249999832,161769,25000000,,success,1,0,,,8574546
pilot_1790486476823,mint_N1000_c3,0,2026-09-27T05:44:18.994Z,zkSyncTestnet,300,sepolia.era.zksync.dev,mint,1000,3,1430,0x74dc09464705f49e914ed3cfdb449980388a1f47ab96567b5e9a9831360916a8,1380549.852166,1383171.240708,2621.3885419999715,161775,25000000,,success,1,0,,,8574547
pilot_1790486476823,mint_N1000_c3,0,2026-09-27T05:44:19.277Z,zkSyncTestnet,300,sepolia.era.zksync.dev,mint,1000,3,1432,0x5e3720a61c236cb77c6f7ba000406b61d2b6a7eb017e0b6b8ff798669479d6c8,1381568.6925,1383454.169208,1885.4767080000602,161769,25000000,,success,1,0,,,8574547
pilot_1790486476823,mint_N1000_c3,0,2026-09-27T05:44:20.034Z,zkSyncTestnet,300,sepolia.era.zksync.dev,mint,1000,3,1431,0x6725079ab9c2012c0ec943af6be594868381b6691699a3425bda909dd8986a28,1380559.912666,1384211.60025,3651.687583999941,161775,25000000,,success,1,0,,,8574547
pilot_1790486476823,mint_N1000_c3,0,2026-09-27T05:44:21.635Z,zkSyncTestnet,300,sepolia.era.zksync.dev,mint,1000,3,1433,0x73fc5e86b45dab1116d2e6171bd20f138a6a7290372771b1823ab66c12e1918d,1383171.361958,1385812.324541,2640.9625829998404,161775,25000000,,success,1,0,,,8574548
pilot_1790486476823,mint_N1000_c3,0,2026-09-27T05:44:21.848Z,zkSyncTestnet,300,sepolia.era.zksync.dev,mint,1000,3,1434,0x4cec5acbffbb5b3623fb388420468f47bd0255e09e61c03e3726f7afe262ff56,1383454.261458,1386025.511583,2571.2501250000205,161769,25000000,,success,1,0,,,8574549
pilot_1790486476823,mint_N1000_c3,0,2026-09-27T05:44:21.899Z,zkSyncTestnet,300,sepolia.era.zksync.dev,mint,1000,3,1435,0x9fd29245d2881a762ffc72b110bedd2b411b3028882822c9257580fc8bb6f5c2,1384211.706041,1386076.687166,1864.981124999933,161775,25000000,,success,1,0,,,8574549
pilot_1790486476823,mint_N1000_c3,0,2026-09-27T05:44:25.056Z,zkSyncTestnet,300,sepolia.era.zksync.dev,mint,1000,3,1436,0x39904dc9ff103c46a82caf81e5f7cec1fa14c61abfb1961d6871d5c0c3c0b065,1385812.413375,1389233.297125,3420.8837500000373,161775,25000000,,success,1,0,,,8574551
pilot_1790486476823,mint_N1000_c3,0,2026-09-27T05:44:25.547Z,zkSyncTestnet,300,sepolia.era.zksync.dev,mint,1000,3,1438,0x228c1ba936444b128a17dcb41ec0c83a6fdcd787bb4bf5db479c3f6554d47896,1386076.741166,1389724.615416,3647.874249999877,161775,25000000,,success,1,0,,,8574552
pilot_1790486476823,mint_N1000_c3,0,2026-09-27T05:44:25.760Z,zkSyncTestnet,300,sepolia.era.zksync.dev,mint,1000,3,1437,0x40a564d80d666605e8c1efdd36c80b421db9b598e5be809b21338d8cf87139ae,1386025.568375,1389937.506458,3911.9380830000155,161775,25000000,,success,1,0,,,8574552
pilot_1790486476823,mint_N1000_c3,0,2026-09-27T05:44:27.982Z,zkSyncTestnet,300,sepolia.era.zksync.dev,mint,1000,3,1439,0xa7370f81a682c6434d3957cbee340280f4b3df4b476d09ac81810828356054d6,1389233.393875,1392159.354625,2925.960749999853,161775,25000000,,success,1,0,,,8574553
pilot_1790486476823,mint_N1000_c3,0,2026-09-27T05:44:29.739Z,zkSyncTestnet,300,sepolia.era.zksync.dev,mint,1000,3,1440,0xd7c0d396d962e1fa821a132fda5080089c08c3809114c04808083ac0e0ab11b8,1389724.653083,1393916.709958,4192.056875000009,161993,25000000,,success,1,0,,,8574554
pilot_1790486476823,mint_N1000_c3,0,2026-09-27T05:44:29.879Z,zkSyncTestnet,300,sepolia.era.zksync.dev,mint,1000,3,1441,0x4d2a1a24659d77033c77d12e51c4cb94067fb942f0cb6c2e209110bffe987242,1389937.600208,1394056.896208,4119.295999999857,161775,25000000,,success,1,0,,,8574555
pilot_1790486476823,mint_N1000_c3,0,2026-09-27T05:44:30.494Z,zkSyncTestnet,300,sepolia.era.zksync.dev,mint,1000,3,1442,0x380687e1a4034955b3f859e1f920f26ddc89c4391f8a105b2dc02a98a2b1ba60,1392159.465125,1394671.689291,2512.2241659997962,161775,25000000,,success,1,0,,,8574556
pilot_1790486476823,mint_N1000_c3,0,2026-09-27T05:44:31.627Z,zkSyncTestnet,300,sepolia.era.zksync.dev,mint,1000,3,1443,0xa3828432ddd0b679b47ee22b36013e728118b373636e2085784fb3d9219509ed,1393916.8125,1395804.303416,1887.4909159999806,161775,25000000,,success,1,0,,,8574557
pilot_1790486476823,mint_N1000_c3,0,2026-09-27T05:44:32.713Z,zkSyncTestnet,300,sepolia.era.zksync.dev,mint,1000,3,1444,0xb529a9d90536d7163ad3c7e571df70e473fe039c409e620092a3005b9eddb182,1394056.993125,1396890.2395,2833.2463749998715,161775,25000000,,success,1,0,,,8574558
pilot_1790486476823,mint_N1000_c3,0,2026-09-27T05:44:33.680Z,zkSyncTestnet,300,sepolia.era.zksync.dev,mint,1000,3,1446,0xde4da3b7a40be58a8c5bcef6ec794c07026a4753081352da876e78d01d4c39bd,1395804.389541,1397857.384083,2052.994542000117,161775,25000000,,success,1,0,,,8574560
pilot_1790486476823,mint_N1000_c3,0,2026-09-27T05:44:33.803Z,zkSyncTestnet,300,sepolia.era.zksync.dev,mint,1000,3,1445,0x04471f853a5c976cba33e0c637f7710ab9c249d6c10f62868069d21c3b1f9125,1394671.80625,1397980.341041,3308.5347910001874,161775,25000000,,success,1,0,,,8574559
pilot_1790486476823,mint_N1000_c3,0,2026-09-27T05:44:35.486Z,zkSyncTestnet,300,sepolia.era.zksync.dev,mint,1000,3,1447,0xc0083b8f338dea7131bdfcff78ce628db3683b9133e307c6841cb517313ebc85,1396890.326791,1399663.973541,2773.64674999984,161769,25000000,,success,1,0,,,8574561
pilot_1790486476823,mint_N1000_c3,0,2026-09-27T05:44:35.580Z,zkSyncTestnet,300,sepolia.era.zksync.dev,mint,1000,3,1448,0xb983dbf0c00699432e86ef9359827a0ba0eb02c9db54c92467324b0096cfd0f5,1397857.488791,1399757.679875,1900.1910839998163,161775,25000000,,success,1,0,,,8574562
pilot_1790486476823,mint_N1000_c3,0,2026-09-27T05:44:36.629Z,zkSyncTestnet,300,sepolia.era.zksync.dev,mint,1000,3,1449,0x28eebbf7269067856e3cf609f229fd23c1adb5d92d9b3600e3b33401b924ce87,1397980.409375,1400806.856416,2826.4470410000067,161775,25000000,,success,1,0,,,8574562
pilot_1790486476823,mint_N1000_c3,0,2026-09-27T05:44:40.460Z,zkSyncTestnet,300,sepolia.era.zksync.dev,mint,1000,3,1450,0x97c08ff3f5b973466652bb39f374a7f79b426dd9b378e7d04ef989be6243bebf,1399664.061041,1404637.879208,4973.818166999845,161769,25000000,,success,1,0,,,8574563
pilot_1790486476823,mint_N1000_c3,0,2026-09-27T05:44:40.466Z,zkSyncTestnet,300,sepolia.era.zksync.dev,mint,1000,3,1451,0x44acfec74ec71815faa0a93b72e968fac759cde0fef93ed00814d06ee6322ccf,1399757.774083,1404643.109458,4885.335375000024,161769,25000000,,success,1,0,,,8574564
pilot_1790486476823,mint_N1000_c3,0,2026-09-27T05:44:40.470Z,zkSyncTestnet,300,sepolia.era.zksync.dev,mint,1000,3,1452,0x62864ad5039b539444dd819aa1329cf905a556988a33fcdc96e407f520652923,1400806.965416,1404647.543625,3840.578208999941,161769,25000000,,success,1,0,,,8574564
pilot_1790486476823,mint_N1000_c3,0,2026-09-27T05:44:42.920Z,zkSyncTestnet,300,sepolia.era.zksync.dev,mint,1000,3,1453,0xada21e1ff69807c9eeed31e905898bfe38fd1e51308db5536f75f59fa0501215,1404637.984625,1407097.632041,2459.6474160000216,161775,25000000,,success,1,0,,,8574565
pilot_1790486476823,mint_N1000_c3,0,2026-09-27T05:44:44.258Z,zkSyncTestnet,300,sepolia.era.zksync.dev,mint,1000,3,1454,0x372a284beaa988c43d794ddfe1c55a9ea71e41a51ad37858499996b62390224f,1404643.130666,1408435.85725,3792.7265839998145,161775,25000000,,success,1,0,,,8574566
pilot_1790486476823,mint_N1000_c3,0,2026-09-27T05:44:44.494Z,zkSyncTestnet,300,sepolia.era.zksync.dev,mint,1000,3,1455,0x781c2881db668a511db5782b619f5bcb2a318517b4c85b0e9a01bcef1de1c1fa,1404647.558833,1408671.259208,4023.700375000015,161769,25000000,,success,1,0,,,8574567
pilot_1790486476823,mint_N1000_c3,0,2026-09-27T05:44:45.877Z,zkSyncTestnet,300,sepolia.era.zksync.dev,mint,1000,3,1456,0x54878d476b83a218500828b580a2e8a81a797813391936a9ce93af2bf4c52df3,1407097.715083,1410054.656708,2956.9416249999776,161769,25000000,,success,1,0,,,8574568
pilot_1790486476823,mint_N1000_c3,0,2026-09-27T05:44:48.174Z,zkSyncTestnet,300,sepolia.era.zksync.dev,mint,1000,3,1458,0x2d87daaabbec38115d37befc7128b7c446464b8ad6b1a9262d95d1259063b2ef,1408671.321416,1412351.880458,3680.559042000212,161775,25000000,,success,1,0,,,8574570
pilot_1790486476823,mint_N1000_c3,0,2026-09-27T05:44:48.182Z,zkSyncTestnet,300,sepolia.era.zksync.dev,mint,1000,3,1457,0x7df216c85a696c424617f5d3c2180095e4b726328121ec0c60f56f063d1888ab,1408435.982,1412359.739458,3923.757457999978,161775,25000000,,success,1,0,,,8574569
pilot_1790486476823,mint_N1000_c3,0,2026-09-27T05:44:48.966Z,zkSyncTestnet,300,sepolia.era.zksync.dev,mint,1000,3,1459,0x111975d1313ac0b19bd28f1974881c899ecdfb477aeeec92d22712e9064ac711,1410054.7455,1413143.327541,3088.582041000016,161769,25000000,,success,1,0,,,8574572
pilot_1790486476823,mint_N1000_c3,0,2026-09-27T05:44:50.167Z,zkSyncTestnet,300,sepolia.era.zksync.dev,mint,1000,3,1460,0x50002979ff9761996e2372dd3a31173c8463e89de9efffd969ac04f94f59a46e,1412351.994583,1414344.294916,1992.300333000021,161769,25000000,,success,1,0,,,8574573
pilot_1790486476823,mint_N1000_c3,0,2026-09-27T05:44:50.703Z,zkSyncTestnet,300,sepolia.era.zksync.dev,mint,1000,3,1461,0x5539021057743492db73c166c6c1a8cf774d5f2e1439fd19380b3788f7fb9fe6,1412359.775333,1414880.153666,2520.3783330000006,161775,25000000,,success,1,0,,,8574574
pilot_1790486476823,mint_N1000_c3,0,2026-09-27T05:44:52.523Z,zkSyncTestnet,300,sepolia.era.zksync.dev,mint,1000,3,1462,0x9f4cd3dcb4077d1bfb239ede578136bf10712d47edaca4ddbc9ef5ac0ca5f6a4,1413143.438541,1416700.826458,3557.387917000102,161775,25000000,,success,1,0,,,8574576
pilot_1790486476823,mint_N1000_c3,0,2026-09-27T05:44:53.328Z,zkSyncTestnet,300,sepolia.era.zksync.dev,mint,1000,3,1463,0x8705b3fbc6fc6170a92f63cc7e3b91ff77a1254cb3e87597eee9b19ba46d97a3,1414344.39575,1417505.640583,3161.2448330000043,161775,25000000,,success,1,0,,,8574577
pilot_1790486476823,mint_N1000_c3,0,2026-09-27T05:44:54.917Z,zkSyncTestnet,300,sepolia.era.zksync.dev,mint,1000,3,1464,0x867bfad49f8ff1a2b07afdee55e199e7a7a34a8a0528016caf9de1c29c1cf314,1414880.244416,1419095.078333,4214.833916999865,161769,25000000,,success,1,0,,,8574578
pilot_1790486476823,mint_N1000_c3,0,2026-09-27T05:44:55.931Z,zkSyncTestnet,300,sepolia.era.zksync.dev,mint,1000,3,1466,0x769f48bb1f591e650fdc365c61f4afa396d6d0fad0759ef08e15beae6357c491,1417505.81,1420108.666375,2602.856374999974,161769,25000000,,success,1,0,,,8574580
pilot_1790486476823,mint_N1000_c3,0,2026-09-27T05:44:56.229Z,zkSyncTestnet,300,sepolia.era.zksync.dev,mint,1000,3,1465,0x10b583d0385db1206c85091ce340d1f3009192d1be29ec44829c715360a1e7bf,1416700.898166,1420406.866041,3705.9678750000894,161769,25000000,,success,1,0,,,8574579
pilot_1790486476823,mint_N1000_c3,0,2026-09-27T05:44:58.127Z,zkSyncTestnet,300,sepolia.era.zksync.dev,mint,1000,3,1467,0x63772268a1b9260d8e5e08414fca3330a3b06bf8b71af574d23c6b26703dfa38,1419095.180916,1422305.023958,3209.843041999964,161769,25000000,,success,1,0,,,8574581
pilot_1790486476823,mint_N1000_c3,0,2026-09-27T05:44:58.317Z,zkSyncTestnet,300,sepolia.era.zksync.dev,mint,1000,3,1468,0x368f3803c293369accf1feef74029d024ed09394b50a5c7a706237f793174527,1420108.777708,1422494.449333,2385.671624999959,161775,25000000,,success,1,0,,,8574582
pilot_1790486476823,mint_N1000_c3,0,2026-09-27T05:44:58.329Z,zkSyncTestnet,300,sepolia.era.zksync.dev,mint,1000,3,1469,0xd8c1abb30b961f72e51afba0c009e79fa5280e67c613e31112197a6ec686596c,1420406.951791,1422506.400041,2099.4482499998994,161775,25000000,,success,1,0,,,8574582
pilot_1790486476823,mint_N1000_c3,0,2026-09-27T05:45:01.840Z,zkSyncTestnet,300,sepolia.era.zksync.dev,mint,1000,3,1470,0x839b9dfa2851360971abeb5c43385173f997a8a2d45e65e9c684468ae464f66a,1422305.125458,1426017.967041,3712.8415830000304,161769,25000000,,success,1,0,,,8574584
pilot_1790486476823,mint_N1000_c3,0,2026-09-27T05:45:02.872Z,zkSyncTestnet,300,sepolia.era.zksync.dev,mint,1000,3,1471,0x44b88d8f54d9414423a052cd5b889a8eef0c63df0f2bd18c03cbf031bb51b1f4,1422494.524166,1427049.986416,4555.462249999866,161769,25000000,,success,1,0,,,8574584
pilot_1790486476823,mint_N1000_c3,0,2026-09-27T05:45:03.330Z,zkSyncTestnet,300,sepolia.era.zksync.dev,mint,1000,3,1472,0x71ea0df0f6b73aa86f5f1f9095a60896be405e66d17d365d70bd21adf2132cd3,1422506.447458,1427507.363625,5000.916167000076,161769,25000000,,success,1,0,,,8574585
pilot_1790486476823,mint_N1000_c3,0,2026-09-27T05:45:03.801Z,zkSyncTestnet,300,sepolia.era.zksync.dev,mint,1000,3,1473,0xd97f58853ecb3d2c3fd95a1071c5c99668ccbf074bac859a7aafa1f7d2843a75,1426018.102208,1427978.423791,1960.3215830000117,161775,25000000,,success,1,0,,,8574586
pilot_1790486476823,mint_N1000_c3,0,2026-09-27T05:45:05.368Z,zkSyncTestnet,300,sepolia.era.zksync.dev,mint,1000,3,1475,0x66690e7508799df82eacd63da0f682501c5b5bbecdcee20a5a63d8a3b771597d,1427507.450416,1429545.304916,2037.8544999998994,161769,25000000,,success,1,0,,,8574588
pilot_1790486476823,mint_N1000_c3,0,2026-09-27T05:45:05.673Z,zkSyncTestnet,300,sepolia.era.zksync.dev,mint,1000,3,1474,0x3849350af090e0c8199b186bab339e5252dfc885c6c3727cd101e5d6f46b219c,1427050.076208,1429851.183541,2801.107332999818,161775,25000000,,success,1,0,,,8574587
pilot_1790486476823,mint_N1000_c3,0,2026-09-27T05:45:07.256Z,zkSyncTestnet,300,sepolia.era.zksync.dev,mint,1000,3,1477,0x33bffe84de90933c45fb8d1df6628d77e2a992d34823f373ac67a77b6cb41c8a,1429545.41675,1431433.343166,1887.9264159998856,161775,25000000,,success,1,0,,,8574589
pilot_1790486476823,mint_N1000_c3,0,2026-09-27T05:45:07.576Z,zkSyncTestnet,300,sepolia.era.zksync.dev,mint,1000,3,1478,0x7324ee98f975afd08b3776a794c7cdbdb3fb9f4ea711e16c601ebddcbf7dea69,1429851.24,1431753.947791,1902.7077909999061,161769,25000000,,success,1,0,,,8574590
pilot_1790486476823,mint_N1000_c3,0,2026-09-27T05:45:07.717Z,zkSyncTestnet,300,sepolia.era.zksync.dev,mint,1000,3,1476,0xae988617500fdb5fef90049366aa835b145e8de1d9ea15d77e84ea5aad8f1bdd,1427978.515833,1431895.134666,3916.618833000073,161769,25000000,,success,1,0,,,8574589
pilot_1790486476823,mint_N1000_c3,0,2026-09-27T05:45:09.364Z,zkSyncTestnet,300,sepolia.era.zksync.dev,mint,1000,3,1479,0x4b34843ae2bf1cb0388c640cac22a8d98b15b829b3089aebee6a4d3b9e574906,1431433.451125,1433542.072291,2108.6211660001427,161775,25000000,,success,1,0,,,8574591
pilot_1790486476823,mint_N1000_c3,0,2026-09-27T05:45:09.564Z,zkSyncTestnet,300,sepolia.era.zksync.dev,mint,1000,3,1480,0xb7c04187c52ef2e3c426d5da29ddea883ac56471fe274b813e912f4e004d3988,1431754.019791,1433741.7155,1987.695708999876,161775,25000000,,success,1,0,,,8574592
pilot_1790486476823,mint_N1000_c3,0,2026-09-27T05:45:09.623Z,zkSyncTestnet,300,sepolia.era.zksync.dev,mint,1000,3,1481,0x0c1f8945d2320cd3c6ed688ed3b72ed88b454d80b65428bd09ed159329cbdcf1,1431895.2085,1433801.033458,1905.8249580000993,161775,25000000,,success,1,0,,,8574592
pilot_1790486476823,mint_N1000_c3,0,2026-09-27T05:45:12.261Z,zkSyncTestnet,300,sepolia.era.zksync.dev,mint,1000,3,1482,0xa92e6a0c71c16d34d4919ab41aac6e59ba3d22327dad716945b83fbbbdd364b9,1433542.1825,1436438.726916,2896.5444159999024,161769,25000000,,success,1,0,,,8574593
pilot_1790486476823,mint_N1000_c3,0,2026-09-27T05:45:12.543Z,zkSyncTestnet,300,sepolia.era.zksync.dev,mint,1000,3,1484,0x06f95da0f4f4d94393e926d216f58f4b2d23f9755342287989c9df6586fdcc0e,1433801.091125,1436721.040541,2919.9494159999304,161775,25000000,,success,1,0,,,8574594
pilot_1790486476823,mint_N1000_c3,0,2026-09-27T05:45:12.936Z,zkSyncTestnet,300,sepolia.era.zksync.dev,mint,1000,3,1483,0x088f55d6e90bf3528f2a8cef829d79b2fb29b379f226f19168d9fa9e7baf8e31,1433741.820791,1437113.656375,3371.835583999986,161769,25000000,,success,1,0,,,8574594
pilot_1790486476823,mint_N1000_c3,0,2026-09-27T05:45:14.128Z,zkSyncTestnet,300,sepolia.era.zksync.dev,mint,1000,3,1485,0xfaea5025a0b6f8b89c1f6691e5391bf7ba16fa527aabde51588fecf3c931ec41,1436438.834291,1438305.537375,1866.7030840001535,161769,25000000,,success,1,0,,,8574595
pilot_1790486476823,mint_N1000_c3,0,2026-09-27T05:45:16.599Z,zkSyncTestnet,300,sepolia.era.zksync.dev,mint,1000,3,1487,0xc4c6e5090f146f292606bea0e242bdb6c9ff9a712fb86a705b5558468f65d812,1437113.757125,1440776.475041,3662.717915999936,161769,25000000,,success,1,0,,,8574597
pilot_1790486476823,mint_N1000_c3,0,2026-09-27T05:45:16.776Z,zkSyncTestnet,300,sepolia.era.zksync.dev,mint,1000,3,1486,0x571b59746eea2ee86338b5d45f4b571b18eba60450f9db7008d73017d1a1987a,1436721.122416,1440953.541458,4232.419041999849,161775,25000000,,success,1,0,,,8574596
pilot_1790486476823,mint_N1000_c3,0,2026-09-27T05:45:17.494Z,zkSyncTestnet,300,sepolia.era.zksync.dev,mint,1000,3,1488,0xa6d7b6fb442492c9a34f7490e7addb4877a2b2b21f9060402c1c94792c928e56,1438305.612833,1441671.944208,3366.331375000067,161775,25000000,,success,1,0,,,8574598
pilot_1790486476823,mint_N1000_c3,0,2026-09-27T05:45:18.538Z,zkSyncTestnet,300,sepolia.era.zksync.dev,mint,1000,3,1489,0x10b8487752b7b6f6e5e9b1e71b8daccd2afc7267b54da19814af588343725df9,1440776.572083,1442715.984458,1939.4123749998398,161769,25000000,,success,1,0,,,8574599
pilot_1790486476823,mint_N1000_c3,0,2026-09-27T05:45:18.769Z,zkSyncTestnet,300,sepolia.era.zksync.dev,mint,1000,3,1490,0xd3bdce5f76dfd3b7ce47b62bf9d79c94e3f313e12e1a9530fe467d83d6fafa06,1440953.630333,1442947.008416,1993.3780829999596,161775,25000000,,success,1,0,,,8574600
pilot_1790486476823,mint_N1000_c3,0,2026-09-27T05:45:19.529Z,zkSyncTestnet,300,sepolia.era.zksync.dev,mint,1000,3,1491,0xa63aa61f511126294d7172b84e72047eadfeba9685a82977328898cf2917f2ea,1441671.98975,1443707.210791,2035.2210409999825,161769,25000000,,success,1,0,,,8574601
pilot_1790486476823,mint_N1000_c3,0,2026-09-27T05:45:20.394Z,zkSyncTestnet,300,sepolia.era.zksync.dev,mint,1000,3,1492,0x2f8e2e5f10c53e5e78c7722c89d2f990a71ea9860ee035be7676acfc51ada3e3,1442716.049041,1444571.583708,1855.5346669999417,161775,25000000,,success,1,0,,,8574602
pilot_1790486476823,mint_N1000_c3,0,2026-09-27T05:45:20.627Z,zkSyncTestnet,300,sepolia.era.zksync.dev,mint,1000,3,1493,0xa2a241fc1ba7b610f9db2212e12a97414281c70a81873de975614601c3fd380c,1442947.096916,1444804.912875,1857.8159590000287,161775,25000000,,success,1,0,,,8574602
pilot_1790486476823,mint_N1000_c3,0,2026-09-27T05:45:21.463Z,zkSyncTestnet,300,sepolia.era.zksync.dev,mint,1000,3,1494,0x9ed704793a4df96ff6986f6da4ae33c7a6b9545b191370d1975a133761667cea,1443707.315833,1445640.81225,1933.4964169999585,161769,25000000,,success,1,0,,,8574603
pilot_1790486476823,mint_N1000_c3,0,2026-09-27T05:45:22.987Z,zkSyncTestnet,300,sepolia.era.zksync.dev,mint,1000,3,1495,0xe172bad4e4b7172b383ac1f338cdcbe0bf38455c327ca47b78d32a1e49e3d2b5,1444571.679375,1447164.667625,2592.9882499999367,161769,25000000,,success,1,0,,,8574604
pilot_1790486476823,mint_N1000_c3,0,2026-09-27T05:45:23.588Z,zkSyncTestnet,300,sepolia.era.zksync.dev,mint,1000,3,1496,0x28287a8123ca435c7f39a433d43a95ca8b00bef027ac59a27f143fe4e3135b26,1444804.990083,1447766.133083,2961.1430000001565,161775,25000000,,success,1,0,,,8574605
pilot_1790486476823,mint_N1000_c3,0,2026-09-27T05:45:24.792Z,zkSyncTestnet,300,sepolia.era.zksync.dev,mint,1000,3,1497,0x941acedaaa49c2c0c585ea9579731460b7a53da4bb17322f7563b0f077163f86,1445640.914083,1448969.795625,3328.8815419999883,161775,25000000,,success,1,0,,,8574606
pilot_1790486476823,mint_N1000_c3,0,2026-09-27T05:45:25.087Z,zkSyncTestnet,300,sepolia.era.zksync.dev,mint,1000,3,1498,0xec197966704df2f7c063591e68d918e0bed95df4e0469d9c79496b25b143b013,1447164.770291,1449264.363625,2099.593334000092,161775,25000000,,success,1,0,,,8574607
pilot_1790486476823,mint_N1000_c3,0,2026-09-27T05:45:26.195Z,zkSyncTestnet,300,sepolia.era.zksync.dev,mint,1000,3,1499,0x9776afbcf4d279a9dc5e038ab8659e933bc68ae1d1b880e6878f9fca0ec63eed,1447766.233666,1450372.296708,2606.063041999936,161775,25000000,,success,1,0,,,8574608
pilot_1790486476823,mint_N1000_c3,0,2026-09-27T05:45:29.082Z,zkSyncTestnet,300,sepolia.era.zksync.dev,mint,1000,3,1502,0x5bf2e2dc480aa3f0e448055f1960905cc10454b972b555efd2de072145794a85,1450372.40875,1453260.096666,2887.687916000141,161775,25000000,,success,1,0,,,8574610
pilot_1790486476823,mint_N1000_c3,0,2026-09-27T05:45:29.384Z,zkSyncTestnet,300,sepolia.era.zksync.dev,mint,1000,3,1500,0x13adec3da30c0203aa61765e4a487a0a5c0a9ab0240643ed732a17014ca2fef3,1448969.887333,1453561.379375,4591.49204199994,161769,25000000,,success,1,0,,,8574609
pilot_1790486476823,mint_N1000_c3,0,2026-09-27T05:45:30.010Z,zkSyncTestnet,300,sepolia.era.zksync.dev,mint,1000,3,1501,0xb9e6c032297b2a4aa48269a7618387d3b7601fa29621d8959eb894fb38d3d184,1449264.440791,1454187.913291,4923.472500000149,161769,25000000,,success,1,0,,,8574610
pilot_1790486476823,mint_N1000_c3,0,2026-09-27T05:45:31.836Z,zkSyncTestnet,300,sepolia.era.zksync.dev,mint,1000,3,1503,0xc89408fa5bfc9c79192e9f4a3e100b418e4a371fa6a7a40a3d42694dcc1e6eee,1453260.198166,1456013.662291,2753.4641249999404,161769,25000000,,success,1,0,,,8574611
pilot_1790486476823,mint_N1000_c3,0,2026-09-27T05:45:31.970Z,zkSyncTestnet,300,sepolia.era.zksync.dev,mint,1000,3,1505,0x57ad61e18623aaa3d2d34d5ebf29f151821b9f16f22731ccdcdff75c9f6138be,1454188.021041,1456147.933,1959.9119589999318,161769,25000000,,success,1,0,,,8574612
pilot_1790486476823,mint_N1000_c3,0,2026-09-27T05:45:33.255Z,zkSyncTestnet,300,sepolia.era.zksync.dev,mint,1000,3,1504,0xe0a86184a1c06d67cf47d84f6339297a9997eada76dde7486ce6edc6eb16a802,1453561.478416,1457433.142208,3871.6637919999193,161769,25000000,,success,1,0,,,8574612
pilot_1790486476823,mint_N1000_c3,0,2026-09-27T05:45:34.507Z,zkSyncTestnet,300,sepolia.era.zksync.dev,mint,1000,3,1506,0xdadd1ef281ad77b15f0acd3050886044654b91d1cca712bfd2c0f3c02becd07e,1456013.759583,1458684.49125,2670.731666999869,161769,25000000,,success,1,0,,,8574614
pilot_1790486476823,mint_N1000_c3,0,2026-09-27T05:45:35.309Z,zkSyncTestnet,300,sepolia.era.zksync.dev,mint,1000,3,1508,0x26650115e9b01458fdae2afc9df0fcdcde2afb3af09dbba72ffa072f086b84c9,1457433.23225,1459486.73825,2053.506000000052,161769,25000000,,success,1,0,,,8574615
pilot_1790486476823,mint_N1000_c3,0,2026-09-27T05:45:35.901Z,zkSyncTestnet,300,sepolia.era.zksync.dev,mint,1000,3,1507,0xafe36f69bce52fc11d7372f5250a5106442adfde8b78082cba061dc945d0d1f7,1456148.00525,1460078.853583,3930.8483329999726,161656,25000000,,success,1,0,,,8574615
pilot_1790486476823,mint_N1000_c3,0,2026-09-27T05:45:36.400Z,zkSyncTestnet,300,sepolia.era.zksync.dev,mint,1000,3,1509,0xb6e5f440dd1a0c797273de630d7c3b82c47cf533657e4bce832bdeb6966b9377,1458684.604416,1460577.690041,1893.0856250000652,161775,25000000,,success,1,0,,,8574616
pilot_1790486476823,mint_N1000_c3,0,2026-09-27T05:45:37.998Z,zkSyncTestnet,300,sepolia.era.zksync.dev,mint,1000,3,1510,0xeb8d3204c8a599a3585ee5a4fe63ebb9b843f4647449f10af4dcd4b92639a2bf,1459486.837041,1462175.915041,2689.0779999999795,161769,25000000,,success,1,0,,,8574617
pilot_1790486476823,mint_N1000_c3,0,2026-09-27T05:45:38.662Z,zkSyncTestnet,300,sepolia.era.zksync.dev,mint,1000,3,1511,0xd80e91f5f7a6b84a5af381fd126c12ed37464b302737c08da19fbaf63719fd4f,1460078.902416,1462840.095041,2761.1926250001416,161775,25000000,,success,1,0,,,8574618
pilot_1790486476823,mint_N1000_c3,0,2026-09-27T05:45:39.975Z,zkSyncTestnet,300,sepolia.era.zksync.dev,mint,1000,3,1513,0xb997fa6f72247b7adb2fcc1dcfc3f733601435e16c49f62d453c883d07020d4e,1462176.015041,1464152.710416,1976.6953750001267,161775,25000000,,success,1,0,,,8574620
pilot_1790486476823,mint_N1000_c3,0,2026-09-27T05:45:40.387Z,zkSyncTestnet,300,sepolia.era.zksync.dev,mint,1000,3,1512,0x45bc4541a4c5f1a20bd832bb256c8c8c56fd8c0d18571d7d5e4a6c27e34eb310,1460577.8,1464564.801291,3987.0012910000514,161769,25000000,,success,1,0,,,8574619
pilot_1790486476823,mint_N1000_c3,0,2026-09-27T05:45:41.261Z,zkSyncTestnet,300,sepolia.era.zksync.dev,mint,1000,3,1514,0x495dbe9112b4e900cc35e21f6a86b1e493e9a752d08f1d8726174eb65de3c9d2,1462840.217583,1465438.6255,2598.4079170001205,161775,25000000,,success,1,0,,,8574621
pilot_1790486476823,mint_N1000_c3,0,2026-09-27T05:45:42.905Z,zkSyncTestnet,300,sepolia.era.zksync.dev,mint,1000,3,1515,0x9f342e14d3d00540985bb1a49b30819929f0c4532966c37aa3bf87e5464d698e,1464152.817875,1467082.828458,2930.010583000025,161769,25000000,,success,1,0,,,8574623
pilot_1790486476823,mint_N1000_c3,0,2026-09-27T05:45:43.413Z,zkSyncTestnet,300,sepolia.era.zksync.dev,mint,1000,3,1516,0x60a86c4c469d2c97a7fb83953ac6c3c0431463eb23a8da9fe79ea97b81fac995,1464564.912083,1467590.97175,3026.0596670000814,161769,25000000,,success,1,0,,,8574624
pilot_1790486476823,mint_N1000_c3,0,2026-09-27T05:45:43.929Z,zkSyncTestnet,300,sepolia.era.zksync.dev,mint,1000,3,1517,0x3cd54b1b3981c955a9d511a7628cc8ffdabff41b25851e2b219a657061ff61b6,1465438.712125,1468106.355583,2667.6434579999186,161769,25000000,,success,1,0,,,8574624
pilot_1790486476823,mint_N1000_c3,0,2026-09-27T05:45:46.268Z,zkSyncTestnet,300,sepolia.era.zksync.dev,mint,1000,3,1518,0x2efc8d22023c4ecc11d074f2df236fee7e9dd6b4f25c62127e8678ec53ebf8e3,1467082.925,1470445.5605,3362.6354999998584,161769,25000000,,success,1,0,,,8574625
pilot_1790486476823,mint_N1000_c3,0,2026-09-27T05:45:46.787Z,zkSyncTestnet,300,sepolia.era.zksync.dev,mint,1000,3,1519,0x770a905fa6945fa1f94892151a34a052550ec3ab9b1ee8fca9ae5beab3ae4524,1467591.075208,1470964.565625,3373.490417000139,161769,25000000,,success,1,0,,,8574626
pilot_1790486476823,mint_N1000_c3,0,2026-09-27T05:45:46.845Z,zkSyncTestnet,300,sepolia.era.zksync.dev,mint,1000,3,1520,0x9377084d518db7e5ec88152c1601b840da740432ccc33f1596fcff513d7284cf,1468106.457958,1471022.964708,2916.5067499999423,161769,25000000,,success,1,0,,,8574626
pilot_1790486476823,mint_N1000_c3,0,2026-09-27T05:45:48.230Z,zkSyncTestnet,300,sepolia.era.zksync.dev,mint,1000,3,1521,0x44b1524e3317177c6ebe771d816b716907121311861e5c99ac6cd7d09f2f0490,1470445.699666,1472407.82725,1962.127584000118,161769,25000000,,success,1,0,,,8574627
pilot_1790486476823,mint_N1000_c3,0,2026-09-27T05:45:48.727Z,zkSyncTestnet,300,sepolia.era.zksync.dev,mint,1000,3,1522,0xf91dd343598bc3420aa6a877517c18ced6b9fb143a27d9c7c8796857908b6f6c,1470964.674083,1472905.316583,1940.6424999998417,161769,25000000,,success,1,0,,,8574628
pilot_1790486476823,mint_N1000_c3,0,2026-09-27T05:45:50.158Z,zkSyncTestnet,300,sepolia.era.zksync.dev,mint,1000,3,1523,0x5d47d9dcccf247ed55bad18a6c7d2dbca04187a76c592aeb870e70c1ed1ef477,1471023.0155,1474335.650291,3312.6347910000477,161775,25000000,,success,1,0,,,8574629
pilot_1790486476823,mint_N1000_c3,0,2026-09-27T05:45:50.245Z,zkSyncTestnet,300,sepolia.era.zksync.dev,mint,1000,3,1524,0x58494e3e9058174632a7ae899e90e305d7c7ab21244b35eac15b91a9a4d4e9fb,1472407.922708,1474423.32725,2015.404542000033,161775,25000000,,success,1,0,,,8574630
pilot_1790486476823,mint_N1000_c3,0,2026-09-27T05:45:50.784Z,zkSyncTestnet,300,sepolia.era.zksync.dev,mint,1000,3,1525,0xe178dac0efbb452445cc9ea6f44e22149316dd730f51846dfa6448ab18efe04d,1472905.421416,1474961.775708,2056.3542919999454,161769,25000000,,success,1,0,,,8574631
pilot_1790486476823,mint_N1000_c3,0,2026-09-27T05:45:52.073Z,zkSyncTestnet,300,sepolia.era.zksync.dev,mint,1000,3,1526,0x09ac19b187f3446eb944e5f5d473eee9ab341f44160be1a6a8919b396bef2dee,1474335.776416,1476251.326458,1915.5500420001335,161775,25000000,,success,1,0,,,8574632
pilot_1790486476823,mint_N1000_c3,0,2026-09-27T05:45:52.081Z,zkSyncTestnet,300,sepolia.era.zksync.dev,mint,1000,3,1527,0x1ea6193723d31f4e26a29e29bf27782a4899f156183f82b3172ac4c1d72f4e53,1474423.421875,1476258.74125,1835.3193749999627,161775,25000000,,success,1,0,,,8574633
pilot_1790486476823,mint_N1000_c3,0,2026-09-27T05:45:52.684Z,zkSyncTestnet,300,sepolia.era.zksync.dev,mint,1000,3,1528,0xf59a87845eaf46265ef6cd9693712dc4303cec819f25c9f8592ca76479e08941,1474961.859958,1476862.172041,1900.3120830000844,161775,25000000,,success,1,0,,,8574634
pilot_1790486476823,mint_N1000_c3,0,2026-09-27T05:45:54.541Z,zkSyncTestnet,300,sepolia.era.zksync.dev,mint,1000,3,1529,0xc4dede2c04dede72f05b05a31ac28333334b9c159add6d0d249253c6242d38f7,1476251.424833,1478719.112708,2467.6878750000615,161775,25000000,,success,1,0,,,8574635
pilot_1790486476823,mint_N1000_c3,0,2026-09-27T05:45:55.424Z,zkSyncTestnet,300,sepolia.era.zksync.dev,mint,1000,3,1530,0x86acbf2149ad5b37aeee4afb992a35aa542edd1ff238cda56e9cf2bad8654443,1476258.779416,1479601.813666,3343.034250000026,161769,25000000,,success,1,0,,,8574636
pilot_1790486476823,mint_N1000_c3,0,2026-09-27T05:45:56.751Z,zkSyncTestnet,300,sepolia.era.zksync.dev,mint,1000,3,1531,0xd374270703e108a047b35c38a2a486d38778320635a7e507b8cd0fde4248f707,1476862.275916,1480929.179208,4066.903292000061,161775,25000000,,success,1,0,,,8574637
pilot_1790486476823,mint_N1000_c3,0,2026-09-27T05:45:57.159Z,zkSyncTestnet,300,sepolia.era.zksync.dev,mint,1000,3,1532,0xda3b26ba0d3095235181086f1e3f86db7b835d902e94bdb8f9bf8cedd8da5e5e,1478719.268916,1481337.121791,2617.8528750000987,161775,25000000,,success,1,0,,,8574638
pilot_1790486476823,mint_N1000_c3,0,2026-09-27T05:45:58.209Z,zkSyncTestnet,300,sepolia.era.zksync.dev,mint,1000,3,1533,0xcc00e07bf185922319b8361cab5e42eb625139643984c08477ac0583d420d295,1479601.912541,1482387.033791,2785.121250000084,161775,25000000,,success,1,0,,,8574639
pilot_1790486476823,mint_N1000_c3,0,2026-09-27T05:45:58.687Z,zkSyncTestnet,300,sepolia.era.zksync.dev,mint,1000,3,1534,0xf867a03ac4f430b8a3e5611fa4e6153f180cbf4893ec104e711dbf1d6a8758d9,1480929.281166,1482864.449166,1935.1679999998305,161775,25000000,,success,1,0,,,8574640
pilot_1790486476823,mint_N1000_c3,0,2026-09-27T05:45:59.120Z,zkSyncTestnet,300,sepolia.era.zksync.dev,mint,1000,3,1535,0x8afae517a3bcee4cc0cebdf516a191cf0d650ef7a553cfe64f29bca42683cd2a,1481337.212875,1483297.459083,1960.2462079999968,161769,25000000,,success,1,0,,,8574641
pilot_1790486476823,mint_N1000_c3,0,2026-09-27T05:46:01.097Z,zkSyncTestnet,300,sepolia.era.zksync.dev,mint,1000,3,1536,0xc5f7dae22e3fce4db65fc1add83488d87f121298a81bdea3d65c181993c4a95f,1482387.100333,1485275.179083,2888.0787499998696,161775,25000000,,success,1,0,,,8574642
pilot_1790486476823,mint_N1000_c3,0,2026-09-27T05:46:02.616Z,zkSyncTestnet,300,sepolia.era.zksync.dev,mint,1000,3,1537,0x9e5aaf09c28aede4a7a73de0b7bb958afe97385dcc4b3d0105752ae67b9ab3fb,1482864.544333,1486794.037041,3929.4927080001216,161775,25000000,,success,1,0,,,8574643
pilot_1790486476823,mint_N1000_c3,0,2026-09-27T05:46:03.039Z,zkSyncTestnet,300,sepolia.era.zksync.dev,mint,1000,3,1538,0x105a9dd629f5f76c97b98aa7b0cf401c2b761f308565cb87b8f1e46b99fdf186,1483297.546916,1487217.0975,3919.550583999837,161775,25000000,,success,1,0,,,8574644
pilot_1790486476823,mint_N1000_c3,0,2026-09-27T05:46:03.836Z,zkSyncTestnet,300,sepolia.era.zksync.dev,mint,1000,3,1539,0xc66153589837cf8be66639739d4caf40fb6271f311cd06938c4ea57961e970d7,1485275.278541,1488014.232916,2738.954374999972,161775,25000000,,success,1,0,,,8574645
pilot_1790486476823,mint_N1000_c3,0,2026-09-27T05:46:05.030Z,zkSyncTestnet,300,sepolia.era.zksync.dev,mint,1000,3,1541,0x40d383d6f4fa057dfe7c805f16990933c870b6ceb1ee533aa71f0ec5e39c62ae,1487217.182291,1489208.156583,1990.9742920000572,161775,25000000,,success,1,0,,,8574647
pilot_1790486476823,mint_N1000_c3,0,2026-09-27T05:46:05.183Z,zkSyncTestnet,300,sepolia.era.zksync.dev,mint,1000,3,1540,0xc2ab7fe58c2101a561e29da780d43b19a1e205ff1e37129da68e14fd7d7df8dd,1486794.132,1489360.8065,2566.6744999999646,161769,25000000,,success,1,0,,,8574646
pilot_1790486476823,mint_N1000_c3,0,2026-09-27T05:46:09.027Z,zkSyncTestnet,300,sepolia.era.zksync.dev,mint,1000,3,1542,0x63b02d9da5ab94d54607c00632ceb9859c07d16c5aefd8bcc0bdb748cf9cc08b,1488014.323083,1493205.04975,5190.726666999981,161769,25000000,,success,1,0,,,8574648
pilot_1790486476823,mint_N1000_c3,0,2026-09-27T05:46:11.206Z,zkSyncTestnet,300,sepolia.era.zksync.dev,mint,1000,3,1543,0x153b68b6eef2b6e2e8456a9f13f17270033b53c5a6f0a60c41aa4c302c0379c7,1489208.248833,1495383.913041,6175.66420800006,161656,25000000,,success,1,0,,,8574649
pilot_1790486476823,mint_N1000_c3,0,2026-09-27T05:46:12.475Z,zkSyncTestnet,300,sepolia.era.zksync.dev,mint,1000,3,1545,0x206fe641d0f4db008dd51a9f94354dc87027e0d1b126b326bd75aedbba6fc9a6,1493205.102791,1496652.564791,3447.4620000000577,161769,25000000,,success,1,0,,,8574650
pilot_1790486476823,mint_N1000_c3,0,2026-09-27T05:46:12.717Z,zkSyncTestnet,300,sepolia.era.zksync.dev,mint,1000,3,1544,0x3a6c9fb653accad74fa73769bc0fa6d138f892d1bf7cd19398f15e5a8830a154,1489360.909333,1496894.563333,7533.654000000097,161769,25000000,,success,1,0,,,8574649
pilot_1790486476823,mint_N1000_c3,0,2026-09-27T05:46:13.925Z,zkSyncTestnet,300,sepolia.era.zksync.dev,mint,1000,3,1546,0x0504d8247b037845bc2fd4a78955f26f191f07e2228365c7e589e0fce303a7a1,1495384.015,1498102.86,2718.845000000205,161769,25000000,,success,1,0,,,8574651
pilot_1790486476823,mint_N1000_c3,0,2026-09-27T05:46:15.179Z,zkSyncTestnet,300,sepolia.era.zksync.dev,mint,1000,3,1547,0x82e62f5777331922eb38dbd8d315e7ae2fd4f4446bae709ed9db01c17879be23,1496652.60775,1499357.187125,2704.579374999972,161769,25000000,,success,1,0,,,8574652
pilot_1790486476823,mint_N1000_c3,0,2026-09-27T05:46:15.979Z,zkSyncTestnet,300,sepolia.era.zksync.dev,mint,1000,3,1548,0xdd3be6b1289688094ff863becb50f2192b3d39f0ed012b319eeb95c86605bca6,1496894.607916,1500157.442291,3262.8343749998603,161775,25000000,,success,1,0,,,8574653
pilot_1790486476823,mint_N1000_c3,0,2026-09-27T05:46:17.619Z,zkSyncTestnet,300,sepolia.era.zksync.dev,mint,1000,3,1549,0x1f0430304c5b473d4c5d1283529bd5708362717d9f9a60e92112af7698e5b0b3,1498102.954666,1501797.073083,3694.1184169999324,161775,25000000,,success,1,0,,,8574654
pilot_1790486476823,mint_N1000_c3,0,2026-09-27T05:46:18.380Z,zkSyncTestnet,300,sepolia.era.zksync.dev,mint,1000,3,1550,0xeba70d895a42bfa0231f6f04e313f6714cb24ad1e8cea3b03bf7247b0bf4739c,1499357.30625,1502557.496458,3200.190208000131,161775,25000000,,success,1,0,,,8574655
pilot_1790486476823,mint_N1000_c3,0,2026-09-27T05:46:20.174Z,zkSyncTestnet,300,sepolia.era.zksync.dev,mint,1000,3,1551,0x6110d89e598275f9e040323ed638cc79c2d9f8aef8217caca4191c065b4a519d,1500157.538541,1504352.387125,4194.848583999788,161769,25000000,,success,1,0,,,8574656
pilot_1790486476823,mint_N1000_c3,0,2026-09-27T05:46:20.242Z,zkSyncTestnet,300,sepolia.era.zksync.dev,mint,1000,3,1552,0xb460db3d682820ca96a93457873dfd09d1928309a72aa3dbeca16bd6b8c965d7,1501797.152625,1504420.212583,2623.059957999969,161775,25000000,,success,1,0,,,8574657
pilot_1790486476823,mint_N1000_c3,0,2026-09-27T05:46:21.138Z,zkSyncTestnet,300,sepolia.era.zksync.dev,mint,1000,3,1553,0x2752694adb59dc84c6597903797e2d6251800c59394bb00c02b4f0a9ce4faf42,1502557.594166,1505315.819375,2758.2252090000547,161769,25000000,,success,1,0,,,8574658
pilot_1790486476823,mint_N1000_c3,0,2026-09-27T05:46:23.087Z,zkSyncTestnet,300,sepolia.era.zksync.dev,mint,1000,3,1555,0x38cd60802874d8178834d17d918ace48368e50838d45f7e3deafc607591b153b,1504420.303458,1507264.727625,2844.42416699999,161769,25000000,,success,1,0,,,8574659
pilot_1790486476823,mint_N1000_c3,0,2026-09-27T05:46:24.014Z,zkSyncTestnet,300,sepolia.era.zksync.dev,mint,1000,3,1556,0x8b04c3cd4be8dbe5ccd170f3c402b60211f060610331912082b0ff9ea1fb083e,1505315.93025,1508192.246,2876.315750000067,161769,25000000,,success,1,0,,,8574660
pilot_1790486476823,mint_N1000_c3,0,2026-09-27T05:46:24.360Z,zkSyncTestnet,300,sepolia.era.zksync.dev,mint,1000,3,1554,0xfe4cfae0ee3fd99dd3e2a25cc02bf95c1f575066e99177d5a04d329ca881a375,1504352.493958,1508537.925791,4185.431832999922,161769,25000000,,success,1,0,,,8574659
pilot_1790486476823,mint_N1000_c3,0,2026-09-27T05:46:25.585Z,zkSyncTestnet,300,sepolia.era.zksync.dev,mint,1000,3,1557,0xdac87e61f37b98cb37dc00a4a898a2347c844c08ba42784b5e655abaa2fa9cd7,1507264.821083,1509763.033083,2498.2120000000577,161769,25000000,,success,1,0,,,8574661
pilot_1790486476823,mint_N1000_c3,0,2026-09-27T05:46:25.875Z,zkSyncTestnet,300,sepolia.era.zksync.dev,mint,1000,3,1558,0x07bfb2435f64ffa53006f1f96085a4ef378f189753a25118db9052b04a4bad26,1508192.356541,1510053.323375,1860.9668339998461,161650,25000000,,success,1,0,,,8574662
pilot_1790486476823,mint_N1000_c3,0,2026-09-27T05:46:27.845Z,zkSyncTestnet,300,sepolia.era.zksync.dev,mint,1000,3,1559,0x810e1e98893c00103ce405136163421cc6ad8b65b74c724ccae1d39758a66001,1508537.992625,1512022.626875,3484.634250000119,161769,25000000,,success,1,0,,,8574663
pilot_1790486476823,mint_N1000_c3,0,2026-09-27T05:46:29.881Z,zkSyncTestnet,300,sepolia.era.zksync.dev,mint,1000,3,1562,0x6d5a0f51eeac395f8f2cdc8294655a263907ebf5e779e3e3a42ae1a04e55628f,1512022.726875,1514058.611375,2035.8845000001602,161775,25000000,,success,1,0,,,8574664
pilot_1790486476823,mint_N1000_c3,0,2026-09-27T05:46:30.035Z,zkSyncTestnet,300,sepolia.era.zksync.dev,mint,1000,3,1560,0x61c0b014bd683936002c8baa30b5b10de6b050bdd3bce857cfa6bccc3fe9851e,1509763.131,1514213.488916,4450.3579159998335,161769,25000000,,success,1,0,,,8574664
pilot_1790486476823,mint_N1000_c3,0,2026-09-27T05:46:30.832Z,zkSyncTestnet,300,sepolia.era.zksync.dev,mint,1000,3,1561,0x3805fcf28e6e9258df19f519298f806d11a6e98ea0648c640c5ed025e7e2b8c2,1510053.424,1515009.782041,4956.358040999854,161775,25000000,,success,1,0,,,8574664
pilot_1790486476823,mint_N1000_c3,0,2026-09-27T05:46:32.650Z,zkSyncTestnet,300,sepolia.era.zksync.dev,mint,1000,3,1563,0xd5c6eb8f0391170f343e62ebd93d20f65ae7814b0b8ad20cccd2ce3612c05241,1514058.695916,1516827.888875,2769.192958999891,161775,25000000,,success,1,0,,,8574665
pilot_1790486476823,mint_N1000_c3,0,2026-09-27T05:46:32.925Z,zkSyncTestnet,300,sepolia.era.zksync.dev,mint,1000,3,1564,0x29ee1913358d7b18f109454bcd850280afceec7e20073a9fe685ae7b02d6cfbe,1514213.547458,1517103.406541,2889.859082999872,161775,25000000,,success,1,0,,,8574666
pilot_1790486476823,mint_N1000_c3,0,2026-09-27T05:46:33.451Z,zkSyncTestnet,300,sepolia.era.zksync.dev,mint,1000,3,1565,0x20e384ab38d6d4002dc609520bc1be7bd06184dce6963aa1428ffea761846476,1515009.891291,1517629.029458,2619.138167000143,161650,25000000,,success,1,0,,,8574667
pilot_1790486476823,mint_N1000_c3,0,2026-09-27T05:46:35.548Z,zkSyncTestnet,300,sepolia.era.zksync.dev,mint,1000,3,1568,0x0ce8f1bdef9bf52c6ebab1a2d04dcbbbcab821f0bfe9dd6e8f6e4a06e5134bc0,1517629.125,1519726.147458,2097.0224580001086,161769,25000000,,success,1,0,,,8574670
pilot_1790486476823,mint_N1000_c3,0,2026-09-27T05:46:35.553Z,zkSyncTestnet,300,sepolia.era.zksync.dev,mint,1000,3,1566,0x07df212a33654fae711249101ef60e700582851cda6d56bd73a65d0f8cfefeb5,1516827.98325,1519731.37675,2903.3935000000056,161769,25000000,,success,1,0,,,8574668
pilot_1790486476823,mint_N1000_c3,0,2026-09-27T05:46:35.810Z,zkSyncTestnet,300,sepolia.era.zksync.dev,mint,1000,3,1567,0x315704a6747e0290738e92eecead055be31ef1f3882e0ea7f1f67466717489ac,1517103.473208,1519987.607291,2884.1340830000117,161650,25000000,,success,1,0,,,8574669
pilot_1790486476823,mint_N1000_c3,0,2026-09-27T05:46:38.382Z,zkSyncTestnet,300,sepolia.era.zksync.dev,mint,1000,3,1569,0x6b223692c6bef4affa1354c83872547dd0feeb9e18e5a8fb5b8a50eaf6db39af,1519726.230833,1522559.954833,2833.723999999929,161769,25000000,,success,1,0,,,8574671
pilot_1790486476823,mint_N1000_c3,0,2026-09-27T05:46:38.954Z,zkSyncTestnet,300,sepolia.era.zksync.dev,mint,1000,3,1570,0xa123a7069414c897c7a5152851903b6febc9be37c0a6364dcc1d6ae4796436a5,1519731.399333,1523132.143,3400.7436669999734,161775,25000000,,success,1,0,,,8574671
pilot_1790486476823,mint_N1000_c3,0,2026-09-27T05:46:39.128Z,zkSyncTestnet,300,sepolia.era.zksync.dev,mint,1000,3,1571,0xa91c94931b296464ff0a8ecb45fe7f92c45fd30fbcecc328c5a6729b2bed413f,1519987.676041,1523306.538833,3318.8627919999417,161775,25000000,,success,1,0,,,8574671
pilot_1790486476823,mint_N1000_c3,0,2026-09-27T05:46:41.582Z,zkSyncTestnet,300,sepolia.era.zksync.dev,mint,1000,3,1573,0x548b6f6926d64df9f0646c382fc5b7d4319daab7e2e08bfd78f0a43137a72b50,1523132.246041,1525760.022375,2627.776334000053,161775,25000000,,success,1,0,,,8574673
pilot_1790486476823,mint_N1000_c3,0,2026-09-27T05:46:41.703Z,zkSyncTestnet,300,sepolia.era.zksync.dev,mint,1000,3,1572,0x92e63942b2304ae7993ddb8999064053c9fd09ebd17d53401fff46993c6dee9f,1522560.003541,1525880.594083,3320.59054200002,161769,25000000,,success,1,0,,,8574672
pilot_1790486476823,mint_N1000_c3,0,2026-09-27T05:46:42.795Z,zkSyncTestnet,300,sepolia.era.zksync.dev,mint,1000,3,1574,0xb1a8c1c7185d2ec03d68b5324bbdacc393ac07c77baa26701d4a680addedd66b,1523306.631708,1526972.904875,3666.2731669999193,161775,25000000,,success,1,0,,,8574674
pilot_1790486476823,mint_N1000_c3,0,2026-09-27T05:46:44.486Z,zkSyncTestnet,300,sepolia.era.zksync.dev,mint,1000,3,1575,0xe6bbaa2bf320e2a78bec2dba2ff840bf26b8bbd32a2aa3f45111f82a303e49de,1525760.126166,1528664.334041,2904.20787500008,161769,25000000,,success,1,0,,,8574675
pilot_1790486476823,mint_N1000_c3,0,2026-09-27T05:46:45.625Z,zkSyncTestnet,300,sepolia.era.zksync.dev,mint,1000,3,1577,0x9baf98870cb36e700785514aaf036f21c4232f75d221ad0dda809ba4f3ac618c,1526972.998583,1529803.2765,2830.2779169999994,161775,25000000,,success,1,0,,,8574677
pilot_1790486476823,mint_N1000_c3,0,2026-09-27T05:46:45.924Z,zkSyncTestnet,300,sepolia.era.zksync.dev,mint,1000,3,1576,0x5ec1955505182f08c86a3aa9c45a2ee4c27f77e284ca0974ecb21c07374a4b54,1525880.650125,1530101.75925,4221.109124999959,161769,25000000,,success,1,0,,,8574676
pilot_1790486476823,mint_N1000_c3,0,2026-09-27T05:46:48.469Z,zkSyncTestnet,300,sepolia.era.zksync.dev,mint,1000,3,1578,0x1a74bffbbf9c030343b3234b84184a09fc94a57befcb803d9881abaeb504a687,1528664.41375,1532646.784083,3982.3703329998534,161775,25000000,,success,1,0,,,8574678
pilot_1790486476823,mint_N1000_c3,0,2026-09-27T05:46:50.855Z,zkSyncTestnet,300,sepolia.era.zksync.dev,mint,1000,3,1580,0xef73101b7c4c0593f174fe7d633045261f8e4f3cf2fe126485e3b45f0b40c06d,1530101.852166,1535032.870375,4931.018208999885,161775,25000000,,success,1,0,,,8574679
pilot_1790486476823,mint_N1000_c3,0,2026-09-27T05:46:50.926Z,zkSyncTestnet,300,sepolia.era.zksync.dev,mint,1000,3,1579,0x880d0a7e48a801ad2d1c09a49598ea1eef9964d3349a993e3c75c72cfdf3ad63,1529803.37675,1535103.8925,5300.5157500000205,161775,25000000,,success,1,0,,,8574679
pilot_1790486476823,mint_N1000_c3,0,2026-09-27T05:46:52.931Z,zkSyncTestnet,300,sepolia.era.zksync.dev,mint,1000,3,1583,0x75b14bd3d98ad41b70e32eaa7660043fb4e9a7faa6f19591b31cea3f9dab081a,1535103.946583,1537108.611333,2004.6647499999963,161775,25000000,,success,1,0,,,8574681
pilot_1790486476823,mint_N1000_c3,0,2026-09-27T05:46:53.416Z,zkSyncTestnet,300,sepolia.era.zksync.dev,mint,1000,3,1581,0xb88abe19fd4517853b237b8ac1c6bb39ca2c8a694c37e603d170ffbea3ca6a36,1532646.875833,1537594.115125,4947.239291999955,161769,25000000,,success,1,0,,,8574680
pilot_1790486476823,mint_N1000_c3,0,2026-09-27T05:46:53.666Z,zkSyncTestnet,300,sepolia.era.zksync.dev,mint,1000,3,1582,0xa8cdc0191e9f873650150a85cc36c6b0c089edcb63e34704e7734f9ac8b2ab58,1535033.006708,1537844.42075,2811.4140419999603,161775,25000000,,success,1,0,,,8574680
pilot_1790486476823,mint_N1000_c3,0,2026-09-27T05:46:56.232Z,zkSyncTestnet,300,sepolia.era.zksync.dev,mint,1000,3,1585,0x31e89b072889b79451ccf77dc983bf5445359472238c3ed6f6bea5ac96e22adb,1537594.216,1540410.104333,2815.88833300001,161775,25000000,,success,1,0,,,8574683
pilot_1790486476823,mint_N1000_c3,0,2026-09-27T05:46:56.523Z,zkSyncTestnet,300,sepolia.era.zksync.dev,mint,1000,3,1584,0x732e9a7a5c1524ffd567b176ba8c295bf941ee8d84db22faf4e6e255c98c0734,1537108.732333,1540701.334083,3592.6017499999143,161775,25000000,,success,1,0,,,8574682
pilot_1790486476823,mint_N1000_c3,0,2026-09-27T05:46:57.567Z,zkSyncTestnet,300,sepolia.era.zksync.dev,mint,1000,3,1586,0xc35016c1558d252030fe54942e6fcb4a0b93b5631e8f1b31f7209cc697bbfde7,1537844.512291,1541744.915333,3900.40304200002,161769,25000000,,success,1,0,,,8574684
pilot_1790486476823,mint_N1000_c3,0,2026-09-27T05:46:58.684Z,zkSyncTestnet,300,sepolia.era.zksync.dev,mint,1000,3,1587,0x213a5521a31f7faba6b33fed1746bf26073018f96f4dd0f8f5b65f95921960f6,1540410.205208,1542861.838708,2451.6334999999963,161775,25000000,,success,1,0,,,8574685
pilot_1790486476823,mint_N1000_c3,0,2026-09-27T05:46:58.909Z,zkSyncTestnet,300,sepolia.era.zksync.dev,mint,1000,3,1588,0x1ee62d7a80383a6467cd478493bfd0b2ac4ae2758ee4482f7b0bb31761aef7b5,1540701.410166,1543087.436333,2386.0261669999454,161769,25000000,,success,1,0,,,8574685
pilot_1790486476823,mint_N1000_c3,0,2026-09-27T05:47:00.276Z,zkSyncTestnet,300,sepolia.era.zksync.dev,mint,1000,3,1589,0x411be8d61303c7d15adb878cdad7adc3c898fd7013ad1096b4c9e2f42a09920f,1541745.009541,1544454.3435,2709.3339589999523,161775,25000000,,success,1,0,,,8574686
pilot_1790486476823,mint_N1000_c3,0,2026-09-27T05:47:01.495Z,zkSyncTestnet,300,sepolia.era.zksync.dev,mint,1000,3,1590,0x6f54e4b63943da054bcbb7f1dd4ec3b3448cfdd1b8a9bf79e4f06537187e3a37,1542861.924333,1545673.246166,2811.32183299982,161775,25000000,,success,1,0,,,8574688
pilot_1790486476823,mint_N1000_c3,0,2026-09-27T05:47:02.152Z,zkSyncTestnet,300,sepolia.era.zksync.dev,mint,1000,3,1592,0x22ef270e9ed6333185a95c28da12238d08744d0d2dff56f12f29268abbae8b83,1544454.415666,1546329.846333,1875.4306670001242,161769,25000000,,success,1,0,,,8574689
pilot_1790486476823,mint_N1000_c3,0,2026-09-27T05:47:02.287Z,zkSyncTestnet,300,sepolia.era.zksync.dev,mint,1000,3,1591,0xf2ba32535c83ea35403c8477007905d751a24b05700173822154bd18d3bf4aaa,1543087.523333,1546465.279208,3377.7558750000317,161769,25000000,,success,1,0,,,8574689
pilot_1790486476823,mint_N1000_c3,0,2026-09-27T05:47:04.246Z,zkSyncTestnet,300,sepolia.era.zksync.dev,mint,1000,3,1593,0xb1c309614e82c797dad02ab86b016d625dfda07bbcbee8ad861103d139ba4d2f,1545673.351083,1548423.677208,2750.326125000138,161769,25000000,,success,1,0,,,8574690
pilot_1790486476823,mint_N1000_c3,0,2026-09-27T05:47:05.050Z,zkSyncTestnet,300,sepolia.era.zksync.dev,mint,1000,3,1594,0x4ed3bd1e0e2a29dd4d887bd15bd37973fde2248dca5c70f2f60be2d0f7091d9b,1546329.928125,1549227.912416,2897.984290999826,161775,25000000,,success,1,0,,,8574691
pilot_1790486476823,mint_N1000_c3,0,2026-09-27T05:47:06.763Z,zkSyncTestnet,300,sepolia.era.zksync.dev,mint,1000,3,1595,0xabb6d8e6c927fa8652937a4af43a87c0bf6a3ce4f7f35777b1656ac316b41c43,1546465.350916,1550941.323333,4475.972416999983,161775,25000000,,success,1,0,,,8574692
pilot_1790486476823,mint_N1000_c3,0,2026-09-27T05:47:07.241Z,zkSyncTestnet,300,sepolia.era.zksync.dev,mint,1000,3,1596,0x7a110413eca99901e3d001dbabf2c255bb2b1085d41d11afd7819fc95e5009fb,1548423.788166,1551419.028916,2995.240749999881,161769,25000000,,success,1,0,,,8574693
pilot_1790486476823,mint_N1000_c3,0,2026-09-27T05:47:09.301Z,zkSyncTestnet,300,sepolia.era.zksync.dev,mint,1000,3,1597,0xc181043dc276604934e0c4f27d7f424945f9694fac1dc201c4723b3d5180bc5c,1549228.012875,1553479.555708,4251.542832999956,161775,25000000,,success,1,0,,,8574694
pilot_1790486476823,mint_N1000_c3,0,2026-09-27T05:47:10.567Z,zkSyncTestnet,300,sepolia.era.zksync.dev,mint,1000,3,1598,0x64f456b60d07651443a31844485c2f64869b70117ad2fc6ea8ae97003227395a,1550941.38475,1554744.727625,3803.3428750000894,161769,25000000,,success,1,0,,,8574695
pilot_1790486476823,mint_N1000_c3,0,2026-09-27T05:47:11.583Z,zkSyncTestnet,300,sepolia.era.zksync.dev,mint,1000,3,1599,0xf6b7e818b082a7f282fb3141cba5a76a61979c40f505a4be5a09145c3a89a577,1551419.122416,1555760.73175,4341.609333999921,161769,25000000,,success,1,0,,,8574696
pilot_1790486476823,mint_N1000_c3,0,2026-09-27T05:47:13.062Z,zkSyncTestnet,300,sepolia.era.zksync.dev,mint,1000,3,1600,0x8c3e1bd61901754849effbaafd6596d7df6d719fcf70c757049e636d00d095bd,1553479.648458,1557240.553208,3760.904749999987,161769,25000000,,success,1,0,,,8574697
pilot_1790486476823,mint_N1000_c3,0,2026-09-27T05:47:13.317Z,zkSyncTestnet,300,sepolia.era.zksync.dev,mint,1000,3,1601,0x1e9bab623892de99c257b017238c6bbc1f1486f99f8f007d7343aadacfdfa450,1554744.780625,1557495.425125,2750.6445000001695,161775,25000000,,success,1,0,,,8574697
pilot_1790486476823,mint_N1000_c3,0,2026-09-27T05:47:13.531Z,zkSyncTestnet,300,sepolia.era.zksync.dev,mint,1000,3,1602,0x882737c9f8d2de143f7e4c6b75287352d0cf91fa4f1be4b3046d06aa6676da9a,1555760.849166,1557709.609375,1948.760208999971,161775,25000000,,success,1,0,,,8574699
pilot_1790486476823,mint_N1000_c3,0,2026-09-27T05:47:14.989Z,zkSyncTestnet,300,sepolia.era.zksync.dev,mint,1000,3,1603,0x06eaf73b0331aa1948c957fd49421406441677a261f8ec143f098e8fa50f230b,1557240.666541,1559167.287875,1926.621334000025,161775,25000000,,success,1,0,,,8574700
pilot_1790486476823,mint_N1000_c3,0,2026-09-27T05:47:15.394Z,zkSyncTestnet,300,sepolia.era.zksync.dev,mint,1000,3,1604,0x7ae62f330a6c8fd410f8659cd6d4426d115cb81e1dc996e81a9e1bf2de0b6b1f,1557495.578916,1559571.694916,2076.1159999999218,161775,25000000,,success,1,0,,,8574701
pilot_1790486476823,mint_N1000_c3,0,2026-09-27T05:47:18.304Z,zkSyncTestnet,300,sepolia.era.zksync.dev,mint,1000,3,1606,0xd371febf5551f9aad8728674aeb89a7fbee7e0775d81c3fa6cd2e459d1ea1e74,1559167.38175,1562482.123,3314.7412499999627,161769,25000000,,success,1,0,,,8574703
pilot_1790486476823,mint_N1000_c3,0,2026-09-27T05:47:18.309Z,zkSyncTestnet,300,sepolia.era.zksync.dev,mint,1000,3,1605,0xaf4b5b1d2abf315ef4809c8064c4820790a00dfb2433a4b755f219544fc1f0e2,1557709.663791,1562487.195625,4777.531834000023,161775,25000000,,success,1,0,,,8574702
pilot_1790486476823,mint_N1000_c3,0,2026-09-27T05:47:18.890Z,zkSyncTestnet,300,sepolia.era.zksync.dev,mint,1000,3,1607,0xb41d4dc97fdd73a3ed19c2b7d2a55d08d3d963de818520fef42f50a34834d6cc,1559571.763875,1563067.826416,3496.0625410000794,161769,25000000,,success,1,0,,,8574704
pilot_1790486476823,mint_N1000_c3,0,2026-09-27T05:47:21.004Z,zkSyncTestnet,300,sepolia.era.zksync.dev,mint,1000,3,1608,0x30a9a3fd6c6c91fd4a154e6b2dcd23afced12938d70a90b596dd20e570979df9,1562482.207041,1565181.958791,2699.751750000054,161775,25000000,,success,1,0,,,8574705
pilot_1790486476823,mint_N1000_c3,0,2026-09-27T05:47:21.256Z,zkSyncTestnet,300,sepolia.era.zksync.dev,mint,1000,3,1609,0xe89b914c71a00e3ad67b1f70be33d97f66f4898d9d0965328cce231939468fd7,1562487.212958,1565434.411208,2947.1982500001322,161769,25000000,,success,1,0,,,8574706
pilot_1790486476823,mint_N1000_c3,0,2026-09-27T05:47:21.821Z,zkSyncTestnet,300,sepolia.era.zksync.dev,mint,1000,3,1610,0x89d964252062fb4b08889ffc58f2b271065582915f8f86135b00b86a09914fa0,1563067.932291,1565999.030708,2931.0984170001466,161775,25000000,,success,1,0,,,8574708
pilot_1790486476823,mint_N1000_c3,0,2026-09-27T05:47:22.994Z,zkSyncTestnet,300,sepolia.era.zksync.dev,mint,1000,3,1611,0x260c954864f014d9fd5ea4426ac0dcf41798741861870418be862988060267de,1565182.059708,1567172.1415,1990.0817919999827,161775,25000000,,success,1,0,,,8574709
pilot_1790486476823,mint_N1000_c3,0,2026-09-27T05:47:23.259Z,zkSyncTestnet,300,sepolia.era.zksync.dev,mint,1000,3,1612,0xd7e45354356fe5a718c5d547a70165b377b6f18debdcdc5beab6f2f222d03d71,1565434.5075,1567437.477791,2002.9702909998596,161769,25000000,,success,1,0,,,8574709
pilot_1790486476823,mint_N1000_c3,0,2026-09-27T05:47:23.782Z,zkSyncTestnet,300,sepolia.era.zksync.dev,mint,1000,3,1613,0x310ead41a049af7cef18f75c19f385332ffef855190db11e1df7e28a35bf0c35,1565999.099708,1567959.762166,1960.6624580000062,161775,25000000,,success,1,0,,,8574710
pilot_1790486476823,mint_N1000_c3,0,2026-09-27T05:47:26.150Z,zkSyncTestnet,300,sepolia.era.zksync.dev,mint,1000,3,1614,0xac6b5de0474b0195797d16dc3e0a2d1278863bff74b09fd8923aed83ed5ef61e,1567172.228708,1570328.693958,3156.465250000125,161775,25000000,,success,1,0,,,8574711
pilot_1790486476823,mint_N1000_c3,0,2026-09-27T05:47:27.894Z,zkSyncTestnet,300,sepolia.era.zksync.dev,mint,1000,3,1615,0x363e4a799a931b05087f38160ad6c544ae26c1bdc0de71fc36d71a23ae72108d,1567437.575041,1572072.092375,4634.517333999975,161775,25000000,,success,1,0,,,8574712
